timestamp,x,y,z
1564164020265503,-0.234375,-0.103027,0.89209
1564164020288461,-0.230469,-0.0908203,0.878906
1564164020310919,-0.240723,-0.0898438,0.87207
1564164020333376,-0.253906,-0.107422,0.847656
1564164020348348,-0.231934,-0.116211,0.867188
1564164020370807,-0.217285,-0.0932617,0.894531
1564164020393266,-0.214355,-0.090332,0.904297
1564164020408737,-0.243652,-0.0766602,0.895996
1564164020430695,-0.254395,-0.0693359,0.856445
1564164020462137,-0.255371,-0.11377,0.867188
1564164020468625,-0.231934,-0.133789,0.878906
1564164020492081,-0.219727,-0.137695,0.875488
1564164020513542,-0.23877,-0.142578,0.876953
1564164020528514,-0.244141,-0.140625,0.876953
1564164020554965,-0.236816,-0.158691,0.894043
1564164020581915,-0.243164,-0.150391,0.885254
1564164020590898,-0.246094,-0.155273,0.887695
1564164020598386,-0.23877,-0.163086,0.891113
1564164020618847,-0.245117,-0.163086,0.889648
1564164020642802,-0.253906,-0.144531,0.871582
1564164020665759,-0.243652,-0.156738,0.883789
1564164020718161,-0.245605,-0.169434,0.881836
1564164020719160,-0.251465,-0.16748,0.882813
1564164020725152,-0.242188,-0.159668,0.881836
1564164020740121,-0.243652,-0.162109,0.879883
1564164020761581,-0.23877,-0.166992,0.883789
1564164020775555,-0.252441,-0.160156,0.876465
1564164020798013,-0.236328,-0.17334,0.879395
1564164020820476,-0.246582,-0.15625,0.878906
1564164020835942,-0.243164,-0.155762,0.871582
1564164020858401,-0.248535,-0.155273,0.870605
1564164020889343,-0.238281,-0.173828,0.870117
1564164020895831,-0.229004,-0.172852,0.880859
1564164020918289,-0.235352,-0.150391,0.881348
1564164020940749,-0.240723,-0.151855,0.875488
1564164020963206,-0.246094,-0.171387,0.872559
1564164020978178,-0.234375,-0.173828,0.879395
1564164021000636,-0.240723,-0.162598,0.881836
1564164021018603,-0.241699,-0.150391,0.873047
1564164021038068,-0.242676,-0.164063,0.873535
1564164021060525,-0.242188,-0.17041,0.882813
1564164021075497,-0.247559,-0.161621,0.878418
1564164021097957,-0.244629,-0.158203,0.876465
1564164021120416,-0.249512,-0.158203,0.888672
1564164021135885,-0.248047,-0.158203,0.87793
1564164021165829,-0.243652,-0.166504,0.869629
1564164021180802,-0.255859,-0.162109,0.875488
1564164021195774,-0.253418,-0.161133,0.874023
1564164021218232,-0.242188,-0.161133,0.873535
1564164021243685,-0.237305,-0.167969,0.871094
1564164021255662,-0.245117,-0.164551,0.872559
1564164021278121,-0.242676,-0.166016,0.873047
1564164021296587,-0.243652,-0.168457,0.875
1564164021315551,-0.248535,-0.171875,0.868652
1564164021338010,-0.25,-0.161621,0.868164
1564164021355976,-0.249512,-0.163574,0.872559
1564164021375439,-0.246582,-0.168945,0.869141
1564164021398397,-0.243652,-0.169434,0.867676
1564164021415865,-0.249512,-0.162109,0.87207
1564164021435827,-0.244629,-0.169922,0.875
1564164021458285,-0.241211,-0.169922,0.873535
1564164021476253,-0.243164,-0.163086,0.874512
1564164021495717,-0.243652,-0.161621,0.873047
1564164021521169,-0.237305,-0.17041,0.877441
1564164021536142,-0.239258,-0.161133,0.875488
1564164021555604,-0.23291,-0.171387,0.876465
1564164021578064,-0.238281,-0.16748,0.883301
1564164021596031,-0.233887,-0.162598,0.881348
1564164021615494,-0.236328,-0.159668,0.878418
1564164021637952,-0.23877,-0.164551,0.877441
1564164021655919,-0.231445,-0.167969,0.879883
1564164021676880,-0.236328,-0.170898,0.880371
1564164021700337,-0.23584,-0.16748,0.878906
1564164021721298,-0.236328,-0.160645,0.878418
1564164021737767,-0.233398,-0.167969,0.879883
1564164021760225,-0.233398,-0.168457,0.877441
1564164021774698,-0.233398,-0.167969,0.875977
1564164021798155,-0.230469,-0.168457,0.874023
1564164021820115,-0.227539,-0.167969,0.876953
1564164021834587,-0.230957,-0.16748,0.873535
1564164021858043,-0.229492,-0.17041,0.871582
1564164021880502,-0.226074,-0.169434,0.874512
1564164021894476,-0.23291,-0.169922,0.881836
1564164021917434,-0.231445,-0.166504,0.875488
1564164021940390,-0.230957,-0.162598,0.879395
1564164021954863,-0.229492,-0.166016,0.878906
1564164021977821,-0.229004,-0.167969,0.874512
1564164022001776,-0.228516,-0.166504,0.887695
1564164022014752,-0.225098,-0.161133,0.884277
1564164022037720,-0.219238,-0.161621,0.890137
1564164022060168,-0.231445,-0.157715,0.875
1564164022075140,-0.226074,-0.162109,0.874023
1564164022097598,-0.226563,-0.163574,0.873535
1564164022120057,-0.224121,-0.164551,0.885254
1564164022141517,-0.229492,-0.155273,0.875977
1564164022157986,-0.222168,-0.154297,0.875
1564164022180444,-0.228516,-0.164551,0.874023
1564164022201405,-0.217285,-0.163086,0.878418
1564164022219380,-0.221191,-0.162109,0.871582
1564164022240333,-0.217773,-0.168457,0.882324
1564164022262791,-0.220703,-0.166992,0.880859
1564164022278762,-0.216797,-0.157715,0.884277
1564164022300222,-0.219238,-0.160156,0.882813
1564164022322680,-0.219238,-0.163086,0.881348
1564164022337652,-0.224121,-0.166504,0.884277
1564164022360110,-0.219238,-0.158691,0.891113
1564164022381570,-0.226074,-0.149902,0.883301
1564164022404028,-0.229004,-0.166016,0.885254
1564164022420497,-0.227051,-0.169434,0.881836
1564164022441458,-0.21875,-0.15918,0.881836
1564164022457930,-0.220215,-0.160156,0.889648
1564164022480386,-0.223633,-0.15918,0.886719
1564164022501351,-0.222168,-0.169434,0.879883
1564164022517820,-0.224121,-0.161621,0.872559
1564164022540275,-0.212891,-0.160645,0.887207
1564164022562733,-0.219238,-0.158691,0.883301
1564164022577706,-0.220215,-0.165039,0.884766
1564164022600167,-0.229004,-0.157227,0.879883
1564164022630108,-0.211426,-0.166504,0.882324
1564164022637594,-0.214844,-0.192871,0.888184
1564164022660551,-0.222168,-0.176758,0.887207
1564164022682511,-0.225098,-0.152344,0.870605
1564164022696984,-0.231445,-0.168945,0.880859
1564164022720441,-0.234863,-0.162598,0.862305
1564164022742901,-0.216309,-0.175781,0.874023
1564164022756872,-0.213867,-0.173828,0.876465
1564164022780329,-0.211914,-0.175293,0.888672
1564164022802788,-0.213867,-0.178711,0.87793
1564164022817263,-0.21582,-0.177734,0.881348
1564164022840218,-0.211914,-0.181152,0.878418
1564164022862676,-0.211426,-0.175293,0.884277
1564164022877149,-0.208496,-0.179688,0.888672
1564164022907593,-0.218262,-0.174805,0.878906
1564164022922565,-0.219727,-0.182129,0.885254
1564164022937042,-0.219238,-0.17627,0.881348
1564164022960496,-0.216797,-0.177246,0.884766
1564164022982955,-0.213867,-0.179199,0.883301
1564164022996926,-0.218262,-0.177246,0.876953
1564164023020383,-0.216309,-0.181152,0.885254
1564164023042844,-0.210449,-0.179688,0.888672
1564164023063801,-0.213379,-0.175293,0.885742
1564164023080275,-0.22168,-0.17334,0.878906
1564164023108718,-0.219727,-0.183105,0.880859
1564164023123695,-0.214844,-0.179199,0.884277
1564164023140161,-0.214844,-0.177246,0.880859
1564164023162619,-0.211914,-0.169922,0.875
1564164023183580,-0.208496,-0.181641,0.878906
1564164023200049,-0.210449,-0.191406,0.880859
1564164023223007,-0.208496,-0.177734,0.880859
1564164023243967,-0.201172,-0.179688,0.882324
1564164023260436,-0.209961,-0.186523,0.880371
1564164023282895,-0.209473,-0.186523,0.878906
1564164023303859,-0.209961,-0.171387,0.868164
1564164023320326,-0.210449,-0.160645,0.879883
1564164023344282,-0.197754,-0.158691,0.883301
1564164023363745,-0.193359,-0.155762,0.887207
1564164023380215,-0.198242,-0.175781,0.881348
1564164023402677,-0.194824,-0.183105,0.882324
1564164023423634,-0.191895,-0.179199,0.886719
1564164023440103,-0.196289,-0.168457,0.88916
1564164023463060,-0.205566,-0.152344,0.885742
1564164023485020,-0.206543,-0.157227,0.887207
1564164023500491,-0.199707,-0.168457,0.888184
1564164023522949,-0.198242,-0.172363,0.890625
1564164023545408,-0.195801,-0.159668,0.897949
1564164023560380,-0.199219,-0.15625,0.899902
1564164023582839,-0.196777,-0.166992,0.894531
1564164023605297,-0.194336,-0.175781,0.889648
1564164023620767,-0.193848,-0.17041,0.892578
1564164023642729,-0.195801,-0.163574,0.889648
1564164023665683,-0.193848,-0.165039,0.882813
1564164023679657,-0.194336,-0.17041,0.888184
1564164023703613,-0.194824,-0.164063,0.881348
1564164023725073,-0.195313,-0.165527,0.885254
1564164023740045,-0.188965,-0.168457,0.883789
1564164023763005,-0.191895,-0.164551,0.885254
1564164023792947,-0.188477,-0.165039,0.888184
1564164023799438,-0.19043,-0.165527,0.886719
1564164023823391,-0.192871,-0.164063,0.881836
1564164023845351,-0.192871,-0.162598,0.881836
1564164023859824,-0.190918,-0.161621,0.878418
1564164023882781,-0.190918,-0.166016,0.875977
1564164023905239,-0.19043,-0.171875,0.881836
1564164023919712,-0.184082,-0.171387,0.885742
1564164023942669,-0.190918,-0.164551,0.887695
1564164023965147,-0.189453,-0.164551,0.885254
1564164023986588,-0.188477,-0.171387,0.878906
1564164024002558,-0.186035,-0.174316,0.882324
1564164024025516,-0.182129,-0.170898,0.88916
1564164024046476,-0.182617,-0.175293,0.888184
1564164024070432,-0.18457,-0.172363,0.873535
1564164024085403,-0.169434,-0.169434,0.895508
1564164024106365,-0.175781,-0.151855,0.912109
1564164024122835,-0.197266,-0.112305,0.896484
1564164024145295,-0.205566,-0.11377,0.887695
1564164024166253,-0.175781,-0.150879,0.89209
1564164024182724,-0.17041,-0.166016,0.89502
1564164024205182,-0.179688,-0.157715,0.881836
1564164024226143,-0.17627,-0.162598,0.886719
1564164024243110,-0.166016,-0.174805,0.898438
1564164024265070,-0.159668,-0.164551,0.907227
1564164024286531,-0.148438,-0.146973,0.910645
1564164024302501,-0.16748,-0.134277,0.896973
1564164024325458,-0.18457,-0.158203,0.911133
1564164024346439,-0.191406,-0.162109,0.875488
1564164024362888,-0.191895,-0.133301,0.87207
1564164024385347,-0.171875,-0.126465,0.896484
1564164024406326,-0.178711,-0.146484,0.891113
1564164024422777,-0.17334,-0.136719,0.876465
1564164024445236,-0.166504,-0.125488,0.873047
1564164024467693,-0.136719,-0.155762,0.875488
1564164024482666,-0.133789,-0.164551,0.883301
1564164024505125,-0.149414,-0.168457,0.918945
1564164024527585,-0.143066,-0.172363,0.928711
1564164024543068,-0.17041,-0.119141,0.879883
1564164024565012,-0.17334,-0.114258,0.889648
1564164024587969,-0.160156,-0.166504,0.947754
1564164024593001,-0.168457,-0.149414,0.916992
1564164024609430,-0.174805,-0.0825195,0.881836
1564164024630932,-0.172852,-0.102539,0.89209
1564164024653351,-0.153809,-0.117676,0.901367
1564164024668356,-0.155273,-0.149414,0.909668
1564164024690816,-0.162598,-0.129883,0.898438
1564164024713277,-0.173828,-0.0874023,0.888672
1564164024729712,-0.18457,-0.065918,0.868164
1564164024750709,-0.15625,-0.10791,0.885254
1564164024774625,-0.169922,-0.128906,0.88916
1564164024788107,-0.169434,-0.124512,0.904785
1564164024810595,-0.169434,-0.10498,0.897949
1564164024833515,-0.175293,-0.0859375,0.892578
1564164024850984,-0.180664,-0.0986328,0.890625
1564164024870947,-0.17627,-0.114746,0.887695
1564164024901421,-0.169434,-0.12207,0.896973
1564164024909874,-0.177246,-0.102051,0.887695
1564164024932331,-0.176758,-0.0908203,0.88623
1564164024953329,-0.178711,-0.0991211,0.891113
1564164024968301,-0.171387,-0.112305,0.887695
1564164024990761,-0.163086,-0.125488,0.893066
1564164025013217,-0.164551,-0.10498,0.897461
1564164025029665,-0.172363,-0.0898438,0.904297
1564164025052109,-0.181152,-0.104004,0.888184
1564164025073601,-0.162109,-0.127441,0.89502
1564164025089539,-0.167969,-0.119141,0.899902
1564164025110500,-0.169434,-0.106445,0.901367
1564164025132958,-0.173828,-0.100098,0.898438
1564164025149435,-0.177246,-0.105957,0.888672
1564164025178380,-0.167969,-0.123535,0.892578
1564164025193371,-0.164551,-0.125,0.891113
1564164025209818,-0.162109,-0.111816,0.898438
1564164025230821,-0.158203,-0.118652,0.90332
1564164025253275,-0.164063,-0.111328,0.90332
1564164025269704,-0.168457,-0.114746,0.897461
1564164025290705,-0.158203,-0.124512,0.891113
1564164025313127,-0.160645,-0.12793,0.897461
1564164025329592,-0.163574,-0.123047,0.896484
1564164025350556,-0.163086,-0.115234,0.895996
1564164025368524,-0.163574,-0.10791,0.891602
1564164025390982,-0.15918,-0.122559,0.896973
1564164025410481,-0.155273,-0.125977,0.899902
1564164025428408,-0.161621,-0.116699,0.898438
1564164025458353,-0.164063,-0.117676,0.892578
1564164025470837,-0.161621,-0.119629,0.895996
1564164025488798,-0.158203,-0.118652,0.894531
1564164025511757,-0.159668,-0.118652,0.898438
1564164025538245,-0.15918,-0.115234,0.890137
1564164025548685,-0.147461,-0.125,0.898926
1564164025571145,-0.157227,-0.129883,0.897949
1564164025590647,-0.161133,-0.114258,0.891602
1564164025608574,-0.161133,-0.111328,0.886719
1564164025631034,-0.15625,-0.123535,0.893066
1564164025650999,-0.153809,-0.131348,0.894043
1564164025668464,-0.152832,-0.12793,0.89209
1564164025691422,-0.157715,-0.112305,0.890137
1564164025710891,-0.150879,-0.115234,0.892578
1564164025736338,-0.152344,-0.120605,0.897949
1564164025751333,-0.153809,-0.109863,0.891113
1564164025770812,-0.144043,-0.123535,0.891602
1564164025796226,-0.147461,-0.143066,0.890625
1564164025817196,-0.138672,-0.151855,0.901367
1564164025830722,-0.151367,-0.121094,0.905762
1564164025848629,-0.157227,-0.112793,0.901855
1564164025871087,-0.164063,-0.130859,0.890137
1564164025890552,-0.161621,-0.140625,0.877441
1564164025908519,-0.133301,-0.174316,0.916504
1564164025930975,-0.14502,-0.157715,0.944336
1564164025958423,-0.174805,-0.124023,0.919434
1564164025968405,-0.181152,-0.0854492,0.866211
1564164025991373,-0.146973,-0.116699,0.880371
1564164026013824,-0.121582,-0.144043,0.901367
1564164026027799,-0.138672,-0.169922,0.942383
1564164026050263,-0.151855,-0.14209,0.871582
1564164026071722,-0.152344,-0.118164,0.843262
1564164026087694,-0.126953,-0.15918,0.89502
1564164026110151,-0.123535,-0.150879,0.918457
1564164026131189,-0.129883,-0.119141,0.926758
1564164026147676,-0.19043,-0.0952148,0.884277
1564164026170115,-0.186035,-0.117676,0.870117
1564164026191602,-0.146484,-0.164063,0.891602
1564164026208044,-0.14209,-0.162598,0.907715
1564164026237990,-0.150879,-0.131348,0.918945
1564164026253993,-0.167969,-0.117676,0.894531
1564164026267934,-0.180176,-0.13916,0.876953
1564164026290893,-0.165039,-0.177734,0.875488
1564164026311353,-0.162109,-0.19043,0.886719
1564164026327823,-0.162109,-0.172363,0.897461
1564164026350279,-0.179688,-0.142578,0.886719
1564164026372742,-0.174316,-0.144531,0.886719
1564164026387718,-0.176758,-0.167969,0.890625
1564164026410170,-0.177734,-0.176758,0.883789
1564164026432628,-0.17041,-0.178711,0.898438
1564164026447101,-0.184082,-0.156738,0.888184
1564164026470558,-0.181641,-0.162109,0.890625
1564164026492517,-0.173828,-0.176758,0.89502
1564164026515475,-0.185059,-0.163086,0.888672
1564164026530447,-0.181641,-0.163574,0.890625
1564164026552905,-0.178711,-0.166504,0.896973
1564164026567379,-0.177734,-0.162598,0.893555
1564164026590334,-0.185059,-0.164551,0.890137
1564164026612793,-0.179688,-0.172852,0.894531
1564164026627267,-0.18457,-0.167969,0.880371
1564164026650223,-0.173828,-0.163574,0.885254
1564164026672683,-0.179199,-0.163574,0.885742
1564164026687156,-0.177734,-0.171875,0.886719
1564164026710112,-0.179199,-0.171387,0.885742
1564164026732571,-0.180176,-0.175781,0.88623
1564164026755528,-0.175781,-0.166016,0.88623
1564164026770499,-0.181152,-0.166016,0.88916
1564164026793457,-0.177734,-0.168457,0.889648
1564164026806933,-0.182129,-0.169922,0.88916
1564164026830388,-0.181152,-0.165039,0.885254
1564164026852848,-0.175781,-0.163086,0.893066
1564164026873813,-0.178711,-0.163086,0.890137
1564164026890278,-0.18457,-0.17041,0.886719
1564164026912737,-0.179199,-0.169922,0.886719
1564164026933728,-0.176758,-0.17041,0.896484
1564164026956152,-0.183105,-0.165039,0.888184
1564164026972626,-0.183105,-0.161621,0.891113
1564164026993587,-0.1875,-0.165039,0.887695
1564164027010552,-0.181641,-0.172852,0.890137
1564164027033010,-0.180664,-0.16748,0.891602
1564164027053995,-0.188477,-0.163086,0.882813
1564164027070945,-0.182129,-0.164551,0.885254
1564164027092900,-0.183594,-0.168945,0.882324
1564164027113998,-0.178711,-0.165527,0.883789
1564164027130403,-0.181641,-0.163574,0.880859
1564164027152862,-0.182129,-0.170898,0.887207
1564164027173826,-0.178223,-0.164063,0.884277
1564164027191810,-0.178223,-0.168945,0.883301
1564164027212758,-0.183594,-0.173828,0.882324
1564164027233750,-0.173828,-0.171387,0.885742
1564164027250190,-0.154785,-0.170898,0.884766
1564164027273148,-0.147949,-0.201172,0.900879
1564164027295105,-0.158203,-0.175781,0.897461
1564164027316586,-0.160156,-0.125488,0.900879
1564164027332529,-0.172363,-0.120117,0.9375
1564164027355487,-0.24707,-0.0888672,0.888184
1564164027370458,-0.1875,-0.125977,0.856934
1564164027400407,-0.185547,-0.168945,0.891113
1564164027415384,-0.153809,-0.166016,0.887207
1564164027430853,-0.151367,-0.151855,0.886719
1564164027454304,-0.175781,-0.146973,0.909668
1564164027475264,-0.192383,-0.149414,0.899414
1564164027489737,-0.15332,-0.151855,0.867676
1564164027512701,-0.146973,-0.164063,0.899414
1564164027535153,-0.154297,-0.164063,0.895996
1564164027549627,-0.163574,-0.123535,0.890625
1564164027572581,-0.157227,-0.131348,0.91748
1564164027595044,-0.162109,-0.118652,0.905273
1564164027609517,-0.166016,-0.111328,0.896973
1564164027640458,-0.137695,-0.140137,0.913086
1564164027654931,-0.164063,-0.111328,0.904785
1564164027669401,-0.192383,-0.0874023,0.868164
1564164027692879,-0.157715,-0.117188,0.866211
1564164027715337,-0.126465,-0.130371,0.897461
1564164027736320,-0.144043,-0.123047,0.925781
1564164027754245,-0.171875,-0.0878906,0.910645
1564164027775206,-0.176758,-0.0878906,0.886719
1564164027796226,-0.157227,-0.111328,0.890625
1564164027813138,-0.165527,-0.137207,0.913086
1564164027835093,-0.172852,-0.116699,0.894043
1564164027856589,-0.166992,-0.0932617,0.890625
1564164027873024,-0.162598,-0.104492,0.886719
1564164027901472,-0.152832,-0.120605,0.890625
1564164027916482,-0.152344,-0.125977,0.894531
1564164027932919,-0.151855,-0.123535,0.88916
1564164027955871,-0.155273,-0.124023,0.890625
1564164027976369,-0.156738,-0.119629,0.898438
1564164027992802,-0.161133,-0.123047,0.900879
1564164028015260,-0.157715,-0.132324,0.893555
1564164028036259,-0.158691,-0.138184,0.899414
1564164028052690,-0.164063,-0.12207,0.906738
1564164028075155,-0.169922,-0.120605,0.899414
1564164028103599,-0.166504,-0.121582,0.891113
1564164028112587,-0.166504,-0.12793,0.892578
1564164028135039,-0.159668,-0.136719,0.901855
1564164028156530,-0.169922,-0.125977,0.899414
1564164028180453,-0.167969,-0.136719,0.930176
1564164028195426,-0.197754,-0.12207,0.952148
1564164028216392,-0.238281,-0.0908203,0.991699
1564164028231857,-0.28125,-0.0756836,1.0459
1564164028255313,-0.334473,-0.0625,1.10303
1564164028277775,-0.374023,-0.0239258,1.13721
1564164028292247,-0.411133,-0.00878906,1.16943
1564164028315205,-0.423828,-0.0385742,1.21484
1564164028337659,-0.460449,0.00634766,1.22949
1564164028352155,-0.464355,0.0429688,1.28418
1564164028382580,-0.462891,0.0449219,1.29004
1564164028397548,-0.446777,0.0766602,1.26367
1564164028419009,-0.42041,0.059082,1.24902
1564164028434978,-0.415039,0.0361328,1.20459
1564164028458452,-0.401367,0.0366211,1.1499
1564164028478935,-0.401367,0.0415039,1.12549
1564164028496866,-0.395508,0.0488281,1.1084
1564164028519323,-0.397461,0.0791016,1.06006
1564164028538825,-0.431641,0.105469,0.993652
1564164028555256,-0.452148,0.12207,0.928711
1564164028577715,-0.458496,0.116211,0.889648
1564164028598674,-0.492676,0.121582,0.856934
1564164028615144,-0.523438,0.138672,0.803223
1564164028637606,-0.521973,0.151855,0.730957
1564164028659063,-0.527832,0.135742,0.668457
1564164028675536,-0.556152,0.121094,0.620117
1564164028697491,-0.571289,0.112793,0.5625
1564164028720448,-0.529785,0.11084,0.507324
1564164028735919,-0.529785,0.137207,0.430176
1564164028757878,-0.549805,0.150391,0.332031
1564164028778343,-0.53418,0.128906,0.302734
1564164028795328,-0.680664,0.0576172,0.19873
1564164028817767,-0.516113,0.0883789,0.181641
1564164028838772,-0.548828,0.0732422,0.0317383
1564164028855201,-0.674316,0.0654297,0.0175781
1564164028877658,-0.721191,0.0805664,-0.043457
1564164028898636,-0.696289,0.116211,-0.0688477
1564164028915096,-0.727051,0.0932617,-0.0888672
1564164028938055,-0.741699,0.0717773,-0.0869141
1564164028959006,-0.78125,0.0883789,-0.106445
1564164028974478,-0.774414,0.129395,-0.128418
1564164028997934,-0.805664,0.162598,-0.131348
1564164029019394,-0.857422,0.156738,-0.125977
1564164029025881,-0.857422,0.149414,-0.136719
1564164029042351,-0.833008,0.152344,-0.104492
1564164029064817,-0.887207,0.155273,-0.0756836
1564164029085772,-0.935059,0.196777,-0.0600586
1564164029102241,-0.942871,0.226563,-0.043457
1564164029123207,-0.950195,0.242188,-0.00683594
1564164029145690,-0.981934,0.229492,0.0405273
1564164029162142,-0.984375,0.234863,0.0625
1564164029183120,-0.948242,0.264648,0.0849609
1564164029214563,-0.946777,0.286621,0.124512
1564164029220519,-0.957031,0.276855,0.146973
1564164029242979,-0.976074,0.274902,0.158691
1564164029265936,-0.983887,0.26709,0.17627
1564164029280913,-0.95166,0.264648,0.195801
1564164029303366,-0.938477,0.290039,0.200684
1564164029325823,-0.952637,0.30957,0.213867
1564164029342296,-0.949219,0.299805,0.22168
1564164029363268,-0.950195,0.282227,0.215332
1564164029385712,-0.937012,0.283691,0.217773
1564164029400705,-0.914551,0.306152,0.229004
1564164029423163,-0.919434,0.313477,0.225098
1564164029445600,-0.917969,0.307617,0.219727
1564164029462091,-0.914551,0.293945,0.22998
1564164029490539,-0.907715,0.288574,0.216797
1564164029501001,-0.907715,0.286133,0.225586
1564164029520463,-0.88916,0.29834,0.235352
1564164029542941,-0.909668,0.3125,0.226563
1564164029568373,-0.909668,0.30957,0.228516
1564164029580868,-0.911621,0.300293,0.228516
1564164029603313,-0.900879,0.290039,0.229492
1564164029621775,-0.902344,0.300781,0.237305
1564164029640746,-0.898926,0.305664,0.241211
1564164029663197,-0.900391,0.306641,0.25
1564164029681165,-0.894043,0.31543,0.259277
1564164029700649,-0.898438,0.311523,0.258789
1564164029723084,-0.896484,0.313477,0.275879
1564164029741056,-0.897461,0.317871,0.271484
1564164029760537,-0.907715,0.31543,0.277344
1564164029782996,-0.894531,0.314941,0.272461
1564164029800942,-0.887695,0.307617,0.266113
1564164029822485,-0.882324,0.304688,0.259277
1564164029844439,-0.875977,0.299316,0.246094
1564164029860909,-0.859863,0.303711,0.233887
1564164029881870,-0.816406,0.297363,0.196289
1564164029903330,-0.764648,0.287109,0.151855
1564164029921297,-0.735352,0.261719,0.140625
1564164029942258,-0.719238,0.259277,0.108887
1564164029963248,-0.686523,0.25293,0.0727539
1564164029981191,-0.622559,0.237305,0.0410156
1564164030002147,-0.635742,0.23877,0.0898438
1564164030023205,-0.67627,0.239746,0.121582
1564164030048628,-0.603516,0.270508,0.129883
1564164030062103,-0.498047,0.300293,0.148438
1564164030083101,-0.496582,0.331055,0.230469
1564164030101031,-0.57373,0.319336,0.280273
1564164030129486,-0.463867,0.296387,0.321289
1564164030143452,-0.336914,0.306641,0.375488
1564164030160920,-0.345215,0.300781,0.476074
1564164030183878,-0.374023,0.310547,0.535645
1564164030203346,-0.331543,0.325195,0.606934
1564164030221307,-0.26709,0.310059,0.68457
1564164030249761,-0.200195,0.310547,0.77002
1564164030263229,-0.189453,0.324707,0.856445
1564164030281196,-0.201172,0.325195,0.91748
1564164030302656,-0.147949,0.280762,0.955566
1564164030326112,-0.0595703,0.283203,1.0166
1564164030341085,-0.065918,0.29541,1.09033
1564164030363544,-0.0849609,0.297852,1.13721
1564164030383006,-0.0292969,0.283203,1.17383
1564164030406970,0.019043,0.268555,1.18262
1564164030423431,0.0512695,0.265625,1.20313
1564164030443394,0.0996094,0.251465,1.15137
1564164030460362,0.17334,0.22168,1.11084
1564164030482821,0.189453,0.172363,1.10059
1564164030503782,0.194824,0.138184,1.08301
1564164030527738,0.220703,0.144043,1.05713
1564164030542709,0.222168,0.17627,1.01172
1564164030563673,0.191895,0.152344,1.01953
1564164030580152,0.19043,0.108398,1.05615
1564164030602600,0.216797,0.104004,1.04541
1564164030624089,0.242676,0.132324,1.02637
1564164030640534,0.249512,0.123535,0.993652
1564164030662987,0.272949,0.0859375,0.986816
1564164030683978,0.292969,0.0546875,0.98584
1564164030700417,0.294434,0.0263672,0.95752
1564164030730360,0.315918,0.00683594,0.924805
1564164030743834,0.31543,0.00439453,0.902832
1564164030760308,0.28125,-0.0161133,0.903809
1564164030782766,0.281738,-0.0332031,0.889648
1564164030803744,0.30127,-0.0415039,0.866211
1564164030820199,0.288574,-0.0322266,0.864258
1564164030842652,0.270996,-0.0361328,0.869629
1564164030863644,0.285156,-0.0610352,0.860352
1564164030879591,0.317871,-0.0766602,0.852539
1564164030902541,0.325195,-0.0830078,0.842773
1564164030924001,0.317383,-0.0952148,0.838379
1564164030939479,0.31543,-0.128418,0.828613
1564164030962928,0.338867,-0.148926,0.834961
1564164030983889,0.338379,-0.15625,0.838379
1564164031006379,0.292969,-0.177734,0.853027
1564164031022817,0.274902,-0.209473,0.869629
1564164031043809,0.274902,-0.225586,0.89209
1564164031059750,0.207031,-0.222168,0.900879
1564164031082712,0.14209,-0.209473,0.913574
1564164031105164,0.122559,-0.234863,0.928711
1564164031119638,0.0600586,-0.250977,0.941406
1564164031142594,0.043457,-0.235352,0.937988
1564164031165054,0.0317383,-0.202148,0.942383
1564164031179526,-0.0131836,-0.229492,0.947754
1564164031202983,0.0136719,-0.174805,0.912109
1564164031232927,0.046875,-0.163574,0.931641
1564164031246400,0.0668945,-0.179199,0.942871
1564164031262879,0.0488281,-0.175293,0.911621
1564164031285329,0.0463867,-0.185059,0.919922
1564164031306329,0.0395508,-0.174805,0.912598
1564164031322760,0.0644531,-0.183105,0.910645
1564164031345221,0.0722656,-0.210449,0.890625
1564164031367180,0.0825195,-0.245117,0.89209
1564164031382648,0.0859375,-0.273438,0.919922
1564164031405106,0.0888672,-0.224609,0.887695
1564164031426067,0.0722656,-0.248535,0.879883
1564164031442536,0.0566406,-0.280273,0.872559
1564164031464994,0.0532227,-0.302246,0.884277
1564164031486480,0.0224609,-0.271973,0.879395
1564164031510425,0.0146484,-0.252441,0.875488
1564164031525384,0.00732422,-0.267578,0.871582
1564164031546345,0.00195313,-0.270996,0.883301
1564164031562814,-0.0161133,-0.245117,0.880371
1564164031585272,-0.0214844,-0.228027,0.858887
1564164031606271,-0.0146484,-0.276855,0.882324
1564164031622706,-0.0351563,-0.265625,0.875
1564164031645195,-0.0361328,-0.23291,0.881836
1564164031666625,-0.0473633,-0.242188,0.868652
1564164031682591,-0.0390625,-0.263672,0.871582
1564164031711538,-0.0473633,-0.251465,0.881348
1564164031726546,-0.046875,-0.229004,0.874512
1564164031742980,-0.0439453,-0.229492,0.87793
1564164031765443,-0.0429688,-0.250977,0.878906
1564164031786399,-0.0458984,-0.248047,0.879883
1564164031802868,-0.0429688,-0.238281,0.87793
1564164031825326,-0.0400391,-0.242676,0.885254
1564164031846347,-0.0400391,-0.250977,0.881836
1564164031862765,-0.0444336,-0.251953,0.884766
1564164031885215,-0.0444336,-0.244629,0.883789
1564164031906215,-0.0390625,-0.247559,0.892578
1564164031922653,-0.0341797,-0.24707,0.894531
1564164031945112,-0.0390625,-0.249023,0.897461
1564164031966586,-0.0419922,-0.240234,0.888184
1564164031989021,-0.043457,-0.241699,0.886719
1564164032004993,-0.0424805,-0.241699,0.879883
1564164032027956,-0.0336914,-0.238281,0.893555
1564164032042927,-0.0410156,-0.235352,0.885254
1564164032065879,-0.0463867,-0.242188,0.881836
1564164032087839,-0.0385742,-0.234375,0.886719
1564164032102812,-0.0327148,-0.233887,0.902832
1564164032125277,-0.0478516,-0.232422,0.889648
1564164032147734,-0.043457,-0.237793,0.887695
1564164032162707,-0.0424805,-0.234863,0.88623
1564164032185157,-0.0439453,-0.22998,0.887207
1564164032207617,-0.0439453,-0.233887,0.882324
1564164032222096,-0.0458984,-0.234863,0.887207
1564164032245052,-0.0410156,-0.23584,0.88916
1564164032268035,-0.0395508,-0.23291,0.891602
1564164032281986,-0.0400391,-0.235352,0.885742
1564164032305437,-0.0419922,-0.235352,0.894531
1564164032327900,-0.0454102,-0.231445,0.898438
1564164032342364,-0.0439453,-0.224121,0.885742
1564164032365330,-0.0463867,-0.23291,0.89502
1564164032393769,-0.0390625,-0.23291,0.900391
1564164032402258,-0.0478516,-0.217285,0.894043
1564164032425211,-0.0483398,-0.224609,0.895996
1564164032447677,-0.0463867,-0.235352,0.891602
1564164032468667,-0.0400391,-0.239258,0.894531
1564164032485106,-0.0493164,-0.227539,0.884766
1564164032507566,-0.046875,-0.225586,0.883301
1564164032529050,-0.046875,-0.235352,0.896973
1564164032546993,-0.046875,-0.225586,0.891113
1564164032567948,-0.0439453,-0.226563,0.891602
1564164032588944,-0.0439453,-0.225586,0.888672
1564164032604882,-0.0410156,-0.229492,0.891602
1564164032627835,-0.0361328,-0.226074,0.901367
1564164032648798,-0.0454102,-0.227051,0.88916
1564164032672750,-0.0385742,-0.219727,0.882324
1564164032687722,-0.0395508,-0.230469,0.896973
1564164032708725,-0.0361328,-0.220215,0.884277
1564164032725162,-0.0351563,-0.222656,0.894043
1564164032747645,-0.0366211,-0.231445,0.894043
1564164032771568,-0.0385742,-0.225098,0.887207
1564164032785050,-0.0375977,-0.225586,0.883789
1564164032808001,-0.0375977,-0.222656,0.887695
1564164032828966,-0.0375977,-0.222168,0.887695
1564164032845431,-0.0351563,-0.223633,0.886719
1564164032867889,-0.0385742,-0.216797,0.885742
1564164032896337,-0.0341797,-0.217285,0.895996
1564164032905322,-0.0356445,-0.225098,0.896484
1564164032927797,-0.00585938,-0.236816,0.90332
1564164032950236,-0.000976563,-0.248047,0.881348
1564164032965216,-0.0107422,-0.233398,0.90332
1564164032987667,-0.0292969,-0.199707,0.912598
1564164033011628,-0.0449219,-0.186523,0.904785
1564164033031586,-0.0566406,-0.187012,0.912598
1564164033048053,-0.0874023,-0.176758,0.882324
1564164033070014,-0.0239258,-0.244629,0.906738
1564164033084985,-0.0141602,-0.245117,0.873535
1564164033107945,0.0131836,-0.236816,0.923828
1564164033130399,-0.0859375,-0.173828,0.894531
1564164033151398,-0.0878906,-0.165039,0.886719
1564164033175335,-0.0429688,-0.213867,0.883789
1564164033190290,-0.0175781,-0.203613,0.877441
1564164033211254,0.0566406,-0.308105,0.935059
1564164033228226,-0.00341797,-0.258789,0.977051
1564164033251676,-0.0712891,-0.0727539,0.875488
1564164033271146,-0.0727539,-0.0371094,0.806641
1564164033287609,-0.0112305,-0.196289,0.841797
1564164033310072,0.00830078,-0.333984,0.913086
1564164033339017,-0.0541992,-0.31543,0.90625
1564164033347997,-0.0576172,-0.215332,0.858887
1564164033377942,-0.0273438,-0.174316,0.881348
1564164033391454,-0.0400391,-0.197266,0.922363
1564164033407886,-0.0415039,-0.198242,0.887695
1564164033430345,-0.0195313,-0.258789,0.871582
1564164033452802,0.00146484,-0.296387,0.879395
1564164033458298,-0.0078125,-0.317383,0.901367
1564164033473264,-0.0297852,-0.290527,0.893066
1564164033495721,-0.0273438,-0.260254,0.872559
1564164033518217,-0.0288086,-0.266602,0.900879
1564164033533186,-0.0219727,-0.26123,0.89209
1564164033555610,-0.0366211,-0.271973,0.880371
1564164033578608,-0.0297852,-0.264648,0.870117
1564164033593073,-0.0175781,-0.28418,0.877441
1564164033615559,-0.0219727,-0.290039,0.879883
1564164033631977,-0.0317383,-0.292969,0.879395
1564164033653429,-0.0307617,-0.28418,0.863281
1564164033675887,-0.0249023,-0.287109,0.859375
1564164033691857,-0.0151367,-0.294434,0.869629
1564164033713353,-0.019043,-0.299316,0.894531
1564164033735812,-0.0249023,-0.286621,0.876953
1564164033752245,-0.0258789,-0.280762,0.878906
1564164033780704,-0.0229492,-0.273438,0.876953
1564164033795664,-0.0170898,-0.282715,0.884277
1564164033812142,-0.0175781,-0.299805,0.887207
1564164033833128,-0.0322266,-0.290039,0.878906
1564164033855554,-0.0253906,-0.296387,0.879883
1564164033872023,-0.0229492,-0.285156,0.87793
1564164033892988,-0.0263672,-0.279785,0.880859
1564164033915945,-0.0200195,-0.284668,0.879395
1564164033933410,-0.0146484,-0.284668,0.879395
1564164033953371,-0.0131836,-0.280273,0.883789
1564164033975867,-0.0229492,-0.27832,0.882324
1564164033993796,-0.0185547,-0.282227,0.881348
1564164034013296,-0.0209961,-0.287109,0.875
1564164034035755,-0.0146484,-0.294922,0.881836
1564164034059681,-0.0126953,-0.283203,0.873047
1564164034073180,-0.0141602,-0.287598,0.878418
1564164034095612,-0.015625,-0.285156,0.874512
1564164034113574,-0.0112305,-0.28125,0.869141
1564164034133037,-0.0180664,-0.285645,0.875488
1564164034155497,-0.0249023,-0.290527,0.864746
1564164034173462,-0.00537109,-0.305176,0.866211
1564164034192958,-0.0146484,-0.308105,0.871582
1564164034215889,-0.0205078,-0.304688,0.864258
1564164034233351,-0.00732422,-0.323242,0.879395
1564164034253350,-0.00830078,-0.289551,0.883301
1564164034283258,-0.00439453,-0.290039,0.912109
1564164034293739,-0.0185547,-0.271973,0.941406
1564164034313204,-0.0263672,-0.230469,0.917969
1564164034335693,-0.0253906,-0.179688,0.888672
1564164034353627,-0.00878906,-0.209961,0.863281
1564164034373097,-0.0078125,-0.269043,0.865723
1564164034395589,0.0302734,-0.32373,0.891602
1564164034413561,-0.0185547,-0.317383,0.883789
1564164034432979,0.00878906,-0.243652,0.868652
1564164034455474,0.0117188,-0.173828,0.865234
1564164034473405,0.0117188,-0.180176,0.882813
1564164034493368,-0.0131836,-0.22998,0.897461
1564164034515827,-0.0166016,-0.217773,0.878906
1564164034533794,0.00537109,-0.272949,0.879395
1564164034562239,0.0253906,-0.262207,0.901855
1564164034575716,0.000976563,-0.243652,0.92334
1564164034593683,-0.0170898,-0.216797,0.919434
1564164034616139,-0.0454102,-0.226563,0.86084
1564164034635605,-0.0117188,-0.294434,0.867188
1564164034653571,-0.00488281,-0.314941,0.87793
1564164034674539,-0.0117188,-0.258789,0.893066
1564164034695992,-0.027832,-0.226563,0.889648
1564164034713460,-0.0375977,-0.239746,0.874023
1564164034734420,-0.0244141,-0.266113,0.885254
1564164034750897,-0.0307617,-0.263672,0.887207
1564164034773348,-0.0209961,-0.250488,0.891113
1564164034794814,-0.0200195,-0.257324,0.898926
1564164034811276,-0.0200195,-0.262695,0.895996
1564164034841226,-0.0302734,-0.259277,0.890625
1564164034854710,-0.0268555,-0.256836,0.900391
1564164034871166,-0.0141602,-0.264648,0.896484
1564164034894129,-0.0185547,-0.266113,0.896484
1564164034915090,-0.0224609,-0.26123,0.885254
1564164034936545,-0.0214844,-0.253418,0.883301
1564164034952516,-0.0195313,-0.26123,0.886719
1564164034975472,-0.0161133,-0.269043,0.888184
1564164034996468,-0.0180664,-0.257324,0.87793
1564164035012916,-0.0180664,-0.257324,0.873047
1564164035042846,-0.015625,-0.262207,0.882813
1564164035049341,-0.015625,-0.26416,0.880371
1564164035072795,-0.0185547,-0.253906,0.885742
1564164035095258,-0.0214844,-0.260742,0.878906
1564164035117709,-0.0219727,-0.257813,0.881348
1564164035132689,-0.0180664,-0.26416,0.879395
1564164035155139,-0.0205078,-0.258789,0.879883
1564164035170111,-0.0219727,-0.251465,0.88623
1564164035192577,-0.0175781,-0.255371,0.889648
1564164035215035,-0.0185547,-0.253418,0.88623
1564164035229508,-0.0209961,-0.256348,0.890137
1564164035252957,-0.0249023,-0.244629,0.880859
1564164035275447,-0.0180664,-0.249023,0.884766
1564164035289421,-0.0166016,-0.255859,0.888184
1564164035312852,-0.0234375,-0.257813,0.890625
1564164035335304,-0.0263672,-0.248535,0.876465
1564164035349777,-0.0205078,-0.249023,0.884277
1564164035372733,-0.0195313,-0.257324,0.881836
1564164035395199,-0.0180664,-0.254395,0.886719
1564164035416158,-0.0229492,-0.252441,0.882324
1564164035432624,-0.0214844,-0.257324,0.884766
1564164035455089,-0.0195313,-0.256348,0.881836
1564164035476541,-0.0166016,-0.256836,0.884766
1564164035492519,-0.0175781,-0.255371,0.893555
1564164035514978,-0.0234375,-0.248047,0.879395
1564164035536429,-0.0205078,-0.255371,0.883301
1564164035552900,-0.0200195,-0.258789,0.890137
1564164035575358,-0.0166016,-0.249023,0.888184
1564164035596317,-0.0185547,-0.253906,0.886719
1564164035614285,-0.0253906,-0.256348,0.879395
1564164035635247,-0.0214844,-0.254883,0.881348
1564164035656239,-0.00976563,-0.254395,0.89209
1564164035673175,-0.0195313,-0.25,0.88916
1564164035695142,-0.0195313,-0.246094,0.891602
1564164035725088,-0.0126953,-0.248535,0.894043
1564164035732564,-0.00878906,-0.256836,0.904297
1564164035755523,-0.0219727,-0.236328,0.891602
1564164035776483,-0.0219727,-0.251465,0.884766
1564164035793453,-0.0175781,-0.264648,0.885254
1564164035815411,-0.00927734,-0.261719,0.889648
1564164035837869,-0.0185547,-0.250488,0.883789
1564164035852843,-0.0185547,-0.249512,0.882324
1564164035875807,-0.0136719,-0.249512,0.879883
1564164035897765,-0.0131836,-0.257324,0.884766
1564164035912738,-0.0180664,-0.259277,0.888184
1564164035935189,-0.0185547,-0.244141,0.874512
1564164035957647,-0.0205078,-0.250977,0.884766
1564164035972119,-0.0146484,-0.253906,0.887695
1564164036002572,-0.0112305,-0.255371,0.885254
1564164036017536,-0.0209961,-0.252441,0.887207
1564164036032013,-0.0170898,-0.255371,0.882813
1564164036055466,-0.00927734,-0.26123,0.896973
1564164036077923,-0.0151367,-0.251465,0.89209
1564164036093403,-0.0170898,-0.24707,0.892578
1564164036115358,-0.0180664,-0.250488,0.891602
1564164036137813,-0.0117188,-0.255859,0.896484
1564164036152785,-0.0170898,-0.246582,0.895508
1564164036176739,-0.0214844,-0.247559,0.88623
1564164036198200,-0.0185547,-0.246582,0.883789
1564164036212179,-0.0166016,-0.254395,0.88916
1564164036235140,-0.0200195,-0.250977,0.881836
1564164036257598,-0.015625,-0.260254,0.89209
1564164036280062,-0.0170898,-0.261719,0.89502
1564164036295520,0.00585938,-0.293457,0.903809
1564164036317978,0.00439453,-0.312988,0.870117
1564164036338971,0.0273438,-0.303711,0.876953
1564164036355408,0.103027,-0.206055,0.993652
1564164036377873,-0.0698242,-0.149902,0.933105
1564164036398858,-0.0947266,-0.137695,0.892578
1564164036415297,-0.118652,-0.137695,0.885254
1564164036437763,-0.14502,-0.112793,0.855957
1564164036458753,-0.125488,-0.187988,0.8125
1564164036476216,-0.012207,-0.355469,0.841797
1564164036505138,0.0385742,-0.425293,0.897949
1564164036519104,0.0292969,-0.30957,0.911133
1564164036535074,0.0214844,-0.184082,0.931152
1564164036557532,-0.000488281,-0.149414,0.9375
1564164036578992,-0.0458984,-0.147949,0.914551
1564164036594463,-0.0263672,-0.205566,0.89209
1564164036617921,-0.0263672,-0.259766,0.877441
1564164036638914,-0.0161133,-0.312988,0.898926
1564164036654351,-0.0288086,-0.25,0.880371
1564164036677830,-0.0205078,-0.142578,0.865723
1564164036706295,-0.015625,-0.157227,0.876953
1564164036721288,0.00537109,-0.232422,0.891602
1564164036737697,0.00390625,-0.26416,0.893555
1564164036758693,0.000488281,-0.259766,0.885254
1564164036782615,-0.0151367,-0.219727,0.869141
1564164036797587,-0.012207,-0.229004,0.888184
1564164036820044,-0.0078125,-0.232422,0.889648
1564164036835530,-0.027832,-0.219727,0.883301
1564164036857975,-0.0214844,-0.227539,0.877441
1564164036880432,-0.0151367,-0.241699,0.885254
1564164036895412,-0.0136719,-0.263672,0.890625
1564164036917864,-0.0136719,-0.245117,0.899902
1564164036940328,-0.0214844,-0.220703,0.885254
1564164036954793,-0.00927734,-0.222168,0.893066
1564164036985237,-0.0170898,-0.244629,0.891113
1564164037000209,-0.0249023,-0.251465,0.884766
1564164037014683,-0.0209961,-0.251465,0.887695
1564164037037641,-0.0175781,-0.239746,0.88916
1564164037060596,-0.0180664,-0.233887,0.898438
1564164037074570,-0.0239258,-0.229492,0.894531
1564164037097527,-0.0239258,-0.23877,0.899414
1564164037119987,-0.0180664,-0.248047,0.88623
1564164037134459,-0.0161133,-0.249023,0.886719
1564164037157917,-0.0131836,-0.244629,0.896484
1564164037179884,-0.0141602,-0.235352,0.891602
1564164037194848,-0.0170898,-0.240234,0.892578
1564164037217805,-0.0136719,-0.242676,0.879395
1564164037240270,-0.0166016,-0.254395,0.882324
1564164037261225,-0.0151367,-0.250977,0.88916
1564164037277693,-0.0205078,-0.241211,0.89209
1564164037300150,-0.0268555,-0.23584,0.874023
1564164037321133,-0.0170898,-0.248047,0.87207
1564164037338080,-0.00732422,-0.262207,0.897461
1564164037360049,-0.019043,-0.249512,0.894531
1564164037388986,-0.0224609,-0.220703,0.883301
1564164037397971,-0.0161133,-0.23291,0.888672
1564164037420435,-0.012207,-0.253906,0.887207
1564164037441392,-0.0136719,-0.259766,0.893555
1564164037457859,-0.0151367,-0.243164,0.887207
1564164037480325,-0.0161133,-0.228516,0.888184
1564164037501315,-0.0209961,-0.236816,0.881348
1564164037517748,-0.012207,-0.249512,0.89502
1564164037540712,-0.0170898,-0.258301,0.894043
1564164037561171,-0.0219727,-0.242188,0.883301
1564164037577644,-0.0136719,-0.23584,0.882324
1564164037600106,-0.0131836,-0.249023,0.887207
1564164037621557,-0.0209961,-0.255859,0.88916
1564164037637526,-0.0131836,-0.260254,0.890137
1564164037667479,-0.0195313,-0.242676,0.887695
1564164037681465,-0.0214844,-0.234375,0.880371
1564164037697914,-0.0151367,-0.239746,0.883789
1564164037720372,-0.0161133,-0.248047,0.898926
1564164037742837,-0.0141602,-0.248047,0.890625
1564164037757809,-0.0200195,-0.240723,0.880371
1564164037780272,-0.0166016,-0.240723,0.886719
1564164037802718,-0.0141602,-0.24707,0.880371
1564164037818189,-0.00830078,-0.255859,0.89502
1564164037840148,-0.00683594,-0.252441,0.894531
1564164037862615,-0.0102539,-0.237793,0.888184
1564164037877081,-0.00732422,-0.239258,0.880371
1564164037900037,0,-0.245605,0.886719
1564164037905536,0.00488281,-0.250977,0.884277
1564164037928024,-0.00292969,-0.24707,0.881836
1564164037944463,-0.00830078,-0.237305,0.867676
1564164037965914,-0.00341797,-0.248047,0.863281
1564164037988383,0.0078125,-0.277832,0.878906
1564164038004847,0.0244141,-0.303223,0.884277
1564164038025840,0.0205078,-0.261719,0.913086
1564164038048262,0.0249023,-0.242676,0.928711
1564164038064732,-0.0102539,-0.199707,0.930664
1564164038085699,-0.0253906,-0.201172,0.90918
1564164038108189,-0.00488281,-0.235352,0.912598
1564164038124620,0.0268555,-0.226563,0.915527
1564164038145619,0.00585938,-0.20752,0.872559
1564164038169537,-0.0141602,-0.224609,0.858887
1564164038183049,-0.00292969,-0.259766,0.889648
1564164038205968,0.0136719,-0.225586,0.901855
1564164038228426,-0.00390625,-0.20752,0.90625
1564164038242932,-0.015625,-0.180176,0.909668
1564164038265858,-0.027832,-0.177734,0.882813
1564164038288315,-0.0317383,-0.214844,0.887695
1564164038304286,-0.0239258,-0.215332,0.893555
1564164038325781,-0.027832,-0.216309,0.905273
1564164038348241,-0.0424805,-0.185059,0.897461
1564164038364686,-0.0488281,-0.186523,0.893066
1564164038385650,-0.0371094,-0.191406,0.907227
1564164038408130,-0.0537109,-0.184082,0.885742
1564164038424577,-0.0375977,-0.200684,0.887695
1564164038450016,-0.0537109,-0.223145,0.910156
1564164038468021,-0.0600586,-0.216797,0.886719
1564164038484472,-0.0615234,-0.209473,0.87793
1564164038505417,-0.0712891,-0.202637,0.864258
1564164038528375,-0.0522461,-0.237305,0.881348
1564164038544339,-0.0541992,-0.256348,0.893066
1564164038565801,-0.0698242,-0.227051,0.873047
1564164038588256,-0.074707,-0.213379,0.880859
1564164038604729,-0.0649414,-0.212402,0.887695
1564164038625691,-0.0649414,-0.23584,0.896973
1564164038648171,-0.0791016,-0.228027,0.890625
1564164038666117,-0.0800781,-0.234863,0.869629
1564164038685617,-0.0703125,-0.251465,0.884766
1564164038703544,-0.0742188,-0.237305,0.893066
1564164038726501,-0.0737305,-0.228027,0.899902
1564164038745465,-0.0717773,-0.227051,0.896973
1564164038763432,-0.0786133,-0.234375,0.898438
1564164038785889,-0.0864258,-0.232422,0.894043
1564164038805853,-0.078125,-0.233887,0.893555
1564164038823322,-0.0756836,-0.241699,0.890625
1564164038846278,-0.0703125,-0.245605,0.888184
1564164038865742,-0.0751953,-0.234375,0.891602
1564164038883710,-0.0693359,-0.245117,0.882324
1564164038906200,-0.065918,-0.245605,0.885742
1564164038925632,-0.0688477,-0.23877,0.888672
1564164038943606,-0.0688477,-0.236816,0.890625
1564164038966055,-0.0673828,-0.246094,0.890625
1564164038985518,-0.065918,-0.246094,0.895508
1564164039004015,-0.0742188,-0.241699,0.889648
1564164039025948,-0.0795898,-0.229492,0.888184
1564164039053395,-0.0683594,-0.246094,0.888672
1564164039063382,-0.0708008,-0.239258,0.88916
1564164039086339,-0.0664063,-0.244629,0.877441
1564164039105802,-0.0703125,-0.240723,0.88623
1564164039129753,-0.0751953,-0.241211,0.88916
1564164039146254,-0.0717773,-0.243652,0.886719
1564164039165685,-0.0673828,-0.238281,0.879883
1564164039183652,-0.0693359,-0.235352,0.89209
1564164039206117,-0.0698242,-0.23291,0.885742
1564164039227086,-0.0698242,-0.248535,0.895508
1564164039243542,-0.0717773,-0.247559,0.891113
1564164039266003,-0.0742188,-0.241211,0.890137
1564164039286483,-0.0668945,-0.240234,0.89209
1564164039303430,-0.0708008,-0.246094,0.88623
1564164039331878,-0.0673828,-0.248535,0.890137
1564164039346385,-0.0683594,-0.234375,0.885742
1564164039362827,-0.0742188,-0.233398,0.89209
1564164039385276,-0.0693359,-0.243652,0.898438
1564164039406277,-0.0742188,-0.23291,0.878906
1564164039422707,-0.0708008,-0.245117,0.887695
1564164039445174,-0.0693359,-0.244629,0.89209
1564164039466165,-0.0751953,-0.236816,0.881348
1564164039482596,-0.0756836,-0.244629,0.887207
1564164039505062,-0.0761719,-0.246094,0.888672
1564164039526524,-0.0717773,-0.245117,0.89502
1564164039542486,-0.0712891,-0.241699,0.883301
1564164039565442,-0.0766602,-0.241699,0.887207
1564164039586402,-0.0751953,-0.25,0.887695
1564164039608926,-0.0800781,-0.246582,0.891602
1564164039625332,-0.0830078,-0.237793,0.884277
1564164039647796,-0.0786133,-0.242676,0.888184
1564164039662768,-0.074707,-0.246582,0.885254
1564164039685219,-0.0732422,-0.243652,0.890137
1564164039707686,-0.0761719,-0.244141,0.880859
1564164039722659,-0.0761719,-0.241699,0.887207
1564164039745116,-0.0727539,-0.23877,0.879395
1564164039767574,-0.0761719,-0.245117,0.882813
1564164039782040,-0.0722656,-0.249512,0.888672
1564164039804998,-0.0766602,-0.242188,0.883789
1564164039835442,-0.0766602,-0.238281,0.880859
1564164039841929,-0.0732422,-0.251465,0.890137
1564164039865386,-0.0712891,-0.242676,0.887207
1564164039888341,-0.0708008,-0.241699,0.89209
1564164039902316,-0.0717773,-0.244629,0.89502
1564164039925281,-0.0683594,-0.246094,0.888184
1564164039947734,-0.0717773,-0.240234,0.89209
1564164039962213,-0.0732422,-0.244629,0.892578
1564164039985164,-0.0668945,-0.242676,0.894043
1564164040007620,-0.0683594,-0.235352,0.894531
1564164040022096,-0.0668945,-0.237305,0.885254
1564164040045049,-0.0717773,-0.241699,0.887695
1564164040067508,-0.0693359,-0.241699,0.891602
1564164040081981,-0.0732422,-0.235352,0.885254
1564164040111449,-0.0742188,-0.242676,0.89209
1564164040127895,-0.0751953,-0.244141,0.88623
1564164040148858,-0.0717773,-0.241699,0.880371
1564164040165327,-0.0708008,-0.248535,0.878418
1564164040187788,-0.0693359,-0.250977,0.887695
1564164040208751,-0.0776367,-0.236328,0.882813
1564164040227212,-0.0566406,-0.240234,0.90625
1564164040247675,-0.0297852,-0.280762,0.916504
1564164040268635,-0.0439453,-0.262695,0.910156
1564164040285103,-0.0415039,-0.218262,0.895996
1564164040315049,-0.0224609,-0.197266,0.941406
1564164040329023,-0.116699,-0.161621,0.909668
1564164040344503,-0.135254,-0.146484,0.868652
1564164040367951,-0.161621,-0.185547,0.899414
1564164040390409,-0.149414,-0.162598,0.838379
1564164040404383,-0.0708008,-0.257813,0.847656
1564164040427840,-0.034668,-0.320801,0.861816
1564164040448803,-0.0395508,-0.299316,0.87207
1564164040464777,-0.0170898,-0.268066,0.901367
1564164040487729,-0.0336914,-0.234863,0.902832
1564164040508726,-0.0576172,-0.20752,0.880371
1564164040531185,-0.0512695,-0.227051,0.902832
1564164040547618,-0.0620117,-0.256348,0.925293
1564164040570075,-0.09375,-0.229004,0.905273
1564164040585048,-0.0795898,-0.178711,0.898926
1564164040608006,-0.090332,-0.144531,0.866211
1564164040630464,-0.0673828,-0.174805,0.866211
1564164040645435,-0.0405273,-0.252441,0.882324
1564164040667894,-0.00878906,-0.276855,0.888184
1564164040690353,-0.027832,-0.23291,0.897461
1564164040704825,-0.0610352,-0.182129,0.893066
1564164040727790,-0.0546875,-0.181641,0.888672
1564164040750241,-0.0532227,-0.216797,0.885742
1564164040764720,-0.046875,-0.23584,0.893555
1564164040796661,-0.0507813,-0.237793,0.90918
1564164040810129,-0.059082,-0.208984,0.900879
1564164040824604,-0.0600586,-0.196289,0.869141
1564164040855045,-0.0380859,-0.217285,0.89209
1564164040870019,-0.03125,-0.239258,0.902344
1564164040884498,-0.0292969,-0.253906,0.914063
1564164040907947,-0.043457,-0.217773,0.89209
1564164040930406,-0.0439453,-0.222656,0.880371
1564164040944381,-0.0473633,-0.236816,0.888184
1564164040967842,-0.043457,-0.240234,0.88916
1564164040997781,-0.0395508,-0.230957,0.889648
1564164041011256,-0.0473633,-0.227539,0.889648
1564164041027726,-0.0439453,-0.225586,0.890137
1564164041050183,-0.0458984,-0.241211,0.895996
1564164041078663,-0.0454102,-0.236816,0.89502
1564164041087616,-0.0395508,-0.229492,0.890625
1564164041110071,-0.0249023,-0.22998,0.885742
1564164041131531,-0.0361328,-0.244629,0.894531
1564164041148036,-0.03125,-0.23291,0.88623
1564164041169969,-0.0356445,-0.229004,0.87793
1564164041191456,-0.027832,-0.240234,0.880859
1564164041207897,-0.027832,-0.244629,0.891602
1564164041230348,-0.0341797,-0.23584,0.892578
1564164041251347,-0.0385742,-0.224121,0.890625
1564164041267280,-0.034668,-0.222656,0.881836
1564164041290246,-0.0292969,-0.239746,0.888672
1564164041311198,-0.0327148,-0.243164,0.894531
1564164041327676,-0.0380859,-0.236816,0.888184
1564164041351623,-0.0341797,-0.220215,0.892578
1564164041371087,-0.0332031,-0.228027,0.89209
1564164041388055,-0.0454102,-0.230957,0.892578
1564164041410024,-0.0336914,-0.23584,0.89209
1564164041431476,-0.0332031,-0.236816,0.896973
1564164041447444,-0.0400391,-0.229004,0.893066
1564164041470401,-0.0385742,-0.22998,0.894531
1564164041498849,-0.0385742,-0.236816,0.881348
1564164041507833,-0.0366211,-0.235352,0.887695
1564164041530289,-0.034668,-0.243652,0.894531
1564164041552752,-0.0332031,-0.239746,0.897949
1564164041567724,-0.0449219,-0.230957,0.886719
1564164041590199,-0.0371094,-0.231934,0.881836
1564164041612652,-0.0336914,-0.23877,0.893066
1564164041627618,-0.0317383,-0.244629,0.896973
1564164041650069,-0.0341797,-0.230957,0.882324
1564164041672534,-0.0332031,-0.232422,0.889648
1564164041686999,-0.03125,-0.231934,0.888672
1564164041710456,-0.0307617,-0.229004,0.883789
1564164041732921,-0.0263672,-0.242676,0.883301
1564164041747388,-0.0292969,-0.233887,0.875977
1564164041777838,-0.0219727,-0.23877,0.874023
1564164041792810,-0.0209961,-0.259766,0.870605
1564164041807281,-0.0102539,-0.274414,0.893555
1564164041830733,-0.00830078,-0.260254,0.922363
1564164041852692,-0.0439453,-0.207031,0.895996
1564164041867170,-0.0239258,-0.201172,0.887695
1564164041890122,-0.0268555,-0.229004,0.911133
1564164041912584,-0.0307617,-0.256348,0.930664
1564164041927074,-0.0170898,-0.246582,0.896484
1564164041950019,-0.0317383,-0.206055,0.851074
1564164041972484,-0.0249023,-0.234375,0.87793
1564164041993959,-0.00390625,-0.263184,0.904297
1564164042010398,-0.0107422,-0.242676,0.915039
1564164042032860,-0.0380859,-0.197754,0.888672
1564164042053857,-0.0522461,-0.195801,0.887695
1564164042070288,-0.0473633,-0.208496,0.902344
1564164042092746,-0.0488281,-0.222168,0.894043
1564164042113739,-0.0361328,-0.242188,0.895996
1564164042130185,-0.059082,-0.226563,0.870117
1564164042152636,-0.034668,-0.214355,0.891113
1564164042174097,-0.0214844,-0.239746,0.90332
1564164042190073,-0.0385742,-0.227051,0.917969
1564164042212531,-0.128418,-0.251953,0.838867
1564164042234019,-0.0458984,-0.239258,0.868164
1564164042257939,-0.0185547,-0.319336,0.927734
1564164042272912,-0.0541992,-0.19873,0.894043
1564164042293875,-0.0795898,-0.160156,0.87793
1564164042309344,-0.0693359,-0.212891,0.86084
1564164042333298,-0.0654297,-0.26709,0.876465
1564164042338295,-0.0361328,-0.271973,0.915527
1564164042360752,-0.0327148,-0.205566,0.946289
1564164042375756,-0.0737305,-0.123535,0.922363
1564164042398186,-0.0922852,-0.148926,0.877441
1564164042420673,-0.0942383,-0.289063,0.879395
1564164042437107,-0.0864258,-0.359863,0.873535
1564164042459571,-0.0864258,-0.29248,0.877441
1564164042480558,-0.0805664,-0.20752,0.876465
1564164042496995,-0.0859375,-0.203613,0.864258
1564164042518455,-0.0839844,-0.272949,0.880371
1564164042540445,-0.102051,-0.270996,0.858398
1564164042555890,-0.0727539,-0.261719,0.880371
1564164042577848,-0.0864258,-0.251953,0.89209
1564164042600825,-0.09375,-0.246582,0.887695
1564164042615777,-0.111328,-0.257324,0.878906
1564164042638241,-0.102539,-0.255371,0.890625
1564164042662195,-0.110352,-0.259277,0.868652
1564164042675698,-0.102051,-0.24707,0.873535
1564164042698124,-0.0820313,-0.254395,0.88623
1564164042720610,-0.0957031,-0.253906,0.890625
1564164042735551,-0.0917969,-0.258789,0.887207
1564164042758041,-0.097168,-0.260254,0.883789
1564164042775976,-0.09375,-0.262695,0.873535
1564164042795575,-0.0859375,-0.256348,0.895508
1564164042817985,-0.097168,-0.256348,0.889648
1564164042835940,-0.101074,-0.262207,0.888184
1564164042855441,-0.0917969,-0.264648,0.904297
1564164042878375,-0.10791,-0.249512,0.886719
1564164042895828,-0.097168,-0.250977,0.894531
1564164042915790,-0.0864258,-0.265625,0.891113
1564164042941244,-0.0878906,-0.259766,0.884766
1564164042956216,-0.0996094,-0.255859,0.867676
1564164042975712,-0.0966797,-0.262207,0.876465
1564164042998135,-0.0991211,-0.260254,0.866211
1564164043016128,-0.0810547,-0.261719,0.893066
1564164043035608,-0.106934,-0.249512,0.873047
1564164043058066,-0.106445,-0.264648,0.881836
1564164043075998,-0.0922852,-0.262695,0.888672
1564164043096955,-0.0991211,-0.260254,0.883301
1564164043117954,-0.0942383,-0.260254,0.886719
1564164043136382,-0.0908203,-0.264648,0.883301
1564164043164829,-0.0932617,-0.263672,0.885742
1564164043178303,-0.0917969,-0.256836,0.888672
1564164043196268,-0.0922852,-0.250977,0.869141
1564164043218227,-0.0957031,-0.265137,0.886719
1564164043238212,-0.0922852,-0.253906,0.882813
1564164043256196,-0.0942383,-0.255859,0.876953
1564164043277139,-0.0952148,-0.259766,0.878418
1564164043298119,-0.097168,-0.26123,0.880859
1564164043316047,-0.0957031,-0.253418,0.879883
1564164043337008,-0.0888672,-0.254395,0.887695
1564164043365468,-0.0922852,-0.249512,0.886719
1564164043375937,-0.0957031,-0.262207,0.886719
1564164043398395,-0.0922852,-0.260254,0.883301
1564164043418363,-0.09375,-0.257813,0.888184
1564164043443310,-0.090332,-0.257324,0.88623
1564164043458284,-0.0991211,-0.255859,0.878418
1564164043478245,-0.0893555,-0.260254,0.886719
1564164043496219,-0.0932617,-0.250977,0.875977
1564164043518679,-0.0913086,-0.255371,0.891602
1564164043538133,-0.0961914,-0.250977,0.879883
1564164043556100,-0.0966797,-0.246582,0.880859
1564164043578559,-0.0947266,-0.258789,0.88623
1564164043598022,-0.0922852,-0.256836,0.88623
1564164043615991,-0.0898438,-0.255371,0.88623
1564164043645934,-0.0932617,-0.256836,0.880371
1564164043658419,-0.0888672,-0.259766,0.882813
1564164043675879,-0.090332,-0.252441,0.879883
1564164043698337,-0.0947266,-0.250488,0.884766
1564164043721293,-0.0932617,-0.253906,0.884766
1564164043736267,-0.0961914,-0.251465,0.882813
1564164043758725,-0.097168,-0.254883,0.884766
1564164043778188,-0.0952148,-0.256348,0.881836
1564164043795157,-0.0913086,-0.255859,0.885254
1564164043817649,-0.097168,-0.250488,0.883789
1564164043839084,-0.0864258,-0.251953,0.881348
1564164043855046,-0.0913086,-0.251465,0.885742
1564164043877505,-0.0952148,-0.256348,0.883789
1564164043898970,-0.0913086,-0.249512,0.880859
1564164043921459,-0.090332,-0.249023,0.883301
1564164043937892,-0.0908203,-0.249512,0.883789
1564164043958889,-0.0864258,-0.25293,0.881348
1564164043975323,-0.0883789,-0.253906,0.885254
1564164043998278,-0.0883789,-0.249512,0.885254
1564164044018775,-0.0927734,-0.25,0.886719
1564164044035214,-0.0874023,-0.245605,0.889648
1564164044057668,-0.0932617,-0.250488,0.890137
1564164044078643,-0.090332,-0.250488,0.890137
1564164044095100,-0.0888672,-0.245117,0.888672
1564164044125074,-0.0830078,-0.245117,0.893555
1564164044139021,-0.0849609,-0.247559,0.88916
1564164044154989,-0.0888672,-0.249512,0.886719
1564164044177447,-0.0883789,-0.25,0.888672
1564164044198911,-0.0878906,-0.246094,0.883789
1564164044215376,-0.0854492,-0.248535,0.880859
1564164044237834,-0.0893555,-0.249512,0.878906
1564164044258855,-0.0883789,-0.246582,0.882813
1564164044275264,-0.090332,-0.253418,0.884766
1564164044297724,-0.090332,-0.249023,0.88916
1564164044320181,-0.0888672,-0.237793,0.881348
1564164044335154,-0.0830078,-0.247559,0.895996
1564164044357611,-0.0874023,-0.247559,0.887695
1564164044380070,-0.0957031,-0.239746,0.880371
1564164044395043,-0.0927734,-0.248535,0.878906
1564164044417502,-0.0874023,-0.258301,0.88916
1564164044439958,-0.09375,-0.241699,0.877441
1564164044455430,-0.09375,-0.241699,0.874512
1564164044477889,-0.097168,-0.250977,0.880859
1564164044500346,-0.0898438,-0.25293,0.882324
1564164044514819,-0.0908203,-0.247559,0.885742
1564164044537777,-0.0913086,-0.240723,0.875977
1564164044560241,-0.097168,-0.249512,0.882813
1564164044574714,-0.0893555,-0.251953,0.882813
1564164044605152,-0.0791016,-0.23877,0.892578
1564164044621621,-0.0800781,-0.23877,0.894043
1564164044634597,-0.0683594,-0.244629,0.903809
1564164044657553,-0.0483398,-0.257813,0.896973
1564164044680013,-0.0385742,-0.276367,0.910645
1564164044701472,-0.0649414,-0.247559,0.916016
1564164044717441,-0.0532227,-0.197266,0.919922
1564164044740399,-0.0883789,-0.187012,0.878418
1564164044761386,-0.0932617,-0.208496,0.912109
1564164044777829,-0.0947266,-0.241211,0.880371
1564164044800295,-0.0898438,-0.216309,0.879395
1564164044828776,-0.118164,-0.17627,0.890625
1564164044837719,-0.144043,-0.173828,0.865723
1564164044860178,-0.0942383,-0.214844,0.858887
1564164044881177,-0.0698242,-0.21582,0.854492
1564164044897606,-0.0317383,-0.224121,0.878906
1564164044921572,-0.00927734,-0.250977,0.909668
1564164044941533,-0.0498047,-0.202637,0.911621
1564164044957497,-0.0688477,-0.177246,0.903809
1564164044980455,-0.0839844,-0.17041,0.879883
1564164045001452,-0.0654297,-0.210938,0.876465
1564164045017884,-0.0625,-0.240723,0.890625
1564164045041839,-0.0517578,-0.227539,0.889648
1564164045061311,-0.0517578,-0.186035,0.884766
1564164045077786,-0.0351563,-0.184082,0.87793
1564164045106258,-0.0117188,-0.228516,0.909668
1564164045121229,-0.0205078,-0.232422,0.914063
1564164045137662,-0.0449219,-0.220215,0.900879
1564164045160121,-0.0395508,-0.205566,0.875488
1564164045181119,-0.0297852,-0.227051,0.896484
1564164045197550,-0.0332031,-0.227051,0.910156
1564164045220017,-0.0341797,-0.210938,0.900879
1564164045241476,-0.0341797,-0.206543,0.896484
1564164045257938,-0.0439453,-0.214844,0.893555
1564164045280397,-0.0341797,-0.226074,0.888672
1564164045310341,-0.0292969,-0.236816,0.88916
1564164045317826,-0.0244141,-0.231445,0.898926
1564164045340285,-0.0244141,-0.215332,0.904785
1564164045362743,-0.0297852,-0.206543,0.886719
1564164045386700,-0.0288086,-0.22998,0.893555
1564164045401671,-0.0273438,-0.235352,0.891113
1564164045422633,-0.0288086,-0.224609,0.896973
1564164045443595,-0.03125,-0.216309,0.887207
1564164045460063,-0.0351563,-0.212891,0.887207
1564164045483019,-0.0209961,-0.231934,0.896484
1564164045496994,-0.0263672,-0.227051,0.897949
1564164045519951,-0.0327148,-0.219238,0.888184
1564164045542910,-0.0327148,-0.216797,0.895508
1564164045556887,-0.0249023,-0.223145,0.895996
1564164045580339,-0.0249023,-0.229492,0.888184
1564164045602797,-0.0224609,-0.22998,0.896973
1564164045617271,-0.0322266,-0.22168,0.898926
1564164045640228,-0.0288086,-0.217285,0.896484
1564164045663192,-0.0288086,-0.218262,0.894531
1564164045677160,-0.0249023,-0.229004,0.896484
1564164045700117,-0.0209961,-0.23291,0.897949
1564164045722575,-0.0292969,-0.224609,0.895508
1564164045737049,-0.0273438,-0.217773,0.889648
1564164045760005,-0.0249023,-0.224121,0.88916
1564164045782476,-0.0214844,-0.232422,0.895996
1564164045803923,-0.019043,-0.231934,0.891602
1564164045819896,-0.027832,-0.224121,0.892578
1564164045842851,-0.0273438,-0.21875,0.886719
1564164045863812,-0.027832,-0.223145,0.88916
1564164045880282,-0.0219727,-0.231445,0.881836
1564164045902741,-0.0234375,-0.240723,0.891113
1564164045923700,-0.0166016,-0.223633,0.889648
1564164045940669,-0.0219727,-0.213867,0.890625
1564164045962628,-0.0224609,-0.22168,0.880859
1564164045983589,-0.0200195,-0.245117,0.882324
1564164046000059,-0.015625,-0.265137,0.869629
1564164046022518,0.00683594,-0.297363,0.892578
1564164046043980,-0.0141602,-0.263184,0.929199
1564164046059449,-0.0371094,-0.195313,0.895996
1564164046082905,-0.0400391,-0.145996,0.888184
1564164046103880,-0.0131836,-0.195801,0.893555
1564164046119338,-0.0131836,-0.24707,0.906738
1564164046143296,-0.0249023,-0.262207,0.898438
1564164046166748,-0.0366211,-0.227051,0.896484
1564164046180223,-0.043457,-0.220703,0.901855
1564164046202751,-0.0507813,-0.230957,0.900879
1564164046226713,-0.0356445,-0.221191,0.875977
1564164046240181,-0.0297852,-0.25,0.905273
1564164046268665,-0.0410156,-0.239746,0.897461
1564164046285098,-0.0551758,-0.229004,0.884277
1564164046300069,-0.0449219,-0.254395,0.866211
1564164046328538,-0.0131836,-0.266602,0.879883
1564164046344987,-0.00878906,-0.244629,0.902344
1564164046359962,-0.0375977,-0.209473,0.894531
1564164046388908,-0.043457,-0.220215,0.889648
1564164046405374,-0.0385742,-0.26123,0.882813
1564164046419854,-0.027832,-0.266602,0.912109
1564164046442812,-0.0532227,-0.211426,0.920898
1564164046465262,-0.0610352,-0.193359,0.92041
1564164046493751,-0.0507813,-0.208984,0.90625
1564164046502693,-0.0805664,-0.25293,0.90332
1564164046525153,-0.0698242,-0.269043,0.908203
1564164046547610,-0.0888672,-0.241211,0.900879
1564164046562583,-0.112793,-0.202637,0.870117
1564164046585041,-0.119629,-0.241211,0.862305
1564164046606500,-0.118652,-0.304199,0.863281
1564164046623976,-0.115234,-0.31543,0.87207
1564164046645429,-0.114746,-0.269531,0.875
1564164046666424,-0.140137,-0.227539,0.860352
1564164046682858,-0.162598,-0.23584,0.860352
1564164046705318,-0.14502,-0.255371,0.861328
1564164046726282,-0.150391,-0.255859,0.860352
1564164046742754,-0.141113,-0.247559,0.875488
1564164046772692,-0.15332,-0.249512,0.874512
1564164046787188,-0.143066,-0.258789,0.884766
1564164046788665,-0.152344,-0.255859,0.875
1564164046808186,-0.142578,-0.243652,0.870117
1564164046830591,-0.135254,-0.257324,0.894043
1564164046848550,-0.148926,-0.255859,0.884766
1564164046868074,-0.150879,-0.25293,0.887695
1564164046890533,-0.145508,-0.255371,0.882813
1564164046912932,-0.145996,-0.257324,0.883301
1564164046928403,-0.141602,-0.262695,0.876953
1564164046950365,-0.14209,-0.251465,0.878418
1564164046973323,-0.142578,-0.263184,0.87207
1564164046988327,-0.137695,-0.26416,0.870605
1564164047010782,-0.147949,-0.263184,0.872559
1564164047027218,-0.141602,-0.263672,0.87793
1564164047051174,-0.148926,-0.255859,0.87207
1564164047070701,-0.150879,-0.263184,0.871094
1564164047088603,-0.148926,-0.26123,0.875488
1564164047108108,-0.15332,-0.253906,0.878418
1564164047130533,-0.147949,-0.253418,0.879883
1564164047146995,-0.153809,-0.258301,0.878906
1564164047167993,-0.154297,-0.248535,0.875488
1564164047190917,-0.149414,-0.255371,0.875
1564164047208383,-0.147461,-0.260254,0.878906
1564164047228345,-0.146973,-0.249512,0.877441
1564164047250806,-0.141602,-0.258301,0.881836
1564164047268271,-0.138184,-0.267578,0.882813
1564164047288269,-0.137695,-0.259277,0.888184
1564164047310725,-0.143555,-0.250977,0.884766
1564164047329157,-0.13916,-0.262207,0.87793
1564164047348129,-0.145508,-0.26709,0.878906
1564164047370580,-0.141602,-0.259277,0.880859
1564164047388548,-0.138184,-0.259766,0.873047
1564164047409508,-0.139648,-0.261719,0.876953
1564164047430469,-0.135742,-0.259277,0.875
1564164047448436,-0.132813,-0.257813,0.882324
1564164047467900,-0.140137,-0.254883,0.875488
1564164047490388,-0.141602,-0.256836,0.881348
1564164047508325,-0.137207,-0.265625,0.875488
1564164047531282,-0.133789,-0.257813,0.877441
1564164047550746,-0.136719,-0.257324,0.883789
1564164047568711,-0.13623,-0.253906,0.887695
1564164047588197,-0.141602,-0.254395,0.879395
1564164047610633,-0.129883,-0.262207,0.880859
1564164047628633,-0.137207,-0.255859,0.878906
1564164047648103,-0.136719,-0.255371,0.881348
1564164047670564,-0.13916,-0.255859,0.880859
1564164047688488,-0.141602,-0.254883,0.877441
1564164047707992,-0.139648,-0.253418,0.883789
1564164047730449,-0.138672,-0.258301,0.878418
1564164047748380,-0.135254,-0.261719,0.879395
1564164047768341,-0.136719,-0.259766,0.880371
1564164047790806,-0.132813,-0.26416,0.87793
1564164047808766,-0.132324,-0.257324,0.87793
1564164047829727,-0.136719,-0.256348,0.873535
1564164047850723,-0.141113,-0.259277,0.878418
1564164047868658,-0.141113,-0.258301,0.868164
1564164047889615,-0.134766,-0.262695,0.874023
1564164047910615,-0.144531,-0.270508,0.865234
1564164047936030,-0.144531,-0.268066,0.882813
1564164047949504,-0.144531,-0.26123,0.881348
1564164047970470,-0.118652,-0.250977,0.88916
1564164047988931,-0.117676,-0.241699,0.893555
1564164048009394,-0.0952148,-0.22998,0.930664
1564164048030395,-0.118164,-0.221191,0.90332
1564164048048320,-0.123535,-0.217773,0.914551
1564164048069285,-0.125977,-0.208984,0.897461
1564164048090778,-0.141602,-0.207031,0.872559
1564164048108709,-0.131836,-0.195801,0.895996
1564164048131168,-0.14502,-0.19873,0.88916
1564164048146139,-0.144531,-0.203125,0.876953
1564164048168597,-0.15332,-0.212891,0.871582
1564164048191056,-0.146484,-0.237305,0.877441
1564164048213016,-0.121582,-0.248047,0.856445
1564164048227495,-0.123047,-0.23291,0.848633
1564164048249950,-0.121094,-0.235352,0.865234
1564164048271440,-0.107422,-0.228516,0.880371
1564164048287876,-0.112305,-0.220703,0.885254
1564164048310334,-0.123535,-0.216797,0.88916
1564164048331332,-0.114258,-0.213867,0.904297
1564164048347765,-0.150879,-0.182617,0.875
1564164048370229,-0.138184,-0.177734,0.860352
1564164048384695,-0.130371,-0.195801,0.854492
1564164048407668,-0.0927734,-0.231445,0.87793
1564164048437597,-0.0874023,-0.251465,0.92041
1564164048444592,-0.0991211,-0.199707,0.921387
1564164048467542,-0.118164,-0.163086,0.913086
1564164048490513,-0.123535,-0.160645,0.870117
1564164048511468,-0.0844727,-0.235352,0.885742
1564164048527930,-0.0756836,-0.276855,0.904785
1564164048550389,-0.0869141,-0.251465,0.903809
1564164048571385,-0.100586,-0.21582,0.895996
1564164048587819,-0.101563,-0.203125,0.884766
1564164048610310,-0.0893555,-0.228516,0.87793
1564164048624250,-0.0864258,-0.262695,0.900391
1564164048647708,-0.0864258,-0.241699,0.898926
1564164048670165,-0.0981445,-0.221191,0.885742
1564164048691163,-0.0898438,-0.238281,0.883789
1564164048713621,-0.0927734,-0.249512,0.883301
1564164048730066,-0.0908203,-0.246582,0.888672
1564164048751516,-0.0800781,-0.242188,0.880371
1564164048767997,-0.0898438,-0.234863,0.888672
1564164048789951,-0.09375,-0.237793,0.883301
1564164048811439,-0.0849609,-0.244629,0.878418
1564164048827873,-0.0869141,-0.247559,0.887695
1564164048850337,-0.0888672,-0.246094,0.888672
1564164048871299,-0.0849609,-0.238281,0.891602
1564164048887761,-0.0952148,-0.236328,0.88916
1564164048916229,-0.090332,-0.231934,0.882813
1564164048931202,-0.0800781,-0.24707,0.889648
1564164048947652,-0.0864258,-0.244629,0.894043
1564164048970110,-0.090332,-0.230469,0.888184
1564164048992575,-0.0888672,-0.23291,0.883789
1564164049007053,-0.081543,-0.243164,0.89502
1564164049030004,-0.0810547,-0.251953,0.897461
1564164049051455,-0.0864258,-0.242676,0.887695
1564164049067436,-0.0864258,-0.230957,0.885742
1564164049090384,-0.0825195,-0.239746,0.885742
1564164049112851,-0.0874023,-0.243652,0.88916
1564164049127814,-0.0883789,-0.239746,0.882324
1564164049150276,-0.0839844,-0.243164,0.872559
1564164049172753,-0.0800781,-0.253418,0.884766
1564164049187707,-0.0756836,-0.262695,0.885742
1564164049210164,-0.0795898,-0.256836,0.876465
1564164049232622,-0.0732422,-0.244629,0.871582
1564164049247096,-0.0727539,-0.240234,0.876465
1564164049270557,-0.0869141,-0.27002,0.892578
1564164049292509,-0.0742188,-0.272949,0.910156
1564164049306982,-0.0834961,-0.222168,0.908203
1564164049330439,-0.0981445,-0.20166,0.889648
1564164049352400,-0.090332,-0.221191,0.886719
1564164049366870,-0.0839844,-0.26123,0.896484
1564164049390327,-0.09375,-0.259277,0.893555
1564164049412793,-0.0708008,-0.231934,0.891113
1564164049427259,-0.0859375,-0.22168,0.872559
1564164049450216,-0.0805664,-0.220215,0.88916
1564164049473173,-0.0981445,-0.230957,0.864746
1564164049487148,-0.101074,-0.266113,0.865723
1564164049510106,-0.0673828,-0.275879,0.857422
1564164049532569,-0.0776367,-0.275879,0.883301
1564164049553583,-0.0761719,-0.215332,0.882813
1564164049570001,-0.0864258,-0.194336,0.90332
1564164049598939,-0.102539,-0.182129,0.898926
1564164049613926,-0.0493164,-0.196777,0.901855
1564164049630388,-0.111816,-0.250488,0.912109
1564164049652846,-0.0991211,-0.268555,0.909668
1564164049675304,-0.140625,-0.264648,0.885254
1564164049690271,-0.157715,-0.250488,0.844727
1564164049712727,-0.129883,-0.295898,0.862305
1564164049733722,-0.121582,-0.305176,0.877441
1564164049750158,-0.120605,-0.263672,0.883301
1564164049772624,-0.127441,-0.245605,0.875977
1564164049793614,-0.137207,-0.263184,0.877441
1564164049810055,-0.143555,-0.288574,0.869629
1564164049832514,-0.133789,-0.282227,0.87793
1564164049853974,-0.135742,-0.259766,0.87207
1564164049877920,-0.137207,-0.26709,0.888672
1564164049892892,-0.142578,-0.279297,0.874023
1564164049913857,-0.143066,-0.278809,0.874023
1564164049930329,-0.132813,-0.283203,0.881348
1564164049952782,-0.132324,-0.275879,0.882813
1564164049973748,-0.136719,-0.273438,0.873047
1564164049990212,-0.135742,-0.287598,0.865234
1564164050012670,-0.131836,-0.289063,0.872559
1564164050035131,-0.131836,-0.275391,0.878906
1564164050049605,-0.136719,-0.26416,0.872559
1564164050072563,-0.119629,-0.289063,0.883301
1564164050102512,-0.131348,-0.288086,0.874512
1564164050109998,-0.131348,-0.275879,0.868164
1564164050132449,-0.127441,-0.279785,0.882324
1564164050155406,-0.132324,-0.282227,0.880859
1564164050170877,-0.135254,-0.27832,0.875
1564164050192840,-0.125977,-0.273926,0.882324
1564164050215293,-0.121094,-0.279785,0.883301
1564164050229768,-0.125,-0.27832,0.879395
1564164050252725,-0.131836,-0.272949,0.886719
1564164050275188,-0.129395,-0.270996,0.884766
1564164050289657,-0.128418,-0.272461,0.875977
1564164050312620,-0.124512,-0.269531,0.871582
1564164050335075,-0.126465,-0.27832,0.875
1564164050349550,-0.125,-0.271973,0.878906
1564164050379988,-0.126953,-0.269043,0.872559
1564164050394965,-0.129395,-0.272461,0.878418
1564164050409432,-0.126465,-0.277344,0.881348
1564164050432391,-0.124512,-0.282227,0.876465
1564164050455348,-0.134277,-0.26416,0.876465
1564164050469322,-0.134277,-0.270996,0.869141
1564164050492778,-0.119141,-0.272949,0.884277
1564164050515237,-0.12793,-0.271484,0.879395
1564164050536200,-0.121582,-0.26416,0.884766
1564164050552666,-0.132324,-0.267578,0.872559
1564164050582613,-0.127441,-0.269531,0.876465
1564164050597083,-0.128418,-0.269531,0.882813
1564164050612554,-0.133789,-0.260254,0.875977
1564164050641042,-0.125,-0.254883,0.87207
1564164050657475,-0.118164,-0.275879,0.875977
1564164050672444,-0.125,-0.274414,0.881836
1564164050695402,-0.131348,-0.262207,0.874023
1564164050716366,-0.129395,-0.265625,0.866699
1564164050732832,-0.126465,-0.272949,0.881348
1564164050755291,-0.12793,-0.268066,0.87793
1564164050776252,-0.132324,-0.259277,0.870117
1564164050792720,-0.130859,-0.266602,0.882813
1564164050815179,-0.124512,-0.271484,0.876953
1564164050836147,-0.125488,-0.263672,0.875488
1564164050860096,-0.12793,-0.262207,0.875977
1564164050875068,-0.133301,-0.266113,0.879395
1564164050896028,-0.126465,-0.263184,0.87793
1564164050912496,-0.133301,-0.26416,0.87793
1564164050935454,-0.130859,-0.272461,0.879395
1564164050955916,-0.128418,-0.26123,0.875
1564164050972884,-0.128906,-0.261719,0.878418
1564164050995343,-0.125488,-0.262695,0.881348
1564164051017801,-0.130859,-0.26123,0.880859
1564164051032773,-0.132813,-0.265137,0.875977
1564164051055231,-0.132813,-0.26416,0.873047
1564164051077691,-0.131348,-0.26416,0.879883
1564164051092664,-0.125488,-0.270508,0.882324
1564164051115123,-0.130859,-0.263672,0.874023
1564164051137579,-0.131836,-0.248047,0.878418
1564164051152052,-0.130859,-0.262695,0.877441
1564164051175008,-0.128906,-0.27002,0.879395
1564164051197467,-0.127441,-0.26123,0.877441
1564164051212439,-0.135742,-0.257813,0.870605
1564164051234897,-0.125977,-0.263184,0.877441
1564164051240387,-0.122559,-0.268066,0.875488
1564164051265840,-0.124023,-0.268066,0.878906
1564164051279318,-0.129883,-0.261719,0.875488
1564164051300279,-0.12793,-0.270996,0.875
1564164051322733,-0.124512,-0.264648,0.874512
1564164051340700,-0.131836,-0.261719,0.875
1564164051360663,-0.122559,-0.292969,0.866699
1564164051383121,-0.0795898,-0.324219,0.904297
1564164051399629,-0.0869141,-0.242676,0.924805
1564164051420571,-0.132324,-0.189453,0.888672
1564164051443105,-0.123047,-0.241699,0.882324
1564164051461070,-0.10498,-0.264648,0.912109
1564164051496968,-0.130371,-0.263184,0.889648
1564164051502957,-0.110352,-0.268066,0.872559
1564164051519429,-0.0878906,-0.210938,0.875
1564164051543880,-0.146973,-0.199219,0.898926
1564164051562844,-0.188965,-0.173828,0.901367
1564164051579313,-0.218262,-0.22998,0.847656
1564164051600776,-0.147949,-0.257813,0.824707
1564164051623239,-0.0854492,-0.275879,0.853516
1564164051639202,-0.0605469,-0.292969,0.896973
1564164051660701,-0.108887,-0.263184,0.90625
1564164051683154,-0.111816,-0.206543,0.862305
1564164051699614,-0.0864258,-0.206543,0.86084
1564164051720614,-0.0996094,-0.275391,0.905273
1564164051743014,-0.118652,-0.289551,0.916992
1564164051766966,-0.138184,-0.250977,0.869141
1564164051780440,-0.134277,-0.228027,0.881836
1564164051803398,-0.121582,-0.218262,0.904785
1564164051819369,-0.131348,-0.218262,0.90332
1564164051840329,-0.125,-0.209961,0.871582
1564164051863286,-0.0991211,-0.227539,0.866699
1564164051879256,-0.101563,-0.267578,0.883789
1564164051902213,-0.108398,-0.254395,0.893555
1564164051923218,-0.119141,-0.221191,0.871094
1564164051941144,-0.117676,-0.228027,0.87207
1564164051960666,-0.116699,-0.24707,0.875488
1564164051983083,-0.104492,-0.258789,0.875488
1564164052001031,-0.114258,-0.245605,0.883789
1564164052021993,-0.124023,-0.237793,0.887695
1564164052042953,-0.123535,-0.233887,0.878418
1564164052060920,-0.10791,-0.242188,0.871582
1564164052080405,-0.112793,-0.256836,0.878418
1564164052102844,-0.121094,-0.250977,0.879883
1564164052120807,-0.120605,-0.240234,0.876953
1564164052140776,-0.115723,-0.239746,0.866699
1564164052158739,-0.101563,-0.266602,0.871094
1564164052181196,-0.0888672,-0.273926,0.881348
1564164052200694,-0.0913086,-0.265137,0.896973
1564164052218628,-0.0922852,-0.243164,0.896484
1564164052248572,-0.09375,-0.235352,0.899902
1564164052260582,-0.0878906,-0.246094,0.90332
1564164052278517,-0.0820313,-0.263184,0.913086
1564164052300974,-0.0742188,-0.248047,0.90918
1564164052323437,-0.0751953,-0.243164,0.904297
1564164052338405,-0.0683594,-0.244629,0.905273
1564164052360863,-0.0634766,-0.243652,0.903809
1564164052380358,-0.0561523,-0.254395,0.897461
1564164052398294,-0.0561523,-0.255371,0.883301
1564164052420754,-0.0498047,-0.263672,0.885254
1564164052440750,-0.0541992,-0.263184,0.879883
1564164052458682,-0.0561523,-0.249023,0.876465
1564164052480640,-0.0566406,-0.258301,0.873535
1564164052500664,-0.0634766,-0.258789,0.859375
1564164052526056,-0.0571289,-0.260742,0.844238
1564164052541028,-0.0449219,-0.27832,0.861816
1564164052561989,-0.0488281,-0.280762,0.878906
1564164052578459,-0.0541992,-0.254883,0.876465
1564164052601417,-0.0566406,-0.234375,0.868164
1564164052621878,-0.0541992,-0.24707,0.859863
1564164052638348,-0.0410156,-0.274902,0.87793
1564164052660806,-0.0458984,-0.286621,0.882324
1564164052681327,-0.0458984,-0.280273,0.883301
1564164052697737,-0.0458984,-0.272461,0.873047
1564164052720196,-0.0361328,-0.274414,0.867676
1564164052741191,-0.0327148,-0.291504,0.874512
1564164052757625,-0.0292969,-0.299805,0.879395
1564164052780083,-0.0292969,-0.301758,0.869629
1564164052801083,-0.0249023,-0.304199,0.87207
1564164052825000,-0.0249023,-0.297363,0.879883
1564164052839980,-0.0229492,-0.290039,0.888184
1564164052862431,-0.0297852,-0.29248,0.882324
1564164052877403,-0.0214844,-0.29834,0.890625
1564164052899860,-0.0258789,-0.297852,0.898926
1564164052928806,-0.0214844,-0.284668,0.899414
1564164052937789,-0.0234375,-0.274902,0.899414
1564164052960248,-0.0234375,-0.272461,0.891113
1564164052982706,-0.0195313,-0.275879,0.893555
1564164053003711,-0.015625,-0.287598,0.904297
1564164053020136,-0.0166016,-0.275391,0.899902
1564164053042594,-0.0239258,-0.271484,0.898438
1564164053057089,-0.0249023,-0.269043,0.897949
1564164053080100,-0.0185547,-0.276367,0.889648
1564164053102559,-0.0180664,-0.277344,0.896973
1564164053117031,-0.012207,-0.280762,0.888184
1564164053139993,-0.0170898,-0.274414,0.886719
1564164053162450,-0.0180664,-0.283691,0.885742
1564164053176923,-0.0126953,-0.281738,0.883789
1564164053199880,-0.0180664,-0.282715,0.883789
1564164053222340,-0.0209961,-0.280762,0.884766
1564164053237307,-0.0180664,-0.277344,0.884766
1564164053260287,-0.0244141,-0.274414,0.882324
1564164053283227,-0.0268555,-0.271973,0.878906
1564164053296697,-0.0302734,-0.270996,0.875488
1564164053320154,-0.0356445,-0.272949,0.873047
1564164053342615,-0.034668,-0.276367,0.878418
1564164053363594,-0.0385742,-0.276855,0.882813
1564164053380041,-0.0385742,-0.27832,0.876465
1564164053402505,-0.0361328,-0.276855,0.865234
1564164053431008,-0.0429688,-0.290527,0.875
1564164053439935,-0.0371094,-0.289551,0.878906
1564164053462390,-0.0400391,-0.275879,0.874512
1564164053483857,-0.0400391,-0.262695,0.879395
1564164053500319,-0.0375977,-0.268066,0.872559
1564164053522778,-0.03125,-0.278809,0.870117
1564164053543777,-0.0307617,-0.286133,0.874512
1564164053560706,-0.0375977,-0.277344,0.879883
1564164053582670,-0.0390625,-0.262695,0.876465
1564164053603669,-0.0405273,-0.263672,0.888672
1564164053620100,-0.043457,-0.266602,0.888672
1564164053642559,-0.0356445,-0.279297,0.883789
1564164053663556,-0.0253906,-0.282715,0.88623
1564164053679986,-0.0302734,-0.276367,0.883789
1564164053709929,-0.0283203,-0.268555,0.893555
1564164053723907,-0.0322266,-0.263184,0.884766
1564164053740373,-0.0332031,-0.265137,0.887695
1564164053763330,-0.0268555,-0.269531,0.887207
1564164053783792,-0.0249023,-0.266113,0.890625
1564164053800265,-0.0249023,-0.259766,0.878418
1564164053822720,-0.0297852,-0.258789,0.881348
1564164053845178,-0.0341797,-0.262207,0.882324
1564164053860171,-0.0253906,-0.263672,0.878418
1564164053882608,-0.0253906,-0.265625,0.880371
1564164053911077,-0.0263672,-0.270508,0.878906
1564164053920042,-0.0258789,-0.266113,0.878418
1564164053942500,-0.0273438,-0.271973,0.875977
1564164053964958,-0.0258789,-0.270996,0.878906
1564164053987418,-0.0229492,-0.266602,0.875
1564164054002386,-0.0234375,-0.274902,0.87793
1564164054025344,-0.0234375,-0.27832,0.885254
1564164054039321,-0.0229492,-0.281738,0.896484
1564164054062774,-0.0302734,-0.266602,0.879883
1564164054085231,-0.0297852,-0.261719,0.891113
1564164054099206,-0.0307617,-0.269043,0.88916
1564164054122684,-0.03125,-0.26709,0.885742
1564164054145121,-0.0307617,-0.26709,0.887207
1564164054159598,-0.0297852,-0.266602,0.893555
1564164054190037,-0.0297852,-0.263672,0.891113
1564164054205014,-0.0317383,-0.259277,0.884766
1564164054219483,-0.0268555,-0.270996,0.894043
1564164054242443,-0.0317383,-0.269043,0.895996
1564164054265397,-0.0322266,-0.267578,0.892578
1564164054279371,-0.0273438,-0.266113,0.889648
1564164054302334,-0.0307617,-0.269043,0.88623
1564164054325289,-0.027832,-0.263184,0.882813
1564164054346291,-0.0288086,-0.266113,0.882324
1564164054362715,-0.0322266,-0.263184,0.881348
1564164054385178,-0.0322266,-0.267578,0.885254
1564164054406176,-0.0288086,-0.266602,0.883301
1564164054422608,-0.0288086,-0.262695,0.888184
1564164054445065,-0.0322266,-0.262695,0.875977
1564164054466033,-0.0341797,-0.262695,0.883789
1564164054482494,-0.0268555,-0.269043,0.887695
1564164054504960,-0.0288086,-0.265625,0.880859
1564164054526428,-0.0317383,-0.272949,0.882813
1564164054542393,-0.0297852,-0.258301,0.886719
1564164054565341,-0.0297852,-0.254395,0.880859
1564164054586303,-0.0283203,-0.266113,0.876953
1564164054602772,-0.0283203,-0.270508,0.882813
1564164054625233,-0.0327148,-0.260742,0.878906
1564164054646231,-0.0322266,-0.255859,0.884277
1564164054670148,-0.0288086,-0.258789,0.879883
1564164054685118,-0.0307617,-0.263184,0.884277
1564164054706078,-0.0253906,-0.269531,0.88916
1564164054722553,-0.0341797,-0.26416,0.885742
1564164054745505,-0.03125,-0.256348,0.883789
1564164054767464,-0.0336914,-0.259766,0.883301
1564164054782437,-0.0341797,-0.258301,0.89209
1564164054804895,-0.0336914,-0.255859,0.884277
1564164054827354,-0.0302734,-0.255859,0.883789
1564164054842329,-0.0371094,-0.263184,0.878906
1564164054871271,-0.0361328,-0.26123,0.876465
1564164054887764,-0.0322266,-0.263672,0.878906
1564164054902735,-0.03125,-0.261719,0.878906
1564164054925179,-0.0249023,-0.264648,0.889648
1564164054947630,-0.03125,-0.268066,0.888672
1564164054962111,-0.0302734,-0.263672,0.883789
1564164054985062,-0.0297852,-0.262695,0.885254
1564164055007520,-0.0297852,-0.251953,0.885254
1564164055022004,-0.0268555,-0.258301,0.884766
1564164055044950,-0.03125,-0.259277,0.888672
1564164055067907,-0.0327148,-0.258301,0.893066
1564164055081882,-0.0307617,-0.251953,0.888672
1564164055105338,-0.0336914,-0.251953,0.880371
1564164055127797,-0.0317383,-0.256348,0.879883
1564164055150255,-0.0366211,-0.258301,0.883301
1564164055165227,-0.0297852,-0.266113,0.882813
1564164055187692,-0.0288086,-0.262695,0.881836
1564164055202158,-0.0292969,-0.261719,0.879395
1564164055225115,-0.0297852,-0.263184,0.881348
1564164055247573,-0.0297852,-0.262695,0.878906
1564164055268576,-0.0292969,-0.262207,0.87793
1564164055285003,-0.0297852,-0.266602,0.882813
1564164055307465,-0.0263672,-0.253906,0.885742
1564164055328445,-0.03125,-0.254883,0.885254
1564164055345392,-0.0292969,-0.262207,0.887695
1564164055374840,-0.0288086,-0.260254,0.886719
1564164055388834,-0.0302734,-0.254395,0.884766
1564164055405280,-0.0366211,-0.256348,0.882813
1564164055427738,-0.027832,-0.257813,0.881348
1564164055448739,-0.027832,-0.265625,0.891113
1564164055465167,-0.0307617,-0.258301,0.878906
1564164055487626,-0.0375977,-0.260742,0.893066
1564164055508629,-0.0307617,-0.258789,0.887695
1564164055525067,-0.0332031,-0.259766,0.883789
1564164055547524,-0.0327148,-0.266113,0.882813
1564164055576462,-0.0302734,-0.269531,0.878418
1564164055585450,-0.0361328,-0.26416,0.874512
1564164055607403,-0.0332031,-0.259766,0.882813
1564164055628864,-0.034668,-0.263184,0.883789
1564164055645333,-0.03125,-0.265137,0.884277
1564164055667791,-0.0302734,-0.26709,0.875488
1564164055688797,-0.0302734,-0.267578,0.890137
1564164055703772,-0.0283203,-0.266602,0.892578
1564164055712208,-0.0288086,-0.262695,0.888672
1564164055733169,-0.0239258,-0.261719,0.889648
1564164055755629,-0.0341797,-0.260742,0.89209
1564164055771099,-0.0307617,-0.262207,0.888672
1564164055793057,-0.0273438,-0.258301,0.886719
1564164055815517,-0.0317383,-0.254395,0.887207
1564164055830527,-0.0307617,-0.260742,0.887207
1564164055855976,-0.0317383,-0.260254,0.884277
1564164055875445,-0.03125,-0.263672,0.883789
1564164055890390,-0.03125,-0.263184,0.881836
1564164055912872,-0.0327148,-0.263672,0.879883
1564164055935294,-0.0317383,-0.267578,0.884277
1564164055950317,-0.0268555,-0.26416,0.880371
1564164055980738,-0.0332031,-0.261719,0.883301
1564164055995709,-0.0258789,-0.265625,0.887207
1564164056010656,-0.0273438,-0.256836,0.888184
1564164056033122,-0.027832,-0.250488,0.888184
1564164056055573,-0.0253906,-0.257813,0.879883
1564164056070575,-0.0253906,-0.25293,0.884277
1564164056093040,-0.0317383,-0.259766,0.890137
1564164056115459,-0.0341797,-0.255371,0.889648
1564164056130439,-0.0361328,-0.255859,0.887207
1564164056153409,-0.0317383,-0.257813,0.882324
1564164056170858,-0.0288086,-0.26709,0.883789
1564164056190359,-0.0268555,-0.269043,0.885742
1564164056213277,-0.0292969,-0.260742,0.879883
1564164056230746,-0.0371094,-0.255371,0.884277
1564164056250709,-0.0317383,-0.261719,0.880859
1564164056273175,-0.0283203,-0.263184,0.883789
1564164056290634,-0.03125,-0.266113,0.875488
1564164056312095,-0.0263672,-0.257324,0.87793
1564164056333054,-0.0273438,-0.255371,0.888184
1564164056351051,-0.027832,-0.251465,0.885254
1564164056371985,-0.0283203,-0.256348,0.884766
1564164056392983,-0.0283203,-0.262695,0.881348
1564164056411409,-0.0239258,-0.266113,0.890137
1564164056431872,-0.0239258,-0.263184,0.884766
1564164056452836,-0.0268555,-0.253418,0.889648
1564164056470799,-0.027832,-0.256348,0.887695
1564164056491762,-0.0327148,-0.254395,0.882324
1564164056513221,-0.0273438,-0.258301,0.887207
1564164056535678,-0.0268555,-0.255371,0.892578
1564164056551694,-0.0288086,-0.255859,0.886719
1564164056573152,-0.0332031,-0.250977,0.884766
1564164056591117,-0.0288086,-0.26123,0.890625
1564164056612080,-0.0273438,-0.26123,0.88916
1564164056633181,-0.0263672,-0.26123,0.882813
1564164056651087,-0.0239258,-0.262207,0.881836
1564164056687020,-0.0239258,-0.260742,0.882813
1564164056693010,-0.0263672,-0.260254,0.882324
1564164056710978,-0.0249023,-0.256836,0.887207
1564164056733436,-0.0258789,-0.262695,0.877441
1564164056760386,-0.0263672,-0.255371,0.87793
1564164056770865,-0.0239258,-0.263184,0.882813
1564164056793323,-0.0253906,-0.261719,0.877441
1564164056815782,-0.0288086,-0.261719,0.885742
1564164056830768,-0.0288086,-0.258789,0.878906
1564164056853213,-0.0249023,-0.255371,0.887207
1564164056873208,-0.0244141,-0.259766,0.88916
1564164056898627,-0.0263672,-0.262695,0.885742
1564164056913599,-0.0302734,-0.257813,0.88916
1564164056933064,-0.0288086,-0.253418,0.882324
1564164056951029,-0.03125,-0.256348,0.895508
1564164056973496,-0.0288086,-0.257324,0.884766
1564164056993012,-0.0283203,-0.258301,0.887207
1564164057010920,-0.0239258,-0.259277,0.885254
1564164057040864,-0.0244141,-0.257813,0.88623
1564164057052849,-0.0288086,-0.254395,0.883301
1564164057070808,-0.0244141,-0.260742,0.880371
1564164057093765,-0.0263672,-0.258789,0.883301
1564164057113729,-0.027832,-0.257324,0.884277
1564164057130196,-0.0268555,-0.253418,0.881348
1564164057152661,-0.0273438,-0.26123,0.883301
1564164057173617,-0.027832,-0.259277,0.880859
1564164057190089,-0.0263672,-0.254883,0.891113
1564164057213045,-0.0288086,-0.257324,0.880371
1564164057240996,-0.0258789,-0.26123,0.884277
1564164057249973,-0.027832,-0.256348,0.885742
1564164057272435,-0.0351563,-0.254395,0.888184
1564164057293392,-0.0302734,-0.254883,0.890137
1564164057317348,-0.0244141,-0.26123,0.886719
1564164057332818,-0.0229492,-0.259766,0.897949
1564164057353826,-0.0292969,-0.256836,0.88916
1564164057370748,-0.0229492,-0.253906,0.888184
1564164057392715,-0.0283203,-0.248535,0.883301
1564164057413726,-0.0239258,-0.254883,0.888672
1564164057430158,-0.0224609,-0.255859,0.879395
1564164057452600,-0.0288086,-0.251953,0.884277
1564164057473594,-0.034668,-0.25293,0.886719
1564164057490030,-0.0297852,-0.254883,0.879883
1564164057512487,-0.0283203,-0.257813,0.887207
1564164057533448,-0.0356445,-0.258301,0.881836
1564164057549917,-0.0332031,-0.257813,0.89209
1564164057572375,-0.0332031,-0.249512,0.891113
1564164057593835,-0.0371094,-0.251953,0.887695
1564164057610305,-0.0400391,-0.254883,0.899414
1564164057632763,-0.0439453,-0.240234,0.900391
1564164057655221,-0.0419922,-0.240234,0.896973
1564164057670194,-0.0488281,-0.244629,0.903809
1564164057692653,-0.0458984,-0.25293,0.90332
1564164057722599,-0.0664063,-0.241699,0.901367
1564164057730084,-0.0678711,-0.25293,0.899902
1564164057752541,-0.0698242,-0.258789,0.902832
1564164057774999,-0.0688477,-0.26123,0.899414
1564164057789473,-0.0615234,-0.259766,0.899902
1564164057812429,-0.0498047,-0.260254,0.905273
1564164057834920,-0.0395508,-0.256348,0.902344
1564164057849362,-0.0493164,-0.246094,0.884277
1564164057873317,-0.0405273,-0.254883,0.891602
1564164057895275,-0.0483398,-0.236328,0.899414
1564164057909264,-0.0605469,-0.233887,0.870605
1564164057932711,-0.0361328,-0.260742,0.860352
1564164057955164,-0.0424805,-0.28418,0.876953
1564164057969137,-0.0415039,-0.269043,0.877441
1564164057992593,-0.0302734,-0.233887,0.900879
1564164058015052,-0.0625,-0.188965,0.886719
1564164058036034,-0.0771484,-0.181152,0.884277
1564164058052485,-0.0561523,-0.222168,0.871094
1564164058074940,-0.0615234,-0.222656,0.862793
1564164058089417,-0.0454102,-0.225586,0.866211
1564164058112371,-0.0244141,-0.217773,0.898926
1564164058134829,-0.0219727,-0.221191,0.896484
1564164058156289,-0.0458984,-0.206543,0.902344
1564164058172759,-0.046875,-0.166504,0.915039
1564164058201250,-0.0629883,-0.160156,0.904297
1564164058216218,-0.0693359,-0.168457,0.908691
1564164058232648,-0.105957,-0.229492,0.909668
1564164058256631,-0.107422,-0.257813,0.881836
1564164058276128,-0.118164,-0.25,0.866211
1564164058292538,-0.0888672,-0.23291,0.870117
1564164058322483,-0.0800781,-0.239746,0.893555
1564164058335956,-0.0976563,-0.248535,0.895508
1564164058352926,-0.0996094,-0.25,0.882324
1564164058374916,-0.108398,-0.241699,0.893555
1564164058396343,-0.112793,-0.228516,0.882813
1564164058412813,-0.126465,-0.25,0.881348
1564164058435271,-0.118164,-0.239258,0.879883
1564164058456273,-0.120605,-0.224121,0.874512
1564164058480187,-0.124023,-0.228516,0.875
1564164058495161,-0.119141,-0.226563,0.879883
1564164058516121,-0.124512,-0.238281,0.876465
1564164058532592,-0.109863,-0.245117,0.888672
1564164058555049,-0.118652,-0.23291,0.875488
1564164058577508,-0.101074,-0.237793,0.889648
1564164058592486,-0.115234,-0.234375,0.882813
1564164058614939,-0.112793,-0.230957,0.881348
1564164058637402,-0.101074,-0.243652,0.88623
1564164058652867,-0.110352,-0.228516,0.88623
1564164058675326,-0.11377,-0.224609,0.882813
1564164058705270,-0.109863,-0.231445,0.879883
1564164058711766,-0.105957,-0.23584,0.886719
1564164058735214,-0.11377,-0.230957,0.890137
1564164058757673,-0.11377,-0.230957,0.880859
1564164058772145,-0.110352,-0.246582,0.884277
1564164058795107,-0.106934,-0.243652,0.887695
1564164058817561,-0.112305,-0.239746,0.893066
1564164058832555,-0.108887,-0.241211,0.883301
1564164058854995,-0.10791,-0.245117,0.890137
1564164058877449,-0.112793,-0.237305,0.885254
1564164058891942,-0.112793,-0.236816,0.891113
1564164058915381,-0.112305,-0.237305,0.885254
1564164058937838,-0.107422,-0.235352,0.887695
1564164058951812,-0.114258,-0.236816,0.889648
1564164058982753,-0.11084,-0.241699,0.891602
1564164058997726,-0.113281,-0.235352,0.893555
1564164059011700,-0.108398,-0.236328,0.882324
1564164059035171,-0.105957,-0.246094,0.891113
1564164059057624,-0.111328,-0.241211,0.891113
1564164059078613,-0.111816,-0.239258,0.888184
1564164059095061,-0.122559,-0.23584,0.882813
1564164059117505,-0.110352,-0.241699,0.888184
1564164059138969,-0.106445,-0.242188,0.883789
1564164059155434,-0.111816,-0.239746,0.890625
1564164059185378,-0.10791,-0.238281,0.884277
1564164059198852,-0.107422,-0.244629,0.887207
1564164059214823,-0.113281,-0.245605,0.888184
1564164059237780,-0.109863,-0.239746,0.882813
1564164059260238,-0.115234,-0.239258,0.876465
1564164059275243,-0.11084,-0.243652,0.888672
1564164059297670,-0.106934,-0.242188,0.881836
1564164059318666,-0.10791,-0.239746,0.890625
1564164059335102,-0.112305,-0.233398,0.887695
1564164059357558,-0.112305,-0.238281,0.886719
1564164059378525,-0.111816,-0.234375,0.888672
1564164059394989,-0.109375,-0.239746,0.887695
1564164059417447,-0.116699,-0.237305,0.884277
1564164059438408,-0.10791,-0.229004,0.88623
1564164059454880,-0.108398,-0.23877,0.88916
1564164059477334,-0.105469,-0.246094,0.885742
1564164059498801,-0.10498,-0.237305,0.879395
1564164059515265,-0.109863,-0.242188,0.886719
1564164059538222,-0.114746,-0.235352,0.873047
1564164059560181,-0.0991211,-0.243652,0.879395
1564164059575153,-0.0717773,-0.259277,0.907715
1564164059597612,-0.0698242,-0.266113,0.930664
1564164059620072,-0.0927734,-0.233887,0.880859
1564164059635051,-0.0874023,-0.213867,0.894531
1564164059657534,-0.0576172,-0.165039,0.936035
1564164059679959,-0.158691,-0.159668,0.894531
1564164059694433,-0.148926,-0.188965,0.897461
1564164059718904,-0.125488,-0.238281,0.871582
1564164059740347,-0.114746,-0.25293,0.894043
1564164059755319,-0.111816,-0.223145,0.864746
1564164059777777,-0.126953,-0.195313,0.88623
1564164059800235,-0.132813,-0.210938,0.890137
1564164059821197,-0.119141,-0.212402,0.865234
1564164059837666,-0.101074,-0.226074,0.859375
1564164059866113,-0.0751953,-0.251953,0.913086
1564164059874597,-0.0878906,-0.249512,0.914063
1564164059897555,-0.105957,-0.210449,0.900391
1564164059920014,-0.136719,-0.153809,0.880859
1564164059941005,-0.129395,-0.164063,0.862793
1564164059957476,-0.111328,-0.179199,0.864746
1564164059979908,-0.113281,-0.22168,0.87793
1564164060001361,-0.0991211,-0.217773,0.865723
1564164060017831,-0.101074,-0.192383,0.87207
1564164060039789,-0.0947266,-0.214355,0.896484
1564164060061248,-0.090332,-0.211426,0.897949
1564164060077737,-0.0996094,-0.191895,0.901855
1564164060100196,-0.103027,-0.185547,0.898926
1564164060121157,-0.11377,-0.204102,0.886719
1564164060128123,-0.0932617,-0.231934,0.89502
1564164060143096,-0.0864258,-0.252441,0.902344
1564164060173078,-0.0883789,-0.229492,0.908203
1564164060196556,-0.097168,-0.200684,0.903809
1564164060203022,-0.109863,-0.196777,0.892578
1564164060225463,-0.0976563,-0.226074,0.894531
1564164060243430,-0.102539,-0.240234,0.899414
1564164060262913,-0.0991211,-0.221191,0.887695
1564164060292823,-0.10498,-0.213379,0.891602
1564164060303302,-0.101074,-0.215332,0.888184
1564164060323267,-0.0942383,-0.222656,0.888672
1564164060345729,-0.0942383,-0.238281,0.88916
1564164060369678,-0.0942383,-0.22998,0.893066
1564164060383151,-0.0986328,-0.209961,0.890137
1564164060405649,-0.0922852,-0.214355,0.878906
1564164060424082,-0.0893555,-0.241211,0.888672
1564164060443041,-0.0874023,-0.242676,0.898438
1564164060465499,-0.100586,-0.22168,0.898926
1564164060483466,-0.108398,-0.202637,0.884277
1564164060506423,-0.0947266,-0.219238,0.890137
1564164060525409,-0.0859375,-0.242676,0.894043
1564164060543356,-0.0869141,-0.239258,0.897461
1564164060570322,-0.0947266,-0.224609,0.890625
1564164060585294,-0.0961914,-0.217773,0.888672
1564164060603261,-0.0908203,-0.222168,0.888672
1564164060623215,-0.0898438,-0.229492,0.888672
1564164060648658,-0.081543,-0.237793,0.885254
1564164060663130,-0.0893555,-0.231934,0.895508
1564164060683095,-0.0947266,-0.219238,0.890625
1564164060705552,-0.102539,-0.21582,0.885742
1564164060724036,-0.0976563,-0.233398,0.892578
1564164060743001,-0.0922852,-0.237793,0.891113
1564164060765440,-0.0908203,-0.232422,0.885742
1564164060783409,-0.0878906,-0.231445,0.892578
1564164060802890,-0.0888672,-0.22168,0.887695
1564164060825348,-0.090332,-0.231445,0.891113
1564164060850783,-0.0864258,-0.237305,0.883301
1564164060862762,-0.0859375,-0.239258,0.880371
1564164060885237,-0.0888672,-0.234863,0.884766
1564164060903190,-0.0947266,-0.226563,0.888672
1564164060925643,-0.0917969,-0.223633,0.885742
1564164060945625,-0.0913086,-0.228027,0.881348
1564164060963571,-0.0830078,-0.240723,0.887695
1564164060983055,-0.0849609,-0.243164,0.895508
1564164061005494,-0.0869141,-0.229004,0.891602
1564164061023480,-0.0883789,-0.229004,0.89209
1564164061044422,-0.0893555,-0.231934,0.887695
1564164061065382,-0.0854492,-0.227539,0.885254
1564164061083350,-0.0893555,-0.232422,0.889648
1564164061104330,-0.0917969,-0.21875,0.871582
1564164061125290,-0.0854492,-0.238281,0.875977
1564164061143257,-0.0810547,-0.271973,0.868652
1564164061164199,-0.0712891,-0.278809,0.878906
1564164061185179,-0.0620117,-0.26123,0.894531
1564164061203629,-0.074707,-0.234375,0.894043
1564164061224586,-0.0761719,-0.228516,0.913574
1564164061253034,-0.0791016,-0.207031,0.918457
1564164061263514,-0.0708008,-0.185547,0.911621
1564164061284479,-0.0717773,-0.216309,0.929199
1564164061305455,-0.0961914,-0.234375,0.907715
1564164061323407,-0.0947266,-0.252441,0.853027
1564164061344368,-0.0693359,-0.281738,0.871582
1564164061365325,-0.0825195,-0.266113,0.89502
1564164061383311,-0.0996094,-0.221191,0.891113
1564164061413237,-0.10791,-0.163086,0.849609
1564164061425213,-0.0913086,-0.193848,0.866699
1564164061443181,-0.0957031,-0.229004,0.880859
1564164061465640,-0.0854492,-0.245605,0.892578
1564164061485601,-0.102051,-0.224609,0.885254
1564164061503568,-0.0893555,-0.196289,0.873535
1564164061532035,-0.0649414,-0.236328,0.88916
1564164061546009,-0.0668945,-0.256836,0.905273
1564164061562462,-0.0869141,-0.229004,0.89209
1564164061584918,-0.0844727,-0.189453,0.89502
1564164061606378,-0.0942383,-0.226074,0.912109
1564164061622348,-0.0927734,-0.239746,0.899902
1564164061644806,-0.101074,-0.246094,0.88916
1564164061659279,-0.0966797,-0.242188,0.899902
1564164061683234,-0.101074,-0.224609,0.90918
1564164061712681,-0.118652,-0.180664,0.893066
1564164061719168,-0.119629,-0.189941,0.875488
1564164061742624,-0.0957031,-0.252441,0.878418
1564164061765086,-0.0708008,-0.31543,0.893066
1564164061786063,-0.0898438,-0.291016,0.886719
1564164061808502,-0.105469,-0.241211,0.873535
1564164061824972,-0.103027,-0.253906,0.87793
1564164061839451,-0.0961914,-0.282227,0.886719
1564164061862402,-0.0947266,-0.275391,0.876953
1564164061885362,-0.101074,-0.26123,0.888184
1564164061906320,-0.10791,-0.257813,0.892578
1564164061922290,-0.102539,-0.268555,0.88916
1564164061945247,-0.104004,-0.26709,0.886719
1564164061966227,-0.0981445,-0.268066,0.88623
1564164061982680,-0.0927734,-0.26709,0.883301
1564164062005140,-0.0986328,-0.26416,0.883301
1564164062026099,-0.109375,-0.258301,0.884277
1564164062042566,-0.102539,-0.26123,0.879395
1564164062065026,-0.107422,-0.262695,0.878418
1564164062085989,-0.104492,-0.260742,0.882813
1564164062102456,-0.103027,-0.260742,0.880371
1564164062124914,-0.0986328,-0.256348,0.890137
1564164062145875,-0.102539,-0.261719,0.889648
1564164062162346,-0.0966797,-0.257813,0.882813
1564164062185301,-0.102051,-0.26416,0.89209
1564164062206262,-0.102051,-0.251953,0.881836
1564164062222731,-0.0976563,-0.256836,0.880859
1564164062245191,-0.0991211,-0.257324,0.882813
1564164062266155,-0.102051,-0.251465,0.878418
1564164062282621,-0.09375,-0.257813,0.888672
1564164062312565,-0.0966797,-0.259277,0.883789
1564164062326059,-0.105469,-0.257813,0.879883
1564164062342509,-0.103516,-0.259766,0.879395
1564164062364987,-0.102051,-0.260742,0.876953
1564164062387426,-0.097168,-0.256836,0.889648
1564164062402401,-0.100098,-0.24707,0.879395
1564164062424857,-0.100586,-0.256348,0.881836
1564164062447315,-0.102051,-0.263184,0.888184
1564164062462286,-0.101074,-0.255371,0.88623
1564164062485244,-0.105957,-0.243652,0.885742
1564164062507206,-0.109375,-0.246094,0.880859
1564164062521679,-0.102539,-0.247559,0.883789
1564164062545133,-0.102539,-0.257324,0.892578
1564164062567610,-0.102051,-0.243652,0.886719
1564164062588571,-0.107422,-0.249023,0.88916
1564164062605041,-0.10791,-0.248047,0.888672
1564164062627483,-0.103516,-0.249023,0.884277
1564164062641953,-0.102539,-0.255859,0.890625
1564164062664911,-0.106445,-0.250488,0.886719
1564164062687369,-0.105957,-0.256348,0.870117
1564164062701842,-0.0966797,-0.258789,0.890137
1564164062724799,-0.103027,-0.247559,0.885254
1564164062747257,-0.105957,-0.243652,0.878418
1564164062761731,-0.112305,-0.247559,0.873535
1564164062792693,-0.111328,-0.246094,0.879395
1564164062807664,-0.107422,-0.252441,0.875977
1564164062821619,-0.10498,-0.245117,0.878906
1564164062845076,-0.0986328,-0.25,0.884766
1564164062875519,-0.108398,-0.250977,0.886719
1564164062888514,-0.104004,-0.25293,0.87793
1564164062904967,-0.09375,-0.283203,0.895996
1564164062927423,-0.0859375,-0.269043,0.901367
1564164062948882,-0.0913086,-0.250488,0.897461
1564164062964853,-0.097168,-0.266602,0.88916
1564164062994797,-0.0703125,-0.25293,0.879395
1564164063008771,-0.074707,-0.216309,0.916504
1564164063025240,-0.129395,-0.171875,0.908203
1564164063047702,-0.120605,-0.172363,0.908691
1564164063070160,-0.149902,-0.202637,0.854004
1564164063084134,-0.121094,-0.223145,0.868164
1564164063107607,-0.12207,-0.234375,0.894531
1564164063128548,-0.119629,-0.244629,0.880371
1564164063145520,-0.0991211,-0.239258,0.859375
1564164063167480,-0.0927734,-0.231445,0.86377
1564164063195942,-0.0678711,-0.263184,0.885742
1564164063204907,-0.078125,-0.264648,0.907227
1564164063227365,-0.101563,-0.251465,0.883301
1564164063251321,-0.119141,-0.226074,0.885254
1564164063272282,-0.117676,-0.206543,0.891602
1564164063287752,-0.111328,-0.217773,0.883789
1564164063310214,-0.11084,-0.219727,0.893066
1564164063325184,-0.109863,-0.212891,0.880859
1564164063348160,-0.110352,-0.225586,0.874512
1564164063370100,-0.090332,-0.21582,0.882324
1564164063385072,-0.0830078,-0.209473,0.878906
1564164063407550,-0.0878906,-0.239746,0.916992
1564164063429988,-0.101074,-0.241699,0.910156
1564164063444461,-0.102539,-0.212891,0.885254
1564164063473427,-0.107422,-0.209961,0.891113
1564164063489877,-0.104492,-0.217773,0.89209
1564164063504354,-0.100586,-0.239746,0.887207
1564164063527307,-0.0917969,-0.246094,0.87207
1564164063550265,-0.0864258,-0.252441,0.882813
1564164063564242,-0.0917969,-0.231934,0.895508
1564164063587694,-0.100586,-0.202637,0.890625
1564164063610157,-0.0947266,-0.23291,0.891113
1564164063624627,-0.09375,-0.253418,0.90332
1564164063647603,-0.103516,-0.231934,0.883301
1564164063670046,-0.0961914,-0.224609,0.878418
1564164063684516,-0.0908203,-0.240234,0.895996
1564164063707493,-0.103027,-0.237305,0.891113
1564164063729932,-0.107422,-0.239258,0.882813
1564164063744408,-0.0961914,-0.23291,0.890137
1564164063767361,-0.0986328,-0.240723,0.897949
1564164063789820,-0.0927734,-0.23291,0.893555
1564164063811279,-0.0981445,-0.243164,0.890137
1564164063827749,-0.0927734,-0.241699,0.891113
1564164063850208,-0.0942383,-0.251465,0.904297
1564164063871188,-0.105469,-0.22998,0.885254
1564164063887641,-0.0986328,-0.220215,0.875
1564164063910096,-0.0893555,-0.245605,0.882813
1564164063931058,-0.09375,-0.248047,0.892578
1564164063947530,-0.103027,-0.237793,0.88623
1564164063977471,-0.0947266,-0.234863,0.884277
1564164063990965,-0.0952148,-0.237305,0.893066
1564164064007416,-0.0976563,-0.239746,0.88623
1564164064029873,-0.0888672,-0.245117,0.890625
1564164064051334,-0.0922852,-0.246582,0.890137
1564164064067803,-0.0932617,-0.24707,0.88916
1564164064090264,-0.0976563,-0.246094,0.897461
1564164064111222,-0.0942383,-0.242188,0.888672
1564164064129189,-0.0976563,-0.236816,0.892578
1564164064150152,-0.0996094,-0.239258,0.884277
1564164064170632,-0.0961914,-0.240234,0.875977
1564164064189097,-0.0961914,-0.251465,0.883301
1564164064210039,-0.0927734,-0.242676,0.891113
1564164064232497,-0.0986328,-0.231934,0.879395
1564164064247468,-0.0976563,-0.245117,0.884277
1564164064269930,-0.0908203,-0.248535,0.886719
1564164064292386,-0.0908203,-0.259277,0.887695
1564164064307857,-0.0957031,-0.252441,0.892578
1564164064329816,-0.102539,-0.225098,0.870605
1564164064352773,-0.0947266,-0.230957,0.866699
1564164064367745,-0.0805664,-0.271484,0.887695
1564164064390224,-0.0849609,-0.274414,0.897949
1564164064412664,-0.100586,-0.242188,0.894531
1564164064426637,-0.105469,-0.218262,0.887695
1564164064456101,-0.100586,-0.23291,0.883301
1564164064472551,-0.0869141,-0.263184,0.894043
1564164064487045,-0.0913086,-0.257813,0.898438
1564164064509984,-0.103027,-0.234375,0.89209
1564164064532939,-0.103516,-0.216797,0.884277
1564164064546914,-0.0986328,-0.239746,0.891602
1564164064569873,-0.0874023,-0.262695,0.895508
1564164064575360,-0.0893555,-0.258789,0.89502
1564164064597837,-0.102539,-0.237305,0.880371
1564164064614288,-0.09375,-0.241699,0.876465
1564164064635248,-0.0888672,-0.246582,0.875977
1564164064657726,-0.0864258,-0.261719,0.888672
1564164064674176,-0.0932617,-0.262695,0.891113
1564164064695635,-0.097168,-0.248047,0.885254
1564164064718094,-0.0898438,-0.245605,0.882813
1564164064736560,-0.0888672,-0.249512,0.880371
1564164064755545,-0.0805664,-0.256348,0.888184
1564164064777987,-0.0844727,-0.258301,0.887695
1564164064794453,-0.081543,-0.250977,0.896973
1564164064815417,-0.0893555,-0.246094,0.892578
1564164064837891,-0.0869141,-0.240234,0.885254
1564164064854342,-0.0893555,-0.252441,0.89209
1564164064875303,-0.0859375,-0.269531,0.899902
1564164064897761,-0.0913086,-0.248047,0.893066
1564164064914230,-0.0986328,-0.23584,0.884277
1564164064938186,-0.0976563,-0.245605,0.882813
1564164064957650,-0.0908203,-0.260742,0.890625
1564164064974119,-0.0991211,-0.260742,0.883301
1564164064995578,-0.105469,-0.262695,0.884766
1564164065018036,-0.106934,-0.248535,0.875
1564164065034507,-0.109863,-0.252441,0.870117
1564164065055487,-0.108398,-0.251465,0.874512
1564164065086909,-0.11377,-0.251465,0.879395
1564164065094396,-0.124512,-0.25,0.869629
1564164065115356,-0.118164,-0.260742,0.890625
1564164065140812,-0.114746,-0.248047,0.904785
1564164065154284,-0.125488,-0.227539,0.904785
1564164065175245,-0.129883,-0.214844,0.920898
1564164065197723,-0.147461,-0.198242,0.888184
1564164065216169,-0.134277,-0.228516,0.855469
1564164065235632,-0.111328,-0.275391,0.869629
1564164065258091,-0.0761719,-0.297852,0.865234
1564164065276057,-0.0766602,-0.259277,0.871094
1564164065295521,-0.101074,-0.23877,0.881836
1564164065317999,-0.103027,-0.203613,0.874023
1564164065335967,-0.117676,-0.223145,0.89502
1564164065362916,-0.103027,-0.256836,0.89209
1564164065377888,-0.118164,-0.257813,0.880371
1564164065395835,-0.119629,-0.224121,0.894531
1564164065418294,-0.106934,-0.211914,0.923828
1564164065437776,-0.112793,-0.20459,0.912109
1564164065455724,-0.117676,-0.22998,0.90918
1564164065475191,-0.123535,-0.261719,0.898926
1564164065498144,-0.141602,-0.249512,0.895508
1564164065516112,-0.141113,-0.249023,0.876465
1564164065535583,-0.144531,-0.257324,0.861328
1564164065558034,-0.135742,-0.26123,0.860352
1564164065576000,-0.136719,-0.27002,0.864746
1564164065595483,-0.151367,-0.25,0.861328
1564164065613451,-0.149902,-0.258301,0.85791
1564164065643394,-0.149902,-0.255859,0.869629
1564164065655372,-0.151855,-0.256348,0.87793
1564164065673339,-0.15625,-0.252441,0.874512
1564164065695797,-0.162598,-0.25,0.865723
1564164065716742,-0.152832,-0.26416,0.873047
1564164065733208,-0.152344,-0.260742,0.879883
1564164065755667,-0.147949,-0.252441,0.872559
1564164065775629,-0.148438,-0.250488,0.875977
1564164065793098,-0.147949,-0.269531,0.880859
1564164065816054,-0.154785,-0.259277,0.886719
1564164065844501,-0.155273,-0.255859,0.879883
1564164065853504,-0.150879,-0.256348,0.875977
1564164065875943,-0.147949,-0.263672,0.87793
1564164065896904,-0.148926,-0.255371,0.875977
1564164065920879,-0.150391,-0.25293,0.875977
1564164065935832,-0.151367,-0.253906,0.874512
1564164065956796,-0.151367,-0.261719,0.878418
1564164065973762,-0.153809,-0.263672,0.879395
1564164065995721,-0.147461,-0.263672,0.871094
1564164066016186,-0.148438,-0.262207,0.874023
1564164066032653,-0.150391,-0.257813,0.879883
1564164066055111,-0.148438,-0.250977,0.877441
1564164066076091,-0.146484,-0.259277,0.881836
1564164066092544,-0.145996,-0.262695,0.882324
1564164066122485,-0.150391,-0.255371,0.879395
1564164066137460,-0.149902,-0.250488,0.873535
1564164066152430,-0.146484,-0.252441,0.874023
1564164066174891,-0.151367,-0.254395,0.883789
1564164066197845,-0.149414,-0.250977,0.873535
1564164066212322,-0.152344,-0.251465,0.879395
1564164066235278,-0.146484,-0.245117,0.875977
1564164066257734,-0.151855,-0.25,0.882813
1564164066272705,-0.142578,-0.254395,0.876953
1564164066295166,-0.149414,-0.252441,0.874512
1564164066325128,-0.140137,-0.257324,0.884277
1564164066331596,-0.140625,-0.251465,0.882813
1564164066355056,-0.144043,-0.253906,0.878418
1564164066377514,-0.145996,-0.268066,0.871094
1564164066398475,-0.137695,-0.260254,0.880371
1564164066414942,-0.138672,-0.242188,0.88916
1564164066437401,-0.153809,-0.239746,0.874512
1564164066451874,-0.151367,-0.259277,0.87793
1564164066474830,-0.141602,-0.257813,0.876465
1564164066497787,-0.137207,-0.259277,0.884766
1564164066511762,-0.148438,-0.242676,0.888672
1564164066535217,-0.149902,-0.245117,0.880371
1564164066557676,-0.144531,-0.243164,0.874023
1564164066571652,-0.14209,-0.255371,0.877441
1564164066595107,-0.142578,-0.247559,0.87793
1564164066617584,-0.145508,-0.246582,0.881348
1564164066638529,-0.150391,-0.250488,0.877441
1564164066654995,-0.147461,-0.250488,0.873535
1564164066677453,-0.144043,-0.253418,0.882324
1564164066698418,-0.145996,-0.246582,0.883301
1564164066714884,-0.148438,-0.251953,0.891602
1564164066737342,-0.149414,-0.245605,0.875
1564164066758805,-0.140137,-0.255371,0.880859
1564164066774773,-0.142578,-0.251953,0.885254
1564164066797231,-0.146973,-0.239746,0.88916
1564164066818708,-0.143066,-0.246094,0.885254
1564164066835161,-0.143555,-0.243652,0.879395
1564164066859116,-0.14502,-0.249023,0.87793
1564164066878599,-0.144043,-0.243652,0.874023
1564164066895049,-0.14502,-0.248047,0.879883
1564164066917508,-0.129883,-0.246094,0.885742
1564164066938488,-0.126465,-0.259277,0.882324
1564164066955440,-0.116699,-0.257324,0.90332
1564164066977402,-0.120605,-0.268555,0.92627
1564164066998859,-0.15332,-0.233887,0.856934
1564164067014826,-0.121582,-0.20166,0.927734
1564164067037285,-0.208008,-0.173828,0.866699
1564164067058744,-0.213379,-0.145508,0.818359
1564164067074216,-0.128418,-0.23291,0.864746
1564164067099169,-0.131348,-0.275879,0.862305
1564164067120134,-0.125977,-0.274902,0.86084
1564164067141094,-0.128418,-0.265137,0.884277
1564164067157562,-0.14209,-0.275879,0.879395
1564164067180020,-0.158691,-0.251465,0.888672
1564164067194992,-0.163086,-0.239746,0.88623
1564164067217453,-0.143555,-0.216309,0.874023
1564164067239909,-0.100586,-0.229492,0.900391
1564164067260889,-0.120117,-0.26709,0.915039
1564164067277339,-0.157227,-0.233398,0.88916
1564164067307283,-0.149414,-0.191895,0.884766
1564164067314270,-0.163574,-0.19873,0.859375
1564164067337726,-0.130371,-0.225586,0.867676
1564164067360188,-0.121094,-0.251465,0.884766
1564164067374158,-0.118164,-0.251953,0.892578
1564164067397615,-0.136719,-0.23584,0.885742
1564164067420077,-0.138184,-0.209473,0.879395
1564164067434546,-0.133789,-0.208008,0.877441
1564164067457504,-0.12207,-0.22998,0.87793
1564164067479965,-0.125488,-0.249023,0.884277
1564164067494435,-0.126465,-0.250977,0.873047
1564164067517392,-0.124512,-0.249023,0.874023
1564164067539851,-0.123535,-0.23877,0.882324
1564164067554327,-0.125,-0.231445,0.875977
1564164067584768,-0.126953,-0.240234,0.873535
1564164067600238,-0.12207,-0.258301,0.876953
1564164067621219,-0.118652,-0.266113,0.886719
1564164067637668,-0.125488,-0.250488,0.887207
1564164067661624,-0.135254,-0.231445,0.887207
1564164067681089,-0.130859,-0.226563,0.881348
1564164067697558,-0.125977,-0.245605,0.88623
1564164067720016,-0.118652,-0.254395,0.895508
1564164067740980,-0.118652,-0.254883,0.894043
1564164067757446,-0.126465,-0.242676,0.893066
1564164067779905,-0.130859,-0.233398,0.883789
1564164067800885,-0.118652,-0.251953,0.882813
1564164067817340,-0.114746,-0.26709,0.888184
1564164067839794,-0.120605,-0.250488,0.883301
1564164067862751,-0.133789,-0.249023,0.880371
1564164067877723,-0.125,-0.257324,0.873047
1564164067900182,-0.114258,-0.246582,0.869141
1564164067921145,-0.106934,-0.258301,0.88623
1564164067937613,-0.12207,-0.250977,0.882324
1564164067960073,-0.12793,-0.249023,0.882813
1564164067981050,-0.123047,-0.239746,0.881348
1564164067997500,-0.121094,-0.245605,0.884766
1564164068019962,-0.12207,-0.255371,0.890625
1564164068042417,-0.121094,-0.248047,0.878906
1564164068063377,-0.119629,-0.243164,0.884766
1564164068079851,-0.122559,-0.242188,0.887207
1564164068102307,-0.122559,-0.246582,0.873535
1564164068117278,-0.118164,-0.260254,0.887207
1564164068140236,-0.114258,-0.255371,0.878906
1564164068162693,-0.121094,-0.254883,0.88623
1564164068177683,-0.126465,-0.245117,0.883301
1564164068200124,-0.126953,-0.249512,0.884766
1564164068222582,-0.125488,-0.258789,0.88623
1564164068237057,-0.124023,-0.248047,0.889648
1564164068267499,-0.120605,-0.243164,0.879883
1564164068282471,-0.116699,-0.251465,0.886719
1564164068296944,-0.120605,-0.259277,0.884277
1564164068319905,-0.121582,-0.254395,0.885254
1564164068342862,-0.124023,-0.25,0.880859
1564164068356836,-0.116211,-0.248535,0.881348
1564164068379790,-0.113281,-0.250488,0.887207
1564164068402248,-0.119141,-0.254883,0.888184
1564164068423708,-0.114746,-0.25293,0.879395
1564164068440178,-0.11377,-0.251953,0.884766
1564164068470122,-0.113281,-0.257813,0.876465
1564164068476610,-0.111816,-0.250488,0.879883
1564164068500067,-0.12207,-0.243164,0.871582
1564164068522525,-0.105469,-0.245605,0.880371
1564164068543505,-0.107422,-0.251953,0.876465
1564164068559955,-0.114258,-0.258301,0.881836
1564164068582417,-0.118652,-0.248535,0.883789
1564164068603374,-0.115234,-0.238281,0.880859
1564164068619847,-0.115234,-0.237305,0.883789
1564164068642302,-0.112305,-0.250488,0.882324
1564164068663761,-0.111816,-0.252441,0.883301
1564164068680231,-0.10791,-0.247559,0.88916
1564164068702689,-0.112793,-0.23877,0.885742
1564164068723651,-0.116211,-0.242676,0.882324
1564164068740140,-0.110352,-0.248535,0.890137
1564164068762581,-0.107422,-0.249023,0.885254
1564164068783559,-0.108887,-0.250488,0.882813
1564164068800012,-0.101563,-0.248047,0.884766
1564164068822471,-0.10791,-0.255859,0.886719
1564164068843448,-0.103027,-0.251465,0.887695
1564164068859901,-0.100098,-0.259277,0.878906
1564164068882356,-0.090332,-0.272461,0.888672
1564164068903321,-0.0908203,-0.256836,0.883301
1564164068919789,-0.0957031,-0.262207,0.905762
1564164068942744,-0.0878906,-0.258789,0.929199
1564164068963208,-0.0698242,-0.238281,0.907715
1564164068980177,-0.0991211,-0.268066,0.895996
1564164069002636,-0.117676,-0.269531,0.901367
1564164069025093,-0.111816,-0.251465,0.873535
1564164069030580,-0.11084,-0.236328,0.865234
1564164069045552,-0.109375,-0.259766,0.876953
1564164069068031,-0.117676,-0.268066,0.878906
1564164069090469,-0.120117,-0.269531,0.864258
1564164069105442,-0.141602,-0.234863,0.851074
1564164069127919,-0.128906,-0.238281,0.858398
1564164069150377,-0.117676,-0.236328,0.876953
1564164069172816,-0.141602,-0.245117,0.874512
1564164069187789,-0.154785,-0.240234,0.86377
1564164069210250,-0.163574,-0.248535,0.873535
1564164069225238,-0.145996,-0.226074,0.867676
1564164069250675,-0.146973,-0.257813,0.887695
1564164069270135,-0.142578,-0.228516,0.883301
1564164069285606,-0.156738,-0.244141,0.893555
1564164069308064,-0.167969,-0.237793,0.886719
1564164069330523,-0.174805,-0.25293,0.88623
1564164069345496,-0.192871,-0.262207,0.879883
1564164069367956,-0.188965,-0.259766,0.862793
1564164069390412,-0.192871,-0.249023,0.864746
1564164069405403,-0.192383,-0.248047,0.862305
1564164069427862,-0.182129,-0.236328,0.866699
1564164069450320,-0.193359,-0.231445,0.875488
1564164069465276,-0.191406,-0.237305,0.883789
1564164069487733,-0.184082,-0.245117,0.881836
1564164069510208,-0.182129,-0.259277,0.876953
1564164069528156,-0.172852,-0.250488,0.886719
1564164069548119,-0.171387,-0.255371,0.884766
1564164069570576,-0.176758,-0.260742,0.873047
1564164069587046,-0.174805,-0.272461,0.873047
1564164069608009,-0.174805,-0.260254,0.865723
1564164069630465,-0.175293,-0.259277,0.879883
1564164069652927,-0.174316,-0.25293,0.875
1564164069667915,-0.181641,-0.254883,0.873047
1564164069685866,-0.175781,-0.253418,0.867676
1564164069706825,-0.18457,-0.254395,0.873535
1564164069730799,-0.173828,-0.25,0.879883
1564164069745752,-0.180176,-0.255859,0.873535
1564164069766715,-0.175293,-0.255371,0.874023
1564164069787693,-0.17627,-0.255371,0.873047
1564164069805640,-0.181152,-0.257813,0.87793
1564164069826601,-0.177734,-0.251465,0.874512
1564164069855547,-0.177246,-0.246094,0.870605
1564164069866028,-0.173828,-0.257813,0.879883
1564164069887009,-0.176758,-0.255371,0.879883
1564164069907969,-0.181152,-0.249023,0.869629
1564164069926420,-0.178223,-0.250488,0.873535
1564164069948376,-0.178711,-0.255371,0.87793
1564164069967838,-0.178223,-0.254395,0.877441
1564164069985809,-0.180176,-0.253418,0.875977
1564164070008264,-0.183105,-0.248535,0.868652
1564164070027727,-0.176758,-0.253418,0.873047
1564164070045694,-0.17627,-0.255859,0.871582
1564164070068173,-0.174805,-0.250977,0.875977
1564164070088114,-0.183105,-0.253906,0.87207
1564164070105583,-0.187988,-0.251465,0.865234
1564164070135530,-0.183105,-0.250977,0.873535
1564164070148005,-0.182617,-0.250488,0.879883
1564164070165472,-0.183105,-0.247559,0.868652
1564164070188432,-0.186523,-0.250977,0.871582
1564164070209395,-0.184082,-0.257324,0.874512
1564164070225863,-0.18457,-0.254395,0.875
1564164070248338,-0.187012,-0.249512,0.870605
1564164070267801,-0.188965,-0.256836,0.875488
1564164070285768,-0.1875,-0.256348,0.875488
1564164070308206,-0.18457,-0.258789,0.873047
1564164070335159,-0.184082,-0.255371,0.874512
1564164070345637,-0.183594,-0.24707,0.871582
1564164070368095,-0.190918,-0.254395,0.87207
1564164070388057,-0.187012,-0.25293,0.877441
1564164070410535,-0.189453,-0.260742,0.876465
1564164070428503,-0.191406,-0.257324,0.871582
1564164070447946,-0.186035,-0.255371,0.875977
1564164070465913,-0.189453,-0.25,0.870117
1564164070487376,-0.188477,-0.251953,0.874512
1564164070511329,-0.185547,-0.255371,0.871094
1564164070525303,-0.192871,-0.255371,0.867676
1564164070547263,-0.196777,-0.254883,0.876465
1564164070568721,-0.172363,-0.267578,0.87793
1564164070585191,-0.162109,-0.262695,0.882813
1564164070607669,-0.160156,-0.258301,0.922852
1564164070636099,-0.161621,-0.224609,0.903809
1564164070645080,-0.199219,-0.209961,0.874023
1564164070667538,-0.193848,-0.21582,0.882324
1564164070689997,-0.20459,-0.227539,0.87793
1564164070704969,-0.208496,-0.220703,0.853516
1564164070728924,-0.197754,-0.223145,0.865723
1564164070748388,-0.227539,-0.213867,0.87793
1564164070764861,-0.249512,-0.217773,0.867188
1564164070787316,-0.209961,-0.249512,0.84668
1564164070808779,-0.159668,-0.26123,0.855957
1564164070825245,-0.169434,-0.276367,0.883301
1564164070847704,-0.17627,-0.270996,0.887695
1564164070871658,-0.19873,-0.225586,0.877441
1564164070885134,-0.221191,-0.179688,0.847168
1564164070915081,-0.203613,-0.169434,0.824219
1564164070930052,-0.171387,-0.251953,0.855957
1564164070944523,-0.15625,-0.287598,0.884766
1564164070967481,-0.16748,-0.256348,0.875488
1564164070989940,-0.147949,-0.206055,0.852539
1564164071010899,-0.129395,-0.224121,0.882324
1564164071027370,-0.126465,-0.256348,0.895996
1564164071049831,-0.117188,-0.255859,0.88623
1564164071064301,-0.123047,-0.257324,0.893555
1564164071087258,-0.130859,-0.246094,0.889648
1564164071117701,-0.131348,-0.246582,0.899414
1564164071124190,-0.143066,-0.244629,0.891113
1564164071147650,-0.151367,-0.238281,0.879395
1564164071170108,-0.147949,-0.241211,0.875977
1564164071191084,-0.141602,-0.254395,0.885742
1564164071207535,-0.141602,-0.258301,0.898438
1564164071229996,-0.152832,-0.245117,0.887207
1564164071244486,-0.145508,-0.237793,0.885254
1564164071267430,-0.138672,-0.247559,0.879395
1564164071289882,-0.137207,-0.250977,0.889648
1564164071304355,-0.140137,-0.250977,0.888184
1564164071327313,-0.139648,-0.244141,0.886719
1564164071350270,-0.13623,-0.25,0.878906
1564164071371230,-0.138184,-0.255859,0.885742
1564164071395186,-0.13916,-0.250488,0.879883
1564164071410158,-0.136719,-0.244141,0.874023
1564164071431139,-0.13916,-0.23877,0.874512
1564164071447608,-0.133789,-0.249512,0.885254
1564164071470546,-0.133789,-0.253418,0.87793
1564164071491027,-0.138184,-0.243164,0.876953
1564164071507481,-0.136719,-0.248047,0.884277
1564164071529936,-0.131836,-0.245605,0.882813
1564164071550916,-0.132813,-0.250977,0.88623
1564164071567370,-0.13623,-0.24707,0.882813
1564164071589827,-0.135254,-0.250977,0.881836
1564164071611288,-0.134277,-0.245117,0.884766
1564164071627255,-0.133301,-0.240723,0.879883
1564164071650212,-0.141602,-0.245605,0.886719
1564164071672670,-0.13623,-0.250977,0.880859
1564164071687658,-0.135254,-0.254395,0.884277
1564164071710103,-0.137695,-0.250977,0.879883
1564164071731065,-0.141113,-0.231934,0.878906
1564164071748031,-0.137695,-0.23584,0.879395
1564164071769993,-0.134766,-0.249023,0.87793
1564164071790951,-0.132813,-0.251953,0.880859
1564164071807421,-0.13623,-0.248047,0.884766
1564164071829884,-0.140625,-0.242188,0.879395
1564164071852337,-0.135254,-0.243164,0.878418
1564164071866810,-0.134766,-0.249023,0.879883
1564164071889771,-0.135742,-0.240723,0.88623
1564164071912724,-0.13916,-0.239746,0.881836
1564164071927696,-0.138184,-0.244141,0.882813
1564164071950174,-0.13623,-0.243652,0.880371
1564164071972613,-0.134277,-0.248047,0.882813
1564164071987093,-0.135254,-0.244629,0.884277
1564164072010047,-0.138672,-0.250488,0.882813
1564164072032505,-0.135254,-0.247559,0.87793
1564164072046975,-0.138672,-0.243164,0.881348
1564164072077419,-0.137207,-0.242676,0.882813
1564164072092391,-0.133301,-0.242676,0.882324
1564164072106864,-0.130371,-0.246582,0.872559
1564164072129821,-0.133301,-0.254883,0.87793
1564164072152282,-0.134766,-0.245605,0.879395
1564164072166753,-0.134766,-0.236328,0.874512
1564164072190208,-0.13916,-0.237793,0.878906
1564164072212666,-0.127441,-0.245117,0.87793
1564164072226641,-0.134277,-0.250977,0.88623
1564164072250098,-0.135742,-0.252441,0.884277
1564164072272555,-0.135254,-0.248047,0.887207
1564164072287029,-0.129395,-0.244141,0.883789
1564164072309986,-0.135254,-0.237305,0.878906
1564164072332448,-0.134766,-0.241211,0.878418
1564164072354906,-0.138184,-0.249023,0.870605
1564164072369875,-0.138184,-0.262695,0.871094
1564164072392334,-0.13916,-0.265137,0.870117
1564164072413294,-0.131836,-0.260254,0.865234
1564164072430263,-0.120605,-0.254395,0.899414
1564164072452721,-0.129395,-0.244141,0.911133
1564164072473681,-0.138672,-0.224609,0.915527
1564164072490154,-0.147461,-0.217285,0.903809
1564164072512610,-0.131348,-0.223633,0.880371
1564164072533573,-0.124023,-0.267578,0.873535
1564164072550041,-0.11377,-0.303711,0.879395
1564164072579985,-0.11377,-0.286133,0.872559
1564164072593479,-0.127441,-0.272461,0.860352
1564164072609932,-0.128418,-0.243652,0.856445
1564164072632886,-0.132813,-0.242188,0.871582
1564164072653367,-0.144531,-0.245117,0.873535
1564164072669818,-0.153809,-0.242188,0.882324
1564164072692276,-0.142578,-0.244629,0.872559
1564164072713735,-0.148438,-0.27002,0.894531
1564164072730205,-0.150391,-0.224609,0.882813
1564164072752663,-0.156738,-0.194824,0.885254
1564164072775124,-0.14209,-0.241699,0.891113
1564164072790098,-0.11377,-0.267578,0.897461
1564164072812552,-0.154785,-0.262695,0.902832
1564164072835030,-0.139648,-0.238281,0.891113
1564164072857469,-0.143555,-0.234863,0.89502
1564164072873939,-0.179688,-0.25293,0.868652
1564164072894902,-0.15625,-0.296387,0.868164
1564164072909376,-0.160156,-0.296387,0.868164
1564164072932330,-0.171875,-0.257813,0.864746
1564164072955287,-0.168457,-0.254395,0.869141
1564164072969261,-0.171875,-0.260254,0.872559
1564164072992717,-0.178223,-0.26416,0.878906
1564164073014676,-0.185547,-0.260254,0.865234
1564164073029150,-0.185059,-0.248535,0.864746
1564164073060113,-0.181641,-0.263672,0.878906
1564164073075066,-0.185059,-0.271973,0.879883
1564164073089538,-0.184082,-0.262207,0.876465
1564164073112498,-0.184082,-0.262207,0.873047
1564164073135459,-0.172852,-0.269531,0.874023
1564164073149429,-0.178711,-0.268555,0.875977
1564164073172384,-0.187012,-0.265625,0.875
1564164073194842,-0.188965,-0.259277,0.861328
1564164073209318,-0.182617,-0.269043,0.867676
1564164073232272,-0.17627,-0.268066,0.871094
1564164073255229,-0.180664,-0.26123,0.867188
1564164073276191,-0.178711,-0.27002,0.87207
1564164073292660,-0.180664,-0.273438,0.869629
1564164073315118,-0.179199,-0.265137,0.870605
1564164073336081,-0.182129,-0.26416,0.873535
1564164073352549,-0.179199,-0.266113,0.875
1564164073375010,-0.184082,-0.27002,0.868652
1564164073395987,-0.179688,-0.271484,0.871582
1564164073412937,-0.181641,-0.268555,0.871582
1564164073434896,-0.180664,-0.258301,0.867676
1564164073455857,-0.185059,-0.26709,0.868652
1564164073472327,-0.189941,-0.266113,0.871094
1564164073479314,-0.18457,-0.269043,0.871094
1564164073500278,-0.183105,-0.266113,0.870605
1564164073522733,-0.172363,-0.26709,0.874023
1564164073537724,-0.178223,-0.263672,0.869629
1564164073560163,-0.182129,-0.264648,0.874023
1564164073583123,-0.182129,-0.267578,0.868164
1564164073597612,-0.179688,-0.263184,0.870605
1564164073620557,-0.175781,-0.267578,0.878418
1564164073643011,-0.182129,-0.264648,0.870117
1564164073658001,-0.180664,-0.261719,0.870117
1564164073687944,-0.176758,-0.267578,0.87207
1564164073702897,-0.168945,-0.270508,0.879395
1564164073717870,-0.179199,-0.257813,0.871094
1564164073743326,-0.183594,-0.259766,0.861328
1564164073758295,-0.166992,-0.272949,0.871094
1564164073777758,-0.164063,-0.283203,0.883301
1564164073800237,-0.182617,-0.253418,0.879395
1564164073818183,-0.182129,-0.260254,0.876465
1564164073837667,-0.178711,-0.269531,0.868652
1564164073860106,-0.177734,-0.273926,0.879395
1564164073878072,-0.176758,-0.254883,0.875
1564164073898034,-0.18457,-0.256348,0.873047
1564164073920494,-0.186035,-0.268555,0.870117
1564164073938480,-0.181152,-0.272461,0.875
1564164073957923,-0.17041,-0.262695,0.869141
1564164073980402,-0.180664,-0.262207,0.87207
1564164073998348,-0.185059,-0.263184,0.874023
1564164074020807,-0.187988,-0.265625,0.867188
1564164074040270,-0.182129,-0.262207,0.87207
1564164074058240,-0.177734,-0.26123,0.87207
1564164074077701,-0.179688,-0.256836,0.877441
1564164074100180,-0.178223,-0.264648,0.870605
1564164074118127,-0.182129,-0.265137,0.865723
1564164074138089,-0.18457,-0.262695,0.858398
1564164074160547,-0.17627,-0.262207,0.87207
1564164074178513,-0.158691,-0.261719,0.90625
1564164074197991,-0.177246,-0.245605,0.895508
1564164074220455,-0.191406,-0.26123,0.880371
1564164074244394,-0.186035,-0.24707,0.875977
1564164074257866,-0.177734,-0.266113,0.87793
1564164074280335,-0.181152,-0.267578,0.878418
1564164074298291,-0.166992,-0.275879,0.887207
1564164074319253,-0.17334,-0.258789,0.875488
1564164074340213,-0.187012,-0.249512,0.874512
1564164074358680,-0.1875,-0.250977,0.866211
1564164074379141,-0.190918,-0.265625,0.862793
1564164074400601,-0.168945,-0.275879,0.870605
1564164074418069,-0.161621,-0.254883,0.873535
1564164074447014,-0.183105,-0.234375,0.866211
1564164074460489,-0.177734,-0.25,0.861328
1564164074478456,-0.174805,-0.276855,0.861816
1564164074499421,-0.171875,-0.285156,0.882813
1564164074521876,-0.145508,-0.270508,0.890137
1564164074538348,-0.107422,-0.279297,0.891113
1564164074559306,-0.140137,-0.291992,0.878906
1564164074580278,-0.173828,-0.246094,0.891113
1564164074598254,-0.229492,-0.186523,0.873535
1564164074620713,-0.237793,-0.123047,0.857422
1564164074640176,-0.213379,-0.154297,0.882324
1564164074658124,-0.251953,-0.20166,0.847168
1564164074682098,-0.209961,-0.267578,0.838379
1564164074700543,-0.134277,-0.347656,0.882324
1564164074718510,-0.139648,-0.309082,0.891113
1564164074740968,-0.159668,-0.21875,0.897461
1564164074760433,-0.176758,-0.177734,0.881836
1564164074778399,-0.184082,-0.199219,0.84668
1564164074801376,-0.172363,-0.262207,0.854492
1564164074820340,-0.16748,-0.300781,0.865234
1564164074838787,-0.177734,-0.265137,0.875977
1564164074860746,-0.187988,-0.22168,0.886719
1564164074880210,-0.203125,-0.180176,0.868652
1564164074898177,-0.174805,-0.179199,0.856934
1564164074926126,-0.15332,-0.251953,0.897461
1564164074941101,-0.162598,-0.274902,0.905762
1564164074957567,-0.182129,-0.22998,0.882813
1564164074979526,-0.17041,-0.203125,0.866211
1564164075002484,-0.166016,-0.229004,0.881836
1564164075017454,-0.163574,-0.249512,0.896973
1564164075039913,-0.162598,-0.251953,0.879395
1564164075054386,-0.153809,-0.234863,0.864258
1564164075077843,-0.151367,-0.230957,0.875488
1564164075099802,-0.148926,-0.253906,0.885742
1564164075121261,-0.146484,-0.254395,0.893066
1564164075137233,-0.163574,-0.240723,0.875977
1564164075160204,-0.160156,-0.229492,0.860352
1564164075181151,-0.148438,-0.259766,0.876953
1564164075197621,-0.144043,-0.274902,0.893066
1564164075220097,-0.166504,-0.230469,0.89209
1564164075241558,-0.182129,-0.202637,0.883301
1564164075257509,-0.174316,-0.21582,0.871094
1564164075279967,-0.152344,-0.260742,0.892578
1564164075300938,-0.166992,-0.26123,0.887695
1564164075317397,-0.163574,-0.241699,0.882324
1564164075339858,-0.164551,-0.225586,0.878418
1564164075361317,-0.164063,-0.233887,0.87207
1564164075377287,-0.15332,-0.256348,0.878418
1564164075407233,-0.158203,-0.253418,0.875977
1564164075421207,-0.15918,-0.256348,0.883789
1564164075437673,-0.173828,-0.233398,0.884277
1564164075460152,-0.177734,-0.222656,0.884766
1564164075481093,-0.179199,-0.231934,0.876465
1564164075497565,-0.161621,-0.254883,0.872559
1564164075520021,-0.154297,-0.264648,0.881348
1564164075540982,-0.166992,-0.243164,0.875977
1564164075557951,-0.169922,-0.227539,0.875488
1564164075579910,-0.165527,-0.243652,0.869629
1564164075603869,-0.166992,-0.256348,0.876465
1564164075617340,-0.172852,-0.25,0.879395
1564164075640299,-0.169434,-0.240723,0.879883
1564164075662257,-0.161133,-0.23877,0.893555
1564164075685213,-0.172852,-0.234375,0.888184
1564164075700219,-0.171875,-0.231934,0.873535
1564164075722644,-0.160156,-0.243652,0.866211
1564164075737653,-0.15332,-0.252441,0.879883
1564164075760077,-0.157227,-0.24707,0.876953
1564164075782536,-0.163574,-0.242676,0.880859
1564164075797018,-0.165527,-0.241211,0.868652
1564164075819966,-0.162598,-0.24707,0.874512
1564164075842425,-0.156738,-0.253906,0.879395
1564164075856897,-0.165039,-0.241699,0.875
1564164075879886,-0.159668,-0.237305,0.873535
1564164075909798,-0.164063,-0.246582,0.870605
1564164075916789,-0.151367,-0.244141,0.877441
1564164075939742,-0.160645,-0.251953,0.878418
1564164075962700,-0.163086,-0.250977,0.880859
1564164075976681,-0.173828,-0.244141,0.874512
1564164076000130,-0.160645,-0.243652,0.875488
1564164076022589,-0.162598,-0.263184,0.881348
1564164076037061,-0.16748,-0.24707,0.888672
1564164076060021,-0.169434,-0.246582,0.883301
1564164076082477,-0.163574,-0.247559,0.884277
1564164076103457,-0.163574,-0.254883,0.880859
1564164076119908,-0.158203,-0.252441,0.887207
1564164076142374,-0.162598,-0.243164,0.881836
1564164076163333,-0.164063,-0.255371,0.871094
1564164076186283,-0.156738,-0.25293,0.869629
1564164076202256,-0.15332,-0.254883,0.872559
1564164076223719,-0.15332,-0.255859,0.875
1564164076240682,-0.162598,-0.258301,0.875488
1564164076262642,-0.16748,-0.252441,0.878906
1564164076283643,-0.163086,-0.248535,0.856934
1564164076300080,-0.147949,-0.269043,0.881348
1564164076322531,-0.158691,-0.254883,0.880859
1564164076343529,-0.164063,-0.234863,0.874023
1564164076359962,-0.155273,-0.22998,0.864746
1564164076389905,-0.153809,-0.253418,0.865723
1564164076403422,-0.145996,-0.26416,0.867676
1564164076419884,-0.151367,-0.251953,0.858398
1564164076442313,-0.146973,-0.246582,0.858398
1564164076464771,-0.142578,-0.244629,0.84375
1564164076479738,-0.115723,-0.286621,0.869141
1564164076502696,-0.111328,-0.296387,0.893066
1564164076523657,-0.118164,-0.252441,0.88916
1564164076540126,-0.130859,-0.227539,0.873047
1564164076562587,-0.130371,-0.208008,0.866211
1564164076585043,-0.118164,-0.223633,0.875488
1564164076600020,-0.116699,-0.246582,0.864258
1564164076622474,-0.0981445,-0.247559,0.85791
1564164076644931,-0.0961914,-0.255859,0.854004
1564164076667392,-0.11377,-0.269531,0.843262
1564164076682361,-0.125977,-0.305664,0.833496
1564164076704821,-0.118164,-0.305176,0.824219
1564164076726280,-0.114258,-0.302246,0.821289
1564164076742753,-0.0981445,-0.315918,0.856445
1564164076765208,-0.106934,-0.31543,0.856445
1564164076793739,-0.115723,-0.320801,0.875488
1564164076802715,-0.125977,-0.274414,0.869629
1564164076825217,-0.131836,-0.258301,0.870117
1564164076846156,-0.108398,-0.296875,0.881836
1564164076868592,-0.0908203,-0.341309,0.893066
1564164076885084,-0.0678711,-0.34668,0.894043
1564164076906061,-0.0688477,-0.319336,0.898438
1564164076922491,-0.065918,-0.311035,0.890625
1564164076945452,-0.0483398,-0.326172,0.89502
1564164076965971,-0.0458984,-0.355957,0.894531
1564164076982383,-0.0473633,-0.361816,0.895508
1564164077005339,-0.0473633,-0.348633,0.884277
1564164077026304,-0.0332031,-0.341797,0.886719
1564164077042271,-0.0249023,-0.345215,0.88623
1564164077072713,-0.0214844,-0.355957,0.882324
1564164077086247,-0.0170898,-0.36377,0.881348
1564164077102661,-0.012207,-0.361816,0.871582
1564164077125123,-0.00341797,-0.367676,0.876465
1564164077146113,-0.00439453,-0.374023,0.885254
1564164077162547,-0.00146484,-0.374023,0.875488
1564164077185005,0.00195313,-0.361816,0.878418
1564164077205973,-0.00732422,-0.347168,0.874512
1564164077222436,-0.00683594,-0.347168,0.859863
1564164077245394,-0.00195313,-0.361816,0.868164
1564164077266353,-0.00195313,-0.367676,0.861328
1564164077282327,-0.00292969,-0.355957,0.859863
1564164077304783,-0.00439453,-0.344238,0.85791
1564164077326254,-0.00488281,-0.34375,0.850098
1564164077350200,-0.00341797,-0.362305,0.856934
1564164077365175,0.00488281,-0.372559,0.854004
1564164077386144,0.0141602,-0.375,0.858398
1564164077402614,0.0078125,-0.367188,0.86377
1564164077425059,0.00195313,-0.351563,0.869629
1564164077446058,0.00390625,-0.352051,0.865234
1564164077462489,0.00439453,-0.351074,0.865234
1564164077484948,0.00878906,-0.355957,0.868652
1564164077507413,0.00683594,-0.349121,0.859863
1564164077521884,0.00195313,-0.337891,0.862305
1564164077544836,-0.00976563,-0.331055,0.85791
1564164077573791,-0.0126953,-0.333008,0.862793
1564164077582268,-0.0107422,-0.330566,0.854492
1564164077605225,-0.00244141,-0.341797,0.858887
1564164077627681,-0.00537109,-0.347168,0.861816
1564164077642654,-0.00292969,-0.352051,0.859375
1564164077665112,-0.00976563,-0.347168,0.865723
1564164077687570,-0.0107422,-0.336914,0.866699
1564164077702043,-0.0102539,-0.333008,0.861328
1564164077725000,-0.0117188,-0.339844,0.868652
1564164077747459,-0.0136719,-0.341309,0.858398
1564164077761932,-0.0161133,-0.336426,0.870117
1564164077784965,-0.0185547,-0.333984,0.862793
1564164077807432,-0.0185547,-0.330078,0.869629
1564164077821897,-0.0161133,-0.336426,0.866211
1564164077844855,-0.0195313,-0.333984,0.86377
1564164077867810,-0.0185547,-0.332031,0.868164
1564164077881784,-0.0161133,-0.330566,0.871582
1564164077905241,-0.0288086,-0.325195,0.864746
1564164077927699,-0.0214844,-0.337402,0.867676
1564164077933198,-0.0209961,-0.32666,0.866699
1564164077950156,-0.0180664,-0.334473,0.876465
1564164077970619,-0.0244141,-0.329102,0.879395
1564164077993078,-0.0234375,-0.319824,0.876465
1564164078009547,-0.019043,-0.325195,0.882324
1564164078030517,-0.015625,-0.336426,0.882813
1564164078054463,-0.0170898,-0.324707,0.882324
1564164078069436,-0.0268555,-0.3125,0.884277
1564164078090397,-0.0322266,-0.299316,0.874512
1564164078112855,-0.027832,-0.316895,0.865723
1564164078130821,-0.0229492,-0.334961,0.865234
1564164078150285,-0.0175781,-0.33252,0.868164
1564164078172744,-0.0219727,-0.315918,0.868652
1564164078189213,-0.0205078,-0.312012,0.865723
1564164078210672,-0.0249023,-0.317871,0.869141
1564164078232633,-0.0239258,-0.325195,0.862305
1564164078249109,-0.0224609,-0.32373,0.864258
1564164078270561,-0.0200195,-0.325195,0.867188
1564164078293019,-0.0292969,-0.315918,0.868652
1564164078309488,-0.0302734,-0.313965,0.866699
1564164078333445,-0.027832,-0.317383,0.869629
1564164078352912,-0.0273438,-0.30957,0.870605
1564164078369382,-0.0263672,-0.313477,0.866699
1564164078390386,-0.0263672,-0.30957,0.869141
1564164078412836,-0.0283203,-0.312012,0.872559
1564164078429270,-0.0341797,-0.308105,0.875977
1564164078450227,-0.0283203,-0.308105,0.872559
1564164078472686,-0.0234375,-0.308594,0.878906
1564164078490656,-0.0288086,-0.311523,0.876465
1564164078510615,-0.0273438,-0.312988,0.879395
1564164078533072,-0.0297852,-0.306152,0.884277
1564164078550545,-0.0249023,-0.30127,0.876953
1564164078570554,-0.027832,-0.3125,0.877441
1564164078593003,-0.0253906,-0.310547,0.875
1564164078611427,-0.0292969,-0.30957,0.868164
1564164078630434,-0.0288086,-0.309082,0.869141
1564164078652895,-0.0327148,-0.311035,0.865234
1564164078670817,-0.0336914,-0.312988,0.859863
1564164078690323,-0.0288086,-0.31543,0.861816
1564164078712739,-0.0322266,-0.315918,0.861816
1564164078730706,-0.0322266,-0.318359,0.867188
1564164078750210,-0.0336914,-0.309082,0.864746
1564164078773133,-0.043457,-0.305176,0.864258
1564164078790595,-0.0439453,-0.312012,0.867676
1564164078813053,-0.0439453,-0.308105,0.870605
1564164078833015,-0.0488281,-0.306152,0.871094
1564164078850981,-0.0410156,-0.306641,0.862793
1564164078870488,-0.046875,-0.312988,0.871094
1564164078892947,-0.0366211,-0.322754,0.867676
1564164078910872,-0.0371094,-0.327637,0.874023
1564164078930334,-0.0322266,-0.335449,0.874023
1564164078960318,-0.0341797,-0.329102,0.874023
1564164078970761,-0.0292969,-0.325195,0.87793
1564164078990254,-0.0341797,-0.327637,0.882813
1564164079015679,-0.0307617,-0.327148,0.88623
1564164079030650,-0.0288086,-0.323242,0.88916
1564164079051643,-0.0361328,-0.312012,0.883301
1564164079073071,-0.0268555,-0.300293,0.888184
1564164079090539,-0.0307617,-0.29834,0.893555
1564164079111998,-0.0341797,-0.300781,0.882813
1564164079128467,-0.0361328,-0.303223,0.876465
1564164079150925,-0.0351563,-0.304199,0.877441
1564164079171887,-0.0395508,-0.309082,0.868164
1564164079188358,-0.0400391,-0.31543,0.866211
1564164079210816,-0.0405273,-0.314941,0.861328
1564164079239267,-0.0424805,-0.321777,0.861328
1564164079248246,-0.0419922,-0.327148,0.859375
1564164079270704,-0.0444336,-0.335938,0.856445
1564164079293162,-0.0424805,-0.329102,0.854004
1564164079308135,-0.0410156,-0.329102,0.855957
1564164079331091,-0.0449219,-0.322754,0.86084
1564164079351553,-0.0478516,-0.325684,0.861816
1564164079368521,-0.0522461,-0.320801,0.861816
1564164079389983,-0.0478516,-0.326172,0.868164
1564164079412440,-0.0405273,-0.314453,0.871094
1564164079426913,-0.0405273,-0.316895,0.860352
1564164079450371,-0.0405273,-0.322266,0.875977
1564164079472329,-0.0371094,-0.315918,0.869141
1564164079486802,-0.0366211,-0.319336,0.867676
1564164079517277,-0.0302734,-0.317383,0.875
1564164079532716,-0.0317383,-0.319336,0.874023
1564164079546692,-0.0341797,-0.316895,0.877441
1564164079571645,-0.0327148,-0.313477,0.879395
1564164079592604,-0.03125,-0.307617,0.877441
1564164079606578,-0.0292969,-0.318848,0.870605
1564164079630034,-0.0229492,-0.321777,0.873047
1564164079652515,-0.0234375,-0.318848,0.879883
1564164079666965,-0.0273438,-0.318359,0.868164
1564164079689923,-0.0385742,-0.311035,0.870117
1564164079719868,-0.034668,-0.319824,0.870605
1564164079726854,-0.0361328,-0.324219,0.872559
1564164079749817,-0.0292969,-0.328613,0.862793
1564164079772270,-0.0288086,-0.324707,0.871582
1564164079794728,-0.0375977,-0.324219,0.871094
1564164079810202,-0.0380859,-0.320313,0.874512
1564164079832658,-0.0380859,-0.322754,0.873047
1564164079847134,-0.0375977,-0.321289,0.875977
1564164079870089,-0.0385742,-0.321289,0.878418
1564164079892557,-0.034668,-0.320801,0.881348
1564164079913508,-0.0351563,-0.315918,0.874023
1564164079929978,-0.0380859,-0.312988,0.881836
1564164079952437,-0.0356445,-0.312988,0.876465
1564164079973402,-0.0390625,-0.309082,0.874023
1564164079997354,-0.0424805,-0.311035,0.87207
1564164080012826,-0.0351563,-0.312988,0.868164
1564164080033784,-0.0317383,-0.318848,0.866699
1564164080049762,-0.0361328,-0.319336,0.86084
1564164080072713,-0.034668,-0.322754,0.873047
1564164080093673,-0.0371094,-0.320801,0.87207
1564164080110143,-0.0410156,-0.318848,0.861816
1564164080132601,-0.0380859,-0.325195,0.873047
1564164080153565,-0.0424805,-0.318359,0.873535
1564164080170036,-0.0415039,-0.322266,0.87207
1564164080192988,-0.0400391,-0.316895,0.860352
1564164080213487,-0.0454102,-0.308105,0.869629
1564164080229984,-0.0380859,-0.313965,0.875977
1564164080252442,-0.0341797,-0.320313,0.869629
1564164080274901,-0.0351563,-0.312012,0.875
1564164080289873,-0.0405273,-0.313477,0.875
1564164080312335,-0.0375977,-0.308594,0.87207
1564164080333797,-0.0395508,-0.306152,0.873047
1564164080349762,-0.0454102,-0.308105,0.871094
1564164080372721,-0.0400391,-0.311035,0.864746
1564164080402665,-0.0400391,-0.324219,0.870117
1564164080410157,-0.0429688,-0.317871,0.859863
1564164080432609,-0.0405273,-0.318848,0.867676
1564164080455068,-0.0380859,-0.32666,0.866211
1564164080470039,-0.0375977,-0.32373,0.868164
1564164080492500,-0.0375977,-0.322266,0.873535
1564164080514957,-0.0380859,-0.317383,0.873047
1564164080529430,-0.0405273,-0.313965,0.879395
1564164080552393,-0.0322266,-0.314453,0.879883
1564164080574854,-0.0336914,-0.312012,0.878906
1564164080589318,-0.0322266,-0.308105,0.882324
1564164080612276,-0.0327148,-0.302734,0.877441
1564164080635233,-0.034668,-0.311523,0.881348
1564164080649233,-0.0283203,-0.313477,0.880371
1564164080680162,-0.0307617,-0.307617,0.878906
1564164080695122,-0.0405273,-0.303223,0.87207
1564164080709594,-0.0380859,-0.311035,0.879883
1564164080732552,-0.0385742,-0.316895,0.875
1564164080755011,-0.0410156,-0.313965,0.873047
1564164080769496,-0.0405273,-0.3125,0.866699
1564164080792441,-0.0419922,-0.309082,0.862305
1564164080814906,-0.0458984,-0.325684,0.867676
1564164080829377,-0.0444336,-0.323242,0.870605
1564164080852362,-0.0405273,-0.316895,0.866211
1564164080874793,-0.0366211,-0.313477,0.864258
1564164080903741,-0.0336914,-0.325195,0.863281
1564164080912227,-0.0322266,-0.318359,0.857422
1564164080935181,-0.0371094,-0.314941,0.864746
1564164080956140,-0.0375977,-0.308594,0.865234
1564164080972605,-0.0356445,-0.311523,0.859375
1564164080995064,-0.0336914,-0.3125,0.874512
1564164081016030,-0.0356445,-0.312012,0.868652
1564164081032497,-0.0371094,-0.31543,0.873535
1564164081054974,-0.0356445,-0.3125,0.872559
1564164081075952,-0.0400391,-0.309082,0.880371
1564164081092382,-0.0419922,-0.304688,0.880371
1564164081114874,-0.0361328,-0.311035,0.87793
1564164081136310,-0.0361328,-0.310547,0.876953
1564164081152285,-0.0356445,-0.310547,0.881836
1564164081181225,-0.0395508,-0.300781,0.883301
1564164081196188,-0.0395508,-0.306641,0.881836
1564164081212662,-0.0439453,-0.310547,0.876465
1564164081235617,-0.0341797,-0.313477,0.867676
1564164081256080,-0.0351563,-0.312988,0.870117
1564164081272547,-0.0356445,-0.308105,0.871094
1564164081295028,-0.0415039,-0.308105,0.867188
1564164081316968,-0.0410156,-0.31543,0.868164
1564164081332435,-0.0419922,-0.314941,0.86084
1564164081354894,-0.0336914,-0.307129,0.870117
1564164081377353,-0.0395508,-0.306152,0.865234
1564164081392325,-0.0410156,-0.307617,0.871582
1564164081414782,-0.0395508,-0.313477,0.874512
1564164081437242,-0.0361328,-0.318359,0.875488
1564164081460200,-0.0351563,-0.309082,0.881348
1564164081475172,-0.0356445,-0.302734,0.875
