timestamp,emg1,emg2,emg3,emg4,emg5,emg6,emg7,emg8
1564164020591896,34,-24,-8,-23,-10,-1,2,3
1564164020591896,-63,-5,10,35,25,15,27,0
1564164020592395,-19,-8,-4,-4,-5,-8,-2,3
1564164020592395,78,11,3,4,2,-1,-6,6
1564164020593393,-65,-16,-8,-32,-22,-9,-16,-38
1564164020593393,-28,4,2,22,8,6,8,4
1564164020596887,105,9,7,-6,4,10,24,68
1564164020596887,-123,-16,-6,-23,-27,-26,-28,-46
1564164020603375,-50,-5,-13,41,22,3,-5,-5
1564164020603375,25,12,3,-13,-4,0,-6,-14
1564164020611859,-14,10,1,-11,-11,-2,-1,12
1564164020611859,127,5,-13,16,9,12,24,43
1564164020619844,-80,-14,-1,-9,-2,-7,-6,-39
1564164020619844,25,5,-7,-4,-10,-14,-23,-15
1564164020633319,-43,-27,-9,-19,-3,-5,-12,-21
1564164020633319,-7,-12,-4,0,0,3,5,15
1564164020644798,24,3,-4,3,-7,-6,-24,-7
1564164020644798,30,-13,-2,12,12,7,33,13
1564164020664761,-44,11,6,-28,-13,-4,-11,-2
1564164020664761,8,-12,-4,20,12,4,7,12
1564164020666260,10,62,20,7,5,10,22,12
1564164020666260,-29,-40,-13,7,-2,-12,-32,-14
1564164020685722,24,-1,-1,-5,-14,-3,6,-26
1564164020685722,-91,-3,5,22,14,8,15,16
1564164020720159,-49,-21,-8,-4,-14,-9,-7,-33
1564164020720159,-19,-8,4,15,16,6,-7,-6
1564164020720657,55,11,2,-15,-2,1,18,27
1564164020720657,44,44,10,11,0,5,5,-3
1564164020724650,-3,9,-2,-4,2,-1,-7,4
1564164020724650,-36,-28,8,-11,-4,5,16,-10
1564164020726147,41,0,-7,29,10,0,-13,7
1564164020726147,-19,-12,-5,-17,-9,-6,0,-9
1564164020739621,-9,21,16,-6,4,6,4,-4
1564164020739621,4,9,-13,-5,-12,-8,0,-11
1564164020741118,29,-31,11,11,13,10,9,31
1564164020741118,-81,16,0,-15,-12,-4,1,-14
1564164020753097,64,-25,-3,32,14,7,12,16
1564164020753097,-34,18,-9,-41,-13,-2,-7,-4
1564164020762080,55,9,11,17,6,0,-1,9
1564164020762080,85,10,-3,28,1,-2,0,18
1564164020768069,-104,-27,-10,-6,12,-2,-21,-38
1564164020768069,37,5,18,7,2,8,8,-1
1564164020791026,-7,-11,-18,-17,-15,-4,5,10
1564164020791026,-19,-16,6,15,8,-5,-17,-20
1564164020792025,10,25,3,-19,-13,-4,-4,12
1564164020792025,68,5,3,27,18,12,11,19
1564164020805499,-80,-18,-4,-7,-3,-4,-12,-38
1564164020805499,49,-5,-6,-33,-20,-7,2,12
1564164020812985,-2,-21,-22,9,-4,-9,-13,-10
1564164020812985,28,45,8,16,7,-8,4,20
1564164020828956,-108,-55,-12,-18,-20,-6,-16,-38
1564164020828956,15,-24,-12,-3,13,-6,-10,2
1564164020829456,71,22,9,-2,-7,2,16,18
1564164020829456,-66,4,-3,-5,-5,2,10,-15
1564164020851413,-9,11,-2,-14,-13,-11,-15,4
1564164020851413,-33,-17,15,30,10,4,-7,-22
1564164020851912,-6,-3,-13,-32,-3,-2,0,-3
1564164020851912,20,-9,-7,-11,-6,2,-3,-7
1564164020865389,-24,5,6,23,10,1,7,1
1564164020865389,37,2,0,-34,-8,2,0,17
1564164020873376,-69,-1,9,27,-2,1,4,-15
1564164020873376,28,-21,-7,-6,-1,-3,-11,3
1564164020890342,-31,23,-5,-37,-15,-2,-9,-21
1564164020890342,19,1,-2,30,17,16,31,29
1564164020890841,71,17,2,2,-2,-8,-14,12
1564164020890841,21,1,9,12,0,-6,0,22
1564164020911302,-25,-34,3,13,8,-5,-3,-38
1564164020911302,-114,4,-23,-15,-2,-4,-15,-27
1564164020912304,69,-48,-7,-17,-7,7,14,22
1564164020912304,4,30,24,22,14,10,-2,3
1564164020925776,-38,26,1,-24,-16,-2,10,-1
1564164020925776,41,6,-7,16,3,-3,15,15
1564164020933261,34,17,8,-13,-5,-3,-2,14
1564164020933261,-69,-27,-17,-38,-34,-13,-18,-28
1564164020948734,89,-9,-5,75,49,3,-4,22
1564164020948734,-54,13,6,-25,-18,-7,-10,-34
1564164020949731,-8,2,2,14,2,2,3,13
1564164020949731,83,7,-20,2,9,-9,-2,5
1564164020971191,-42,2,14,-18,-14,2,-1,-11
1564164020971191,33,-6,-10,-8,-11,-13,-22,-8
1564164020972190,-34,-22,6,32,31,26,38,30
1564164020972190,21,32,4,6,-9,-11,-6,-2
1564164020985665,46,4,0,-5,-2,1,5,20
1564164020985665,-26,-14,-5,-9,-6,0,1,6
1564164020993150,-28,-3,-4,-21,-18,-11,-12,-26
1564164020993150,-2,-1,0,0,9,1,1,10
1564164021017106,6,-13,0,7,1,2,5,0
1564164021017106,49,18,-4,-25,-3,0,-13,0
1564164021017605,-47,-13,-9,-12,-16,-7,4,-9
1564164021017605,-84,-22,-7,9,7,2,5,-3
1564164021031079,64,12,8,-10,-15,-18,-42,-20
1564164021031079,-47,-41,-2,37,23,13,18,-10
1564164021032079,45,23,0,-17,7,5,-7,6
1564164021032079,-15,6,-4,-6,-8,-10,-9,-15
1564164021045553,28,5,1,11,-1,4,9,21
1564164021045553,-37,-27,-5,-14,-7,-3,4,-17
1564164021053040,36,9,-8,-7,-11,-14,-17,-10
1564164021053040,-41,-23,3,15,12,2,1,-1
1564164021069009,-36,37,0,-25,-10,2,-5,-10
1564164021069009,5,-17,-2,3,7,-4,-6,-1
1564164021069508,44,4,8,29,18,9,15,33
1564164021069508,6,-12,-3,-9,-14,1,0,10
1564164021091467,-11,13,7,-7,-12,-5,-25,-24
1564164021091467,12,-13,-14,4,-3,14,56,43
1564164021091967,-53,14,0,-2,8,-5,-25,-37
1564164021091967,11,2,11,3,-8,-4,-4,-4
1564164021113927,39,-13,-18,4,3,5,30,29
1564164021113927,-31,16,11,-5,-8,-16,-54,-39
1564164021114925,-10,5,-6,-31,-14,-1,26,13
1564164021114925,-5,-19,0,12,17,11,10,10
1564164021128898,4,2,-3,0,14,15,18,7
1564164021128898,5,5,8,7,-16,-9,-13,-6
1564164021129397,64,-9,-5,3,2,4,9,24
1564164021129397,-14,9,-3,-14,-4,-10,-19,-17
1564164021151357,2,11,5,4,0,6,18,9
1564164021151357,12,-32,-7,-2,11,3,5,18
1564164021151856,-88,7,18,11,-1,-1,-18,-40
1564164021151856,45,1,-7,-17,-20,2,7,10
1564164021173815,-26,4,6,26,18,-1,-6,-2
1564164021173815,4,-2,1,-8,-15,-3,-6,2
1564164021174813,-51,-34,-7,20,3,-5,1,-1
1564164021174813,38,24,1,5,1,2,-1,-2
1564164021188787,-6,17,-6,-32,-7,-10,-19,-25
1564164021188787,76,45,16,20,7,4,8,20
1564164021189785,-27,-6,-16,-20,-12,-11,14,9
1564164021189785,42,0,6,6,7,9,9,17
1564164021211245,-29,-8,-1,-10,-8,-3,1,-1
1564164021211245,-15,-8,1,14,15,8,-9,-12
1564164021212243,51,20,3,-12,-9,-3,-2,6
1564164021212243,-86,-28,-7,17,1,-9,-6,-34
1564164021242188,-19,-11,7,-19,-14,-5,-1,4
1564164021242188,-5,-5,-5,-7,3,-1,-3,7
1564164021242687,44,40,8,13,9,5,-1,-14
1564164021242687,-39,-36,-5,0,-6,-7,-22,1
1564164021248675,57,5,-7,12,8,2,19,6
1564164021248675,-50,-20,-5,-20,-4,-3,8,-2
1564164021249674,-13,-2,0,17,1,9,9,0
1564164021249674,5,-4,-4,-31,-16,-16,-15,-10
1564164021271133,-40,-7,5,10,10,16,13,-20
1564164021271133,0,6,8,17,-12,-9,-17,-5
1564164021272132,15,-12,-24,-15,10,4,28,16
1564164021272132,28,9,3,-9,-8,1,4,6
1564164021295088,-36,-11,-7,-13,-4,2,4,-4
1564164021295088,44,32,3,7,-2,-12,-17,-9
1564164021295588,-19,-13,15,15,13,4,-23,-4
1564164021295588,37,16,8,-8,-5,2,21,8
1564164021308564,-6,-38,-23,-2,7,1,4,12
1564164021308564,-59,10,2,-8,-1,1,0,-19
1564164021309563,46,-6,12,22,-10,-1,1,21
1564164021309563,5,9,-6,-1,16,0,-20,-12
1564164021331521,76,32,7,-19,-6,0,14,27
1564164021331521,-80,1,4,19,3,5,-4,-19
1564164021332021,60,-20,-14,-31,-24,-11,-26,13
1564164021332021,7,-4,-7,20,20,8,30,10
1564164021354478,4,-15,-6,-5,-6,-4,-14,3
1564164021354478,52,7,-5,5,0,2,14,16
1564164021355477,-19,10,4,-23,1,0,-9,-20
1564164021355477,-25,-15,-9,1,-12,-8,-24,-12
1564164021369451,-6,13,10,21,3,10,30,21
1564164021369451,44,-15,-20,-41,-3,-5,6,0
1564164021369950,-20,22,14,31,-1,-11,-20,-8
1564164021369950,46,-32,-24,-26,-7,-7,-10,-4
1564164021391411,-72,39,14,-7,-15,-6,-20,-36
1564164021391411,31,-28,4,35,29,13,28,25
1564164021391910,-12,8,1,-5,-4,-4,3,-6
1564164021391910,-47,2,0,-1,-3,0,1,-6
1564164021414367,51,11,6,-20,-17,-12,-32,7
1564164021414367,2,12,-3,-9,0,7,19,12
1564164021415365,-88,-36,-4,-5,-8,-6,-12,-35
1564164021415365,38,4,6,30,23,5,-3,4
1564164021428841,13,-2,-4,-12,-5,-4,10,0
1564164021428841,14,12,3,-1,-10,-2,-10,17
1564164021429340,-44,-13,-3,5,8,5,3,-16
1564164021429340,0,13,4,-2,-13,-3,-11,1
1564164021451299,13,-20,-11,3,2,-3,2,-6
1564164021451299,-3,-6,3,12,14,0,-19,-2
1564164021451798,-32,-3,-6,-11,-1,2,19,-8
1564164021451798,-40,11,7,-10,-3,5,-6,-10
1564164021474256,26,8,-4,16,1,-6,12,17
1564164021474256,-18,-10,6,-25,-11,-2,-1,-14
1564164021475255,-2,1,-4,0,-14,-6,-7,-15
1564164021475255,21,9,2,-4,11,-4,-3,9
1564164021488729,-45,-4,0,29,14,1,-5,-13
1564164021488729,18,-16,-5,-26,-11,-4,-7,-4
1564164021489727,-6,-5,-4,17,-1,-5,-15,0
1564164021489727,-10,-15,-3,-10,-13,-11,1,-4
1564164021519673,42,20,-11,-1,3,3,3,8
1564164021519673,-56,-5,6,-4,-1,-2,0,-17
1564164021520172,30,22,1,-7,-3,-4,-18,3
1564164021520172,-20,-24,-14,5,-4,0,23,0
1564164021534644,-17,-17,-4,-12,-6,-6,-21,-16
1564164021534644,6,7,11,7,-10,-7,-11,-7
1564164021535143,33,15,-11,-14,11,1,7,12
1564164021535143,12,-4,4,12,12,11,13,8
1564164021548618,-3,-1,-1,-5,0,5,-1,-4
1564164021548618,14,25,10,26,-2,-8,-10,18
1564164021549617,14,-17,-7,-15,2,-2,1,-1
1564164021549617,18,8,-1,-24,-12,-4,-22,-11
1564164021571576,10,-12,-10,10,2,7,33,21
1564164021571576,23,-3,-7,-2,1,4,-12,-1
1564164021572574,-48,19,13,-8,-6,-2,9,10
1564164021572574,9,7,11,26,11,8,6,-9
1564164021594533,-21,-16,-1,-40,-8,-9,-33,-18
1564164021594533,50,13,2,30,13,9,38,36
1564164021595531,-26,-17,-12,-23,-10,-5,-11,-18
1564164021595531,10,10,8,28,10,3,10,28
1564164021609008,-10,0,-4,-2,1,1,0,-26
1564164021609008,-19,-1,-11,-7,-9,-8,-10,-9
1564164021609505,54,4,2,-17,-11,-9,-32,1
1564164021609505,-26,-10,-8,-1,-3,8,29,10
1564164021631464,64,2,23,42,29,11,6,26
1564164021631464,-42,-3,-4,-17,-5,2,-3,-26
1564164021631963,10,3,-4,13,-3,2,4,-6
1564164021631963,-12,12,2,-39,-25,-16,-27,-7
1564164021654421,-33,-17,-7,12,-5,-2,-3,-7
1564164021654421,63,5,-12,-4,9,10,16,3
1564164021655420,35,7,6,13,9,1,-7,7
1564164021655420,12,15,-12,-24,-11,-1,5,11
1564164021667896,-20,-16,-1,13,9,-5,-6,-2
1564164021667896,-22,-11,-6,-22,-14,-7,-13,-12
1564164021676381,-16,6,11,10,4,3,7,-7
1564164021676381,80,-2,-6,17,8,7,7,21
1564164021699341,34,30,6,-21,-17,-11,-3,2
1564164021699341,-81,-34,-6,-16,6,6,-4,-19
1564164021700836,2,-1,5,32,6,1,22,9
1564164021700836,-40,3,0,-1,6,-2,-6,-1
1564164021713312,-22,1,5,-15,-11,-5,-16,-18
1564164021713312,55,1,-18,-6,-8,-4,2,10
1564164021722295,-5,-8,6,0,3,0,-6,-9
1564164021722295,-19,9,10,16,8,2,2,0
1564164021736768,-4,-21,-13,-5,-7,-7,-7,5
1564164021736768,25,31,5,-7,-11,-12,-19,-10
1564164021738765,34,10,1,-5,-1,10,22,18
1564164021738765,-56,-24,-1,11,0,-9,-27,-29
1564164021759227,-21,-7,2,0,-1,1,17,3
1564164021759227,-9,9,6,8,3,6,10,16
1564164021761223,-36,-31,-19,-7,-3,-9,-16,-20
1564164021761223,19,10,-5,-11,-4,-5,-11,-4
1564164021773700,48,5,6,0,-3,8,34,17
1564164021773700,-6,-6,-1,-6,-2,-2,-12,-6
1564164021780687,-37,6,-3,-14,-7,-6,-1,-10
1564164021780687,26,-2,8,30,1,3,3,11
1564164021797655,-22,-11,-7,10,11,-5,-19,-13
1564164021797655,-65,-5,-3,-15,0,1,8,-7
1564164021799153,63,14,1,4,1,3,-3,13
1564164021799153,-51,-19,0,-17,-17,-3,6,-14
1564164021819615,-10,15,-1,3,2,-5,-33,-22
1564164021819615,1,-5,7,4,5,5,14,6
1564164021821113,-23,-3,0,-2,-2,0,7,3
1564164021821113,25,0,-1,-9,-2,0,6,4
1564164021833589,7,-9,-6,4,-1,3,9,11
1564164021833589,-47,19,-3,-18,-9,-15,-26,-16
1564164021848061,65,-5,2,9,7,8,24,22
1564164021848061,-12,-4,-2,-6,0,2,-4,-6
1564164021857045,4,4,-4,7,0,4,2,-8
1564164021857045,25,13,12,14,-4,-11,-8,7
1564164021858543,-29,-17,-2,-23,-7,-3,-6,-5
1564164021858543,10,-3,-8,3,9,4,4,4
1564164021879503,-11,0,3,6,-2,-3,1,10
1564164021879503,16,-19,-9,-1,-2,5,2,-5
1564164021881001,-25,11,6,6,-3,1,16,-7
1564164021881001,10,-4,-8,-8,-3,-2,-2,-2
1564164021893976,-54,-13,-2,-6,-1,1,-15,-15
1564164021893976,59,7,2,14,4,2,16,16
1564164021900465,-13,-1,-1,-4,1,-1,-7,-6
1564164021900465,-1,3,-11,-15,-8,-6,-8,-10
1564164021916934,-14,4,2,-1,4,1,5,7
1564164021916934,-2,-8,-3,-16,-10,-3,-13,0
1564164021922923,-15,6,3,32,23,12,14,3
1564164021922923,-2,-16,10,5,-3,-5,-2,-2
1564164021939392,-8,12,-14,-26,-10,-9,-17,-5
1564164021939392,-1,-24,-8,21,7,5,5,11
1564164021940890,-4,-7,-2,-13,-6,0,3,-12
1564164021940890,9,-2,4,-2,-4,-1,-2,4
1564164021953865,-24,0,4,-1,2,2,10,-11
1564164021953865,-3,12,0,-8,-5,-4,-2,-7
1564164021960852,14,-2,-6,-4,-6,-7,-11,8
1564164021960852,-10,13,3,4,4,4,11,0
1564164021976822,17,-11,-1,-2,-2,-1,-11,-1
1564164021976822,-11,-12,-3,-2,2,0,15,0
1564164021978819,18,4,-6,-7,-4,-7,-12,0
1564164021978819,-24,1,5,-8,-4,3,3,-9
1564164022000778,-39,-3,-3,12,12,7,18,5
1564164022000778,20,-2,4,9,3,2,-2,5
1564164022002774,-4,-5,-5,-11,-3,-6,-7,-3
1564164022002774,18,7,4,4,-5,-3,-2,2
1564164022013753,-12,-8,-12,-13,-10,-10,-12,-4
1564164022013753,42,10,3,1,2,8,25,22
1564164022020741,-72,-27,-2,-2,2,4,-4,-34
1564164022020741,28,21,-3,-23,-6,-4,-2,8
1564164022037216,21,-24,3,24,1,0,21,15
1564164022037216,-28,5,0,10,8,0,-7,-8
1564164022038708,38,6,3,-4,-9,-5,-15,8
1564164022038708,-41,-17,-4,-8,3,5,3,-15
1564164022059669,26,9,3,5,-9,2,2,5
1564164022059669,-2,8,-10,-13,-1,-5,-19,-15
1564164022061166,-1,-2,4,5,2,0,8,12
1564164022061166,1,-6,-3,5,-1,-6,-7,-5
1564164022074142,-6,5,3,-5,2,-1,-8,-8
1564164022074142,24,-4,-3,-10,-16,-4,2,0
1564164022080629,-4,5,2,15,10,5,4,8
1564164022080629,4,3,2,2,-4,-8,-7,-1
1564164022097099,18,3,-11,-11,4,4,12,7
1564164022097099,-35,-8,7,-4,0,1,-4,-18
1564164022098597,4,-7,-6,9,3,-5,-5,4
1564164022098597,-7,6,-3,1,-4,-1,3,-2
1564164022119059,23,9,5,1,1,2,7,7
1564164022119059,-7,4,3,-2,2,-4,-7,-1
1564164022125546,-22,-10,-13,-39,-18,-8,-3,-15
1564164022125546,46,-10,-1,36,6,1,1,16
1564164022133034,-5,16,9,-9,-4,-4,-3,-4
1564164022133034,-17,-15,-13,-11,-6,0,2,-2
1564164022142015,13,-1,7,12,6,1,-5,-1
1564164022142015,8,-8,-12,-7,3,-2,-2,-3
1564164022156988,8,13,5,0,-7,1,-5,2
1564164022156988,-32,-19,3,3,-2,-4,-8,-9
1564164022158485,17,13,0,1,3,3,9,9
1564164022158485,-16,-4,2,-8,1,6,5,-6
1564164022179446,15,-8,-5,-3,-5,-7,-18,2
1564164022179446,0,23,8,-3,2,0,1,-10
1564164022180943,21,-2,-2,-3,-12,-3,-3,12
1564164022180943,-61,-23,-4,11,12,1,13,-4
1564164022192921,0,6,2,3,1,-2,-12,-3
1564164022192921,16,-6,-3,-10,-10,-5,-6,4
1564164022201904,-36,9,2,4,4,4,3,-19
1564164022201904,28,6,-2,0,0,-4,-4,13
1564164022218375,-43,-17,-1,-3,-2,-1,-3,-17
1564164022218375,-1,-6,3,-9,-2,-5,-4,2
1564164022219871,26,3,5,15,5,-1,-4,7
1564164022219871,-1,-1,-4,-6,-5,2,10,1
1564164022239334,8,8,-9,-5,4,2,6,-1
1564164022239334,-15,-4,4,-5,-5,-5,-21,-8
1564164022241331,16,10,0,2,-8,0,22,9
1564164022241331,37,-1,-2,-10,7,3,-2,14
1564164022261793,-40,-10,-2,13,-2,-7,-10,-15
1564164022261793,21,2,-2,-4,0,1,4,6
1564164022263791,-30,-7,-7,-3,1,2,-6,-1
1564164022263791,19,5,5,8,3,1,-1,-10
1564164022278264,2,6,3,-9,-8,-1,-1,4
1564164022278264,-15,-16,-8,2,2,-1,-2,-2
1564164022279760,31,-1,5,16,-5,-6,-1,4
1564164022279760,6,0,-12,-26,-6,-2,-4,-2
1564164022299224,-44,0,0,-12,-5,-2,8,-16
1564164022299224,52,11,2,23,9,5,0,13
1564164022301221,-9,-12,-7,-21,-14,-7,-8,-8
1564164022301221,-23,5,11,31,16,1,5,6
1564164022322182,-14,-2,-3,-7,-3,-1,-12,-15
1564164022322182,2,-1,2,6,0,1,10,9
1564164022323678,-5,1,-2,-22,-6,-1,-4,1
1564164022323678,-16,-23,-6,-3,-11,-3,-10,-16
1564164022337154,46,22,2,2,2,2,6,14
1564164022337154,-66,-7,1,-12,5,4,5,-15
1564164022338651,65,-3,1,33,-1,-2,-12,17
1564164022338651,-44,-1,-15,-10,10,6,24,-12
1564164022359610,11,-3,-1,-6,-1,-3,-9,6
1564164022359610,26,-7,-6,4,-8,-3,9,12
1564164022361108,-40,4,2,-11,8,-1,-10,-23
1564164022361108,6,7,1,6,-7,-5,-15,3
1564164022373085,11,-14,0,-1,-2,1,3,-3
1564164022373085,-41,10,-2,-4,-5,-1,-6,-10
1564164022382069,72,25,1,-24,1,3,14,26
1564164022382069,-46,-13,3,24,0,-4,-11,-17
1564164022396043,19,-16,-4,-6,4,3,7,7
1564164022396043,27,45,11,-8,-15,-9,-9,1
1564164022404528,-46,-54,-17,8,8,3,-3,-15
1564164022404528,-13,16,0,-35,8,12,19,3
1564164022419499,31,-14,-1,16,4,-3,-14,7
1564164022419499,-32,-9,0,8,0,-11,-1,-11
1564164022420997,-7,16,4,-4,-10,-3,3,4
1564164022420997,29,22,9,-14,-10,-7,-16,-2
1564164022432975,-34,-13,-4,8,-8,2,14,3
1564164022432975,24,-4,-2,-3,9,-2,-3,3
1564164022441960,-26,-10,-4,5,7,-10,-21,-27
1564164022441960,-42,-11,1,-15,-6,6,16,4
1564164022456931,41,14,3,18,-1,-1,-5,15
1564164022456931,-10,-23,-1,-14,6,18,19,-6
1564164022458428,-8,31,10,-2,1,-2,22,22
1564164022458428,47,2,-4,14,-7,-8,-10,-1
1564164022479388,-17,-16,-5,-6,0,-8,-1,0
1564164022479388,-28,12,14,15,5,1,-10,-7
1564164022480885,-27,-15,0,-6,0,4,-12,-26
1564164022480885,-6,10,10,3,1,-2,5,19
1564164022492865,50,11,6,8,-5,-8,-17,-4
1564164022492865,3,-21,-12,2,9,8,20,17
1564164022502346,-32,-20,-3,-14,-4,3,0,-25
1564164022502346,-27,0,-10,-21,-11,-12,-12,-6
1564164022516837,-7,4,7,4,0,4,-5,-9
1564164022516837,27,-3,-5,7,4,-10,-32,-14
1564164022518316,-25,6,8,14,-5,-4,8,-6
1564164022518316,29,-26,-5,9,-2,6,8,12
1564164022539296,-44,27,5,10,15,0,8,19
1564164022539296,65,-6,0,-17,-5,9,23,14
1564164022540774,57,-5,-22,-39,-20,-20,-27,-12
1564164022540774,-21,-10,-3,25,-4,2,-6,-20
1564164022561735,17,-46,-18,7,7,0,-3,-11
1564164022561735,10,29,6,8,-14,-12,0,14
1564164022563731,-4,8,4,-7,14,9,2,2
1564164022563731,-40,-26,3,5,-10,-6,-4,2
1564164022577209,64,6,-27,-90,-13,6,23,19
1564164022577209,-73,-36,-11,50,-12,-10,-19,-29
1564164022578707,43,-10,1,2,3,-12,-34,2
1564164022578707,20,15,-7,-2,9,-1,1,-16
1564164022599665,-29,5,11,44,18,29,51,26
1564164022599665,71,44,13,-109,-38,-11,-2,15
1564164022601168,35,-14,-19,67,5,-7,-11,9
1564164022601168,4,-13,-5,6,17,5,-4,-17
1564164022629609,-28,28,20,-27,-25,-7,-2,-11
1564164022629609,42,-9,-20,-3,-3,-18,-27,-18
1564164022631106,-78,-12,-7,15,7,19,17,28
1564164022631106,106,24,25,-26,4,7,37,54
1564164022637095,-126,-20,-6,29,1,-18,-48,-52
1564164022637095,32,-28,0,-26,-4,3,31,31
1564164022638593,-48,17,-6,-56,-22,-12,-33,-61
1564164022638593,-2,14,14,61,17,0,-6,6
1564164022659553,45,16,-1,-7,-4,-2,-6,-16
1564164022659553,-82,-34,-7,4,-4,-2,-7,-2
1564164022661050,-3,-40,-5,-11,-5,-4,16,16
1564164022661050,-37,20,15,-76,-48,-11,-6,-10
1564164022682015,-27,4,-2,94,57,10,13,-4
1564164022682015,30,20,-18,-4,20,18,14,17
1564164022683509,0,9,-9,20,-4,-2,-16,-14
1564164022683509,-46,2,-2,-60,-28,-23,-24,-29
1564164022696486,48,-7,14,-22,-30,-6,0,24
1564164022696486,115,6,15,64,6,-12,-26,-10
1564164022702973,-69,-30,-12,-5,28,22,46,44
1564164022702973,-94,-2,-11,-3,-6,-18,-65,-106
1564164022719442,13,7,9,-13,20,22,42,56
1564164022719442,53,13,13,24,26,16,19,56
1564164022720940,-39,-20,-30,-12,-46,-39,-50,-56
1564164022720940,-35,-8,5,43,23,16,27,24
1564164022741899,-26,-24,-7,-66,-40,-22,-18,-15
1564164022741899,24,30,3,34,29,9,-4,-20
1564164022743401,-64,8,37,-1,4,11,-3,-26
1564164022743401,127,-8,-34,-27,-15,-5,-14,16
1564164022756373,48,-6,-14,10,3,-9,5,57
1564164022756373,-128,-10,1,-37,-38,-2,54,-35
1564164022763361,81,57,33,71,54,17,11,44
1564164022763361,-5,-38,-38,-39,-23,-8,-36,-4
1564164022779334,-56,48,25,4,-12,-8,-7,-78
1564164022779334,-49,-11,-9,25,26,6,-21,-21
1564164022780828,107,0,16,9,6,1,6,27
1564164022780828,-57,25,14,14,14,20,33,46
1564164022801793,40,0,-2,1,-17,-4,-22,-1
1564164022801793,-80,-22,-25,-32,-4,-6,-10,-34
1564164022803287,25,26,21,-15,-3,3,27,36
1564164022803287,127,89,14,48,1,7,-6,20
1564164022816265,-53,-67,-35,-44,-16,-13,-50,-51
1564164022816265,76,2,43,86,43,24,55,63
1564164022830736,-13,48,12,-8,-20,-15,-18,-61
1564164022830736,25,-46,7,0,6,2,15,13
1564164022839719,-46,49,-13,-18,13,12,20,-6
1564164022839719,109,2,13,-16,-13,1,2,88
1564164022841216,-74,-14,-3,-20,-33,-11,-15,-36
1564164022841216,19,43,-16,10,26,12,58,39
1564164022862177,-102,-69,2,26,15,-5,-35,-41
1564164022862177,55,15,1,13,-6,-7,-9,21
1564164022863678,-100,-16,-14,-16,18,12,22,-5
1564164022863678,-23,-5,-1,-32,-30,-19,-14,-2
1564164022876151,111,21,12,13,3,0,8,41
1564164022876151,-62,52,8,24,14,12,-11,6
1564164022883137,96,-81,-50,-52,-18,-6,-7,4
1564164022883137,-110,-8,-1,19,-10,-22,-31,-60
1564164022907097,96,41,13,24,12,19,23,26
1564164022907097,-128,-79,-26,-42,-21,-21,-21,-68
1564164022908594,-30,74,30,13,7,13,12,4
1564164022908594,120,-41,1,30,24,13,18,64
1564164022922065,-117,-28,-18,-33,-24,-19,-27,-43
1564164022922065,-38,28,-3,-18,-19,-11,-3,-28
1564164022923563,-83,-9,21,-33,-9,8,-11,13
1564164022923563,33,-42,-26,64,37,16,37,9
1564164022936542,-64,-2,-12,-55,-33,-25,-23,-4
1564164022936542,19,12,5,59,38,13,1,-11
1564164022943028,-43,34,13,-6,-18,2,-10,1
1564164022943028,-88,-55,-6,-8,13,6,40,10
1564164022959996,14,30,6,-6,2,1,-7,-10
1564164022959996,-97,-21,-17,23,-22,-13,-14,8
1564164022961492,7,-34,-8,31,24,-3,-22,-26
1564164022961492,52,64,13,-44,-11,4,1,21
1564164022981955,-72,-37,-22,16,5,7,17,-61
1564164022981955,-20,-31,0,-42,-46,-34,-36,-31
1564164022983455,27,-12,-8,26,16,13,17,27
1564164022983455,-3,48,-1,-17,-6,-9,-12,-16
1564164022996428,37,-31,2,8,15,6,16,32
1564164022996428,-12,18,-3,-19,-6,11,2,-16
1564164023002915,20,-4,-11,1,-4,-16,-15,10
1564164023002915,0,-22,13,-4,4,-1,2,1
1564164023019388,-4,30,10,22,2,11,9,11
1564164023019388,52,-13,-13,-24,-5,-5,-17,-4
1564164023020882,78,-3,-13,9,-1,-5,0,7
1564164023020882,-128,-19,2,-28,-13,1,-11,-58
1564164023041845,41,-6,21,17,3,3,2,29
1564164023041845,-31,13,3,22,27,14,15,-7
1564164023043841,12,8,1,-13,4,-2,27,17
1564164023043841,31,30,3,-12,-24,-4,-32,7
1564164023055816,60,-43,-8,36,16,8,45,30
1564164023055816,13,-4,-11,-29,5,0,2,9
1564164023064800,-33,24,8,-21,-27,-4,4,-11
1564164023064800,31,-7,11,40,27,0,-14,3
1564164023079292,29,8,-5,-16,-10,-7,5,15
1564164023079292,-31,11,4,-28,-18,-6,4,-4
1564164023081280,21,4,11,11,20,14,11,-11
1564164023081280,-24,-31,-18,-17,-8,-18,-23,10
1564164023101232,74,8,-5,13,-9,-7,-3,12
1564164023101232,-60,-4,10,8,14,8,-6,-22
1564164023109717,-7,18,3,6,0,3,17,12
1564164023109717,-37,4,8,-2,0,0,-16,-26
1564164023115709,-42,-33,-11,-17,1,-1,-7,-4
1564164023115709,60,23,2,3,-16,-10,-1,0
1564164023124690,2,-13,-6,14,26,16,33,32
1564164023124690,21,-1,-8,1,-10,1,3,-7
1564164023139661,-49,33,7,-46,-17,-12,-30,-19
1564164023139661,13,-11,-10,25,2,-5,17,3
1564164023141159,0,-37,13,42,21,0,-5,12
1564164023141159,2,14,-2,-4,-7,3,12,-2
1564164023162119,-12,-3,-7,-1,1,2,-6,-4
1564164023162119,-9,5,-5,-37,-12,-5,-20,-12
1564164023163617,41,23,7,16,-13,-7,-5,1
1564164023163617,-54,-38,-13,1,9,8,9,-16
1564164023175594,17,30,0,-4,-4,-3,-15,-3
1564164023175594,-9,-18,2,2,8,5,8,9
1564164023184578,0,-2,-4,-3,-4,-5,-7,-5
1564164023184578,28,5,-4,-22,-13,-2,-23,-5
1564164023199550,13,-19,-2,19,-1,-6,13,10
1564164023199550,-23,10,9,5,13,7,10,6
1564164023201048,-6,-11,-9,-12,-3,-2,-13,-2
1564164023201048,-13,14,3,-19,-20,-14,-18,-20
1564164023222008,-24,-8,3,23,15,11,21,12
1564164023222008,38,8,-7,7,15,5,-5,9
1564164023223506,25,-14,-12,-19,-7,-5,9,2
1564164023223506,-31,-1,10,14,3,-4,-9,-5
1564164023235983,-14,4,2,-5,0,-5,-5,-3
1564164023235983,-11,-6,0,-10,-8,-2,-1,-9
1564164023244467,-22,-2,-11,-6,-1,-1,-9,-6
1564164023244467,26,4,2,-3,-6,0,12,10
1564164023259439,-13,3,1,-1,-3,-5,-10,-8
1564164023259439,-13,-4,-1,6,0,-6,-10,-4
1564164023260937,-11,-5,-4,-9,-6,4,2,-10
1564164023260937,11,-3,1,5,5,-6,13,12
1564164023281898,56,13,1,-11,-3,1,-4,10
1564164023281898,-82,-13,-7,-6,2,0,-1,-26
1564164023283395,16,-11,-6,-9,-10,-5,-6,2
1564164023283395,3,-5,2,17,7,7,8,3
1564164023295376,-4,5,-4,-11,1,-4,-9,-8
1564164023295376,4,-5,0,-5,-7,-3,-14,-2
1564164023304855,-19,5,3,-3,-4,1,14,-8
1564164023304855,-8,-13,-18,6,-2,3,20,16
1564164023319327,-26,-12,-3,-9,-2,5,3,-22
1564164023319327,0,-2,0,-2,-4,-3,-13,-2
1564164023321325,-12,-6,1,-5,-4,-8,-23,-16
1564164023321325,-7,7,6,9,2,-2,5,5
1564164023343284,52,8,13,19,1,8,11,21
1564164023343284,-27,1,-11,1,17,6,15,-3
1564164023344781,29,4,-1,-9,-8,-8,-8,7
1564164023344781,-14,14,5,-2,-2,-2,-9,-10
1564164023355760,-40,-6,4,-7,-14,-9,-14,-10
1564164023355760,19,8,5,14,16,9,16,12
1564164023364744,-7,-7,-5,1,1,2,1,5
1564164023364744,9,4,3,-12,-3,-2,-9,-7
1564164023379715,-19,-2,-8,4,-8,-9,-10,-15
1564164023379715,42,-1,0,-25,-18,-7,-4,10
1564164023381213,-15,3,4,28,17,1,5,6
1564164023381213,-10,-6,-2,-7,1,4,10,-4
1564164023402173,6,4,-2,-1,9,3,1,1
1564164023402173,2,-7,-2,-10,-10,-2,-3,3
1564164023403670,-15,8,-1,-10,-11,-8,-10,-9
1564164023403670,13,-5,0,11,1,-4,-11,-4
1564164023416148,-7,2,8,6,3,-2,-11,-6
1564164023416148,-19,-5,-3,0,1,0,9,0
1564164023424632,18,15,2,-5,-4,2,5,8
1564164023424632,41,-23,-5,5,-1,0,-3,1
1564164023439604,-12,9,-8,-5,-1,-3,10,-3
1564164023439604,-41,3,2,-8,-16,-13,-16,-2
1564164023441101,-13,0,5,12,2,3,-2,-5
1564164023441101,30,5,-2,6,17,10,7,14
1564164023462561,-54,-16,-2,-10,-7,4,4,-14
1564164023462561,53,2,-1,1,0,0,2,9
1564164023464059,-8,18,6,-3,0,-5,-4,-2
1564164023464059,-18,-16,-3,3,-4,-4,-9,-7
1564164023484521,8,-1,-4,-23,3,4,3,4
1564164023484521,35,10,3,23,-4,2,6,4
1564164023486019,-5,-19,-8,-10,0,-3,1,-4
1564164023486019,10,16,2,-2,-1,-5,-10,-1
1564164023499492,5,-6,-6,-19,-7,-6,6,-1
1564164023499492,43,2,3,6,2,6,-2,18
1564164023500990,-17,-11,-5,-1,4,0,3,0
1564164023500990,-17,-1,-9,0,-3,-4,-8,-5
1564164023521951,-22,-1,-3,-7,-6,0,3,-3
1564164023521951,3,-10,-1,4,-3,-1,-4,-13
1564164023523449,35,9,-2,6,2,-1,-3,17
1564164023523449,-37,0,4,-22,-17,-6,-1,-10
1564164023544411,27,9,-11,22,21,2,-22,0
1564164023544411,-27,-21,1,-4,-2,-3,20,-1
1564164023545907,-37,-1,6,-16,-12,-1,-3,-16
1564164023545907,48,-3,-6,8,-1,-2,-2,9
1564164023559383,43,-3,-7,6,6,3,1,7
1564164023559383,-41,13,0,-7,-5,0,-17,-11
1564164023560879,2,-3,2,1,-1,-1,3,1
1564164023560879,-41,3,0,-16,-7,-2,-1,-4
1564164023581840,-1,-1,3,5,3,3,1,0
1564164023581840,16,-1,0,18,9,0,6,0
1564164023583338,27,14,-3,-17,-9,-1,6,14
1564164023583338,-27,-19,-4,16,8,4,3,-11
1564164023604301,1,5,5,0,-7,-7,-4,2
1564164023604301,3,-10,2,5,7,-1,-12,-5
1564164023606296,-14,3,-1,6,1,0,4,-3
1564164023606296,-26,3,10,6,7,3,-3,-5
1564164023620268,12,-3,-2,-23,-6,-6,-11,2
1564164023620268,-10,10,6,5,-10,-6,5,-5
1564164023625759,-22,4,-3,11,8,-3,-16,1
1564164023625759,47,-1,0,-9,10,10,24,16
1564164023642229,-11,1,2,4,-10,-3,0,-9
1564164023642229,17,9,0,-5,4,-1,-1,11
1564164023643726,-24,-26,-7,4,-2,-2,-3,-14
1564164023643726,3,10,0,0,-5,-4,-7,-3
1564164023664685,5,2,4,5,3,4,-2,1
1564164023664685,-40,-5,4,-5,-6,-1,-15,-10
1564164023670673,78,1,-14,-22,0,5,26,24
1564164023670673,19,13,-3,5,-4,-8,-11,-2
1564164023678660,-57,-36,-6,9,1,-2,-1,-14
1564164023678660,22,-3,-4,-8,-5,-2,6,8
1564164023685647,3,16,9,13,4,-5,-18,-8
1564164023685647,-7,-1,2,-23,-6,0,8,-5
1564164023702615,5,-10,0,27,-5,-14,-14,6
1564164023702615,-17,9,-16,-21,2,-1,-6,-16
1564164023704112,-6,-24,0,-3,-4,2,2,-1
1564164023704112,0,-10,-7,5,4,0,-5,-4
1564164023724575,4,20,12,8,8,4,6,10
1564164023724575,-16,6,-4,-23,-8,-1,2,-5
1564164023726072,10,-2,2,22,6,2,2,4
1564164023726072,-7,-5,-1,-2,-4,-8,-13,2
1564164023739047,6,0,-10,-33,-8,3,15,3
1564164023739047,37,-6,-7,16,5,1,1,11
1564164023745535,-44,-4,-3,-10,-7,0,-6,-23
1564164023745535,-7,9,12,10,0,2,-4,2
1564164023762008,9,-2,4,17,7,1,-4,9
1564164023762008,31,-10,-9,-13,-8,-4,9,12
1564164023763505,-15,-9,-9,-14,-5,1,-2,-5
1564164023763505,-21,6,1,20,7,-4,-21,-16
1564164023791949,-7,0,-3,-14,-8,-2,14,-3
1564164023791949,2,18,12,9,3,0,-13,-5
1564164023793447,6,-5,1,12,6,2,9,8
1564164023793447,-12,-12,-11,-16,-6,-1,-2,-2
1564164023798937,14,-5,0,-10,-1,2,4,7
1564164023798937,-12,6,5,18,1,-1,-7,-7
1564164023805427,6,-4,-9,-12,-4,3,5,-1
1564164023805427,-12,7,10,-1,-11,-9,-15,-5
1564164023822392,-8,-5,-2,15,20,9,25,5
1564164023822392,-1,-17,-8,-8,0,2,14,4
1564164023823891,-33,7,6,12,1,-2,-5,-10
1564164023823891,53,3,-4,-11,-4,-2,-1,10
1564164023844351,-20,0,7,-3,-15,-5,-12,-14
1564164023844351,-11,-5,-13,-4,8,4,5,-5
1564164023845850,-6,0,2,4,6,4,8,8
1564164023845850,-50,-9,-1,-19,-11,-6,-5,-15
1564164023858825,42,7,-1,19,2,-3,7,17
1564164023858825,-6,-15,-3,-10,-4,-2,5,2
1564164023873298,5,5,10,10,3,1,-1,-3
1564164023873298,5,11,-2,-2,0,-1,1,2
1564164023881782,8,4,-1,-9,-1,-3,-7,-1
1564164023881782,-3,-5,0,-5,-2,1,-7,-5
1564164023883779,-5,0,-6,-12,-9,-6,-2,1
1564164023883779,24,-6,7,13,12,2,3,12
1564164023904241,-16,13,-5,-8,-4,-1,1,-12
1564164023904241,7,11,12,4,-2,3,6,3
1564164023906238,4,-10,-3,-1,-6,-4,-12,-7
1564164023906238,-5,-5,-8,-1,2,4,9,5
1564164023918717,11,-10,-4,2,1,-1,-12,3
1564164023918717,-43,3,0,-10,-10,-11,-27,-18
1564164023925700,33,1,2,-3,-13,0,20,9
1564164023925700,0,-20,-19,3,23,7,14,14
1564164023941671,-26,3,4,16,10,5,0,-7
1564164023941671,35,9,1,-13,-5,-1,-6,6
1564164023943673,-8,5,0,2,-5,-11,-16,-9
1564164023943673,12,-6,1,5,-4,-1,3,-2
1564164023964645,-3,5,-4,-10,-5,-2,-3,-7
1564164023964645,-12,-1,-2,3,0,-2,-1,-7
1564164023966126,10,-7,-1,-3,0,-1,-2,2
1564164023966126,-1,10,3,-5,-5,0,3,0
1564164023979620,-14,-9,-4,-4,-1,-2,-4,-5
1564164023979620,0,-4,4,7,0,-4,-1,3
1564164023987087,9,5,-7,-5,2,5,5,6
1564164023987087,-12,-11,-6,-4,-7,-7,-2,-5
1564164024002059,6,3,-2,-6,-7,-7,-3,1
1564164024002059,-2,-6,-3,0,-3,-6,-4,-6
1564164024003556,6,1,7,2,10,13,8,12
1564164024003556,-11,0,-2,-3,-5,-2,-14,-14
1564164024024517,3,1,2,5,16,49,24,6
1564164024024517,-1,-8,-4,1,-2,1,6,3
1564164024026015,-5,6,5,0,-2,-5,-10,-4
1564164024026015,2,8,12,2,-6,-6,1,4
1564164024037997,5,-3,-4,-8,-10,-13,-8,-4
1564164024037997,-14,-11,-4,5,2,3,6,1
1564164024046976,-2,-6,-16,-7,-2,-2,3,2
1564164024046976,-4,-2,7,-5,-8,-6,-4,-15
1564164024069453,-5,4,15,2,-7,-19,-11,-12
1564164024069453,20,5,-10,-1,5,15,17,4
1564164024070931,-3,-5,-10,-5,-7,-11,-16,-6
1564164024070931,11,10,9,4,4,3,3,11
1564164024084407,-5,-10,-12,-6,0,5,18,3
1564164024084407,-10,-2,7,1,-1,-5,-21,-1
1564164024085903,7,4,-1,-4,-3,9,3,2
1564164024085903,-4,-5,-5,5,4,3,0,3
1564164024097881,8,2,-4,0,-2,-7,-7,-4
1564164024097881,-2,-2,2,1,-2,-6,3,0
1564164024107363,-2,-12,-12,-7,-6,-7,-5,-10
1564164024107363,-18,-3,0,-2,-1,0,-4,-5
1564164024121838,15,-1,-3,-5,2,-5,-9,3
1564164024121838,-20,8,4,1,-7,0,-1,-6
1564164024123833,2,-7,5,9,10,1,1,1
1564164024123833,-5,-6,0,3,-2,0,2,-7
1564164024144297,3,14,-2,-12,-5,-6,-5,4
1564164024144297,-3,-5,-8,4,-6,-5,-4,-2
1564164024145792,4,3,6,7,4,2,1,-2
1564164024145792,2,2,-3,2,2,0,5,1
1564164024158269,-8,-8,0,5,2,-1,-2,1
1564164024158269,-5,-2,-1,-11,0,-2,-4,-4
1564164024167252,-3,3,3,-6,-7,-5,-5,0
1564164024167252,25,2,-11,12,9,5,4,6
1564164024181725,-21,-2,1,-1,-4,-3,-8,-4
1564164024181725,9,-3,-7,2,0,1,0,2
1564164024183721,-8,-4,19,2,2,1,1,-3
1564164024183721,-6,3,4,-8,-6,-2,-2,-4
1564164024204184,53,-5,-26,-9,-2,-6,-3,10
1564164024204184,-71,-12,3,8,1,2,5,-25
1564164024206180,2,0,-8,1,6,1,-1,0
1564164024206180,-10,-4,-1,-4,-7,0,-3,-5
1564164024218157,6,6,7,7,0,2,3,2
1564164024218157,16,-4,1,-5,0,-2,-2,3
1564164024227140,5,4,-1,-2,-2,-5,-1,3
1564164024227140,-6,-1,2,-1,2,2,6,2
1564164024242612,-8,-5,-1,0,5,0,-3,-4
1564164024242612,15,1,10,2,-2,-9,-1,8
1564164024248102,-7,2,-4,5,-1,9,5,2
1564164024248102,9,-9,-14,-11,-3,-6,-14,15
1564164024264575,-2,-2,5,-3,-8,-6,4,3
1564164024264575,6,0,2,-3,1,8,5,5
1564164024266068,2,5,-14,-1,2,5,-2,-9
1564164024266068,-3,-9,7,1,-2,3,10,0
1564164024278050,-14,-1,4,-2,-7,-6,-9,-8
1564164024278050,14,4,1,-3,-1,-9,-3,2
1564164024287029,-9,-6,-11,-11,-9,-16,-6,-4
1564164024287029,-11,-7,-19,-5,-2,4,-3,-21
1564164024302005,-6,6,15,4,-3,-7,-2,-2
1564164024302005,0,1,8,5,8,2,0,-3
1564164024303499,0,-2,15,0,2,1,-6,-2
1564164024303499,3,2,-5,-1,1,-6,-8,1
1564164024324460,-12,0,-19,-11,-4,0,0,-5
1564164024324460,9,3,-27,9,9,9,4,-3
1564164024325957,0,10,40,9,2,-2,-3,2
1564164024325957,-9,-6,-3,-10,-10,-3,-5,-3
1564164024337934,4,-4,14,10,-5,2,5,7
1564164024337934,5,-1,-14,-16,-3,2,-4,2
1564164024347416,-3,7,7,10,3,-8,-2,-1
1564164024347416,5,3,-2,-9,-1,4,5,4
1564164024361889,-4,-1,-7,-2,5,2,-4,-10
1564164024361889,14,7,0,6,6,0,2,5
1564164024363387,-13,-24,-38,-15,-6,-1,1,-11
1564164024363387,0,7,7,7,1,0,8,3
1564164024384349,-2,-6,0,-5,-6,0,-1,0
1564164024384349,6,2,21,3,-3,-2,-1,2
1564164024385846,7,1,-1,-1,-4,-7,-1,6
1564164024385846,3,-7,1,0,-7,-4,-8,-10
1564164024398323,0,-4,-6,1,4,5,5,2
1564164024398323,-4,-2,-8,-15,-12,-8,-4,-7
1564164024407306,-4,7,5,9,4,3,3,0
1564164024407306,4,13,16,20,8,3,4,4
1564164024421779,-1,4,7,0,2,2,0,0
1564164024421779,-4,-14,-23,-18,-9,-2,-4,-2
1564164024423277,0,-13,-20,-7,-6,-2,-3,-3
1564164024423277,0,0,1,2,4,1,-1,-1
1564164024444237,-6,6,28,13,1,-1,-2,-4
1564164024444237,11,18,18,2,-4,-1,-3,5
1564164024446234,0,-1,-14,-6,-6,0,-3,-3
1564164024446234,-5,-16,-2,0,-4,-1,0,0
1564164024466734,-3,4,-1,-4,0,3,4,-1
1564164024466734,-1,-2,-9,-2,0,4,12,14
1564164024468691,-9,-1,35,6,1,-1,-6,-14
1564164024468691,2,-8,-22,-6,-1,-3,-1,3
1564164024482171,4,-5,-22,-7,-1,-1,-3,5
1564164024482171,0,0,10,0,-3,-11,-5,1
1564164024483667,2,0,-5,1,5,9,4,-3
1564164024483667,-4,5,20,7,4,1,3,-1
1564164024504646,15,6,-32,-16,-4,-8,0,1
1564164024504646,-6,-7,17,3,1,4,0,-2
1564164024506122,-5,-12,-8,3,2,2,3,0
1564164024506122,-6,5,-10,-4,0,-3,-6,-11
1564164024527146,-1,8,-2,-7,-5,-3,-2,-1
1564164024527146,-1,-18,-20,4,4,1,-6,-2
1564164024528584,-4,-1,33,8,-7,-5,-4,-2
1564164024528584,10,15,-10,-10,0,2,8,8
1564164024542094,-4,-9,-1,-7,-2,1,2,1
1564164024542094,-10,-17,-27,-8,-6,2,-15,-12
1564164024543552,-1,-9,-25,-9,-1,7,3,-5
1564164024543552,1,14,6,-10,-9,-14,-3,6
1564164024564014,1,27,24,18,9,13,1,-8
1564164024564014,-13,-30,-12,-4,-1,4,3,0
1564164024570539,4,-13,-25,4,3,-11,-6,0
1564164024570539,5,20,41,0,-3,-1,-2,11
1564164024587012,-28,-40,-33,7,-4,-8,-3,-10
1564164024587012,6,32,68,18,5,1,-8,-12
1564164024588473,-10,-13,-52,-34,-18,-13,-5,0
1564164024588473,-3,-14,-16,-8,-3,5,8,0
1564164024600482,3,6,37,8,4,-2,-3,3
1564164024600482,6,-7,-27,0,5,6,9,9
1564164024608970,-3,17,18,14,4,-10,-1,1
1564164024608970,-1,6,19,16,4,3,-2,-7
1564164024625901,-11,-22,-10,-3,3,7,-3,-6
1564164024625901,5,15,3,9,4,-6,0,2
1564164024626408,12,18,-23,-30,-9,2,3,8
1564164024626408,-15,-43,-24,-1,-8,-19,-9,-17
1564164024646363,13,12,-2,4,10,16,8,1
1564164024646363,-6,-5,-6,-22,-15,-10,1,-5
1564164024646863,15,30,28,16,8,-4,2,6
1564164024646863,-37,-59,-38,-20,-17,5,-17,-17
1564164024661336,10,4,22,5,1,12,14,13
1564164024661336,-12,2,-20,-1,5,-2,-3,-3
1564164024662334,3,5,31,4,2,13,5,9
1564164024662334,13,1,10,11,-2,-8,-4,3
1564164024684300,-1,-1,-29,-15,-8,-15,-15,-24
1564164024684300,7,16,3,-13,-10,-5,5,11
1564164024684793,-7,-20,-12,1,-3,-6,-6,-11
1564164024684793,7,2,-7,1,-1,-1,4,8
1564164024706291,-6,-7,-4,-4,-2,-7,-2,2
1564164024706291,9,10,16,16,4,3,1,1
1564164024707249,0,6,-21,-14,1,2,3,2
1564164024707249,-6,-16,12,3,-1,-5,4,1
1564164024721723,-4,14,15,8,3,10,-3,-12
1564164024721723,0,-14,-13,-20,-17,-13,-4,9
1564164024728710,-8,8,17,3,1,10,6,2
1564164024728710,8,0,-17,-2,5,3,-7,-11
1564164024744191,-8,15,25,12,-1,-19,-17,-5
1564164024744191,-11,-33,-1,-1,1,7,5,-7
1564164024744680,2,-1,-11,2,-1,-2,-1,2
1564164024744680,17,37,46,21,10,6,6,7
1564164024766200,0,-7,-21,-11,-6,-9,-1,2
1564164024766200,-2,3,2,3,3,0,-4,-3
1564164024774126,7,-10,-22,-4,1,3,-3,2
1564164024774126,-1,3,27,-4,-3,-3,2,-5
1564164024781614,6,16,13,-4,-5,-6,-10,5
1564164024781614,-9,-25,-23,-6,-8,1,-6,-1
1564164024782119,-1,15,58,15,4,3,7,-5
1564164024782119,4,-1,-48,-9,4,12,0,10
1564164024804070,-11,-32,-7,-17,-7,-3,-6,-14
1564164024804070,7,31,13,12,5,-4,-1,4
1564164024804569,2,-10,-15,-14,-7,-7,-11,0
1564164024804569,-5,11,8,16,3,-1,-4,-6
1564164024826531,4,-10,2,-6,-2,-5,2,9
1564164024826531,-10,-15,-4,-1,4,4,1,-11
1564164024827036,8,13,14,12,5,-2,3,7
1564164024827036,-13,3,-27,-22,-8,-4,-5,-20
1564164024849517,3,-3,-26,-3,-4,3,6,14
1564164024849517,-7,-14,1,-1,-9,-5,-3,-6
1564164024850484,-7,-6,-4,2,0,4,4,5
1564164024850484,11,35,32,10,7,6,8,2
1564164024863994,-3,-28,-36,-14,-3,-4,1,-5
1564164024863994,-4,38,22,5,5,3,2,-1
1564164024864491,-1,-27,13,2,-2,-1,-5,5
1564164024864491,-7,-10,-22,3,5,-4,2,-3
1564164024886418,20,24,-13,1,10,17,6,25
1564164024886418,12,18,21,10,1,-10,-8,3
1564164024886917,-15,-18,-13,-7,2,9,1,-8
1564164024886917,7,15,26,-1,-2,7,4,1
1564164024902388,6,-3,2,17,-1,-3,0,3
1564164024902388,1,6,-19,2,4,-2,-4,-3
1564164024908881,-2,-6,-14,-6,-6,-7,-2,-7
1564164024908881,-5,-28,7,4,3,0,4,5
1564164024924384,4,15,-18,-6,-5,-9,-1,-1
1564164024924384,3,10,27,5,-2,3,-1,-1
1564164024931394,-1,2,-1,-6,-5,-6,-2,-5
1564164024931394,2,-5,-9,0,7,6,5,8
1564164024946304,-6,-10,-24,-11,-7,1,3,2
1564164024946304,13,10,43,11,3,0,5,-2
1564164024947304,-3,-4,-11,-8,-8,-4,-2,-3
1564164024947304,-1,-5,-1,6,0,-3,2,7
1564164024961283,-4,9,10,14,10,1,-3,-13
1564164024961283,-15,-21,-19,-20,-8,-8,-9,-8
1564164024962276,6,11,-1,7,1,3,-2,9
1564164024962276,-5,-5,1,-7,-5,-11,-11,1
1564164024983796,1,-3,12,4,-2,2,11,4
1564164024983796,-3,-1,3,7,3,2,8,1
1564164024984742,-2,-3,8,-1,-3,-4,-3,-13
1564164024984742,-2,-5,-37,-14,3,5,-1,-1
1564164025006231,5,13,40,8,-1,-4,-5,1
1564164025006231,-8,-13,-41,-18,-13,-12,-15,-12
1564164025007192,0,-3,10,3,3,11,5,0
1564164025007192,-10,-13,-3,5,-1,0,-1,-2
1564164025020673,3,2,12,-5,-8,-8,-6,2
1564164025020673,1,6,8,4,4,3,6,5
1564164025029152,1,9,-16,-5,7,2,5,0
1564164025029152,18,12,-1,-11,-10,-8,-4,6
1564164025043661,-7,6,-5,1,1,4,0,-4
1564164025043661,4,-9,6,3,-2,-1,0,4
1564164025051610,-4,-16,-24,-2,-1,0,3,0
1564164025051610,-1,8,16,7,7,6,2,-12
1564164025067618,-3,-3,-13,-5,-2,-3,-4,-3
1564164025067618,6,4,13,10,5,3,0,1
1564164025068579,-1,-1,2,-9,-9,-6,-7,-4
1564164025068579,-5,-5,-12,2,0,-3,-5,9
1564164025080558,-6,-10,-4,-8,-1,-4,-3,5
1564164025080558,3,2,-9,-10,-5,0,-5,-9
1564164025089041,2,1,2,3,4,-5,0,1
1564164025089041,-4,0,-10,-4,-3,4,3,-8
1564164025104012,-1,-1,13,12,6,-2,-3,-4
1564164025104012,-6,-7,-14,-8,-3,5,8,8
1564164025104510,-1,-3,0,-4,-8,-5,-4,-6
1564164025104510,4,3,3,4,-3,0,-3,-5
1564164025126968,4,8,10,-1,0,-3,-4,-1
1564164025126968,-1,-8,-27,-3,6,10,8,1
1564164025127473,-5,8,1,-4,-4,-3,-6,-4
1564164025127473,-4,-15,-4,-4,-2,-2,2,3
1564164025140505,-3,0,0,2,2,0,-1,-5
1564164025140505,2,4,3,-1,-4,-8,-5,-2
1564164025148971,-3,16,1,-8,2,4,4,-2
1564164025148971,11,-12,-8,-5,-1,-1,-4,-2
1564164025163937,-3,-6,11,2,-1,1,2,-5
1564164025163937,8,16,-2,12,6,1,3,6
1564164025164400,-7,-14,18,-5,-4,-3,-7,-3
1564164025164400,1,6,-9,-7,-6,-6,-4,-1
1564164025186361,-8,-10,-10,0,-2,-1,1,-4
1564164025186361,-5,-3,18,2,1,-2,1,1
1564164025186857,-1,-4,6,2,-5,-4,-5,-1
1564164025186857,-4,8,1,-4,-1,-5,-6,-3
1564164025200832,4,-11,-31,-8,-1,9,11,3
1564164025200832,3,24,47,5,-4,-2,-1,-2
1564164025208840,-2,-16,-24,-1,5,-3,-4,1
1564164025208840,-2,-2,-2,2,-2,4,4,-1
1564164025223831,6,3,2,4,2,2,-1,-3
1564164025223831,0,-22,-21,-8,-6,-2,-3,12
1564164025224790,2,13,8,15,-3,-8,-2,-9
1564164025224790,-10,-2,1,-22,-5,8,4,0
1564164025246309,-9,-16,-8,-3,-4,-4,-2,1
1564164025246309,-1,10,2,1,4,2,-4,-12
1564164025247247,-2,1,7,6,7,1,0,1
1564164025247247,-4,3,-11,3,0,-1,3,2
1564164025260792,-2,-4,2,-9,-8,-2,-3,-2
1564164025260792,-12,-21,-17,-2,-1,0,-1,-5
1564164025268706,5,13,15,5,3,4,3,5
1564164025268706,1,0,2,-5,1,-4,-3,-3
1564164025283739,4,10,6,9,0,-2,-2,3
1564164025283739,3,-13,-11,-10,-2,-5,-4,-3
1564164025284698,-2,12,-9,-1,4,7,6,5
1564164025284698,-9,-31,9,3,-10,-6,-7,-10
1564164025306135,1,1,-7,-7,-4,-2,-2,1
1564164025306135,-2,7,-3,3,0,1,2,-2
1564164025307135,13,-8,-2,9,-3,3,4,7
1564164025307135,-10,0,-14,-20,-4,-1,-1,-7
1564164025320613,-2,-17,7,-2,-1,1,-2,6
1564164025320613,3,5,-2,-3,3,1,1,-1
1564164025328593,-4,-8,-14,-3,-1,-7,-11,-17
1564164025328593,5,21,7,3,-3,-1,-2,6
1564164025344065,-6,-5,-6,-3,2,2,-2,-7
1564164025344065,4,2,-3,-4,-2,0,1,4
1564164025344564,-6,-7,-7,-2,-2,-1,0,-4
1564164025344564,5,11,11,7,-1,-4,1,-2
1564164025367021,-4,-5,-2,0,3,-2,3,-2
1564164025367021,-6,-30,-15,-4,-5,-1,1,0
1564164025367521,8,20,-4,-6,-4,-2,1,4
1564164025367521,-1,15,22,11,6,2,2,1
1564164025389520,-2,2,16,2,3,1,-2,2
1564164025389520,0,0,-13,0,3,7,7,3
1564164025390482,2,-14,3,-9,-6,-8,-10,-4
1564164025390482,-2,12,-1,3,0,-4,-3,2
1564164025403978,-3,-6,7,2,4,3,9,-6
1564164025403978,-7,1,-13,-8,-6,-4,-1,-7
1564164025404453,-1,-5,4,3,-3,1,0,3
1564164025404453,13,10,-11,-4,-1,0,1,6
1564164025426955,-6,-4,3,-9,-7,-5,-6,-6
1564164025426955,-5,5,19,6,5,3,-3,-4
1564164025427912,4,0,-23,-4,-2,3,2,1
1564164025427912,4,-3,9,3,0,0,-1,-3
1564164025456917,-5,-12,-7,-2,-1,-5,-2,0
1564164025456917,5,1,3,3,-5,-1,0,9
1564164025457871,-13,11,6,-17,-5,-6,-4,-9
1564164025457871,-1,-18,-14,0,5,1,-1,-4
1564164025463844,8,13,3,12,1,3,2,4
1564164025463844,0,1,4,-4,-1,-4,-8,-6
1564164025464374,-8,-9,-6,4,1,1,5,1
1564164025464374,-4,-6,-11,-11,-4,-1,1,1
1564164025486802,-3,-7,-6,0,-4,-3,-3,1
1564164025486802,-10,-11,5,-3,-6,-7,-5,-9
1564164025487800,6,-2,1,17,-3,1,-6,6
1564164025487800,-7,1,-5,-16,2,1,3,0
1564164025510293,-1,8,13,6,4,1,-1,-1
1564164025510293,4,-1,-23,-2,2,1,-1,2
1564164025510768,2,5,-4,0,6,3,1,-3
1564164025510768,4,-3,26,9,-6,-6,-4,-3
1564164025523732,-1,5,-8,-14,-9,-2,-4,-8
1564164025523732,-6,-7,-1,-1,-6,-2,-1,-1
1564164025524730,1,0,6,-1,2,-1,1,-1
1564164025524730,4,6,-3,6,8,6,1,1
1564164025547188,0,13,4,-1,-5,-3,1,1
1564164025547188,-1,0,-4,-2,-4,-10,-7,0
1564164025547687,2,8,-1,4,3,7,11,7
1564164025547687,-6,-28,-2,8,3,-1,-6,1
1564164025569648,2,10,-7,0,0,2,-1,-1
1564164025569648,-4,-11,-6,5,3,1,2,-3
1564164025570146,-6,0,8,-2,-1,-4,-2,-5
1564164025570146,4,-5,-3,-6,-6,-5,-4,-3
1564164025583619,-1,-3,-2,1,1,7,3,-1
1564164025583619,-3,0,24,2,2,0,-2,-4
1564164025584623,8,0,-30,-15,-5,-4,1,3
1564164025584623,-4,7,10,9,1,0,4,3
1564164025607087,5,2,-22,-10,0,-5,-6,6
1564164025607087,0,-6,15,1,-2,0,-1,-3
1564164025607575,-2,7,13,3,-2,0,-2,-1
1564164025607575,0,-9,-22,-13,-11,-3,-2,-2
1564164025629598,6,13,13,13,-1,0,0,-1
1564164025629598,-5,-27,-26,-18,-1,-1,-2,0
1564164025630043,-1,-4,3,4,3,-2,-2,-2
1564164025630043,-2,3,-3,4,4,1,0,2
1564164025644043,-7,-11,6,1,-3,-3,0,-6
1564164025644043,-6,-3,-7,-3,3,3,1,-1
1564164025644516,0,-10,-13,-2,-3,-3,-6,-2
1564164025644516,-7,-7,2,5,1,4,2,1
1564164025667005,1,25,21,14,3,-1,4,2
1564164025667005,15,19,-6,-13,-6,-3,-5,0
1564164025667965,-8,-36,-1,-5,-5,-5,-5,-1
1564164025667965,5,36,10,2,3,1,4,-1
1564164025689433,-6,-16,-11,-7,-5,-4,-2,1
1564164025689433,10,9,-3,2,0,1,0,3
1564164025690423,-8,-12,12,10,11,4,1,0
1564164025690423,-1,10,-1,0,1,-2,1,-1
1564164025703897,-3,-5,-4,-1,4,0,-3,-3
1564164025703897,-16,0,-1,-2,-3,-3,-1,-8
1564164025704895,-4,6,0,-6,-2,-4,-7,-4
1564164025704895,5,-2,5,-12,-7,2,16,4
1564164025734840,1,1,1,0,-1,-1,-12,-2
1564164025734840,-2,-10,-12,3,10,6,5,4
1564164025735340,10,20,19,-8,-3,1,-3,1
1564164025735340,-9,-12,-14,5,-4,-6,-7,-9
1564164025749348,-3,-1,-3,-23,-13,-6,1,-4
1564164025749348,-3,-1,9,16,-3,-2,-2,-1
1564164025750318,-3,13,-21,-1,6,3,5,4
1564164025750318,3,-6,27,8,4,1,-5,3
1564164025763827,-5,-32,-14,-4,-1,-2,-2,-5
1564164025763827,7,27,5,-4,-9,-7,-3,2
1564164025764786,4,2,-6,-23,-11,-4,-3,1
1564164025764786,-3,-7,-2,5,9,5,-4,3
1564164025794729,-3,-4,-7,1,4,0,-3,-1
1564164025794729,-12,-5,-5,0,0,3,2,-7
1564164025795228,-1,-14,14,14,-2,1,8,1
1564164025795228,14,13,-6,2,-8,-4,0,1
1564164025808738,-8,-2,-4,-4,14,0,-12,-5
1564164025808738,5,8,1,1,-2,0,12,8
1564164025816691,12,9,-4,-9,-6,-4,0,5
1564164025816691,15,-3,-4,-19,-8,-1,-13,0
1564164025823712,-15,-11,0,32,-4,-3,-2,-8
1564164025823712,-10,4,0,0,18,7,-2,-6
1564164025824673,-32,-17,13,12,9,-1,-11,-21
1564164025824673,12,13,-12,-10,-1,0,11,7
1564164025847166,31,3,3,-18,-16,-1,3,17
1564164025847166,3,8,3,8,-4,-3,-2,0
1564164025847640,5,-11,-14,3,-4,-3,1,-5
1564164025847640,-24,-8,4,2,0,-3,-5,-10
1564164025869596,-9,-2,-9,-16,5,0,1,-2
1564164025869596,-13,-15,-8,-1,-7,-3,-4,0
1564164025870097,15,7,0,-13,-14,-1,8,6
1564164025870097,-9,4,7,44,15,1,-5,-1
1564164025884101,22,-1,-10,-9,1,-2,2,7
1564164025884101,21,13,10,8,-1,-4,12,4
1564164025885071,-30,1,0,-9,0,3,-6,-6
1564164025885071,1,-19,-4,-17,-12,-7,-9,-7
1564164025907021,-26,4,6,24,5,1,4,-6
1564164025907021,-4,-3,0,-1,5,0,-14,-6
1564164025907521,12,-6,-16,-29,-10,-9,-3,-3
1564164025907521,2,7,4,9,8,1,5,-5
1564164025929482,16,8,4,0,-5,0,-5,4
1564164025929482,-13,0,0,4,3,6,17,7
1564164025930476,-7,-22,-6,0,-7,1,13,9
1564164025930476,-4,7,6,5,5,-6,-13,-3
1564164025943951,27,0,1,-11,-6,-2,-11,-2
1564164025943951,8,3,12,3,-2,-3,-9,-2
1564164025944450,2,11,6,12,0,2,2,0
1564164025944450,-27,-19,-30,-20,-3,0,-5,-5
1564164025966908,-14,0,8,8,-3,-6,4,-6
1564164025966908,13,0,19,-2,-3,7,3,1
1564164025967907,-6,-8,-1,6,2,-4,-18,-8
1564164025967907,59,22,16,4,-5,-2,5,19
1564164025989410,-40,-4,-10,-10,1,2,-3,-5
1564164025989410,-39,-21,-14,-2,-6,-5,-9,-20
1564164025990368,20,17,16,8,6,9,20,12
1564164025990368,-15,-11,-9,15,12,6,5,4
1564164026011865,32,9,-4,-4,2,0,10,11
1564164026011865,8,1,-6,2,0,-6,-14,-1
1564164026012822,-11,-5,6,17,2,-2,0,-9
1564164026012822,-2,-1,-15,-29,-15,-5,-7,-8
1564164026026837,-17,-3,-3,-3,-2,-4,9,-5
1564164026026837,-2,-6,-4,-6,-5,0,2,5
1564164026028796,23,4,-9,-5,2,-1,0,11
1564164026028796,-33,-11,5,3,-1,2,3,-9
1564164026049763,11,-3,-1,4,5,4,0,1
1564164026049763,-10,-11,-21,-9,-4,-5,-10,-3
1564164026051253,1,-8,-4,3,-3,-8,-5,-1
1564164026051253,9,0,-2,-18,-3,-2,-6,-3
1564164026063263,4,3,5,-5,-14,0,6,2
1564164026063263,7,18,6,-4,4,1,0,1
1564164026072214,30,9,-12,7,10,6,5,15
1564164026072214,0,-16,-4,-5,-6,-5,-1,-1
1564164026087222,0,-1,6,8,2,-2,-2,-10
1564164026087222,-14,12,0,-8,-7,-2,-5,2
1564164026088684,-46,-38,-5,10,4,-8,-18,-23
1564164026088684,3,-6,-3,2,-3,-2,5,5
1564164026109646,1,-5,0,-3,0,2,-1,7
1564164026109646,0,-5,-3,-6,-4,-3,7,2
1564164026111141,11,13,4,-9,0,7,7,4
1564164026111141,-14,-1,-3,3,-4,-3,-5,-4
1564164026123204,5,3,-4,-8,-3,-2,-8,-4
1564164026123204,23,-7,-5,7,0,1,4,9
1564164026132186,1,3,4,-10,-5,-6,-15,-7
1564164026132186,0,11,2,-4,0,2,14,4
1564164026147183,-25,2,0,-4,-3,1,4,2
1564164026147183,45,-7,-1,3,15,9,7,17
1564164026148656,-55,-6,-4,27,-5,-10,-12,-42
1564164026148656,6,-10,-10,-22,-2,6,14,6
1564164026169628,0,14,0,3,-8,-14,-21,-9
1564164026169628,23,4,9,-5,6,-3,-1,18
1564164026171136,57,7,-1,-24,-10,0,14,41
1564164026171136,-42,-7,-2,8,5,-7,-24,-25
1564164026183131,9,-6,2,8,-2,-1,3,-10
1564164026183131,0,5,-7,2,-8,-7,-5,-14
1564164026192074,-45,-5,3,1,7,7,12,-6
1564164026192074,5,-12,-10,-22,-11,-1,-9,-5
1564164026207086,-30,-4,-3,9,15,5,-5,-1
1564164026207086,34,-14,0,10,-8,-2,7,13
1564164026208546,9,12,7,11,13,0,-13,-20
1564164026208546,62,31,29,30,6,11,32,58
1564164026237028,-37,-6,-12,-38,-6,4,14,-3
1564164026237028,11,9,3,23,1,-3,-11,-13
1564164026238490,-7,-15,-11,-16,-6,-3,-3,-8
1564164026238490,6,7,-6,-13,-12,-1,-14,-11
1564164026253460,-15,-13,-1,-20,5,-4,-5,-11
1564164026253460,-53,-5,-2,1,-4,-6,-15,-24
1564164026254959,48,26,12,7,-1,4,11,29
1564164026254959,-3,-9,-4,20,14,7,7,12
1564164026266973,77,10,14,16,6,12,6,34
1564164026266973,11,11,-2,-19,7,7,4,-21
1564164026268440,-44,-8,-3,2,-1,-4,-2,-2
1564164026268440,-8,-7,-12,-8,-2,-6,-13,-26
1564164026289931,-16,-5,7,13,-8,-9,-13,-9
1564164026289931,-24,-10,0,-12,-1,2,-3,-2
1564164026291391,-10,10,-4,-9,-7,-4,3,14
1564164026291391,38,2,7,-23,-7,4,9,3
1564164026303376,53,-8,-6,5,-9,-9,-20,8
1564164026303376,-59,10,-6,20,7,7,3,-24
1564164026312351,-15,-25,-3,-3,-1,3,1,2
1564164026312351,-40,-27,-19,-18,-12,-17,-23,-24
1564164026327331,-117,-8,-6,-30,-6,-7,4,-22
1564164026327331,50,24,17,28,-1,2,2,-4
1564164026328820,61,1,4,5,6,6,0,22
1564164026328820,-67,-1,2,14,6,3,4,-6
1564164026349304,34,1,3,-5,-1,0,11,14
1564164026349304,-8,11,6,-8,-10,-9,-26,-8
1564164026351277,37,-8,-8,21,15,1,7,14
1564164026351277,-42,-2,-7,-35,-11,-5,-5,-38
1564164026372252,-18,-4,1,43,12,7,16,23
1564164026372252,-2,-26,-13,-31,-2,-1,13,15
1564164026373736,29,15,9,14,0,-1,-8,-12
1564164026373736,31,-5,5,11,0,-6,-14,5
1564164026387216,2,20,-13,-13,-12,-2,13,-11
1564164026387216,-104,-50,-5,9,-3,-4,-14,-25
1564164026388708,2,11,0,-50,-28,-12,-23,-12
1564164026388708,66,12,-8,34,25,14,38,35
1564164026409675,-21,-17,8,10,4,-4,-30,-18
1564164026409675,47,-5,-14,-20,-10,-7,-4,8
1564164026411200,-88,-31,-5,-12,-2,3,16,-17
1564164026411200,48,50,17,16,2,-4,-16,3
1564164026432165,65,-6,-4,-4,2,-2,4,4
1564164026432165,-35,19,8,8,11,5,9,17
1564164026433625,43,10,18,36,6,9,2,4
1564164026433625,-79,-14,-21,-13,4,-6,-13,-25
1564164026446616,20,13,7,0,2,4,0,12
1564164026446616,48,10,-7,-27,-9,-7,-2,11
1564164026453089,-30,-9,-6,-10,-14,-7,-7,-17
1564164026453089,15,4,8,25,5,4,27,26
1564164026469590,-45,-4,-1,-10,5,2,-15,-20
1564164026469590,51,-4,-8,-5,-6,-4,2,18
1564164026471057,-70,6,-5,-21,4,7,-5,-30
1564164026471057,-25,-19,15,20,-8,-13,-27,-15
1564164026492025,45,11,-3,7,1,5,34,28
1564164026492025,-10,-17,-8,-15,6,3,4,4
1564164026493514,4,-4,6,11,-4,-6,-11,-7
1564164026493514,-6,1,-12,-22,-7,-1,-11,-10
1564164026514483,-11,6,6,17,8,14,17,18
1564164026514483,3,9,5,1,2,-4,-8,-11
1564164026515974,33,-2,-10,3,-6,-13,-18,6
1564164026515974,-10,-17,-1,3,-1,2,0,6
1564164026529484,1,20,8,-6,-3,0,6,-11
1564164026529484,28,7,12,20,8,11,14,9
1564164026530947,-26,16,-1,-23,-3,-2,-14,2
1564164026530947,-37,-23,7,32,10,2,19,-3
1564164026551906,43,-5,-7,0,8,8,1,2
1564164026551906,-16,-2,-11,-7,-13,-14,-11,-9
1564164026553405,-32,-7,-1,-9,-5,0,13,-6
1564164026553405,-18,18,8,-10,-4,-6,-21,-12
1564164026566411,30,-9,-4,11,3,1,4,17
1564164026566411,-50,-16,-1,-12,-2,1,4,0
1564164026573373,-3,12,-7,-23,-2,-2,-8,-11
1564164026573373,7,3,10,39,12,8,13,11
1564164026589376,-64,-13,-8,-3,-2,0,-4,-24
1564164026589376,50,16,-7,-6,-11,-18,-27,3
1564164026590832,-45,-27,4,2,-8,-3,14,-9
1564164026590832,51,23,4,-3,12,5,2,12
1564164026611802,-58,-21,-9,-28,-19,-11,-14,-22
1564164026611802,12,-3,6,27,17,12,18,13
1564164026613800,-12,16,0,-10,-8,-5,-14,-17
1564164026613800,-44,-57,-23,-16,-6,-3,-6,-7
1564164026626305,47,3,2,5,-4,-4,-4,1
1564164026626305,-14,12,-1,-2,-1,3,2,-9
1564164026633309,22,8,-3,-24,0,-1,-7,19
1564164026633309,-26,-2,7,24,1,6,18,-12
1564164026649730,28,16,-2,-12,-1,-3,-14,4
1564164026649730,-4,-8,-1,3,-6,-4,-3,-14
1564164026651229,-51,-1,-4,19,6,10,47,23
1564164026651229,93,-17,-6,-26,-10,-6,-20,15
1564164026672208,-16,7,-3,-18,-15,-15,-19,-21
1564164026672208,20,23,17,18,15,12,11,9
1564164026673680,6,-8,-11,-7,-5,0,8,6
1564164026673680,11,13,6,-10,0,1,1,2
1564164026686194,-11,-3,0,23,2,-4,-2,0
1564164026686194,64,-4,6,7,-1,-3,-28,6
1564164026700668,-10,-23,-16,-7,7,-1,14,-11
1564164026700668,-21,18,8,4,-8,6,9,-8
1564164026709618,6,5,-2,-4,10,7,-1,3
1564164026709618,-6,-13,-10,-24,-4,1,8,10
1564164026711143,51,11,5,40,14,7,-7,8
1564164026711143,-21,-18,-8,-18,-12,-10,-12,-13
1564164026732086,15,7,-1,-1,-3,-6,6,-3
1564164026732086,-51,2,-1,-1,-1,-2,3,-10
1564164026734068,20,-12,-2,-7,-10,-7,-19,2
1564164026734068,8,34,6,-5,6,3,1,4
1564164026754529,-30,3,4,10,13,15,14,2
1564164026754529,-3,-10,0,2,0,-2,5,4
1564164026756027,-5,7,9,17,10,0,-14,-6
1564164026756027,44,-4,-11,-13,-8,-6,-4,10
1564164026769533,-7,-16,-2,-11,-7,-7,-19,-3
1564164026769533,-35,20,-1,-15,-11,-1,21,-11
1564164026771000,31,-3,5,16,13,10,2,8
1564164026771000,14,3,1,3,1,1,1,6
1564164026792458,-11,-9,-10,-2,-5,-8,0,1
1564164026792458,-17,8,4,-11,-5,-5,-9,-11
1564164026793957,-9,-24,3,5,-2,-3,-12,0
1564164026793957,2,-2,-16,-30,-2,-2,16,1
1564164026806438,20,-12,3,25,2,-2,-10,-2
1564164026806438,-21,3,-5,-1,-5,3,6,-7
1564164026813420,3,6,3,-3,-6,-6,0,-2
1564164026813420,3,2,3,-4,-4,0,-13,-10
1564164026829388,24,11,-1,-5,1,1,-2,11
1564164026829388,-41,-26,-6,9,6,0,15,-1
1564164026830888,32,31,7,3,2,-1,-13,-6
1564164026830888,-27,-28,-16,-19,-18,-10,4,-2
1564164026851848,-43,-5,1,-15,-10,-8,-8,-16
1564164026851848,51,5,2,34,24,6,-6,13
1564164026853347,-13,-7,-16,-13,-6,-2,4,2
1564164026853347,2,9,6,0,-3,1,1,2
1564164026865837,-30,18,4,-11,-2,-3,-3,-5
1564164026865837,22,-28,-14,0,-6,4,6,5
1564164026874809,4,-5,-1,10,2,-6,-8,-4
1564164026874809,-28,19,3,7,8,3,1,-8
1564164026889786,33,-6,2,-9,-5,0,7,21
1564164026889786,-5,14,-1,-14,-8,-8,-14,-17
1564164026891276,12,1,-1,-8,-8,0,1,8
1564164026891276,-74,-26,-2,5,6,-2,1,-8
1564164026912260,9,13,2,-3,-4,12,26,6
1564164026912260,-21,-4,-3,2,5,-6,-24,-12
1564164026913735,40,12,0,4,0,-2,15,6
1564164026913735,36,4,-2,-21,-4,-1,-6,13
1564164026925711,-31,-17,-1,27,3,-7,-13,-13
1564164026925711,19,-5,-5,-13,-3,5,15,14
1564164026934695,-49,3,-5,-15,-14,0,-10,-24
1564164026934695,40,0,3,14,1,1,5,18
1564164026948669,30,0,-1,6,10,1,1,4
1564164026948669,11,12,1,-6,-15,-7,-23,-3
1564164026957153,-32,-4,-2,12,16,-1,18,-3
1564164026957153,11,-2,-3,-5,-8,-1,-9,10
1564164026972125,-32,-35,2,0,0,2,2,-21
1564164026972125,-13,-7,-1,6,-6,-1,6,0
1564164026973627,31,12,2,-25,1,6,-2,7
1564164026973627,-6,-5,-14,14,-1,-6,10,-7
1564164026985601,-21,0,2,12,-2,-9,-11,-4
1564164026985601,-13,9,4,-20,2,-2,-2,-1
1564164026994582,29,7,9,-4,-4,7,15,21
1564164026994582,4,-16,-5,23,9,2,-7,-10
1564164027010076,16,5,-1,-20,-15,-4,-2,-4
1564164027010076,4,-9,2,12,15,-2,2,5
1564164027011572,9,6,0,11,0,-5,-13,-3
1564164027011572,8,18,6,-8,-6,-1,1,9
1564164027032074,-25,-11,1,-7,-5,-4,-7,-16
1564164027032074,2,-3,0,-1,-2,-1,9,-5
1564164027033512,51,2,-1,-19,-2,0,-3,19
1564164027033512,-7,-16,-2,17,5,3,10,-4
1564164027045509,6,5,-10,-10,2,4,1,9
1564164027045509,-6,8,5,-4,-6,-5,-12,-3
1564164027054471,-34,-12,3,13,8,-6,-18,-16
1564164027054471,28,10,4,-14,-7,0,21,13
1564164027069985,-20,0,7,7,1,3,6,-3
1564164027069985,-3,-7,-23,-9,-3,-3,-14,-10
1564164027071439,10,8,0,4,-5,2,10,-3
1564164027071439,-19,-7,-4,-12,-9,-13,-28,-9
1564164027091942,-1,4,1,2,0,2,10,-1
1564164027091942,30,-2,0,-20,-8,-4,7,12
1564164027093399,-39,-16,-9,16,11,3,-1,-7
1564164027093399,-26,-10,1,8,6,5,-2,-6
1564164027105489,6,-1,3,-9,-3,6,-3,-3
1564164027105489,42,8,-4,4,-2,-2,10,14
1564164027114437,-8,6,4,-2,0,0,12,14
1564164027114437,-8,-4,0,-8,-1,-2,-10,-9
1564164027129405,-3,-1,-4,-4,1,-5,-3,5
1564164027129405,-1,-12,3,3,-6,2,-8,-11
1564164027130903,14,18,-1,-5,-2,-2,8,8
1564164027130903,-16,-20,1,0,-5,2,11,-6
1564164027151863,25,8,-7,-10,1,0,-10,-1
1564164027151863,-28,11,3,-1,0,-2,-9,-8
1564164027153361,2,-23,-5,8,-3,-4,2,-4
1564164027153361,1,6,-3,-3,-4,-3,-10,-2
1564164027165338,-5,-2,0,6,2,-4,-2,-3
1564164027165338,-2,-5,-5,-2,3,6,6,2
1564164027174821,-10,-8,0,-1,0,4,3,-3
1564164027174821,5,15,5,-7,-5,-3,0,0
1564164027190830,-2,-3,0,8,7,-1,1,1
1564164027190830,-14,-12,-1,9,5,0,-1,-3
1564164027192292,-12,5,3,-4,-3,0,-9,-6
1564164027192292,-4,5,2,2,1,2,1,3
1564164027211793,15,7,1,1,0,-9,-2,7
1564164027211793,-17,-1,13,7,0,-5,-11,-12
1564164027213756,-3,-6,-11,-11,-5,2,-11,4
1564164027213756,8,9,-4,-5,-1,-1,11,0
1564164027225759,0,7,14,7,2,2,0,-1
1564164027225759,-6,-8,-11,-3,-7,-16,2,6
1564164027234716,-8,-8,-7,-8,-3,8,-6,-18
1564164027234716,-6,11,22,22,17,19,44,14
1564164027249718,1,-27,-57,-26,-26,-30,-34,-9
1564164027249718,-13,-7,0,-11,10,38,14,7
1564164027251186,13,8,9,9,6,3,12,3
1564164027251186,4,0,-2,2,6,0,-11,0
1564164027272677,-4,12,19,13,4,0,8,-12
1564164027272677,-1,-2,7,-3,-9,-18,-1,4
1564164027274144,-4,-8,-13,-9,-8,-8,-11,-8
1564164027274144,7,3,-2,-6,-6,-4,-11,-9
1564164027294634,7,21,10,6,2,-9,5,6
1564164027294634,-1,-9,-22,0,0,-7,-4,-5
1564164027296102,2,6,31,5,0,1,-8,4
1564164027296102,3,9,20,0,-10,-9,-11,6
1564164027309573,-1,-10,-29,-9,-1,-1,4,1
1564164027309573,-8,-6,4,-1,-1,17,-2,-2
1564164027317065,1,-1,0,9,9,15,25,8
1564164027317065,-4,-2,-4,-4,-4,-10,-16,-12
1564164027332065,9,7,4,-2,7,10,6,21
1564164027332065,-1,6,2,16,-4,-7,-2,-6
1564164027333527,1,-6,-18,-18,-11,-11,-1,-1
1564164027333527,-5,-17,-33,-6,3,-1,-10,-7
1564164027354493,3,12,52,10,10,13,10,0
1564164027354493,-10,-19,-37,-6,-5,-8,1,-7
1564164027355985,3,-3,6,1,-4,-9,-10,-3
1564164027355985,6,20,20,-1,-2,2,-2,1
1564164027369460,-4,-16,-24,7,6,2,-1,1
1564164027369460,-4,-19,-21,-22,-8,0,-1,-2
1564164027370958,1,8,-3,-1,-9,-8,-9,0
1564164027370958,17,19,-18,-9,9,3,1,1
1564164027399441,-10,-19,5,0,-1,0,2,2
1564164027399441,7,10,21,12,3,-3,-7,-8
1564164027400909,-3,-2,13,0,-2,-3,-2,-9
1564164027400909,-16,-12,-4,-8,-8,-7,-10,-14
1564164027414415,17,3,-2,0,-3,2,-1,-2
1564164027414415,-8,-16,-22,-4,-7,-8,-6,0
1564164027415881,8,10,24,2,-1,-7,-5,7
1564164027415881,-6,-3,-4,1,0,-4,-6,0
1564164027430381,-4,2,-1,-3,0,11,4,4
1564164027430381,-9,-8,-8,-6,-3,-4,5,-3
1564164027435843,-1,-11,-24,-1,-6,-11,-9,-5
1564164027435843,1,9,5,2,-2,8,17,9
1564164027453336,-6,-5,-2,-1,1,-2,-2,-4
1564164027453336,9,22,9,-2,5,4,4,5
1564164027454802,-3,-6,3,2,2,0,0,-7
1564164027454802,9,12,14,6,1,5,3,6
1564164027474772,-6,-21,-46,-15,-6,-3,-4,-7
1564164027474772,-10,-12,49,13,2,-2,2,-1
1564164027476263,9,38,18,8,4,4,-1,4
1564164027476263,-9,-22,-11,-10,-7,-1,-3,4
1564164027488745,0,2,-18,-5,-4,-3,-1,-6
1564164027488745,13,19,5,-2,2,5,2,9
1564164027495725,-9,-15,8,-5,-5,-6,-7,-9
1564164027495725,9,13,-5,17,9,3,0,4
1564164027512195,-3,-7,6,-3,-2,-2,-1,-4
1564164027512195,-1,5,20,5,0,-3,-3,-13
1564164027513692,-3,-21,-13,-17,-6,-2,3,16
1564164027513692,-9,-12,1,-5,-6,-5,-3,-10
1564164027534652,10,28,4,5,7,3,0,8
1564164027534652,-12,-35,-49,-10,-6,-3,-4,-9
1564164027536151,-2,13,35,16,6,1,-1,-3
1564164027536151,1,0,7,-12,-8,-9,-6,0
1564164027548627,-3,1,18,4,-2,2,1,-3
1564164027548627,11,17,5,-2,-2,1,3,3
1564164027555614,-5,-10,-29,-11,-2,0,0,-1
1564164027555614,-6,-12,-3,17,8,-3,-1,-3
1564164027572106,3,30,41,3,3,3,1,-3
1564164027572106,14,10,-17,-8,1,2,6,12
1564164027573580,-8,-16,3,14,3,-5,9,0
1564164027573580,0,1,17,18,4,10,-4,-3
1564164027594582,4,18,-19,-20,-9,-11,-8,-3
1564164027594582,-12,-32,-33,-8,-8,-9,-7,1
1564164027596042,-18,-1,49,1,2,2,0,-18
1564164027596042,2,12,-29,9,2,13,14,22
1564164027609031,-6,-23,28,1,-9,-10,-6,1
1564164027609031,0,30,7,3,6,12,15,-3
1564164027623028,-1,-14,-36,-10,-4,2,-4,-9
1564164027623028,-2,-21,-21,-7,2,-1,2,-4
1564164027639470,1,-4,-5,0,3,-4,-5,1
1564164027639470,-1,17,26,-1,-7,-11,-9,-7
1564164027640959,0,-11,-32,-4,-1,1,1,2
1564164027640959,2,5,23,13,9,3,0,-4
1564164027654436,2,-11,-51,-19,-4,3,3,9
1564164027654436,6,27,82,19,7,6,3,5
1564164027660441,-10,-39,-61,-23,-13,-7,-6,0
1564164027660441,-3,-9,4,-10,-12,-11,-7,-1
1564164027668941,-1,4,2,9,0,-3,-6,-10
1564164027668941,8,20,27,6,6,16,4,3
1564164027675893,9,-19,-36,-2,-2,-1,5,7
1564164027675893,3,7,23,-5,-6,-7,-4,-4
1564164027691899,-31,4,10,12,7,0,-4,-7
1564164027691899,-6,0,-21,-5,-3,-4,4,-4
1564164027693361,10,12,2,3,4,3,-1,7
1564164027693361,-7,-13,-11,-5,-4,-5,-4,-11
1564164027714379,8,-6,9,4,2,4,1,5
1564164027714379,-5,-7,-5,12,4,-4,2,5
1564164027715838,0,20,27,-1,4,1,-1,2
1564164027715838,1,-2,-21,-18,-13,-8,-4,-3
1564164027728320,1,-10,-13,-3,-2,3,6,8
1564164027728320,-4,-12,-23,-3,1,-4,-2,-5
1564164027737275,18,47,14,13,9,7,-1,-1
1564164027737275,-18,-35,7,-6,-2,0,-2,-6
1564164027753245,5,1,25,7,-4,-1,6,-5
1564164027753245,-7,-4,-22,-28,-10,-7,-7,9
1564164027755242,-5,4,21,10,2,0,6,2
1564164027755242,0,12,-15,-6,-3,-3,-5,-5
1564164027774707,-7,-15,-8,2,-3,-2,0,5
1564164027774707,4,-15,4,8,3,5,-2,-9
1564164027776204,-3,13,-9,-5,-4,-2,-2,-1
1564164027776204,2,4,-6,-12,-4,-4,0,1
1564164027788221,1,5,29,11,2,-3,2,-7
1564164027788221,-7,-15,-27,-6,-5,-6,-12,-3
1564164027797185,2,7,8,2,1,12,12,-1
1564164027797185,-4,-13,8,10,3,3,2,2
1564164027812635,-2,-3,-21,-5,5,6,0,-2
1564164027812635,-3,8,38,-3,-9,-6,-6,-11
1564164027814136,-7,-27,-7,1,4,-3,0,2
1564164027814136,5,17,19,-15,-5,-3,-8,-7
1564164027834595,3,14,-2,-2,-1,-2,1,3
1564164027834595,0,-7,-27,-2,-2,-4,-3,6
1564164027836092,-5,-8,20,4,-5,4,7,-1
1564164027836092,5,2,7,2,3,2,3,4
1564164027849605,0,15,-9,-4,0,0,-1,-3
1564164027849605,3,-13,1,9,5,1,1,-2
1564164027857053,0,0,-6,2,-1,-5,-4,-5
1564164027857053,15,13,3,1,-2,-5,-10,6
1564164027872064,-1,-13,-3,-6,-3,0,4,2
1564164027872064,1,10,5,-1,-5,-1,-1,1
1564164027873531,-1,11,-13,-2,2,1,-3,0
1564164027873531,-10,0,0,-5,-1,-1,0,-5
1564164027893526,-4,-10,-6,4,-1,-1,-4,-2
1564164027893526,0,12,14,3,2,0,5,2
1564164027901973,0,-14,-28,-18,-8,-2,-12,-3
1564164027901973,-3,-6,-1,17,-1,-2,1,-2
1564164027907960,4,7,-1,-5,-4,-2,-3,-2
1564164027907960,-8,-15,-7,-9,1,3,-1,0
1564164027916951,11,25,26,10,0,-6,-3,2
1564164027916951,-8,-21,-33,-8,2,4,3,-1
1564164027931920,3,-2,-6,-1,-3,-1,-4,-4
1564164027931920,10,5,-7,8,-4,-1,0,1
1564164027933413,-8,-1,13,-3,8,-6,-8,-4
1564164027933413,2,-8,-6,7,5,8,8,3
1564164027954876,-2,8,11,-9,-7,-3,-1,1
1564164027954876,3,0,1,-10,-8,-1,0,-2
1564164027956370,-2,10,-19,10,14,5,3,2
1564164027956370,0,-18,5,6,-1,-7,-3,-4
1564164027968347,-3,3,10,4,2,0,-9,-4
1564164027968347,1,12,-1,-3,-2,0,1,0
1564164027977335,-3,1,-14,-5,-6,-2,-7,-8
1564164027977335,-3,4,10,-2,0,-6,-1,0
1564164027991803,1,-26,-6,-7,-5,-1,4,5
1564164027991803,-3,-3,-3,-6,-4,-2,-7,-9
1564164027993800,2,-11,9,8,-1,-1,3,2
1564164027993800,4,23,-10,-14,-2,0,-1,-2
1564164028014761,4,1,0,7,6,3,2,-1
1564164028014761,-3,-12,4,1,0,-3,-1,2
1564164028016269,-6,-13,-14,-8,-6,-7,5,-2
1564164028016269,1,13,12,6,-3,11,2,-1
1564164028028300,-9,-23,-26,-10,-1,-3,-3,-4
1564164028028300,6,14,9,10,10,2,2,3
1564164028037220,1,-4,5,-1,-5,-2,-6,0
1564164028037220,4,-6,-19,-18,-8,-9,-4,-1
1564164028052192,3,6,4,5,0,-2,0,0
1564164028052192,-5,-11,-11,6,11,3,0,-4
1564164028053688,1,0,-1,-4,-4,-2,1,1
1564164028053688,1,10,16,4,0,-1,0,1
1564164028074650,1,-3,-13,-13,-11,-3,-5,-2
1564164028074650,-2,2,-7,-3,-4,0,1,-1
1564164028076154,-3,-3,15,14,8,2,1,0
1564164028076154,-6,-20,-16,-2,0,-4,-3,-5
1564164028088124,7,31,20,-2,-2,-1,1,3
1564164028088124,-1,-7,-24,-6,-4,-3,-2,-1
1564164028104593,-3,1,9,0,-1,0,-1,-2
1564164028104593,-3,0,-6,1,4,-1,-3,-2
1564164028112113,-1,-6,-4,0,-3,0,1,1
1564164028112113,-4,-6,5,-3,-4,-1,1,1
1564164028113577,6,19,-1,5,-1,0,-2,0
1564164028113577,-4,-11,-4,5,4,-2,1,-1
1564164028134538,-10,-13,-10,-11,-8,-3,-3,-4
1564164028134538,-3,-3,2,7,8,1,0,-1
1564164028136036,-9,-12,-12,0,2,2,-1,-3
1564164028136036,-3,4,0,-1,-8,-5,-1,0
1564164028148045,-1,-2,-3,6,6,1,1,0
1564164028148045,1,3,7,-11,-13,-3,-2,0
1564164028157004,3,-5,-5,2,-6,-3,-4,-2
1564164028157004,5,3,-10,-12,8,2,0,2
1564164028179475,-12,-20,-2,-4,-3,-3,-1,-4
1564164028179475,5,18,-3,8,-2,-3,-1,2
1564164028180952,-7,-14,-8,-12,-6,-4,-2,-2
1564164028180952,6,32,24,12,-7,-3,0,2
1564164028194426,12,-29,-14,-11,-2,-1,-3,3
1564164028194426,-5,1,-6,20,20,7,2,-4
1564164028195924,2,2,-14,-27,-16,-5,-3,1
1564164028195924,-4,-7,3,10,5,1,0,-2
1564164028208402,2,8,0,-3,-2,-1,0,-1
1564164028208402,3,16,9,11,1,0,0,1
1564164028216886,-5,-15,4,-16,-1,-2,0,0
1564164028216886,-1,-6,-25,-5,-8,-5,-5,-1
1564164028231360,-25,-17,1,12,9,3,-1,-10
1564164028231360,9,15,4,-13,0,2,0,2
1564164028238343,-5,-12,-18,-3,-6,-2,1,-1
1564164028238343,-4,-4,13,1,-10,-3,-1,-3
1564164028254336,5,2,-1,4,4,1,2,-1
1564164028254336,-6,-9,8,-8,-14,-5,-1,-5
1564164028255811,18,14,5,3,13,3,3,3
1564164028255811,6,14,-2,10,9,4,4,4
1564164028276771,-32,-4,0,9,-6,-5,-3,-4
1564164028276771,-17,-17,-6,-28,-6,-3,-5,-8
1564164028278769,1,11,6,8,-3,0,-1,1
1564164028278769,9,-2,-1,4,1,-1,-1,0
1564164028291269,14,12,-2,-10,2,3,-1,2
1564164028291269,5,9,4,10,-2,1,1,8
1564164028298274,21,-1,15,-19,-6,1,-1,5
1564164028298274,-26,8,17,14,-9,-1,0,-1
1564164028314702,-32,-34,-18,9,19,4,-3,-18
1564164028314702,2,-7,-10,1,3,-2,-1,-6
1564164028316204,8,8,-6,8,7,-2,1,2
1564164028316204,19,18,-4,-20,-8,-3,-2,2
1564164028337166,1,19,15,-10,-11,-4,0,4
1564164028337166,23,-32,-20,2,-2,-2,0,6
1564164028338662,-10,8,5,10,-3,-4,-1,-3
1564164028338662,-20,-21,18,2,4,2,1,-5
1564164028351138,9,9,-31,-2,-6,-3,-2,0
1564164028351138,-4,1,18,-18,-4,-4,-6,-8
1564164028358164,-11,-5,5,17,-7,-2,3,11
1564164028358164,10,-8,-18,-29,0,0,-4,-1
1564164028382077,-18,-1,5,24,11,-1,-4,-16
1564164028382077,16,19,6,1,0,2,4,9
1564164028383578,-4,-5,-12,-10,0,0,4,6
1564164028383578,8,0,5,4,1,0,2,1
1564164028397070,49,18,5,4,-5,-2,4,12
1564164028397070,-64,-42,-18,5,-1,-3,-3,-15
1564164028398547,-53,-27,-2,1,1,-1,-8,-34
1564164028398547,1,36,8,-4,1,1,0,-5
1564164028410564,30,1,3,4,-1,0,-2,0
1564164028410564,15,-6,-9,2,7,1,5,22
1564164028419508,-21,-10,-15,-7,-2,-4,-6,-14
1564164028419508,-4,-8,0,-2,-4,-2,-2,-4
1564164028434482,22,6,-11,-13,-8,-2,-1,6
1564164028434482,-4,13,10,2,-1,2,0,-3
1564164028435976,0,5,14,5,7,1,1,4
1564164028435976,-15,-9,-9,6,3,-1,-3,-11
1564164028457475,3,4,-13,-14,-10,-4,-1,3
1564164028457475,-22,-5,-2,3,1,1,1,-4
1564164028458937,19,8,5,0,0,-1,1,3
1564164028458937,2,-3,-14,-2,1,1,0,-2
1564164028470414,-20,-9,17,3,0,0,0,1
1564164028470414,8,3,1,1,-8,-1,1,2
1564164028479405,18,11,3,-4,1,-1,1,1
1564164028479405,14,-20,-13,-5,4,2,2,11
1564164028495899,-13,13,7,-4,-2,-1,0,-7
1564164028495899,-19,-4,-8,-5,-2,-4,-7,-12
1564164028497365,-9,-2,2,2,-1,1,-1,-1
1564164028497365,18,4,-16,-7,-7,-3,-4,7
1564164028518332,-2,-14,5,-13,0,2,3,6
1564164028518332,8,6,11,14,1,0,-1,-2
1564164028519823,20,-6,-10,-5,-4,-3,-2,3
1564164028519823,-30,-10,2,2,4,1,0,-5
1564164028530808,-8,-1,7,-3,-2,-1,0,2
1564164028530808,6,10,11,5,4,2,0,-2
1564164028539785,5,-10,-36,-15,-4,-2,-2,1
1564164028539785,20,-8,4,-1,-7,-2,-1,1
1564164028554759,-1,12,6,5,3,0,1,-1
1564164028554759,2,-3,1,-6,-5,-2,1,0
1564164028556255,-1,2,-15,-3,-1,2,1,-2
1564164028556255,-3,-7,3,-2,-5,-1,2,3
1564164028577216,-5,1,7,8,6,-1,-4,-2
1564164028577216,21,0,-7,-6,-3,-3,-1,6
1564164028578713,-8,16,12,8,3,-3,-4,-7
1564164028578713,-5,-14,-18,-5,-2,-2,1,-5
1564164028590729,-5,-3,13,6,1,1,2,-1
1564164028590729,33,4,-16,-16,-4,-2,-3,3
1564164028599673,-4,-4,1,2,-1,-2,-1,2
1564164028599673,4,-3,-6,-3,0,0,0,3
1564164028614644,-10,-4,-4,2,2,0,-1,-2
1564164028614644,2,3,17,4,0,-2,0,-5
1564164028616142,0,1,3,1,-2,1,1,2
1564164028616142,1,7,9,1,2,-3,-2,-2
1564164028637138,-1,2,-15,-8,-4,-5,-1,-6
1564164028637138,-10,-17,-14,-1,0,2,1,-5
1564164028638600,1,-1,17,6,3,1,0,-1
1564164028638600,-3,-2,-5,2,3,1,0,2
1564164028650624,-23,8,7,1,-5,-1,-1,-10
1564164028650624,-10,3,-4,0,2,1,1,2
1564164028659565,-10,3,6,0,-2,1,0,-2
1564164028659565,-1,3,5,2,1,1,2,6
1564164028674538,2,-11,-10,-2,-3,0,-5,-6
1564164028674538,-1,5,0,-4,-1,-1,-1,-2
1564164028676035,5,-2,-2,-2,-1,-4,-2,-6
1564164028676035,-17,0,0,-1,-2,-2,0,-2
1564164028696992,18,-9,-9,-5,-1,5,4,9
1564164028696992,-18,-4,8,1,0,0,-2,-1
1564164028698489,18,-4,1,1,0,2,2,9
1564164028698489,-5,5,8,2,0,-2,-1,-9
1564164028719450,-2,-2,-6,-2,-3,-3,-2,1
1564164028719450,-1,-7,-6,-2,0,1,-1,-5
1564164028720948,-2,-1,3,2,-2,-1,2,4
1564164028720948,0,-4,-1,0,-1,-3,-3,-2
1564164028734920,16,8,3,0,0,0,2,4
1564164028734920,12,7,7,-3,-4,-3,-3,8
1564164028736418,-10,-2,-12,-4,-2,-2,-3,-6
1564164028736418,-10,-4,4,3,1,3,-1,-3
1564164028756883,11,11,5,1,3,2,1,11
1564164028756883,-12,-6,-17,-3,0,-1,-1,-12
1564164028758378,-1,-10,-11,-6,-7,-8,-9,-1
1564164028758378,-12,2,5,-2,3,1,0,-4
1564164028770359,-7,-2,4,3,4,2,3,0
1564164028770359,2,3,2,0,-1,2,6,8
1564164028785826,-9,7,8,3,1,-2,-6,-9
1564164028785826,1,2,-7,-2,-1,2,1,-1
1564164028794311,15,-4,-3,-5,-4,-7,0,6
1564164028794311,-12,4,5,3,4,4,-1,-7
1564164028796317,11,-6,-2,-2,0,0,4,3
1564164028796317,-6,0,0,2,6,6,5,0
1564164028816772,-1,-1,6,0,-2,-3,-3,-4
1564164028816772,6,-4,-8,-5,-4,-7,-5,3
1564164028818765,37,-5,-8,-7,-4,-1,4,13
1564164028818765,-3,3,-1,0,0,0,2,4
1564164028830742,-4,6,-7,-3,-1,-2,-2,-5
1564164028830742,-1,-9,-4,-2,-4,-2,0,-2
1564164028839726,-17,11,12,3,0,2,-1,-5
1564164028839726,3,-8,-6,0,1,-3,0,2
1564164028854202,-6,-5,-3,-1,-1,2,1,-3
1564164028854202,-9,1,0,-2,-2,4,-1,-1
1564164028860724,-12,-1,2,1,4,0,1,-3
1564164028860724,-21,18,4,-2,-3,-1,-5,-12
1564164028877163,-12,1,-3,-1,1,-2,-1,-3
1564164028877163,19,-2,1,1,2,-1,-2,0
1564164028878657,-2,0,0,0,1,4,4,-2
1564164028878657,22,-14,-9,-9,-8,-11,-9,-2
1564164028890652,6,17,12,3,1,-3,-5,1
1564164028890652,-11,-6,-9,-2,-3,1,2,-11
1564164028899619,6,-18,-8,-2,-3,-1,-2,-3
1564164028899619,15,0,-3,1,-1,2,0,-13
1564164028914631,-2,-11,-5,-2,-5,-4,-6,9
1564164028914631,-19,6,10,1,3,1,2,7
1564164028916092,-5,-4,-2,2,0,1,-1,4
1564164028916092,8,-6,-2,0,-1,2,2,6
1564164028937545,-9,-2,-3,-3,1,1,0,-8
1564164028937545,1,-4,1,0,-1,-6,-1,2
1564164028939042,16,-15,-6,-3,-3,-1,-2,-3
1564164028939042,-1,2,0,1,-2,-4,-4,0
1564164028950556,1,-7,-1,-1,1,4,1,-4
1564164028950556,4,5,0,-2,-2,-2,1,6
1564164028959517,5,7,-2,0,0,1,2,5
1564164028959517,-1,0,2,2,1,-3,-3,0
1564164028973983,-2,-3,-3,1,0,1,5,4
1564164028973983,-12,9,0,2,-1,0,-4,-7
1564164028980496,-14,10,14,-1,-1,-4,-1,-5
1564164028980496,-11,8,0,-3,-2,0,-1,-2
1564164028996966,-2,-7,1,-2,-2,0,2,-2
1564164028996966,-5,3,-10,-2,0,0,-1,-4
1564164028998434,5,2,18,0,-2,-3,-3,-1
1564164028998434,-2,-10,-4,-1,-1,0,1,2
1564164029010914,-3,1,-24,-7,-2,-1,3,-1
1564164029010914,-2,-25,-5,0,0,-6,-4,-2
1564164029019394,4,26,1,1,2,2,1,0
1564164029019394,0,7,6,-1,2,1,0,3
1564164029033368,3,-18,3,2,-1,-1,-3,-12
1564164029033368,16,-9,-3,-1,-2,1,-2,16
1564164029041353,19,-12,-10,-1,-1,-1,-3,-1
1564164029041353,12,-7,-3,-4,-3,-3,-4,-9
1564164029055827,-3,7,2,0,0,-1,2,7
1564164029055827,8,2,2,-2,-2,-1,0,-2
1564164029063842,-23,1,3,3,3,0,-5,-6
1564164029063842,-1,0,0,3,0,0,1,2
1564164029078814,-4,2,4,-2,-1,-1,-3,-6
1564164029078814,-5,9,5,1,1,0,2,1
1564164029079782,-12,-8,-4,0,-1,-1,0,-7
1564164029079782,-6,5,-3,-2,-2,0,0,1
1564164029093264,-6,-3,2,3,2,-1,-1,3
1564164029093264,18,-4,1,-3,-2,-2,-2,2
1564164029101273,-4,8,-7,-5,-1,0,0,-1
1564164029101273,-7,-5,2,3,0,-2,-3,0
1564164029116244,4,3,10,1,-3,1,-1,0
1564164029116244,7,-2,-14,-3,-1,1,-2,-2
1564164029117212,-7,-8,-8,-5,-5,-4,1,0
1564164029117212,-14,-10,-4,-1,1,1,-2,-10
1564164029139173,-4,16,4,0,-1,5,12,16
1564164029139173,8,3,9,2,1,0,-6,-3
1564164029140169,-28,11,15,2,2,3,2,-1
1564164029140169,-8,-4,-7,1,-1,-3,-1,-4
1564164029153145,9,-8,-2,-2,-1,-4,-3,-3
1564164029153145,-15,0,0,0,1,0,0,-6
1564164029161161,1,-5,4,2,-1,-2,1,0
1564164029161161,15,5,1,-3,-1,-1,1,7
1564164029176133,-2,-1,6,1,-1,-5,-5,-7
1564164029176133,2,1,-5,-4,-1,-1,1,0
1564164029177108,-8,-2,-10,0,4,0,-2,-3
1564164029177108,-2,2,18,4,-3,-2,1,-1
1564164029199060,4,-2,-14,-3,-1,1,-3,0
1564164029199060,-4,7,10,2,3,1,1,-3
1564164029199559,-4,-10,-6,-3,-2,1,-2,-2
1564164029199559,-26,2,-2,-2,0,3,1,0
1564164029215031,12,-7,-7,-6,-2,0,0,6
1564164029215031,-17,5,6,4,-1,-2,0,-4
1564164029216029,8,6,3,-2,0,-1,1,3
1564164029216029,18,-14,-16,0,0,0,1,4
1564164029236490,-15,8,13,-2,-1,-2,-2,-8
1564164029236490,3,-4,-9,-2,-1,1,1,-2
1564164029236990,11,-11,8,1,-1,-1,0,4
1564164029236990,5,4,8,0,-1,-2,-3,-2
1564164029258952,-2,-13,-23,-6,0,1,3,4
1564164029258952,-2,1,4,3,2,1,-6,-5
1564164029259447,-8,4,-4,-3,-3,-1,-4,-16
1564164029259447,10,-4,-3,-1,-1,1,5,27
1564164029273921,13,-14,-3,-2,-5,-4,-12,-22
1564164029273921,-19,9,-1,-2,-2,0,6,9
1564164029274420,-6,6,2,0,-1,-4,0,1
1564164029274420,-13,-3,2,-1,2,-3,-1,-4
1564164029296380,-3,5,0,-1,-1,-2,1,4
1564164029296380,14,-7,-2,-4,-2,-2,-3,-4
1564164029296879,8,-4,-3,1,0,3,0,2
1564164029296879,0,-1,-5,-4,-2,-3,-1,-2
1564164029318839,-5,2,2,1,-1,-1,1,3
1564164029318839,5,3,2,1,-1,-1,-2,-9
1564164029319338,-2,-2,-7,0,-1,0,4,5
1564164029319338,-4,2,-3,-3,1,2,-2,-4
1564164029333808,7,-4,-1,-1,0,0,0,3
1564164029333808,-14,-2,12,2,-3,-3,-1,-3
1564164029341295,8,-14,-9,-3,-2,-1,-1,5
1564164029341295,31,-1,-5,-3,-2,-2,-2,1
1564164029356281,-18,9,-3,0,0,1,-1,-6
1564164029356281,2,0,2,3,2,1,1,0
1564164029357265,-6,-10,-3,-6,-2,-3,-3,3
1564164029357265,-1,-1,-7,-5,-3,-2,-5,-15
1564164029378746,6,0,5,0,3,-1,3,17
1564164029378746,9,-8,-21,-9,-4,-4,-1,1
1564164029379724,5,12,6,3,1,1,-2,-2
1564164029379724,9,-10,-1,-1,-1,-1,2,0
1564164029393718,-5,-4,-5,-1,-3,-2,-2,-3
1564164029393718,-1,-3,0,-1,-3,-2,-2,-2
1564164029394717,3,2,6,2,0,-1,0,1
1564164029394717,-18,8,0,0,-1,0,-2,-5
1564164029416176,11,-10,-4,-1,-2,0,-2,-8
1564164029416176,21,-5,-7,-4,-6,-2,-2,2
1564164029417156,12,-4,-3,-1,-1,-1,0,4
1564164029417156,-4,2,-3,-1,1,1,-1,0
1564164029438635,2,0,10,3,-2,-2,-2,4
1564164029438635,-5,-1,-8,-5,0,2,1,-2
1564164029439613,2,4,8,3,1,-2,-3,6
1564164029439613,-7,-6,3,3,0,-3,-3,-2
1564164029453086,-5,3,-3,-3,1,-1,-1,-3
1564164029453086,-16,5,-1,0,2,0,-3,-6
1564164029461093,1,-6,1,1,-2,-2,3,-1
1564164029461093,-12,5,6,2,3,1,-1,-8
1564164029476065,2,9,0,-2,-4,0,2,14
1564164029476065,12,1,-8,-4,0,-3,0,2
1564164029477043,-5,-3,-6,1,2,1,1,1
1564164029477043,17,-9,-7,-2,-2,-2,0,1
1564164029499522,15,-7,-1,-1,-3,-2,-3,-5
1564164029499522,-4,2,3,-1,-3,-2,0,3
1564164029500003,12,-1,-7,-6,-4,-2,-2,-2
1564164029500003,3,1,2,2,0,1,2,2
1564164029513973,-13,2,-1,-1,-1,-2,-4,-8
1564164029513973,2,-7,-12,-4,-4,0,-3,-2
1564164029514473,1,-12,4,3,1,-2,0,1
1564164029514473,1,11,2,-1,-2,1,7,13
1564164029536435,-5,-4,-11,-2,0,-2,-7,-12
1564164029536435,6,-3,7,1,0,-2,0,2
1564164029536932,-11,7,-6,-5,-2,0,-1,-8
1564164029536932,-13,-5,6,1,0,1,-3,-4
1564164029566880,-6,-3,3,2,2,-1,2,7
1564164029566880,-2,-6,-6,-1,-1,-1,-1,-15
1564164029567875,-14,4,1,-1,-2,-2,0,7
1564164029567875,6,4,4,-2,-2,0,-2,-1
1564164029573866,-3,-1,5,3,0,0,-1,-1
1564164029573866,-15,-3,10,1,0,-1,0,-8
1564164029574363,-5,3,-15,-7,-5,-4,-4,-7
1564164029574363,-38,0,-5,5,5,4,2,-8
1564164029596352,0,6,8,5,0,2,1,3
1564164029596352,2,-3,11,4,1,0,-1,4
1564164029597321,-12,0,-3,-1,-1,1,-2,-9
1564164029597321,7,-5,-4,-2,-5,-3,-2,2
1564164029620301,-1,-4,-4,1,3,-2,2,-1
1564164029620301,0,6,1,0,0,-1,0,2
1564164029620775,3,-5,0,-1,-1,-1,0,3
1564164029620775,2,-2,-2,-4,-2,-2,-2,1
1564164029633751,-1,6,4,1,0,2,0,-3
1564164029633751,-1,-13,-7,-3,-2,-3,-3,0
1564164029634752,3,-9,-3,-1,0,1,2,1
1564164029634752,-4,7,0,0,0,0,-2,-5
1564164029656210,-5,1,1,-1,-2,-1,0,-1
1564164029656210,6,2,6,0,-1,-1,-1,0
1564164029657209,-10,4,-2,-1,0,1,-3,-9
1564164029657209,2,-4,-7,-2,2,-2,2,8
1564164029679671,-4,-3,2,1,-2,-3,-2,-7
1564164029679671,4,0,-3,1,1,1,1,4
1564164029680166,-5,6,-7,-1,1,1,0,-7
1564164029680166,-2,1,6,-1,-3,-2,-5,-10
1564164029693649,4,-7,-11,-3,-2,-3,-2,6
1564164029693649,5,0,0,-2,-1,0,2,13
1564164029694638,-3,12,14,4,3,2,-1,-10
1564164029694638,7,-5,-5,-1,-2,-3,-3,0
1564164029716102,5,-2,-2,-4,0,-1,0,2
1564164029716102,-19,-6,-8,0,-1,0,0,-14
1564164029717096,1,-4,0,1,1,0,-2,6
1564164029717096,7,1,-1,0,-3,-5,-4,5
1564164029739577,-18,1,11,2,0,0,-1,-9
1564164029739577,4,4,2,0,2,0,1,5
1564164029740054,-5,2,0,1,-1,-1,1,2
1564164029740054,-2,-1,1,0,-1,0,-2,-8
1564164029753528,-1,0,-8,-6,-2,-1,1,2
1564164029753528,-3,3,0,-1,-2,0,0,-2
1564164029754530,4,-7,-2,0,-2,-1,-4,-9
1564164029754530,-5,8,10,1,-1,1,1,11
1564164029776485,0,-7,-4,-8,-2,-1,-3,-2
1564164029776485,-12,6,-3,1,0,-1,-1,-3
1564164029776988,7,3,16,6,-1,-1,0,3
1564164029776988,4,-11,-8,-3,-1,2,1,-3
1564164029799474,-1,7,1,3,2,1,1,0
1564164029799474,12,-11,-8,-4,-1,-6,-9,-10
1564164029800443,-12,0,-2,-4,-2,-5,-3,1
1564164029800443,-7,-1,8,-1,1,-1,-1,-1
1564164029812949,3,-3,-2,1,-1,0,2,3
1564164029812949,3,-3,-4,-2,0,2,1,0
1564164029821482,-6,-5,-3,-3,-2,0,-3,-5
1564164029821482,-6,5,4,1,3,0,6,7
1564164029835955,9,-5,-6,-6,-3,-2,-9,-8
1564164029835955,-2,5,3,1,0,0,3,6
1564164029843971,21,3,0,-2,-4,2,2,11
1564164029843971,25,5,-7,0,-2,-4,1,6
1564164029859417,-41,-15,-3,-1,-1,-1,-2,-11
1564164029859417,-18,-5,1,-1,-3,-2,-6,-22
1564164029860410,-30,-3,-1,-1,-3,-2,0,1
1564164029860410,10,-2,-4,-3,-1,-2,-4,2
1564164029873383,26,10,-2,0,2,-3,0,2
1564164029873383,11,5,5,-3,1,-2,0,9
1564164029881401,10,-5,-14,-1,-1,-1,0,2
1564164029881401,6,-3,-4,-1,-2,0,0,3
1564164029896874,-2,-7,-2,-1,-1,-1,-2,-4
1564164029896874,6,1,2,1,-2,5,4,5
1564164029897343,28,-4,-6,-5,0,-5,-3,8
1564164029897343,-6,-1,-2,-2,-1,0,0,-7
1564164029919300,8,-7,-2,-1,-2,-2,2,4
1564164029919300,4,-4,-3,-1,-1,-2,1,6
1564164029920298,9,-1,4,0,-2,1,1,3
1564164029920298,-9,-1,-3,-1,1,1,0,-6
1564164029933272,-7,-2,4,0,0,-2,-1,0
1564164029933272,6,3,0,1,-1,-3,-1,3
1564164029941260,-16,0,-1,-2,0,-3,-2,-7
1564164029941260,-4,-12,-2,0,2,-1,-3,-7
1564164029956262,-17,9,6,1,0,2,2,1
1564164029956262,7,4,4,-1,-1,-1,-2,4
1564164029957230,-2,-15,-7,-3,0,-2,1,0
1564164029957230,-10,22,-2,0,-2,-1,-4,-8
1564164029979687,6,-12,-2,-1,-1,0,-3,-19
1564164029979687,-11,4,5,0,-1,2,6,20
1564164029980186,28,-13,-17,-7,-5,-2,-2,3
1564164029980186,-7,-15,3,0,0,0,-1,-3
1564164029993193,8,19,4,2,-1,-2,1,4
1564164029993193,-6,3,-5,-3,-2,-3,-2,-9
1564164030001148,-8,-2,3,0,1,-1,-1,-5
1564164030001148,4,-7,-6,-3,-1,0,0,4
1564164030016150,4,7,4,1,-1,-3,-2,3
1564164030016150,-1,-8,-3,1,-1,-3,-2,-3
1564164030017118,-9,8,4,1,0,-1,2,1
1564164030017118,-3,-4,-1,0,1,2,-1,-6
1564164030047162,3,-1,-1,1,-3,1,2,4
1564164030047162,-19,-7,-5,-3,-1,-3,-4,-7
1564164030047635,-4,-4,0,4,6,1,-1,-5
1564164030047635,3,10,-1,-3,-3,-1,-1,-1
1564164030053125,4,-18,-7,-7,-6,-3,-2,4
1564164030053125,5,14,-1,3,1,-2,1,1
1564164030061112,3,-10,-2,-1,-5,-3,-4,-5
1564164030061112,3,-11,1,-2,-1,-5,-4,1
1564164030076077,0,0,-1,4,2,2,1,2
1564164030076077,-17,-11,-1,-5,-3,-3,-4,-12
1564164030077075,-3,10,-7,-3,0,1,1,1
1564164030077075,4,3,-2,0,-3,-1,-1,1
1564164030099565,13,-9,-2,-5,-2,-3,1,8
1564164030099565,2,8,16,8,3,1,-2,-3
1564164030100065,-4,3,1,1,1,0,1,-4
1564164030100065,-9,0,-7,0,-5,-3,1,-2
1564164030121500,5,1,-7,-5,-3,0,1,-2
1564164030121500,-4,-5,-10,-6,2,3,0,2
1564164030129015,-1,3,6,1,0,-2,-1,2
1564164030129015,13,-10,-5,-1,1,-1,3,7
1564164030136465,-2,8,8,3,2,-1,1,4
1564164030136465,4,-4,-7,-2,-5,-4,-3,1
1564164030136964,-5,0,2,0,-1,-1,-1,-3
1564164030136964,-9,6,11,2,-2,-1,-1,-3
1564164030159458,-19,6,0,-4,0,1,0,-6
1564164030159458,3,-17,-6,-3,-3,1,1,2
1564164030160419,5,-1,-3,-3,0,-2,-1,3
1564164030160419,-1,14,4,-15,-6,-3,-2,-2
1564164030181941,-16,-1,-7,7,3,-1,-1,-6
1564164030181941,7,-1,-1,3,4,3,2,1
1564164030182885,-7,-4,11,6,2,4,0,-5
1564164030182885,-6,-18,-2,5,1,1,-1,-2
1564164030196390,13,22,11,-11,-8,-2,-2,1
1564164030196390,1,5,-2,-4,-4,-1,-2,-9
1564164030197352,1,13,-3,-3,0,-1,1,14
1564164030197352,-19,-23,-7,1,4,2,-2,-10
1564164030219311,5,-5,0,6,4,0,2,8
1564164030219311,-8,0,-7,-6,-3,-4,-1,-4
1564164030220808,11,-1,3,1,-4,-1,0,2
1564164030220808,-11,4,0,-3,0,-2,-4,-7
1564164030241832,-11,-13,2,3,-3,1,-1,-3
1564164030241832,23,12,-7,0,1,-1,-2,4
1564164030248816,-5,-8,-10,-4,-4,-4,-3,-4
1564164030248816,-1,6,0,4,3,-1,0,4
1564164030256248,-26,-8,1,-1,-1,-2,-3,-13
1564164030256248,7,-6,-8,-4,-2,-1,0,6
1564164030257240,33,-2,-2,-2,-5,-5,-1,3
1564164030257240,-10,-6,6,12,2,1,-1,-2
1564164030279199,12,-12,-10,-11,0,-1,1,0
1564164030279199,-16,6,6,4,5,2,1,-2
1564164030280199,-7,11,-4,4,-1,0,0,-5
1564164030280199,1,3,-7,-3,-1,-3,0,0
1564164030302155,3,-7,2,0,-5,-2,-4,2
1564164030302155,3,-6,1,1,-2,-3,-1,-1
1564164030303655,-10,3,-1,-5,-2,1,-2,-4
1564164030303655,3,5,3,4,-1,-3,-1,0
1564164030324615,-7,-2,2,5,4,2,-1,1
1564164030324615,1,7,-3,-8,-9,-4,-3,-1
1564164030325120,1,-8,0,-6,0,0,1,0
1564164030325120,3,6,4,6,3,3,5,2
1564164030339608,8,-2,-14,1,3,-1,2,3
1564164030339608,-11,-3,7,6,-4,-2,-2,-4
1564164030340095,-8,-12,13,2,-2,-3,-4,-5
1564164030340095,17,25,-3,-4,-4,-4,1,3
1564164030362109,3,-24,-20,-9,3,-1,-7,-3
1564164030362109,1,0,-2,0,-1,-2,-4,-3
1564164030362577,-14,-1,-8,-1,-2,-2,-3,-6
1564164030362577,5,-2,-2,-6,-6,-2,0,0
1564164030376518,-11,-1,6,7,-1,1,3,-2
1564164030376518,-1,-3,2,1,2,1,1,-2
1564164030377025,-3,2,-10,-5,-3,-3,-2,-1
1564164030377025,-1,-6,4,-3,0,-1,-1,-2
1564164030398508,16,9,-4,-7,-6,-5,0,1
1564164030398508,-4,-5,3,9,6,2,0,1
1564164030406470,-9,-2,3,-3,-1,1,2,-3
1564164030406470,3,-3,-6,-7,-3,-1,-3,3
1564164030421940,-28,6,6,5,-2,1,-2,-10
1564164030421940,3,-6,1,-3,0,4,2,1
1564164030422933,-11,13,4,2,1,3,-2,-5
1564164030422933,-4,-6,-5,5,4,1,-3,0
1564164030436414,9,9,5,5,2,0,-2,-1
1564164030436414,1,-6,-2,-2,-5,-3,-1,0
1564164030436910,0,-5,-3,-2,-2,0,0,2
1564164030436910,-1,-2,1,-3,-6,-1,-3,-3
1564164030459394,-3,2,1,-4,3,0,0,2
1564164030459394,-8,3,1,2,3,1,-1,-2
1564164030460868,8,-3,-8,-6,-1,-2,-2,0
1564164030460868,0,5,8,0,0,-2,1,1
1564164030481822,2,-12,-12,-2,-4,-3,3,0
1564164030481822,-9,1,1,-3,-3,-4,-2,-2
1564164030483820,-4,8,8,7,2,0,2,-1
1564164030483820,-2,6,9,0,0,-2,-1,-4
1564164030495796,-1,-1,-10,-4,-2,-3,-4,-2
1564164030495796,-3,-14,-6,-4,-1,-5,-2,1
1564164030504781,3,-1,-3,2,2,1,0,0
1564164030504781,-1,-1,-4,1,-1,0,-2,-1
1564164030526739,-1,3,2,-9,-5,0,-1,1
1564164030526739,10,-1,-6,-12,-13,-5,-2,2
1564164030528737,8,-2,6,7,15,4,1,1
1564164030528737,-7,4,-5,9,6,0,0,-2
1564164030542210,9,0,10,10,4,1,-1,2
1564164030542210,5,10,-9,-9,-5,-3,-1,1
1564164030543708,-1,-4,-3,-13,-7,-3,-2,0
1564164030543708,-1,-5,-6,-11,-9,-4,-3,-1
1564164030555689,-1,-3,4,6,1,1,-1,0
1564164030555689,-3,-3,0,0,-1,0,4,-1
1564164030564669,-9,0,-6,6,-3,-3,1,-2
1564164030564669,-4,0,6,0,5,0,-5,-3
1564164030579645,-9,3,4,4,0,1,0,0
1564164030579645,7,2,4,2,2,0,-3,0
1564164030581138,-8,-4,2,-1,-2,-3,-2,-3
1564164030581138,1,-8,-14,-9,-5,0,1,1
1564164030602098,4,12,13,-1,-5,-3,-1,-1
1564164030602098,-1,-11,-13,-1,0,2,-1,-3
1564164030603597,2,0,1,6,6,0,0,-2
1564164030603597,8,-5,-2,-2,-7,-3,-1,0
1564164030615572,4,2,-16,-13,-6,-2,-2,-1
1564164030615572,-11,-2,15,29,17,7,2,-3
1564164030630576,-10,5,6,6,3,3,2,-2
1564164030630576,-3,-7,1,3,-1,-1,-1,-2
1564164030639538,2,1,-4,-5,2,-1,2,1
1564164030639538,-2,12,5,-5,-5,-3,-1,-1
1564164030641028,11,-10,-11,-4,-6,-2,-2,3
1564164030641028,-30,-7,5,-1,-3,1,0,-7
1564164030662018,2,-7,1,1,1,-3,-2,-2
1564164030662018,2,9,0,1,-1,0,-2,1
1564164030663492,7,4,-4,-5,-1,-1,0,0
1564164030663492,3,4,0,-3,-3,0,-1,0
1564164030675992,-5,-4,-4,7,-3,-2,-2,-3
1564164030675992,-2,-2,1,4,1,-2,0,0
1564164030684446,4,3,0,-4,-4,-3,-1,0
1564164030684446,0,-6,-5,-1,1,-2,-1,-1
1564164030699419,-2,2,-2,-1,1,0,0,-3
1564164030699419,2,-7,3,-2,-1,-1,-1,-4
1564164030700916,-6,-5,-5,-4,-6,0,-1,-3
1564164030700916,3,3,2,1,2,-1,-2,0
1564164030729364,0,-4,-5,-5,-1,0,-1,-1
1564164030729364,2,4,-1,-5,-3,-1,0,1
1564164030731359,0,-10,7,-1,-2,-4,-3,0
1564164030731359,13,6,-5,0,1,0,0,4
1564164030735851,-11,4,3,-2,-3,0,0,-3
1564164030735851,0,-5,-6,-2,-1,0,0,-2
1564164030744335,-2,2,0,-2,2,2,-1,-3
1564164030744335,-1,-4,2,3,1,1,-1,-2
1564164030759326,4,-2,0,2,-4,-2,0,2
1564164030759326,-4,1,-5,-6,1,1,-3,-2
1564164030760803,0,-3,-9,-7,-7,-4,1,-1
1564164030760803,-1,0,6,1,2,-1,0,-1
1564164030781785,0,2,-1,1,2,0,1,-3
1564164030781785,-1,-4,-2,0,0,-1,0,-1
1564164030783761,3,2,-1,1,1,-2,-3,0
1564164030783761,-5,0,0,-3,-3,-1,0,-1
1564164030795762,-1,-2,1,0,-3,-5,-2,0
1564164030795762,3,-2,3,-2,-2,2,-1,-1
1564164030804722,0,-3,-2,6,0,-3,-1,0
1564164030804722,5,-6,-4,-1,-1,0,0,0
1564164030819695,9,8,-2,-7,4,3,0,2
1564164030819695,-3,-4,-5,-1,-1,-1,-2,-1
1564164030821193,-3,5,4,-6,-6,-2,-1,-2
1564164030821193,-7,-14,-7,8,3,1,0,-3
1564164030842170,6,2,1,-4,-3,-2,-1,4
1564164030842170,1,10,1,-6,-3,-1,1,0
1564164030843651,-9,-20,-1,0,-1,1,-1,-3
1564164030843651,3,-1,-2,0,-1,-3,-1,-1
1564164030855633,-5,-14,-11,-3,4,1,0,0
1564164030855633,-3,5,2,-4,-2,-1,-4,-2
1564164030864612,-2,-2,8,1,-2,-2,-3,-4
1564164030864612,0,21,2,-3,-2,2,0,0
1564164030878616,3,-17,-7,-2,-3,-1,-3,2
1564164030878616,-1,1,-2,-4,-4,-4,-2,-1
1564164030885579,0,-3,-14,-1,-5,-2,1,1
1564164030885579,-3,0,0,-4,-2,-2,-2,-1
1564164030902042,-2,6,6,3,4,3,0,-3
1564164030902042,2,-5,6,2,-6,-4,-3,0
1564164030908062,0,5,-6,-9,0,-1,-2,0
1564164030908062,-5,-5,-7,-9,-6,-4,-3,0
1564164030915517,-5,-6,-12,-5,-4,-4,-2,-2
1564164030915517,-3,-8,7,7,5,1,2,-1
1564164030924501,-2,5,0,1,1,0,-1,-3
1564164030924501,-1,0,11,-8,-3,-5,-3,1
1564164030938973,-3,8,-9,-4,2,-3,-5,-7
1564164030938973,0,-5,-19,-3,-9,-3,-2,-1
1564164030952946,-4,-5,9,1,2,0,2,0
1564164030952946,-1,-5,-14,7,2,2,-3,-4
1564164030961961,-1,11,24,3,-1,0,0,0
1564164030961961,-1,-3,19,6,2,1,-1,-2
1564164030963441,-2,-4,-10,-2,-2,0,-1,0
1564164030963441,-4,-3,-1,-6,-7,-2,0,-1
1564164030975436,-1,1,-1,-5,-1,0,1,2
1564164030975436,-5,0,-16,-1,4,1,1,0
1564164030984889,1,3,19,4,2,1,1,0
1564164030984889,1,-4,-11,0,7,1,1,-2
1564164030998393,0,-4,10,7,3,-4,0,-1
1564164030998393,0,8,-6,-8,-9,-4,-1,-1
1564164031007346,1,5,1,1,-1,-1,-1,-1
1564164031007346,-3,-3,17,5,-2,0,-1,-2
1564164031021849,0,-1,-7,0,-5,3,2,1
1564164031021849,-2,-4,0,-1,2,0,1,0
1564164031023815,-5,-5,-21,-5,0,1,-2,-2
1564164031023815,6,7,4,0,4,0,-4,-5
1564164031035796,-2,-8,-11,-6,-3,-3,0,-1
1564164031035796,1,-3,4,-1,-2,-2,-5,-3
1564164031044797,-2,0,-4,-6,-7,-6,-2,-2
1564164031044797,1,-5,-5,1,-1,0,-1,2
1564164031058781,-3,3,-2,-5,-3,1,-1,-2
1564164031058781,-4,-8,-24,5,7,2,-1,-2
1564164031065770,3,6,17,3,-5,-3,-3,1
1564164031065770,4,-2,-10,2,12,2,1,4
1564164031082206,0,0,15,6,-10,1,0,3
1564164031082206,-1,-7,-6,-15,1,2,4,0
1564164031083711,-6,12,3,11,12,3,2,-1
1564164031083711,-9,3,0,-9,-8,0,3,-2
1564164031104670,-3,2,-1,-2,1,1,0,-1
1564164031104670,-5,-11,-14,-17,-5,-4,-8,0
1564164031106169,2,-3,9,17,-2,-2,1,3
1564164031106169,-12,14,10,-1,-4,-2,-2,-5
1564164031118657,10,-19,-6,1,3,-1,3,7
1564164031118657,-7,8,5,-1,-3,-2,-1,-4
1564164031125632,7,2,-20,-14,-2,-1,-2,-3
1564164031125632,-17,-10,15,9,-4,-1,1,-8
1564164031142094,2,9,5,-4,-2,-2,-3,0
1564164031142094,19,6,4,-2,0,2,7,6
1564164031143593,7,-3,-7,-1,1,3,16,12
1564164031143593,33,13,4,9,4,3,-2,10
1564164031164554,-18,-6,-3,-11,-6,-4,-8,-11
1564164031164554,2,2,7,13,9,5,5,9
1564164031166051,-6,6,-2,-2,-4,-7,-17,-18
1564164031166051,-24,-7,-7,1,-2,-7,6,-12
1564164031179027,16,-24,-15,1,8,2,4,14
1564164031179027,-4,18,9,2,-6,-2,-4,-7
1564164031185516,-1,9,6,-6,-3,2,3,-5
1564164031185516,15,-24,-25,-5,3,6,10,20
1564164031201992,-24,8,12,6,-1,-4,-16,-13
1564164031201992,11,-24,-21,-16,-12,-9,-1,4
1564164031203482,3,-2,-5,-10,0,-1,0,7
1564164031203482,33,16,1,-8,-3,-3,-3,-4
1564164031231960,-18,19,2,6,2,5,7,-1
1564164031231960,-28,-25,10,21,2,-6,-12,-19
1564164031233427,-19,-18,-13,-10,2,-4,-12,-18
1564164031233427,8,-4,6,-16,-10,-10,-4,3
1564164031237923,6,13,-11,12,14,10,13,12
1564164031237923,56,17,14,-14,-7,2,3,14
1564164031246901,-37,-4,4,13,-3,2,-1,-10
1564164031246901,-5,-11,-6,-6,7,2,-3,18
1564164031261881,8,-5,-7,-9,-14,-10,-21,-16
1564164031261881,-8,0,6,13,2,6,7,0
1564164031263370,-17,-7,3,6,8,8,5,-10
1564164031263370,-18,5,-2,-15,-5,0,7,-10
1564164031284364,37,17,11,12,-2,-2,-3,-7
1564164031284364,23,-1,-2,5,21,10,11,22
1564164031286327,47,0,-7,-7,-5,1,9,31
1564164031286327,-65,10,13,13,-11,-3,-2,-25
1564164031298341,-9,-23,-11,-4,17,-1,8,-7
1564164031298341,-16,4,-3,9,3,3,8,2
1564164031307296,17,2,4,-8,-5,-12,-15,-6
1564164031307296,-14,-18,-14,2,10,9,-4,1
1564164031321822,-67,3,-1,-16,-8,5,5,-19
1564164031321822,-19,0,-11,-11,-19,-20,-19,-23
1564164031323759,51,2,8,20,7,-8,-2,31
1564164031323759,-51,-20,-10,-23,-16,-11,-19,-25
1564164031344720,-47,-12,-2,21,17,14,19,-7
1564164031344720,1,11,17,1,1,1,-14,-8
1564164031346222,6,-1,-15,-2,-9,3,2,0
1564164031346222,53,-5,-9,17,14,-8,3,9
1564164031359690,49,-15,-12,-42,-20,-9,-18,5
1564164031359690,-24,9,-2,-5,-6,-7,-3,16
1564164031368175,-19,10,11,16,-2,-2,-10,-11
1564164031368175,-66,-31,1,6,13,6,0,-25
1564164031381650,43,9,-7,-19,-23,-13,-10,5
1564164031381650,3,1,7,40,36,18,27,-10
1564164031383647,-71,-59,-23,-48,-18,-3,-2,-19
1564164031383647,26,30,4,-2,1,8,-5,12
1564164031404630,-98,-37,1,-5,-8,-17,-8,1
1564164031404630,87,21,13,28,4,3,-8,17
1564164031406104,5,-4,-3,-26,-11,-7,2,20
1564164031406104,-82,-57,-32,-31,-30,-24,-42,-90
1564164031418121,15,9,4,0,10,3,-4,4
1564164031418121,9,8,2,-36,-17,-1,-3,-7
1564164031433058,45,0,-9,24,1,-3,5,41
1564164031433058,61,30,10,-12,2,8,10,32
1564164031442036,1,-14,-16,-8,-10,-3,2,-20
1564164031442036,24,12,-2,33,21,-1,24,41
1564164031443534,-90,3,11,-28,-29,-15,-43,-72
1564164031443534,75,32,25,47,29,15,21,-3
1564164031464518,76,-14,-10,-7,-4,0,-17,-15
1564164031464518,-18,-33,-18,-49,-29,-15,5,-6
1564164031466002,78,5,6,5,2,-4,-19,-1
1564164031466002,-30,-8,-15,-9,-26,-16,-11,-13
1564164031478013,-13,16,24,44,31,19,39,46
1564164031478013,-40,1,-4,-9,0,-1,1,-8
1564164031486953,-3,28,12,13,-4,5,16,23
1564164031486953,-13,-23,-3,34,23,-3,7,-4
1564164031509445,80,47,7,-31,-34,-19,-22,31
1564164031509445,4,27,-2,21,24,18,19,7
1564164031510912,-106,-47,-12,-18,4,-1,-1,-27
1564164031510912,56,39,21,11,15,19,7,43
1564164031524446,38,28,25,31,1,5,26,25
1564164031524446,-13,-41,-7,-8,-5,1,-6,-14
1564164031525883,-35,10,-15,-8,7,2,9,-6
1564164031525883,119,4,1,-21,-18,-6,0,55
1564164031538368,-71,-17,-14,-8,-9,-2,-8,-33
1564164031538368,-38,-1,11,-34,-15,-5,-20,-16
1564164031547344,-66,34,18,69,35,13,7,-37
1564164031547344,47,5,-1,-58,-29,-4,10,67
1564164031561848,15,5,-3,37,27,8,17,18
1564164031561848,80,18,3,19,2,0,-2,18
1564164031563313,-72,-27,-12,-34,-5,0,-13,-12
1564164031563313,17,20,0,10,-11,-19,2,3
1564164031584780,-53,-65,-4,29,9,3,-6,-33
1564164031584780,56,17,0,11,23,7,-31,4
1564164031586272,37,10,10,12,2,-4,48,22
1564164031586272,12,-2,-12,2,1,6,-19,-13
1564164031598281,-106,-18,-6,-50,-28,-11,-12,-19
1564164031598281,50,-7,-2,15,-5,-1,8,39
1564164031607232,-3,-22,-25,-24,-23,-6,-34,-44
1564164031607232,-27,-1,13,-5,12,3,-4,-5
1564164031622205,-27,26,6,40,14,2,2,-6
1564164031622205,34,4,10,-8,2,8,11,10
1564164031623707,-49,38,11,-57,2,1,-13,-1
1564164031623707,0,-38,-6,80,-3,11,44,11
1564164031644684,126,60,2,-16,10,-1,-24,55
1564164031644684,-112,-29,7,-9,0,12,15,-14
1564164031646159,50,-62,-35,-10,-11,-11,-2,-25
1564164031646159,-128,7,-5,-28,-21,-18,-28,-42
1564164031658173,125,61,43,12,13,11,23,58
1564164031658173,-128,-54,-25,24,-10,-28,-52,-74
1564164031667153,55,54,-7,-32,-17,14,42,67
1564164031667153,38,-48,13,-8,20,6,-15,-7
1564164031682092,39,23,0,50,15,2,22,-10
1564164031682092,-49,28,20,-36,-17,-1,-3,1
1564164031683590,75,-22,-8,44,15,1,-4,-3
1564164031683590,65,77,19,-2,7,12,15,55
1564164031703553,-107,-61,-32,-44,-11,-10,-20,-61
1564164031703553,40,4,-6,-25,-17,-13,1,-4
1564164031712045,39,-28,-5,-11,1,2,-3,0
1564164031712045,-24,16,2,29,3,1,4,-5
1564164031718025,-16,0,9,3,-8,-7,-8,44
1564164031718025,-128,-42,-46,-26,-15,-9,-21,-100
1564164031727017,2,27,17,-15,-2,2,-3,19
1564164031727017,44,31,5,11,8,2,24,9
1564164031742018,-87,-64,-18,0,-10,-9,-28,-50
1564164031742018,42,35,14,21,16,8,23,49
1564164031743479,115,9,17,-17,-4,-6,-5,13
1564164031743479,-128,-105,-55,12,-6,-11,-14,-80
1564164031764476,22,33,16,-8,-1,8,9,20
1564164031764476,51,-21,-7,-10,-13,3,22,23
1564164031765937,-124,10,11,31,15,-7,-23,-32
1564164031765937,45,17,13,-28,-12,1,7,26
1564164031778413,-123,-31,-23,-22,-4,-6,-16,-52
1564164031778413,110,42,14,46,13,8,16,62
1564164031787397,-57,19,0,17,5,-4,6,-16
1564164031787397,-112,-54,-29,-25,-8,-10,-8,-15
1564164031801902,117,31,12,-9,1,6,8,21
1564164031801902,-63,-19,17,32,12,-7,-8,-23
1564164031803367,-7,9,6,1,-6,-2,1,15
1564164031803367,33,25,7,7,-2,3,5,6
1564164031824365,-19,-36,-13,-7,3,-1,-5,-7
1564164031824365,78,47,-9,-28,-13,-7,-14,10
1564164031825832,-101,-75,-11,24,15,6,6,-40
1564164031825832,55,2,3,-23,-6,-1,1,27
1564164031838320,2,31,12,-20,-1,7,12,-2
1564164031838320,33,-18,-29,21,3,-13,0,-11
1564164031847296,22,37,11,3,-4,5,-5,21
1564164031847296,1,19,-6,-23,-6,-3,-20,-14
1564164031862259,26,-23,1,18,6,5,20,22
1564164031862259,-128,10,0,-25,-10,-6,-11,-30
1564164031863767,69,-12,1,1,-11,-3,-9,17
1564164031863767,-34,-16,6,53,27,3,2,-15
1564164031884715,21,22,-26,-36,-7,3,9,8
1564164031884715,-20,-11,13,-5,-5,-4,-7,-1
1564164031886245,43,3,-15,-47,-21,-5,0,9
1564164031886245,-9,12,17,25,-1,-4,-12,-9
1564164031898227,-59,-34,-8,30,11,-8,-14,-30
1564164031898227,44,11,2,-16,-11,5,4,9
1564164031913223,-13,37,6,-7,-1,-12,-18,6
1564164031913223,29,-47,-5,13,14,9,26,11
1564164031922182,-47,7,-8,-16,-20,-7,-16,-20
1564164031922182,37,4,4,-7,7,4,4,19
1564164031923645,47,0,6,32,13,4,4,8
1564164031923645,-80,17,6,-6,4,6,-6,-8
1564164031944638,25,-13,-2,-1,-10,-9,-4,-2
1564164031944638,-44,-25,-21,-15,3,3,2,-17
1564164031946108,7,-7,0,29,17,8,17,8
1564164031946108,3,18,12,-7,-11,-5,-11,-4
1564164031958115,-6,5,6,2,4,-2,-2,4
1564164031958115,-26,-5,4,18,11,3,7,-3
1564164031967071,-3,-10,-2,-10,4,4,13,14
1564164031967071,-22,13,-4,-17,-8,-2,0,-10
1564164031981068,35,-4,-2,6,-10,-5,-10,1
1564164031981068,31,-11,4,11,6,-3,-1,8
1564164031989520,-22,-16,-3,5,-3,-2,-6,-13
1564164031989520,8,15,-16,-36,-14,-4,1,-1
1564164032004524,10,8,-4,9,1,-7,-9,3
1564164032004524,-26,-24,0,12,7,5,7,-6
1564164032005991,-42,-10,7,3,-3,-4,-7,-6
1564164032005991,36,2,-9,-24,0,1,-2,5
1564164032026991,32,2,-2,4,-1,4,20,10
1564164032026991,-23,5,7,4,-2,-2,-8,-6
1564164032028449,29,11,-4,12,10,2,-2,5
1564164032028449,-28,-7,3,-12,-4,-4,-4,-5
1564164032041936,17,10,1,2,-4,-6,1,4
1564164032041936,27,9,8,-17,-14,1,5,6
1564164032043429,-6,1,-3,32,21,1,-2,-1
1564164032043429,5,-13,-2,1,2,2,0,0
1564164032064886,-18,3,-8,-23,-6,3,2,-11
1564164032064886,-18,-3,2,-2,-8,-6,-6,-9
1564164032066379,53,21,0,-19,-7,-2,3,9
1564164032066379,-39,-32,4,23,5,3,5,0
1564164032086900,3,11,2,-3,6,-2,-16,-16
1564164032086900,-56,-13,-9,-8,-5,1,6,0
1564164032088338,46,1,-7,-8,-3,2,18,17
1564164032088338,-10,16,13,8,-1,-1,-3,2
1564164032101846,-42,7,3,-11,-3,-5,-16,-16
1564164032101846,74,3,-8,-14,-3,1,-6,5
1564164032103808,11,1,5,24,8,-1,8,1
1564164032103808,-8,-3,-4,0,-2,-3,7,1
1564164032124308,-27,-1,4,10,1,4,-2,2
1564164032124308,41,15,-20,-23,-6,-3,-12,-11
1564164032126267,-68,-49,-3,-9,-15,-8,-6,-12
1564164032126267,42,18,0,-2,6,-3,-5,3
1564164032147228,8,-15,11,11,-4,5,11,6
1564164032147228,-37,-11,-12,-2,7,-8,-16,-15
1564164032148729,15,3,0,-17,-12,0,-6,-3
1564164032148729,9,21,-5,-2,3,-2,22,6
1564164032162200,-34,-24,4,-1,-1,-2,-7,-6
1564164032162200,33,2,17,10,-9,2,15,28
1564164032163696,-29,-14,-22,-1,18,7,-5,-18
1564164032163696,-4,20,7,-32,-15,-8,-20,-11
1564164032184660,15,-16,-11,13,-3,1,13,5
1564164032184660,21,34,8,21,12,-3,-2,4
1564164032186156,-2,3,11,-2,-11,-5,-3,6
1564164032186156,-15,-22,-12,1,-2,8,0,-11
1564164032207122,60,26,6,10,19,11,23,28
1564164032207122,-74,-13,2,-6,-1,-3,-10,-5
1564164032208615,-16,-4,6,-7,-15,-5,-7,-7
1564164032208615,-13,-28,-17,1,-6,-10,-21,-10
1564164032221089,-1,-14,0,-27,-10,5,26,0
1564164032221089,0,-1,-10,4,2,-1,15,6
1564164032228115,17,23,9,11,11,6,-7,12
1564164032228115,11,-6,-2,2,-2,-5,-6,-8
1564164032244580,-1,-5,-6,-5,-6,-4,-11,4
1564164032244580,-25,-15,3,9,5,1,10,-8
1564164032246044,8,23,5,-20,-16,1,-1,-1
1564164032246044,39,-7,2,2,2,-2,-5,9
1564164032267507,-28,-2,2,29,9,-9,-9,-13
1564164032267507,12,1,-21,-40,-16,0,3,-1
1564164032269003,-45,-15,7,1,4,1,-5,-12
1564164032269003,83,28,3,16,2,6,13,16
1564164032281515,-30,10,7,-4,-2,-1,-10,-9
1564164032281515,9,-26,9,1,1,-4,0,4
1564164032288005,7,2,-8,18,4,0,-4,-6
1564164032288005,-3,-2,-6,-27,-12,-3,-31,-5
1564164032304496,-32,-29,-10,-17,-7,-9,26,-2
1564164032304496,-1,22,4,25,10,5,-16,0
1564164032305934,11,5,1,-20,-5,-8,-1,3
1564164032305934,-36,-15,5,18,12,9,11,-4
1564164032326930,8,4,-14,-13,-12,-7,-25,-15
1564164032326930,-33,-10,-4,-11,-14,-8,-11,-15
1564164032328392,9,1,-9,-10,-3,-2,5,-1
1564164032328392,13,8,2,8,5,7,9,14
1564164032341868,9,5,11,4,13,5,3,7
1564164032341868,10,-4,-1,0,7,0,-4,-7
1564164032348354,-16,-5,0,13,-1,1,8,7
1564164032348354,-31,-4,0,0,-4,-4,6,-12
1564164032364385,38,2,-11,-22,-10,3,4,10
1564164032364385,-6,6,7,-7,-19,1,-4,-11
1564164032366320,33,-29,-6,15,24,5,1,16
1564164032366320,-32,16,2,2,2,-3,-8,-1
1564164032386283,17,15,-4,-13,3,1,8,0
1564164032386283,-45,-4,9,4,-7,-1,3,2
1564164032394768,27,12,5,-7,-8,4,7,-3
1564164032394768,10,-2,-1,12,6,4,6,12
1564164032401255,-14,-4,-3,2,-5,1,-7,-4
1564164032401255,8,1,-6,0,5,-3,-11,-2
1564164032408276,-29,0,-3,-15,-5,-1,14,-8
1564164032408276,-11,-6,2,17,-3,-3,15,3
1564164032424720,15,9,-2,-16,-4,-2,-13,-6
1564164032424720,1,-8,9,12,-1,2,4,4
1564164032426214,-18,3,-5,4,4,1,-10,-1
1564164032426214,-14,0,0,-12,-4,-5,-13,-23
1564164032447199,-44,-27,-8,-3,1,-2,3,4
1564164032447199,13,-3,-12,-23,-11,-2,5,2
1564164032448674,-21,3,4,23,0,-2,-13,-15
1564164032448674,-6,0,5,-10,-3,1,6,5
1564164032461205,2,28,15,18,4,3,-3,3
1564164032461205,3,-25,-7,3,1,1,8,-6
1564164032469635,-22,-15,-4,-9,-5,-3,4,3
1564164032469635,33,11,-8,-17,-1,-1,15,19
1564164032484607,12,-3,-1,19,4,-3,-11,-5
1564164032484607,-1,18,11,11,6,1,2,3
1564164032486098,17,6,3,2,2,2,1,0
1564164032486098,-21,-20,-6,-9,-3,-3,-9,-9
1564164032507097,20,6,-2,2,-1,-3,-6,1
1564164032507097,7,-2,-9,0,-2,-3,8,2
1564164032508556,-23,2,-2,-14,-8,2,11,-3
1564164032508556,67,13,17,-3,-4,-1,-8,15
1564164032520573,-17,-12,-10,16,12,-3,-8,-4
1564164032520573,-27,-4,-3,-10,-3,-4,-1,-4
1564164032529525,17,-34,-7,4,3,-2,-5,-4
1564164032529525,14,42,1,-16,-12,-3,-4,2
1564164032546520,7,-9,3,0,-1,1,2,5
1564164032546520,-33,-11,0,1,2,-1,3,-8
1564164032547989,3,14,-1,1,3,3,1,-3
1564164032547989,-28,-18,-6,-1,-4,-7,-10,-15
1564164032566947,18,-9,-9,11,-11,-9,-8,2
1564164032566947,10,13,3,-8,4,0,10,8
1564164032568446,8,2,3,0,-5,-1,1,6
1564164032568446,-18,-8,-5,0,4,3,-2,-8
1564164032580923,-3,1,1,-2,-3,0,-3,-6
1564164032580923,9,-7,-7,-11,-11,-6,-8,2
1564164032589414,18,18,-12,-20,-10,-4,-1,-4
1564164032589414,-44,-28,1,30,15,0,0,0
1564164032604378,25,5,14,1,-3,-1,1,10
1564164032604378,35,10,-11,-3,1,4,-6,4
1564164032618352,-16,3,4,-8,-10,-6,-2,1
1564164032618352,-50,-19,-6,-10,0,1,-6,-17
1564164032626836,-3,6,2,8,7,5,5,3
1564164032626836,17,-1,-2,1,1,-6,9,4
1564164032628335,2,-1,0,-11,-3,-3,-7,1
1564164032628335,16,-6,-3,-1,-3,1,0,0
1564164032640809,-34,1,-7,-8,-13,-4,-4,-12
1564164032640809,36,6,6,15,-1,-5,-11,1
1564164032649792,-13,-7,-5,6,10,7,8,2
1564164032649792,38,6,-2,0,-3,-7,-15,-2
1564164032671751,-12,1,2,-20,4,7,25,1
1564164032671751,16,5,4,13,1,0,-7,3
1564164032673748,-10,-4,0,12,2,0,2,-4
1564164032673748,23,-3,-13,-16,-3,-1,-3,4
1564164032686727,5,7,6,-3,-13,-9,-2,6
1564164032686727,-36,-42,-7,-7,6,4,-5,-12
1564164032688722,-22,21,16,18,2,-2,-5,-13
1564164032688722,-9,13,3,10,9,10,13,6
1564164032700726,21,-16,-1,-4,0,-3,-9,-5
1564164032700726,-21,11,1,-3,-1,2,9,8
1564164032709704,20,2,-1,-2,-1,-7,-17,-4
1564164032709704,-16,-8,-9,-17,-14,-9,-4,-10
1564164032724662,15,-7,2,20,7,3,17,19
1564164032724662,-9,-9,-3,-5,-7,-1,-18,-9
1564164032726158,20,10,-8,-2,3,5,11,5
1564164032726158,7,-5,1,-8,-10,-5,-2,0
1564164032747149,3,5,3,4,7,7,15,0
1564164032747149,-19,4,1,-22,-8,-5,-17,-16
1564164032748617,24,0,-4,15,10,0,-9,16
1564164032748617,-18,-3,-2,-10,-4,-2,5,-11
1564164032771096,-49,-10,5,20,13,9,-6,-8
1564164032771096,20,18,1,-5,-7,-3,4,-5
1564164032772566,13,-11,-5,-1,-2,1,5,8
1564164032772566,16,9,7,5,-3,-6,-7,3
1564164032784544,-31,-5,-3,-1,0,1,-6,-14
1564164032784544,-8,8,-2,5,1,1,4,-1
1564164032786043,-38,-23,-4,-11,-5,-1,0,-7
1564164032786043,66,4,-4,4,2,0,4,21
1564164032807001,-14,-11,-1,-21,-14,-7,-3,-11
1564164032807001,-6,-14,2,20,14,4,3,-1
1564164032808500,2,16,4,-4,-7,-5,-3,-11
1564164032808500,-37,-17,-5,-3,3,3,4,-5
1564164032820476,15,17,-7,-9,-5,-5,-10,-1
1564164032820476,31,3,-2,-12,-7,-7,9,12
1564164032829466,-17,0,9,12,0,-3,0,1
1564164032829466,-1,-2,-3,4,15,8,6,2
1564164032844432,0,0,-12,-7,-3,-4,-10,-5
1564164032844432,-22,-8,4,1,-4,1,-1,-5
1564164032845930,6,5,2,-8,-7,-2,4,2
1564164032845930,-14,6,4,-3,-7,-5,-17,-9
1564164032866890,25,-12,-9,-2,-2,0,8,3
1564164032866890,-12,14,2,12,14,8,2,2
1564164032868387,15,-1,-1,-3,-5,-1,5,8
1564164032868387,-12,2,0,6,-2,-4,-6,0
1564164032880364,-5,-2,1,-13,-8,-10,-10,-6
1564164032880364,4,-2,15,9,-3,4,4,4
1564164032896838,0,-1,3,4,7,9,4,3
1564164032896838,-12,-8,-35,-14,-12,-25,-17,-3
1564164032904357,6,-2,12,7,3,-6,5,5
1564164032904357,9,-1,-13,-4,-9,-7,10,22
1564164032905817,-13,-7,-17,-15,0,-8,-15,-20
1564164032905817,9,14,23,12,16,38,15,3
1564164032926817,9,6,17,5,-3,-19,0,15
1564164032926817,-6,-9,-5,7,10,13,-12,-3
1564164032928277,-1,-1,2,-8,-14,-28,-5,-13
1564164032928277,-4,-25,-57,-30,-12,16,22,-7
1564164032949737,-1,10,20,1,8,20,-3,3
1564164032949737,-12,-1,1,4,0,-5,1,-9
1564164032951235,17,-2,11,7,0,0,-2,11
1564164032951235,-10,6,9,16,2,-10,3,-7
1564164032964709,-2,-10,-26,-13,-6,5,-4,-1
1564164032964709,4,6,-4,-7,-9,-6,7,3
1564164032966234,2,2,9,1,3,8,2,-3
1564164032966234,1,2,22,8,-4,-12,-7,-4
1564164032987189,-5,5,-15,-3,-5,-2,1,0
1564164032987189,-5,-9,-36,-4,5,-3,-10,-10
1564164032988665,-5,-8,14,-1,4,3,4,-7
1564164032988665,4,12,8,4,-3,-2,3,13
1564164033011124,-1,-12,7,4,-8,-4,-2,-4
1564164033011124,0,20,4,-5,6,6,-3,-7
1564164033012626,-2,5,0,6,5,7,0,8
1564164033012626,-1,-10,11,1,-1,-2,3,2
1564164033025096,0,-6,-18,-4,-3,-3,-6,-8
1564164033025096,1,-1,1,0,-2,-8,-5,-9
1564164033032085,2,3,13,-1,-4,1,-7,2
1564164033032085,3,-5,-27,-7,-4,-2,-9,5
1564164033047055,-12,-11,-8,-4,0,0,3,-12
1564164033047055,-6,-5,20,0,-6,-9,-10,-7
1564164033048553,6,16,-13,-4,2,6,19,4
1564164033048553,-2,17,28,22,11,9,9,3
1564164033069513,19,19,27,3,5,2,-17,-2
1564164033069513,-30,-60,-42,-19,-12,-16,-4,-4
1564164033071012,13,16,-41,-12,5,22,23,13
1564164033071012,8,-4,4,-10,-10,-14,-13,0
1564164033084510,0,10,45,20,0,-7,2,-3
1564164033084510,-2,10,33,7,2,2,-11,4
1564164033085985,-13,-15,5,3,0,-3,-3,-5
1564164033085985,-4,2,-32,-10,2,3,3,-7
1564164033106984,-5,-7,-15,-3,-2,-12,-10,-7
1564164033106984,18,21,45,23,6,9,4,-2
1564164033108441,-18,-4,-10,3,7,3,0,3
1564164033108441,-4,-2,26,-3,-7,-4,0,-17
1564164033129445,-3,8,-23,-6,6,3,6,6
1564164033129445,-4,-30,1,-9,-2,0,6,2
1564164033130903,1,-14,-18,-8,-9,-4,-5,-7
1564164033130903,-4,-4,-2,15,3,-11,-7,5
1564164033142920,15,17,16,14,6,11,7,19
1564164033142920,2,26,0,-5,-1,7,6,-10
1564164033152361,1,0,40,3,-1,-5,-4,10
1564164033152361,-25,-29,-21,-6,0,-7,-8,-13
1564164033174818,13,13,9,8,6,0,6,5
1564164033174818,-10,-9,1,0,-12,-13,-28,-4
1564164033176315,5,6,-22,-6,-1,-1,-8,-14
1564164033176315,-7,3,-8,-8,-2,-2,5,3
1564164033189330,2,15,17,13,3,6,-6,0
1564164033189330,2,-2,-18,-34,-12,-17,-13,-7
1564164033191288,-3,-1,-33,7,5,4,-14,-12
1564164033191288,1,-30,-3,-11,-7,21,40,40
1564164033203265,-20,-34,-53,-34,-12,2,-11,-14
1564164033203265,9,-31,-56,-8,0,0,-1,8
1564164033212249,-7,24,37,13,-8,-10,-2,-13
1564164033212249,10,15,13,7,5,-5,-12,-2
1564164033227722,-9,-14,-16,-12,-6,7,0,-9
1564164033227722,8,14,-6,-3,-6,-7,11,12
1564164033229221,-13,1,-35,-4,7,3,-1,-8
1564164033229221,-3,-22,18,-15,-21,-16,-17,-13
1564164033250679,-1,10,17,4,-4,-4,11,10
1564164033250679,2,17,16,11,20,12,6,2
1564164033252673,18,-2,17,16,8,1,4,9
1564164033252673,-4,-21,-75,-27,2,3,0,-1
1564164033263155,-9,-12,-8,-17,-17,-16,-14,-14
1564164033263155,4,16,23,12,0,2,6,-1
1564164033272138,-2,0,13,7,2,5,-3,5
1564164033272138,-7,9,-15,-10,0,-2,-4,-46
1564164033287115,8,-4,-23,-1,10,5,9,20
1564164033287115,-27,-16,26,22,4,4,-8,-31
1564164033288607,11,-27,-4,-20,-13,-10,10,40
1564164033288607,3,17,42,24,10,15,8,5
1564164033309610,-9,-2,-32,-14,-2,-1,-10,-26
1564164033309610,-1,9,-37,-2,-3,4,6,5
1564164033311067,-6,5,21,-24,-18,-17,-8,2
1564164033311067,0,-2,2,18,4,-6,-7,-9
1564164033323084,3,7,9,-6,-8,0,5,-2
1564164033323084,11,-5,7,7,15,4,8,25
1564164033339516,-2,-7,-11,-7,-11,-7,-2,-20
1564164033339516,-1,-6,-12,-5,-8,-3,-7,2
1564164033346996,11,3,10,15,23,10,6,9
1564164033346996,6,4,12,4,-5,-7,-7,-7
1564164033348495,-11,-11,-13,-13,-4,7,13,-1
1564164033348495,16,22,12,-3,-9,-3,-1,13
1564164033377003,-16,7,21,5,0,-4,-1,-9
1564164033377003,-13,-24,-25,-7,0,5,7,-2
1564164033378441,6,7,28,10,0,-3,-9,0
1564164033378441,2,-1,-24,3,6,3,4,3
1564164033382932,9,-4,20,-1,-1,-5,2,12
1564164033382932,6,-2,7,-11,-8,0,-10,3
1564164033391923,-6,-12,-28,3,0,1,-4,1
1564164033391923,5,36,11,-4,0,-2,-5,0
1564164033406947,-7,-14,12,17,3,-1,-10,-29
1564164033406947,1,7,11,-11,-9,0,6,1
1564164033408385,-7,-11,1,8,0,-3,-7,-13
1564164033408385,-2,5,4,8,2,-10,-7,0
1564164033429405,6,1,1,-2,9,9,16,12
1564164033429405,0,9,-16,-2,9,4,5,-4
1564164033431342,-4,0,-1,4,4,-3,2,-3
1564164033431342,-2,-6,7,-15,-9,-3,-6,-16
1564164033451804,2,8,8,4,-9,4,5,16
1564164033451804,-13,-23,-5,-4,-6,-9,-8,-14
1564164033453800,10,4,-27,-19,-2,4,6,26
1564164033453800,-1,0,45,26,11,3,0,0
1564164033466279,-2,-4,-27,-11,-6,-5,-12,-4
1564164033466279,-10,7,22,8,-6,-3,4,-4
1564164033467275,-12,20,1,-5,4,3,1,-16
1564164033467275,-3,-15,18,11,3,-2,-6,2
1564164033488740,-15,-10,-7,-13,-5,-2,3,4
1564164033488740,4,6,-4,-8,-11,-5,-7,-8
1564164033489733,-2,-7,20,24,16,6,-1,-5
1564164033489733,6,23,4,2,0,-1,5,14
1564164033511231,12,14,45,23,10,5,-3,-2
1564164033511231,-3,-3,-56,-26,-10,-6,-4,0
1564164033512192,7,-1,0,7,-1,-3,4,1
1564164033512192,-6,-4,-5,-13,-7,-6,-10,-9
1564164033526200,2,2,3,3,-5,-2,-12,-1
1564164033526200,5,12,3,5,3,-3,0,10
1564164033527165,17,1,-17,-4,0,5,-11,-8
1564164033527165,-8,-19,-26,-5,-3,4,11,2
1564164033548623,-4,-16,-6,-13,-12,-9,-6,-1
1564164033548623,5,0,23,25,10,9,3,5
1564164033549624,-3,-6,-8,-15,1,-5,-3,-3
1564164033549624,7,17,-2,-12,-13,-3,-1,-3
1564164033574083,2,-20,-16,-17,2,-5,-4,-1
1564164033574083,-10,-7,19,16,7,3,6,3
1564164033574584,-3,-10,-3,12,-3,-5,-3,-3
1564164033574584,-2,-7,-15,-11,2,5,1,1
1564164033586052,-1,8,-12,-7,-3,-4,2,-1
1564164033586052,7,7,10,-8,1,0,1,8
1564164033587053,-6,-3,16,10,-3,-8,-13,-12
1564164033587053,-2,-4,-7,-7,-2,4,-7,-15
1564164033609011,-7,-5,-27,-4,-6,-2,3,1
1564164033609011,7,2,12,-5,-2,-9,-2,10
1564164033609518,-2,11,-1,-1,-2,9,9,0
1564164033609518,7,1,25,10,0,-8,6,0
1564164033623020,-3,-20,-4,-3,4,6,2,2
1564164033623020,-1,9,-19,-4,-4,-1,1,-8
1564164033631505,3,3,7,-5,0,-5,1,8
1564164033631505,2,15,3,-4,3,-1,2,4
1564164033646471,-11,-8,-6,5,2,1,1,-1
1564164033646471,-4,-7,-23,-9,-3,1,-5,-2
1564164033646971,0,-4,34,19,4,-1,1,4
1564164033646971,-3,-7,-12,-13,0,2,-5,-11
1564164033668901,-7,-11,-11,-6,-10,-11,0,-4
1564164033668901,9,22,1,-10,-8,9,0,0
1564164033669400,-8,-12,-12,4,5,1,-2,-7
1564164033669400,-3,-13,-5,12,7,1,8,23
1564164033683373,-9,30,23,2,-1,-11,-17,-32
1564164033683373,-14,-22,-3,-2,-6,3,6,-17
1564164033691359,8,3,-3,-7,5,3,2,10
1564164033691359,-6,-9,-2,10,2,-4,2,3
1564164033706329,18,0,-10,-5,4,7,6,10
1564164033706329,4,17,20,11,1,0,-1,-1
1564164033706831,-6,-11,-15,-6,-8,-7,-8,-6
1564164033706831,-3,8,9,-3,-4,-4,-2,-5
1564164033728793,3,-7,-7,-8,-8,-5,0,2
1564164033728793,-3,-11,11,5,3,-2,-3,-12
1564164033729788,-5,-20,-18,-10,-4,3,8,17
1564164033729788,7,22,9,7,-3,-6,-13,-3
1564164033743298,7,20,-5,-3,-7,1,2,1
1564164033743298,5,-21,20,0,7,3,0,6
1564164033751285,-7,-9,-37,-7,1,-3,2,4
1564164033751285,-1,-7,-14,-10,-2,1,-4,-7
1564164033766253,4,14,35,22,-3,0,-1,1
1564164033766253,-11,-20,-31,10,7,-10,-7,-8
1564164033767217,6,3,17,-7,6,12,0,-2
1564164033767217,-2,-3,9,9,5,5,6,10
1564164033788714,-10,-9,-17,-13,-5,-8,-8,-21
1564164033788714,11,11,-12,-6,-3,2,2,13
1564164033789675,-3,-9,12,1,-12,-6,3,-3
1564164033789675,-6,-1,-2,-11,-6,-5,-6,-13
1564164033803189,-10,-9,2,7,4,7,5,14
1564164033803189,1,5,-13,5,5,-1,-4,-2
1564164033811173,8,40,35,4,-2,-4,-4,-5
1564164033811173,-9,-30,-14,2,-3,-2,1,-1
1564164033826145,-1,1,-8,-9,2,2,0,2
1564164033826145,-6,-17,-18,-12,-1,2,3,7
1564164033827113,1,25,4,-3,-8,-7,-12,-11
1564164033827113,5,0,13,5,-3,-5,-5,3
1564164033849066,-8,-6,2,15,4,4,1,-11
1564164033849066,-8,-17,6,-3,-2,0,8,9
1564164033849564,10,19,15,-3,-4,1,-4,1
1564164033849564,-7,-17,-20,5,10,3,-4,-4
1564164033863040,3,-19,-14,-7,-3,-4,-1,0
1564164033863040,4,20,17,8,-3,2,6,-4
1564164033871529,-4,18,24,-4,-6,-10,-4,-7
1564164033871529,-3,-15,-48,-22,-6,-2,-16,-2
1564164033886502,3,7,24,15,8,5,3,5
1564164033886502,-7,20,-6,-11,-8,-4,-11,-23
1564164033886994,7,-23,-16,-1,-1,1,7,27
1564164033886994,7,12,14,9,0,-1,0,4
1564164033908954,3,-2,-8,-15,-4,-3,1,7
1564164033908954,-4,-2,9,4,1,-1,-6,-4
1564164033909455,2,-6,-3,5,6,3,-1,-16
1564164033909455,7,18,7,-5,-8,1,-3,4
1564164033931948,-4,-8,1,6,-3,-1,7,-3
1564164033931948,13,-9,-2,3,1,-4,-9,3
1564164033932914,-12,3,-13,6,6,5,4,0
1564164033932914,0,1,4,-13,-2,-3,2,7
1564164033946421,6,5,8,-7,2,0,-5,-4
1564164033946421,-13,-18,-23,-6,-4,6,0,1
1564164033946918,0,-11,-14,-3,-4,-7,0,-5
1564164033946918,8,16,34,19,3,2,6,0
1564164033968878,2,-2,-31,-10,-4,-4,-1,-1
1564164033968878,2,14,1,4,13,3,5,3
1564164033969349,-7,-25,-2,-8,-5,-9,-5,-3
1564164033969349,-13,-4,4,7,-1,5,8,-6
1564164033991836,20,9,-7,-5,-3,-5,1,5
1564164033991836,-4,8,11,5,2,1,-4,-9
1564164033992805,4,-1,-8,-3,-4,0,5,8
1564164033992805,-3,-18,15,1,0,-4,-5,-8
1564164034006809,8,35,17,7,3,7,3,9
1564164034006809,-8,-11,-11,1,-5,-2,5,1
1564164034007278,7,-3,-22,-19,4,-2,-18,-11
1564164034007278,6,15,11,7,0,-2,12,19
1564164034028791,-11,-34,-8,2,0,-2,-4,-14
1564164034028791,6,12,5,-9,-13,-8,-5,-1
1564164034029729,-9,4,10,7,3,9,5,-4
1564164034029729,-3,-13,-15,-19,3,-1,-1,-3
1564164034051190,6,13,20,1,3,2,-2,2
1564164034051190,-3,0,14,12,-3,-2,0,2
1564164034058719,-8,-30,-44,-8,-10,-8,-7,-9
1564164034058719,1,7,2,0,-2,-4,0,-3
1564164034066162,-4,-7,-7,3,1,6,2,7
1564164034066162,1,20,12,-15,-6,-2,1,3
1564164034067160,6,-16,17,-3,-5,-1,-1,2
1564164034067160,-4,14,-15,3,8,4,-6,-5
1564164034088620,-6,-4,14,11,1,-1,1,-5
1564164034088620,5,-6,-20,-1,7,-2,-3,1
1564164034089618,0,7,8,10,-2,-1,0,-1
1564164034089618,3,-7,-8,-16,-8,-2,-1,-2
1564164034112077,-2,5,3,15,1,-3,-2,0
1564164034112077,0,-16,3,-2,4,5,0,1
1564164034112576,5,17,-4,-1,3,-3,2,2
1564164034112576,2,7,7,3,-8,-2,0,0
1564164034126549,-7,-10,-24,-10,-3,-5,-5,-2
1564164034126549,-8,-7,-1,-11,6,4,1,-2
1564164034127049,0,-1,5,-5,-5,2,1,-1
1564164034127049,-5,-3,-4,12,2,0,1,-4
1564164034148510,3,17,21,-5,-10,-5,-2,-2
1564164034148510,4,-15,-16,4,3,-1,2,3
1564164034149507,0,6,5,-19,-3,-2,-4,0
1564164034149507,-9,-2,1,18,5,6,5,-1
1564164034171966,-1,-3,-7,-10,-1,-5,-5,-1
1564164034171966,10,7,11,-9,-10,-1,-3,-3
1564164034172464,5,4,5,20,3,2,7,7
1564164034172464,3,2,-12,-28,-3,2,-9,0
1564164034186438,-5,-7,-1,15,13,5,8,-1
1564164034186438,-29,-2,-4,-9,-14,-8,-9,-12
1564164034186938,-5,-31,-5,-3,-15,-7,0,-1
1564164034186938,9,14,0,-17,1,-2,-3,4
1564164034208896,8,-4,-7,-14,-10,0,7,4
1564164034208896,17,3,0,21,18,6,-5,2
1564164034209395,-25,8,-4,-2,4,0,-2,-11
1564164034209395,0,-11,5,12,-3,-5,1,-3
1564164034231885,-2,-4,1,-16,-4,-3,1,-3
1564164034231885,10,12,7,-6,-9,-6,5,4
1564164034232853,12,1,-9,5,3,1,-2,6
1564164034232853,-8,-5,3,3,5,3,10,3
1564164034246364,2,1,-7,-3,-2,1,-12,1
1564164034246364,6,-8,5,0,-10,0,10,10
1564164034247326,-10,12,-1,0,5,-1,-11,-7
1564164034247326,-3,-8,-11,1,-4,-5,-17,-8
1564164034268823,4,18,7,16,8,-1,-8,-11
1564164034268823,-22,-15,-4,-9,-5,0,1,-4
1564164034269286,-8,-12,-15,-23,-8,0,3,0
1564164034269286,12,-3,5,18,11,-1,7,3
1564164034291743,4,7,1,-16,-3,7,8,9
1564164034291743,-11,-9,-6,14,-4,-7,-11,-7
1564164034292742,-10,3,10,3,4,1,-3,1
1564164034292742,-34,-27,2,-5,-7,-4,-12,-21
1564164034306247,-12,-6,-20,-22,-9,-5,0,-10
1564164034306247,16,2,1,5,1,2,11,15
1564164034307214,43,15,4,-6,4,7,15,15
1564164034307214,16,9,-2,-3,-6,1,-1,9
1564164034328734,6,-11,3,18,6,-2,-13,-6
1564164034328734,-10,19,2,-21,-4,0,-11,-8
1564164034329672,-4,-16,-9,6,3,-5,-4,0
1564164034329672,16,16,5,-3,2,3,12,4
1564164034352163,-31,-14,-1,5,0,-2,-12,-11
1564164034352163,-4,-11,4,11,-4,2,0,0
1564164034352637,12,8,-4,-19,-1,-1,-3,-3
1564164034352637,11,-5,-10,22,8,2,3,-2
1564164034366104,2,15,1,-6,-3,-2,1,-3
1564164034366104,-45,-11,-5,-6,-2,-3,-5,-3
1564164034367103,20,-7,4,7,0,-4,-1,0
1564164034367103,6,-3,-5,-12,-14,-4,6,-4
1564164034388599,13,3,3,3,4,2,6,4
1564164034388599,23,13,-2,5,4,-4,-10,-2
1564164034389563,2,-7,-2,-8,-11,2,-4,-1
1564164034389563,-16,2,-9,-2,8,1,-4,4
1564164034412084,-9,-19,21,27,0,0,2,2
1564164034412084,38,24,7,-12,6,8,17,7
1564164034412521,-2,-13,-27,-8,-8,-8,-2,0
1564164034412521,-19,-11,-5,-5,-9,-6,-13,-3
1564164034426492,-7,-14,-5,-1,7,3,8,4
1564164034426492,3,7,-2,1,-5,-9,-12,-10
1564164034426994,-3,10,11,16,15,6,1,-4
1564164034426994,-2,7,-1,5,-3,-1,4,-2
1564164034448987,-13,0,-12,-28,-4,2,4,5
1564164034448987,-1,-8,5,34,16,2,-1,-3
1564164034449484,9,12,6,-2,-5,-3,-1,-2
1564164034449484,-6,-15,0,-3,-2,5,2,-2
1564164034471944,-23,8,4,-8,-4,4,2,-8
1564164034471944,4,-19,-12,-14,-8,-9,-11,11
1564164034472907,-5,13,2,-15,1,1,-1,17
1564164034472907,8,9,19,31,11,4,21,11
1564164034486897,12,1,-15,-17,-17,-17,-26,-17
1564164034486897,16,4,-1,19,15,19,17,5
1564164034487387,-20,-10,14,1,-11,-6,-5,-19
1564164034487387,-24,7,-5,-4,18,4,5,12
1564164034508902,-8,-13,-13,-5,-4,-4,-5,-7
1564164034508902,58,10,-9,-8,4,14,27,28
1564164034509344,-21,-11,7,9,-9,-18,-26,-22
1564164034509344,36,6,-4,-18,-17,-12,-20,-10
1564164034531796,-53,-32,-22,7,0,-5,12,-9
1564164034531796,-56,4,9,7,16,7,-3,-20
1564164034532796,-6,-1,-4,-6,-12,-4,5,14
1564164034532796,-32,-22,-2,-10,-12,-11,-27,-18
1564164034545804,29,19,10,-3,3,0,-2,-12
1564164034545804,15,-6,-11,-14,-10,-4,4,5
1564164034561240,-1,10,-5,6,11,7,-1,3
1564164034561240,-31,8,0,0,-5,-3,-20,-22
1564164034568760,30,-8,7,32,12,2,17,30
1564164034568760,7,-19,-4,-17,-6,0,15,15
1564164034569727,-54,3,0,-21,-11,-12,-15,-23
1564164034569727,56,-10,2,34,30,21,23,18
1564164034592187,-12,23,1,-20,-22,-7,-17,-19
1564164034592187,14,9,5,-7,-4,-2,-10,2
1564164034592684,-1,-9,-9,22,7,0,12,12
1564164034592684,33,11,8,-47,-39,-14,-10,-10
1564164034614679,-6,1,-17,54,50,20,21,29
1564164034614679,16,-24,-4,-26,-19,-15,-7,13
1564164034615157,33,12,6,10,1,3,-6,-16
1564164034615157,-50,-23,5,14,18,18,26,0
1564164034628655,71,9,-5,-21,-20,-15,-10,8
1564164034628655,-33,13,0,12,-2,-10,-13,-20
1564164034629622,-50,-29,0,0,3,3,-3,1
1564164034629622,33,-7,5,-1,0,-1,21,14
1564164034652107,-5,15,5,-2,7,9,-4,-6
1564164034652107,45,8,7,7,2,3,-2,11
1564164034652572,-20,-1,-1,-12,-7,0,23,-7
1564164034652572,64,10,-15,-22,-7,-12,-32,-21
1564164034665608,-32,-8,1,-2,-7,-6,-6,2
1564164034665608,6,-1,0,-9,-16,-16,-30,-15
1564164034674032,-35,-13,-5,6,18,18,29,14
1564164034674032,-20,25,1,2,-17,-9,-4,3
1564164034690014,46,9,1,-8,9,19,34,32
1564164034690014,-60,-15,0,17,8,-7,-30,-35
1564164034691001,20,-14,-6,-9,-3,5,4,6
1564164034691001,16,-12,-10,-3,5,1,1,22
1564164034711996,74,34,10,9,-7,-12,-17,4
1564164034711996,-77,-17,-16,-38,-17,-2,9,-57
1564164034712966,57,-3,6,6,5,7,1,7
1564164034712966,-90,1,5,31,12,3,-16,-34
1564164034725444,-56,-55,-9,-8,-16,-19,-31,-32
1564164034725444,41,18,-11,-7,9,10,34,45
1564164034733928,61,24,8,-5,-5,6,9,16
1564164034733928,30,14,1,-11,-7,-2,1,8
1564164034749424,-35,0,5,8,-9,-4,-10,-8
1564164034749424,-10,-8,6,-1,3,1,4,1
1564164034750391,-49,4,2,11,-1,-3,-11,-18
1564164034750391,22,10,-1,4,-1,-4,0,7
1564164034771855,-35,-6,-3,5,14,0,-3,-18
1564164034771855,23,-10,2,-15,-2,12,22,11
1564164034772848,8,9,-13,24,3,-1,-6,3
1564164034772848,-58,-11,11,0,5,-4,-17,0
1564164034785825,16,-11,0,-26,-9,-3,24,7
1564164034785825,-3,41,5,22,9,8,14,15
1564164034793849,-50,-5,1,-26,-16,-11,-30,-24
1564164034793849,67,-33,-10,-4,0,8,14,11
1564164034809317,-74,7,-3,-5,-4,-4,-12,-29
1564164034809317,-21,-7,11,52,9,-6,-7,-2
1564164034810286,86,22,-7,-19,-5,-2,-6,18
1564164034810286,-75,-33,-10,-16,2,-1,2,-14
1564164034839724,-18,15,10,19,-2,0,-6,-13
1564164034839724,38,-19,-9,-28,-16,-4,-1,19
1564164034840231,-10,1,-1,24,10,-2,-1,5
1564164034840231,-11,7,-5,-11,5,1,6,-6
1564164034845746,58,-9,-9,-26,-9,0,-11,4
1564164034845746,-30,5,-4,15,-8,-8,-3,-33
1564164034853735,42,9,7,-10,-6,-1,1,14
1564164034853735,16,6,0,-1,-4,5,29,32
1564164034869704,-59,-15,1,2,-1,-6,-15,-18
1564164034869704,66,23,1,16,8,6,1,14
1564164034870176,-18,-26,-5,-10,-5,-3,-4,-3
1564164034870176,35,5,5,3,4,-3,-10,-6
1564164034892657,-22,9,-1,2,0,3,-7,-6
1564164034892657,-21,8,3,-15,-8,-4,2,-1
1564164034893134,69,-8,8,11,-5,-2,1,7
1564164034893134,-32,10,-14,5,13,-2,-14,-18
1564164034914586,39,0,-2,-27,-3,5,28,36
1564164034914586,-8,-19,3,21,2,3,1,6
1564164034916084,-47,15,6,2,4,2,2,-20
1564164034916084,-20,9,11,1,-7,-6,-16,-14
1564164034928069,92,9,0,8,-6,1,11,24
1564164034928069,-95,-23,-13,-10,-1,-2,-2,-18
1564164034937044,85,1,-1,2,11,6,22,30
1564164034937044,-3,-1,-8,-4,-9,-4,-2,-14
1564164034952075,-19,-6,-7,6,6,2,-1,0
1564164034952075,13,1,1,-16,-10,-13,-19,2
1564164034953513,-76,1,-4,-13,-10,-6,-24,-33
1564164034953513,19,22,3,2,-16,-1,7,9
1564164034974511,-3,-38,-12,1,16,6,17,8
1564164034974511,-3,6,4,-2,8,5,-10,-8
1564164034975979,-20,-26,-8,7,3,-4,-4,-10
1564164034975979,18,21,8,-15,-10,-7,-4,16
1564164034988010,9,15,11,2,-13,-4,-5,-8
1564164034988010,3,-7,-12,-20,2,7,4,-6
1564164034996939,-40,-15,-12,14,8,-2,-4,-4
1564164034996939,36,-10,-2,-5,-9,-9,-9,7
1564164035011908,-59,-9,2,12,2,-2,4,-12
1564164035011908,-1,9,-7,-19,2,0,-7,-5
1564164035013406,24,9,14,24,-7,-2,12,5
1564164035013406,4,5,-10,-17,8,10,11,5
1564164035041855,6,-12,-1,22,10,0,-6,6
1564164035041855,-24,-5,-1,-16,-9,0,1,-14
1564164035043846,2,-1,1,1,2,-2,-6,-3
1564164035043846,3,-18,-8,1,0,-1,13,-1
1564164035048884,8,13,7,-9,-8,1,-6,-4
1564164035048884,5,-6,4,11,5,1,1,-2
1564164035055822,-23,5,-1,-4,0,-1,-5,-10
1564164035055822,43,3,5,8,-1,-1,2,14
1564164035071853,-11,-12,-14,-21,-5,0,6,8
1564164035071853,22,7,2,7,0,1,-8,3
1564164035073790,-46,2,1,-28,-16,-3,-13,-21
1564164035073790,1,-12,4,56,37,8,18,17
1564164035094751,14,18,3,-12,-13,-3,-9,-2
1564164035094751,30,2,1,16,-5,-5,1,7
1564164035096253,1,5,-10,-40,-6,-2,-3,-1
1564164035096253,-40,-7,-4,7,4,4,-7,-20
1564164035116710,46,-7,-3,6,0,-9,-36,-1
1564164035116710,-27,5,3,-8,-3,-1,33,2
1564164035118706,-2,27,8,-11,-6,7,2,10
1564164035118706,-27,-48,-7,29,12,5,0,-2
1564164035132214,5,22,3,-20,1,1,8,10
1564164035132214,-4,-9,-1,6,4,0,-19,-9
1564164035133679,-11,-4,1,1,-9,-6,-8,-7
1564164035133679,14,2,-7,-18,-6,-4,6,2
1564164035154646,-14,-10,0,-6,-7,-4,-6,-4
1564164035154646,-7,-11,-1,5,-1,-4,-9,-5
1564164035156136,56,-2,1,14,8,6,25,24
1564164035156136,-50,10,-9,-28,-10,3,6,-11
1564164035169111,-14,-9,9,25,6,-1,-7,-10
1564164035169111,8,10,-2,-17,-6,-7,-7,1
1564164035175600,24,-1,-9,-9,-3,-2,-10,6
1564164035175600,-28,-15,-1,10,-7,-9,-2,-8
1564164035192104,10,12,2,-7,-4,1,14,7
1564164035192104,-3,-5,0,9,3,3,-2,0
1564164035193567,-11,-13,-5,-13,-1,-4,-2,-7
1564164035193567,25,23,1,-10,-19,-8,-14,0
1564164035214565,-10,0,6,31,11,1,3,-9
1564164035214565,7,-9,-11,-1,9,-1,-6,3
1564164035216026,-15,-6,-8,-6,1,3,9,4
1564164035216026,-19,8,8,-5,1,1,-21,-22
1564164035229021,15,-1,-2,-10,-2,7,28,26
1564164035229021,14,6,-5,5,-8,-8,-4,-6
1564164035235494,-28,3,-3,2,-2,-2,5,-8
1564164035235494,21,-15,2,9,5,-1,-5,2
1564164035251996,5,6,-3,-3,5,0,-17,-10
1564164035251996,-13,-12,-2,-3,-2,-2,-5,-5
1564164035253457,21,-3,-3,-15,-4,0,12,12
1564164035253457,13,17,10,7,-7,-3,-9,-2
1564164035274455,-16,-19,-13,-2,-2,-5,3,-7
1564164035274455,-1,7,-1,-6,-3,3,6,7
1564164035275914,0,-2,8,16,6,-1,-9,-8
1564164035275914,-14,-5,-12,-32,-13,-6,-9,-8
1564164035288929,-54,-9,-2,5,4,-6,-8,-8
1564164035288929,70,15,9,14,6,9,2,13
1564164035295877,26,-1,-6,5,0,-6,-2,5
1564164035295877,13,18,1,-21,5,7,25,18
1564164035311885,5,-16,1,14,4,8,14,3
1564164035311885,-37,-9,-5,3,4,0,-8,-13
1564164035313345,11,-11,-5,1,-10,-7,-15,-6
1564164035313345,5,17,11,15,10,-1,0,10
1564164035334341,1,13,2,-10,-5,-2,-5,-15
1564164035334341,8,-13,-3,0,5,-1,17,14
1564164035336302,6,7,6,13,6,3,0,2
1564164035336302,-24,4,-2,-1,-11,-2,-3,-10
1564164035348810,-45,-13,0,1,6,3,-7,0
1564164035348810,6,-18,-1,-10,-3,-2,-5,-8
1564164035355784,25,26,11,20,4,0,-2,14
1564164035355784,-18,-12,-2,-10,-8,0,10,-1
1564164035371768,21,-1,-10,-14,-11,-10,-9,0
1564164035371768,-7,7,-5,-14,-6,-7,-22,-5
1564164035373732,-67,-17,2,1,-6,2,12,-15
1564164035373732,34,2,-7,23,22,11,14,12
1564164035394693,-1,7,5,-10,-8,1,6,-2
1564164035394693,28,-7,-7,-11,-5,-7,-1,2
1564164035396199,9,3,5,5,-3,-4,-9,-1
1564164035396199,-17,-12,6,9,6,-3,-13,-12
1564164035408174,-4,-2,-4,4,1,4,12,4
1564164035408174,-43,3,3,2,-9,-6,-11,-12
1564164035417152,46,7,-9,-9,7,10,5,-1
1564164035417152,29,3,6,-18,-14,-9,4,24
1564164035432164,-6,-9,-12,-6,-4,-1,-1,-7
1564164035432164,7,12,3,4,4,0,-4,-1
1564164035433621,-18,-2,-4,-4,-1,-3,1,0
1564164035433621,-34,-20,-7,-4,-3,2,-4,-19
1564164035454616,45,17,2,-7,0,-3,-3,10
1564164035454616,-12,-12,-2,-7,-12,-4,-13,-9
1564164035456079,-34,-17,-1,3,3,3,12,-2
1564164035456079,38,15,0,8,8,-1,-14,12
1564164035468096,16,14,10,-4,-5,-1,7,0
1564164035468096,-11,-1,-3,3,4,3,2,4
1564164035477047,-8,-2,3,6,8,-2,-7,-10
1564164035477047,-15,-4,-8,-44,-25,-8,-24,-12
1564164035492054,-50,-10,-1,27,5,2,16,-13
1564164035492054,52,8,4,13,13,6,-3,12
1564164035493509,18,5,-6,8,2,2,12,16
1564164035493509,3,-1,-1,-12,-8,-5,-5,-1
1564164035514470,-15,2,1,-8,-1,-4,-10,-6
1564164035514470,-9,4,-2,-4,-7,-1,7,-4
1564164035520496,-8,-11,-8,-17,-8,-9,-11,-7
1564164035520496,-7,-8,-3,13,8,5,6,-1
1564164035527946,18,-4,-6,-7,0,-1,-3,6
1564164035527946,10,2,3,-3,-6,0,10,4
1564164035536937,-26,3,2,1,-2,-5,-32,-19
1564164035536937,-16,-1,2,9,-1,-3,27,7
1564164035551900,13,-4,-6,-1,8,2,-8,3
1564164035551900,-8,0,1,-2,0,2,9,2
1564164035553400,-8,-3,0,-3,-4,0,-1,-4
1564164035553400,4,-1,2,-6,-10,-6,-9,-4
1564164035574391,25,-2,-6,4,3,5,1,7
1564164035574391,-36,-23,-6,-9,3,-8,-15,-9
1564164035575856,1,35,16,30,5,5,16,8
1564164035575856,-4,-1,0,4,5,5,2,-4
1564164035588332,26,-1,4,-16,-9,-4,-8,5
1564164035588332,6,-11,-13,-19,-10,-3,3,-3
1564164035597316,12,-1,2,13,1,-5,-6,-2
1564164035597316,-5,-8,-5,3,6,1,4,2
1564164035613287,-24,6,5,3,-1,-1,0,-8
1564164035613287,-5,-2,-1,-5,-5,-1,-3,0
1564164035614785,-14,-8,-3,-15,-3,-1,-1,-5
1564164035614785,7,2,-3,1,-1,-1,2,-5
1564164035634248,2,-12,-4,-8,-6,-2,-5,3
1564164035634248,0,11,4,8,2,0,2,-2
1564164035636244,11,-3,-4,-4,-1,1,-2,0
1564164035636244,-46,4,3,6,2,5,-4,-21
1564164035648254,25,-8,1,-5,-4,-6,-2,10
1564164035648254,-5,13,0,9,2,-2,7,-1
1564164035657212,-12,-12,-4,1,1,0,-2,-4
1564164035657212,11,0,-7,-11,-6,-5,-9,0
1564164035672685,-17,15,5,-17,-8,-5,-9,-11
1564164035672685,18,3,0,26,9,7,12,17
1564164035674180,5,-12,-5,-9,9,8,11,6
1564164035674180,-3,-16,-8,-9,-8,-6,-5,-2
1564164035694669,6,25,6,-8,-7,1,3,1
1564164035694669,2,3,-2,16,2,-2,-6,-1
1564164035696140,5,-4,0,-3,2,-4,-2,1
1564164035696140,4,2,3,6,0,3,-4,8
1564164035724614,18,-6,-7,-4,-5,-3,-1,0
1564164035724614,-32,1,0,-13,-3,-5,-1,-21
1564164035726083,-2,-12,-6,-4,-3,-8,-11,5
1564164035726083,-2,2,2,8,10,24,42,2
1564164035732100,-12,2,2,-4,-2,-9,-48,0
1564164035732100,26,4,-6,-12,-5,13,21,13
1564164035733563,-38,-15,-2,-5,-2,-3,-3,-12
1564164035733563,51,22,2,1,-4,-7,-4,5
1564164035754522,-47,-25,-5,7,2,-2,-5,-14
1564164035754522,-5,6,0,-7,9,3,22,9
1564164035756034,26,-5,1,-3,-7,-5,-6,6
1564164035756034,5,24,2,-11,-4,-9,-12,0
1564164035768005,11,5,1,0,0,3,11,1
1564164035768005,-26,-4,-4,-2,1,-6,-17,-8
1564164035776982,5,-7,2,19,3,6,10,-5
1564164035776982,11,-4,0,-8,-4,-3,-5,6
1564164035792453,-3,-4,-5,-8,-1,-2,9,-3
1564164035792453,-19,-19,0,19,8,0,-5,-8
1564164035794451,11,21,-2,-21,-6,-1,4,8
1564164035794451,-34,0,1,12,3,-5,-16,-11
1564164035814444,65,-2,-8,-3,-2,1,20,22
1564164035814444,-47,-11,5,-3,-10,-3,-13,-16
1564164035816409,7,-5,-10,9,19,6,16,7
1564164035816409,-6,-12,-3,-7,-8,-10,-17,-11
1564164035836871,-13,1,2,5,4,5,17,0
1564164035836871,7,7,0,-5,-8,-1,-18,-8
1564164035838369,38,4,1,-6,-5,-1,6,14
1564164035838369,-7,-4,8,16,4,3,7,0
1564164035851842,-16,7,-7,-36,-9,-3,-8,-10
1564164035851842,15,-3,6,55,19,5,3,4
1564164035853342,-36,7,-3,-19,-9,3,-5,-7
1564164035853342,70,7,2,13,3,-5,-16,10
1564164035874837,-36,-29,-4,10,1,3,19,-8
1564164035874837,17,-2,-6,-8,4,3,0,6
1564164035876803,-7,-2,-7,-11,-12,-8,-11,-5
1564164035876803,11,-7,2,-2,-2,0,4,-1
1564164035896800,-6,3,-6,1,4,0,-16,-12
1564164035896800,-5,9,8,-8,-10,-7,1,-6
1564164035898757,5,-5,-1,9,3,0,10,10
1564164035898757,-12,4,-3,-12,-4,-3,-4,-3
1564164035912231,27,-17,4,-17,-7,-3,0,0
1564164035912231,-11,-1,0,13,-4,1,5,-4
1564164035913729,-21,9,-4,-3,9,5,-3,-10
1564164035913729,37,-5,-8,-27,-9,-4,-1,17
1564164035934689,-28,-4,-1,37,7,1,3,-4
1564164035934689,-2,-2,3,-13,0,3,-4,2
1564164035936187,18,2,5,-19,-18,-6,-7,-4
1564164035936187,-29,-8,-2,27,15,1,10,-2
1564164035957148,18,-2,-11,-11,-2,2,-6,-4
1564164035957148,-21,-4,7,6,-4,-8,-14,-6
1564164035958644,0,8,-2,0,0,-3,4,-3
1564164035958644,-9,-10,-3,-10,-7,0,2,2
1564164035971122,-67,0,-2,5,-7,-3,-7,-18
1564164035971122,45,13,1,-1,10,1,11,14
1564164035978140,-2,-22,-2,0,-5,1,11,6
1564164035978140,-13,11,10,19,3,4,0,-2
1564164036002095,8,-7,-7,-4,3,-4,-6,4
1564164036002095,4,14,-4,-36,-14,-9,-18,-9
1564164036003562,-4,4,6,16,-4,0,3,2
1564164036003562,-3,-23,-7,10,12,4,11,-4
1564164036017038,-6,11,11,25,10,0,-13,-4
1564164036017038,0,-4,-2,-8,-2,-5,-7,-1
1564164036018535,-4,11,-1,-25,-2,0,-8,-5
1564164036018535,-21,5,-3,-16,-16,-1,8,0
1564164036031509,81,2,-6,15,4,8,7,14
1564164036031509,-15,-1,-2,2,5,1,-3,-4
1564164036038004,-48,-22,-1,-5,-5,-8,-19,-18
1564164036038004,9,4,0,-1,0,0,10,6
1564164036054527,-36,-13,1,-6,-2,0,9,1
1564164036054527,41,14,-1,-16,-9,0,4,13
1564164036055964,3,7,-1,16,3,-5,-12,-7
1564164036055964,-21,-2,0,-6,0,-4,-29,-20
1564164036076926,27,8,9,2,3,6,34,24
1564164036076926,-20,-16,-7,14,6,0,-4,-3
1564164036078456,-9,-8,4,6,-1,0,-7,-8
1564164036078456,20,5,-11,-9,-8,-6,-11,-4
1564164036092929,0,-2,-4,-32,-7,-2,-7,3
1564164036092929,4,4,3,4,1,2,8,5
1564164036098421,25,2,6,25,9,2,4,4
1564164036098421,-12,3,-8,-10,-3,-3,0,-4
1564164036114416,31,10,4,7,0,0,-5,7
1564164036114416,-56,-21,-8,-8,-4,-2,-2,-8
1564164036115853,37,17,0,-5,-2,-5,6,1
1564164036115853,15,-9,6,12,5,12,19,24
1564164036136874,-4,17,-1,-4,-4,-4,-10,-6
1564164036136874,16,-3,0,-9,-8,-2,-2,1
1564164036138312,-27,-6,-10,-7,-10,-5,3,-4
1564164036138312,-21,-12,1,13,8,-2,-5,-4
1564164036151793,-2,9,0,-1,-1,0,2,0
1564164036151793,-1,-5,-3,3,0,3,4,-4
1564164036158287,10,-4,-2,-6,-1,-4,-11,-4
1564164036158287,3,4,-6,-20,-13,-4,3,-3
1564164036175741,-11,-7,-3,-1,7,0,-8,-4
1564164036175741,6,7,0,10,-1,-4,-2,-4
1564164036177739,19,-1,9,11,5,6,7,15
1564164036177739,-8,-9,-13,-13,-2,2,-2,-5
1564164036197699,0,7,11,8,-4,-4,-5,3
1564164036197699,-23,-14,-4,-13,-2,0,-3,-8
1564164036199199,17,1,-13,3,5,-4,-24,-10
1564164036199199,11,7,6,3,-1,-2,20,15
1564164036211181,-21,-1,0,0,1,1,-1,-1
1564164036211181,4,1,3,-1,-4,-2,1,4
1564164036225688,-9,0,0,-3,-5,0,3,-3
1564164036225688,-18,-8,-2,-4,1,-3,-14,-14
1564164036234668,4,-4,1,2,-6,-5,-5,-2
1564164036234668,20,3,-4,-3,-5,-1,8,8
1564164036236629,-11,2,0,-2,4,3,4,6
1564164036236629,0,2,2,3,0,-3,-3,-3
1564164036257127,7,1,-8,-1,-5,-9,-7,-3
1564164036257127,6,0,0,4,0,3,2,0
1564164036258588,-10,-7,8,-2,0,3,14,1
1564164036258588,-3,2,8,1,-1,10,-11,-5
1564164036279548,0,-1,-17,-1,-3,-21,-13,-12
1564164036279548,1,-15,-24,-10,-11,-26,-15,5
1564164036281046,-8,10,37,12,18,38,-25,-6
1564164036281046,-1,13,7,10,-7,-28,15,-1
1564164036294558,-10,-18,-34,-7,13,20,-36,-16
1564164036294558,21,7,22,1,3,16,14,5
1564164036296017,-11,-20,-50,-13,1,-14,-3,-6
1564164036296017,-5,7,33,21,5,14,1,-11
1564164036317021,0,29,76,11,3,-5,13,8
1564164036317021,23,16,-29,2,6,6,2,7
1564164036318476,-7,-21,-14,-11,-15,-9,20,5
1564164036318476,-1,8,-12,-17,-1,11,-2,11
1564164036330514,4,0,52,14,-11,-19,24,5
1564164036330514,-9,14,3,-1,-1,0,-3,-12
1564164036339444,0,-14,22,3,4,6,4,-1
1564164036339444,-10,-23,-46,-22,-15,-6,18,-9
1564164036354447,15,0,-31,3,28,64,26,33
1564164036354447,4,17,46,7,7,13,-17,-2
1564164036355908,-4,13,19,18,-5,-15,22,-2
1564164036355908,-7,21,77,15,8,2,-36,-32
1564164036376904,-16,-47,-88,-31,-21,-16,7,-5
1564164036376904,9,2,2,1,-5,-10,4,4
1564164036378365,7,6,-28,-12,0,-6,0,4
1564164036378365,-10,-35,-51,-17,-7,-13,-6,2
1564164036390342,8,31,-5,8,7,3,5,7
1564164036390342,-9,-17,14,8,3,2,-4,-12
1564164036399827,0,-1,-42,-15,-6,-5,-3,0
1564164036399827,11,26,38,23,6,4,2,11
1564164036414329,-13,-24,-26,-20,-11,-15,-20,-19
1564164036414329,-7,-5,9,1,-2,-1,10,9
1564164036416295,-3,-2,15,-7,-1,0,0,1
1564164036416295,18,6,-15,10,8,4,0,3
1564164036437258,-4,-12,-24,-12,-17,-11,-2,-3
1564164036437258,-5,11,27,10,6,2,4,-4
1564164036438752,3,-1,8,3,0,0,-9,3
1564164036438752,-10,-11,-47,-14,1,2,-3,1
1564164036450764,1,27,92,17,-1,-8,-6,-9
1564164036450764,-18,-37,-40,-18,-8,-1,2,-4
1564164036459727,-1,-20,-31,-4,-6,-1,-6,1
1564164036459727,8,32,44,14,5,1,2,-2
1564164036475223,-3,5,12,13,5,0,6,4
1564164036475223,17,20,-3,-8,-9,-7,-7,9
1564164036480735,-16,-15,8,-1,5,3,-1,-10
1564164036480735,-9,-23,-35,-21,-4,-2,-3,-5
1564164036504630,13,22,-6,6,5,3,6,17
1564164036504630,-12,-24,-11,-2,-7,-5,0,-2
1564164036506134,-12,-6,16,-4,-11,-11,-13,-10
1564164036506134,-6,-21,-3,-9,-3,-2,-3,2
1564164036510627,0,9,21,15,7,1,1,-3
1564164036510627,12,-3,-36,-10,4,1,4,21
1564164036519602,2,35,40,2,-5,0,-4,-14
1564164036519602,-6,-29,-22,5,2,-1,4,8
1564164036534574,-5,-11,-16,-10,-6,-1,-3,-20
1564164036534574,2,13,1,2,2,-1,0,-5
1564164036536072,0,11,15,10,3,-2,0,6
1564164036536072,1,-6,4,8,4,-3,0,2
1564164036557032,-9,21,18,-2,0,10,-1,-2
1564164036557032,-13,-34,-74,-34,-16,-11,-8,-7
1564164036558530,11,12,-11,-2,0,0,-1,1
1564164036558530,-6,-16,22,-3,-1,-3,-3,-5
1564164036570507,-4,-19,-18,13,3,3,1,8
1564164036570507,11,31,17,-2,0,0,-11,-24
1564164036579492,4,14,-20,-15,-8,3,3,-2
1564164036579492,1,-19,19,8,8,1,0,2
1564164036593964,6,20,9,15,2,-3,-5,-6
1564164036593964,-12,-19,14,-5,-6,-4,0,0
1564164036600454,-1,-24,-16,-3,3,-1,-1,5
1564164036600454,21,43,10,-3,-4,3,-4,-2
1564164036616933,7,0,-26,-14,-3,-7,4,13
1564164036616933,-3,-9,21,11,-4,3,10,3
1564164036618418,-1,13,-8,-3,1,-3,2,-6
1564164036618418,-3,-1,18,-1,-8,-1,8,10
1564164036630457,11,1,26,4,1,-2,-9,-5
1564164036630457,-3,-27,-20,4,10,1,0,4
1564164036639378,-6,6,-7,4,-2,2,4,12
1564164036639378,-2,17,14,5,6,1,-7,-13
1564164036653909,5,-3,-15,-17,-12,-4,2,3
1564164036653909,-5,-4,30,18,8,0,-5,-9
1564164036660839,15,-1,-18,5,-1,1,0,5
1564164036660839,-1,22,10,5,-2,-3,-4,4
1564164036676851,-7,-21,-25,-13,8,1,-2,-15
1564164036676851,5,7,-3,-2,6,3,2,18
1564164036678329,-5,13,26,9,-3,-1,-1,2
1564164036678329,8,-1,-40,-14,-11,-4,1,0
1564164036690783,-18,-30,18,-3,-8,-4,0,14
1564164036690783,-4,4,1,7,-1,1,-2,-22
1564164036707256,-3,-6,1,-2,5,-2,-2,-1
1564164036707256,-3,15,-8,-8,-9,-4,-9,-5
1564164036713271,-8,-12,-21,-6,-4,-5,-1,-1
1564164036713271,7,18,-2,-13,-4,-4,-6,-5
1564164036722226,1,4,18,16,1,2,-4,-8
1564164036722226,-6,-10,-1,-2,7,0,-2,-4
1564164036736699,4,-4,0,12,3,4,1,-1
1564164036736699,-4,-13,3,-5,2,0,1,3
1564164036738696,-1,3,-23,-19,-4,-4,-4,-8
1564164036738696,1,-11,-7,9,2,0,0,10
1564164036750711,3,22,8,0,-6,-2,0,0
1564164036750711,-5,6,25,-3,-12,-3,0,-2
1564164036759664,1,-13,0,-3,11,3,5,-3
1564164036759664,-12,-19,-22,-11,-9,-5,-7,5
1564164036782116,-8,-4,-3,-9,0,-3,-7,-18
1564164036782116,4,10,20,13,-1,-3,5,10
1564164036783612,7,-20,-30,-10,-8,-1,3,9
1564164036783612,-13,7,18,-2,-3,-7,-4,-16
1564164036797126,-4,-2,7,10,7,4,-5,-10
1564164036797126,-9,-18,-23,-10,-5,-6,-8,-10
1564164036798585,0,1,5,0,-3,1,-3,3
1564164036798585,-9,-3,-3,4,6,6,10,4
1564164036819551,10,7,10,2,-9,-4,2,6
1564164036819551,-1,4,-8,-17,6,2,-1,-3
1564164036821043,-8,-11,12,13,0,-3,-1,-1
1564164036821043,9,9,-3,-4,-6,0,-1,3
1564164036835052,-6,-24,6,4,6,-1,-1,-1
1564164036835052,-7,-8,-50,-21,-1,4,5,1
1564164036836513,-2,12,25,-2,-4,-2,-4,-13
1564164036836513,5,-12,-22,-7,-1,-4,-4,1
1564164036857016,-2,14,26,18,4,5,8,-2
1564164036857016,4,-11,7,15,-5,-3,2,7
1564164036858472,-10,0,-15,-13,-12,-8,-3,-5
1564164036858472,9,6,22,13,6,6,-4,10
1564164036879495,-5,-13,-62,-23,-5,-3,-3,-1
1564164036879495,-4,5,25,3,0,-3,-10,-19
1564164036880931,8,21,27,12,4,3,-3,8
1564164036880931,-3,-19,-8,2,-1,-5,6,7
1564164036894443,-8,-2,-16,-7,-1,1,1,2
1564164036894443,9,21,20,4,-2,1,7,4
1564164036895903,-9,-32,-22,-11,-5,-3,-7,-6
1564164036895903,7,32,6,5,5,2,6,1
1564164036916901,-7,-20,8,10,0,-2,-5,-4
1564164036916901,2,22,-1,-6,-5,-1,3,3
1564164036918362,6,-3,-3,-1,10,7,9,8
1564164036918362,-2,8,0,-10,0,3,2,-3
1564164036939326,-5,-5,5,4,-1,-1,0,-3
1564164036939326,1,-3,7,15,-4,-10,-15,1
1564164036941318,0,-6,-15,-4,0,5,6,-8
1564164036941318,-4,-21,-5,-12,-3,0,2,2
1564164036953833,7,12,2,-7,-14,-14,-4,4
1564164036953833,3,31,16,5,4,6,5,-4
1564164036960791,-10,-48,-19,-11,-10,-6,-2,6
1564164036960791,-2,-11,-34,7,2,0,0,-16
1564164036984276,6,-9,-10,-2,6,4,-14,-1
1564164036984276,-4,-12,7,0,-6,-6,-1,4
1564164036986236,14,25,24,-2,-1,-3,-2,1
1564164036986236,-2,-5,3,-2,-8,-2,-2,-1
1564164036999219,11,3,-6,-2,7,1,0,2
1564164036999219,-5,0,-8,7,6,3,1,-1
1564164037001207,-1,1,-8,-14,-5,-2,-2,2
1564164037001207,-1,0,0,-4,-15,-10,-9,0
1564164037013716,3,29,28,-3,0,7,15,4
1564164037013716,0,-21,-16,-1,3,-1,-4,-2
1564164037020671,-1,2,17,16,6,4,11,10
1564164037020671,4,11,-2,-10,2,1,1,-6
1564164037037141,-13,-21,-12,-11,-11,-7,-4,-9
1564164037037141,6,23,0,0,-3,4,9,4
1564164037038639,-5,-29,-8,8,1,-1,2,11
1564164037038639,2,8,2,-1,2,3,-2,0
1564164037060101,0,4,2,-6,0,-1,1,-1
1564164037060101,1,-5,5,13,6,-1,-3,-1
1564164037061599,2,5,16,6,3,-1,-9,-5
1564164037061599,-13,2,-2,1,2,5,11,1
1564164037073572,5,-13,-20,-16,-8,-3,-3,-1
1564164037073572,-13,5,11,-14,-9,-1,-4,-4
1564164037080581,-3,12,5,25,5,-2,-2,-3
1564164037080581,-1,-19,-10,-9,9,0,-6,-6
1564164037097027,1,21,31,9,5,4,5,5
1564164037097027,2,-26,-18,-1,-12,-3,2,4
1564164037098525,-2,22,-5,-2,2,-3,-6,-12
1564164037098525,-3,1,7,-5,-5,-2,3,3
1564164037119536,4,2,-10,5,10,2,0,5
1564164037119536,1,-9,5,-1,4,-1,-10,-16
1564164037120984,-4,11,7,-7,-10,-3,-1,2
1564164037120984,9,-21,-13,-5,-9,-4,0,3
1564164037133961,-9,14,16,17,8,0,-4,-5
1564164037133961,6,18,9,0,-1,-2,-4,-6
1564164037140487,-8,-23,-25,1,-3,1,3,6
1564164037140487,-1,3,-2,-4,-5,-4,-3,-9
1564164037156955,7,14,8,-15,-5,2,0,-2
1564164037156955,-1,5,4,18,16,7,8,19
1564164037158448,11,-3,-12,0,-2,-3,1,-2
1564164037158448,-11,-23,-23,-15,-2,1,-3,-28
1564164037179412,9,12,8,10,-15,-3,6,18
1564164037179412,9,7,5,1,8,3,6,7
1564164037185402,-10,-22,-32,-24,-10,-9,-8,-7
1564164037185402,6,6,5,13,-4,0,-2,8
1564164037193910,-2,4,3,6,6,1,-2,-12
1564164037193910,-9,-24,-3,-6,11,0,-3,-4
1564164037200843,8,22,17,-6,6,5,5,5
1564164037200843,-5,-10,-11,8,-3,-3,-1,1
1564164037216812,-6,-10,-5,-21,-9,-7,-6,-4
1564164037216812,-2,-6,-2,-9,-13,-2,0,2
1564164037218303,-4,7,15,29,12,6,-1,-8
1564164037218303,-2,11,14,13,5,0,-6,-5
1564164037239266,8,-3,-2,-2,1,-1,8,11
1564164037239266,-8,-5,-19,-11,-9,-4,-3,-7
1564164037241266,-9,-18,-23,-20,-10,-8,-13,-8
1564164037241266,9,23,16,6,0,1,5,9
1564164037253738,-9,-10,-1,12,6,6,1,14
1564164037253738,-12,-3,-7,-7,-11,-5,-5,-10
1564164037262222,-4,5,16,-6,0,0,-1,-8
1564164037262222,3,4,-12,3,4,0,2,5
1564164037276704,-3,-7,6,-8,-8,-3,-2,-3
1564164037276704,9,12,-14,-4,0,1,-5,-2
1564164037278693,8,24,10,20,18,7,4,5
1564164037278693,-15,-43,1,-13,-10,-6,-7,-1
1564164037299154,-4,-2,-30,-5,2,-1,-1,-11
1564164037299154,-1,-1,0,2,-9,-4,-1,2
1564164037301149,5,-1,11,1,-3,-1,2,0
1564164037301149,-3,7,-20,-3,4,-2,-2,-3
1564164037313167,8,10,7,2,-1,3,-2,2
1564164037313167,0,-14,-5,-2,-1,-5,-3,13
1564164037322132,-13,2,8,-3,-4,-1,-4,-30
1564164037322132,1,2,21,-1,2,7,3,5
1564164037337581,-10,-14,-20,8,1,-6,-4,-19
1564164037337581,21,23,-7,-1,1,0,2,20
1564164037339082,-16,-15,-18,-14,-9,-2,0,0
1564164037339082,-2,16,50,14,2,0,-4,-1
1564164037359589,-11,-38,-47,-4,3,0,-5,-12
1564164037359589,-1,10,14,-5,-4,1,1,-9
1564164037361045,11,10,2,-2,-7,-3,1,10
1564164037361045,0,1,2,11,12,2,-2,-6
1564164037373052,-5,5,13,-2,6,5,6,10
1564164037373052,-18,-10,0,9,3,-2,3,-8
1564164037389487,6,-5,-16,-10,-4,-1,2,11
1564164037389487,-5,-12,-3,0,-3,-2,-1,-5
1564164037397011,-4,11,29,8,-5,-4,-1,-5
1564164037397011,3,-8,-17,-11,-1,0,1,-2
1564164037398469,6,12,16,10,2,2,3,3
1564164037398469,0,3,-13,-17,-5,-3,1,3
1564164037419467,1,-2,-13,3,0,-2,-8,-6
1564164037419467,-1,-5,18,-3,-9,-5,-8,-13
1564164037420928,-7,4,28,16,3,-4,-7,2
1564164037420928,-3,-20,-18,2,4,6,15,-8
1564164037432905,5,15,-11,-24,-8,-1,3,3
1564164037432905,2,7,-5,2,-1,0,-3,2
1564164037441896,-2,-17,-14,2,6,0,0,-3
1564164037441896,5,18,2,-6,0,-3,-1,10
1564164037456892,-10,-28,-5,5,-7,-4,-4,-8
1564164037456892,-9,-9,-22,-12,-7,-4,-2,-5
1564164037458359,1,8,26,9,3,-1,-1,3
1564164037458359,-4,-2,-14,0,10,6,-2,-4
1564164037479351,9,6,15,3,1,3,2,4
1564164037479351,7,9,3,4,-3,0,3,5
1564164037481318,-5,-5,-12,-15,-4,-1,2,-2
1564164037481318,9,14,15,10,-6,-5,-2,6
1564164037493329,3,6,3,-13,-2,-5,-2,-1
1564164037493329,-6,-14,-13,-4,0,3,3,-1
1564164037502277,3,-1,8,6,2,-2,-4,5
1564164037502277,2,14,5,0,-4,1,5,-9
1564164037516787,0,1,18,5,-4,-5,-4,-7
1564164037516787,-3,5,-18,-4,1,5,11,0
1564164037518746,-5,-15,-4,-6,-4,-2,-1,1
1564164037518746,19,10,-7,-7,-4,-4,-2,22
1564164037539744,-14,2,9,-3,-3,-4,-9,-27
1564164037539744,-6,-14,-8,-2,5,0,5,3
1564164037541704,6,0,9,7,-2,-1,-2,-1
1564164037541704,2,9,-22,-20,-7,-3,-5,1
1564164037553247,1,-23,-1,-1,-3,0,-2,4
1564164037553247,-2,-4,12,13,10,-1,-5,-1
1564164037562165,3,9,-5,-1,-7,-1,-2,-5
1564164037562165,-7,-12,7,12,14,0,-3,-2
1564164037577171,4,4,-9,-12,0,2,6,8
1564164037577171,3,21,2,3,1,-2,-4,-5
1564164037578640,-4,-26,-17,-8,-10,-5,-2,-3
1564164037578640,-7,8,7,-6,-12,-7,-5,-8
1564164037599613,1,-11,-7,6,6,3,5,5
1564164037599613,6,7,5,3,0,1,-1,10
1564164037601099,-4,6,5,-6,-2,0,-4,-13
1564164037601099,-2,-12,-17,0,-3,-5,-3,-1
1564164037613607,0,-3,7,12,6,2,0,1
1564164037613607,-2,-12,-20,-11,-5,1,-2,2
1564164037622053,1,1,23,7,-1,-2,-1,-2
1564164037622053,1,2,-36,-25,-5,-2,3,8
1564164037637025,-1,-7,9,15,-1,-3,-2,-2
1564164037637025,2,-2,3,-6,-4,-4,-2,-2
1564164037638523,-15,-7,-4,12,11,7,4,-2
1564164037638523,0,-5,5,-11,-11,-5,-6,-4
1564164037667003,7,14,-21,3,-4,-1,3,9
1564164037667003,5,10,14,6,18,5,1,2
1564164037668468,-3,-4,-7,-17,-4,-1,-2,1
1564164037668468,-4,-5,20,13,3,4,1,-2
1564164037672959,-3,-1,-22,-18,-9,-4,-3,-1
1564164037672959,6,7,0,-2,-8,-5,1,4
1564164037681943,-5,4,0,11,7,2,2,-11
1564164037681943,-4,-13,-1,0,0,2,3,4
1564164037696921,1,11,13,-1,1,-1,-7,-9
1564164037696921,-6,-1,18,10,-1,-5,-5,-6
1564164037698412,4,-18,-26,-18,-4,0,12,9
1564164037698412,-3,-5,-7,-3,-2,2,1,-6
1564164037719374,1,4,-1,-3,2,-1,-3,2
1564164037719374,2,4,6,8,6,-2,-6,-2
1564164037720870,3,15,27,4,-2,-2,-2,-13
1564164037720870,6,-17,-19,1,-3,0,2,21
1564164037741892,-1,6,-20,-9,-5,-4,2,5
1564164037741892,-7,-12,11,3,-1,1,-3,-8
1564164037743329,0,3,-10,-2,-12,-5,-2,6
1564164037743329,3,21,33,17,17,4,1,-3
1564164037756841,0,2,5,-8,-6,0,2,-3
1564164037756841,-2,-10,-12,-8,-4,0,3,9
1564164037758301,-11,3,-3,13,-6,-5,-10,-20
1564164037758301,-6,-21,-9,-10,8,-2,-4,-5
1564164037779763,7,24,15,6,4,5,4,6
1564164037779763,-14,-2,10,2,0,3,1,-8
1564164037781263,1,-26,-21,-14,-6,-2,-1,14
1564164037781263,-4,1,5,5,-7,-3,-4,-6
1564164037801780,-1,-3,-4,-3,0,-2,-3,0
1564164037801780,2,4,15,5,6,3,1,0
1564164037803716,-5,-1,-10,-3,6,3,5,7
1564164037803716,-4,-11,-3,-12,-10,-12,-15,-4
1564164037817227,3,1,1,9,2,6,12,11
1564164037817227,2,3,9,-1,-5,-1,-2,-16
1564164037819188,8,9,-4,-8,-2,1,5,10
1564164037819188,-6,-6,6,27,-1,1,-1,-6
1564164037839649,-13,1,2,-30,-10,-6,-5,-7
1564164037839649,3,-4,-14,7,10,1,-1,3
1564164037841147,-2,-4,-7,-4,1,0,-1,-2
1564164037841147,1,14,-13,-10,-6,-2,0,-6
1564164037862108,2,-3,3,2,-5,-3,-3,3
1564164037862108,0,-7,13,9,0,-1,-1,-1
1564164037863605,4,15,5,-7,4,0,-1,1
1564164037863605,-4,-1,-3,3,-7,-2,1,0
1564164037876581,4,-11,5,6,6,-2,-4,-3
1564164037876581,-1,-2,-42,-17,-5,0,4,2
1564164037890586,8,12,24,20,8,2,1,-1
1564164037890586,-4,-2,-1,-2,-7,-1,-3,-1
1564164037899541,-2,-16,-15,7,13,4,-1,-4
1564164037899541,-1,-7,-3,-18,-15,-5,-5,-3
1564164037901036,6,13,1,-3,-6,-3,-3,4
1564164037901036,0,8,5,19,3,2,1,-3
1564164037921001,0,-15,-4,-11,10,1,-2,1
1564164037921001,-8,1,-1,-3,-10,-5,-4,0
1564164037921998,-9,-5,-7,1,4,3,-2,0
1564164037921998,-2,-5,6,4,6,1,0,-2
1564164037935479,-3,8,1,-5,-18,-10,-6,-6
1564164037935479,13,3,-9,-20,-2,1,2,4
1564164037943962,3,-3,-2,15,-2,-1,-5,0
1564164037943962,13,7,4,-4,2,1,1,1
1564164037958945,-5,1,-6,8,5,2,1,0
1564164037958945,-27,-26,1,18,10,1,5,-6
1564164037959435,5,2,-8,-27,-9,-4,-6,2
1564164037959435,-3,6,6,-6,-9,-4,-5,-2
1564164037981422,-10,-8,0,16,-2,-2,-4,-2
1564164037981422,25,8,-4,-19,-9,-3,-1,4
1564164037981887,-19,-13,-5,12,4,1,2,-6
1564164037981887,-15,-8,-2,-18,-4,-1,3,-3
1564164037995861,20,10,5,-7,-8,1,1,4
1564164037995861,-30,-8,12,38,9,-3,-6,-10
1564164038003882,5,-1,-26,-29,-4,-2,1,0
1564164038003882,4,-5,-8,-16,-8,-5,-9,0
1564164038018856,7,-3,-11,-13,-16,-8,-10,-4
1564164038018856,10,16,10,11,11,8,11,3
1564164038019323,0,2,20,29,6,4,5,6
1564164038019323,2,2,-16,-14,2,2,0,0
1564164038041338,33,10,9,3,-5,-8,-8,9
1564164038041338,-71,-21,-17,-22,-8,-8,-6,-31
1564164038042273,-8,-5,-2,8,-3,-2,-12,-15
1564164038042273,-5,-22,-16,-17,4,3,5,0
1564164038055751,21,26,18,6,3,2,-4,14
1564164038055751,10,2,13,25,3,-1,-1,7
1564164038063766,10,-1,-17,-9,-2,-2,5,5
1564164038063766,5,12,17,8,0,1,4,5
1564164038078714,-23,-24,-7,-6,6,5,7,-7
1564164038078714,3,10,1,2,-2,0,1,1
1564164038079703,-20,-11,-3,-14,-7,-7,-7,-10
1564164038079703,35,4,0,7,6,5,8,9
1564164038101194,-12,9,-1,0,-2,-4,2,-6
1564164038101194,0,-5,-1,13,2,0,-1,4
1564164038102166,10,3,8,-13,0,-6,-7,-5
1564164038102166,-35,-9,-12,-2,-9,-2,0,-7
1564164038115648,10,-3,-9,-3,2,3,-4,-2
1564164038115648,4,-3,1,-5,-6,-2,-6,4
1564164038123622,20,8,-3,-17,6,3,8,11
1564164038123622,-19,-3,16,22,-4,-8,-17,-13
1564164038138635,-17,-16,-3,12,8,0,-2,-4
1564164038138635,16,-6,-11,-18,-4,4,4,0
1564164038139593,11,7,7,3,-6,-3,-5,5
1564164038139593,-4,11,19,8,1,0,5,-4
1564164038161092,-9,-2,-5,5,2,3,0,-10
1564164038161092,28,2,-2,-7,2,-2,4,14
1564164038168545,6,10,6,10,1,2,8,15
1564164038168545,16,2,4,18,10,6,5,-1
1564164038176084,-53,-1,3,-14,-8,-4,-1,-22
1564164038176084,-3,-7,-9,-2,1,-5,-5,0
1564164038177029,24,-1,-6,-1,-8,-6,-3,4
1564164038177029,-29,-5,-4,-9,2,-1,-8,-11
1564164038199989,24,2,5,9,-1,-6,-11,-2
1564164038199989,-31,-1,3,-10,-9,1,10,-4
1564164038200978,-3,-9,-15,-30,-4,-3,6,-2
1564164038200978,10,1,-6,21,4,-1,1,3
1564164038221475,19,3,3,2,7,3,0,11
1564164038221475,8,-2,8,6,-3,-3,-5,-1
1564164038221947,-26,-3,-11,-6,-4,-2,-7,-4
1564164038221947,14,1,-1,-20,-8,-1,3,-8
1564164038236412,-29,-11,-6,-3,-4,-2,3,-8
1564164038236412,48,10,3,-8,-5,1,2,16
1564164038236911,-13,-1,3,23,5,0,-5,-5
1564164038236911,15,12,-4,13,8,1,1,9
1564164038258904,-21,-16,-1,-10,-3,-1,-1,-7
1564164038258904,-10,1,-1,-4,-11,-4,-7,-8
1564164038259378,3,-1,-12,-8,1,0,1,-5
1564164038259378,3,-3,-6,-20,-6,-2,-6,6
1564164038281332,9,3,5,8,-5,-2,3,-4
1564164038281332,-23,-12,-16,-30,-11,-6,-14,-3
1564164038282328,41,14,14,46,18,5,3,13
1564164038282328,4,4,-2,-2,3,1,13,4
1564164038295802,-24,-21,-12,-18,-10,-2,-7,-18
1564164038295802,27,-1,-1,-8,-2,3,14,15
1564164038303787,-44,-5,8,15,2,3,-2,-11
1564164038303787,8,8,2,-11,-9,-13,-16,-5
1564164038318791,10,2,-8,4,5,2,9,12
1564164038318791,28,10,8,12,7,3,2,10
1564164038319757,14,7,2,-2,-4,2,-2,-5
1564164038319757,-37,-10,-7,-17,-5,-6,0,-2
1564164038341249,-3,-13,7,14,-4,-7,-8,-8
1564164038341249,4,19,-5,2,9,-3,-19,-22
1564164038342216,-20,-4,1,-10,-1,1,-4,-12
1564164038342216,-32,-2,-1,-8,-3,7,10,-4
1564164038355690,46,6,4,5,0,5,9,30
1564164038355690,-13,-8,-4,12,9,4,4,-3
1564164038363713,13,1,5,12,12,-1,5,5
1564164038363713,15,7,4,-4,-9,-2,-7,-2
1564164038378707,-1,-1,-4,-5,-8,-5,1,9
1564164038378707,32,7,-5,-3,-2,1,9,11
1564164038379655,-17,4,8,-12,-9,-5,-16,-6
1564164038379655,-1,-10,-2,-4,5,1,-9,-13
1564164038401106,-25,2,-1,24,20,13,32,17
1564164038401106,-22,-17,4,7,-4,-8,-24,-37
1564164038402103,-13,-11,-14,-32,-8,-3,0,2
1564164038402103,11,4,1,11,-1,-7,-16,-8
1564164038415586,42,-1,5,10,2,0,10,23
1564164038415586,-15,0,-3,-11,-5,1,8,-2
1564164038423564,-58,-18,-3,-1,-2,2,4,-31
1564164038423564,26,11,4,-3,-6,3,-1,13
1564164038448548,-22,-3,-8,-13,-6,-4,-17,-11
1564164038448548,30,7,-6,5,4,-5,-1,2
1564164038449018,-19,-6,-1,-27,-28,-11,-5,2
1564164038449018,0,4,3,24,18,8,14,21
1564164038461494,15,11,-3,-16,2,2,-8,-9
1564164038461494,0,1,2,21,12,5,8,8
1564164038462001,9,-6,-6,-7,-10,-7,-18,5
1564164038462001,-50,1,-10,-14,-8,0,20,-15
1564164038475505,18,-6,0,2,6,6,-2,5
1564164038475505,-23,-9,7,2,-4,-1,-4,-9
1564164038483981,6,2,0,-3,-5,-2,-2,-5
1564164038483981,12,-4,-3,1,-5,-7,-12,6
1564164038498925,2,24,2,-14,0,-4,-1,-5
1564164038498925,16,3,0,21,0,7,3,2
1564164038499425,10,-26,-23,22,15,2,17,8
1564164038499425,-29,-9,5,-7,-4,-7,-14,-1
1564164038521382,76,33,9,-11,-11,2,9,20
1564164038521382,-59,-3,6,-2,-2,-6,-14,-21
1564164038521883,0,-35,-10,-5,6,1,-15,-11
1564164038521883,62,1,-8,25,5,1,16,-7
1564164038535357,-28,9,14,-7,-5,4,7,4
1564164038535357,-1,-8,-10,-35,-12,-6,-5,4
1564164038543838,-34,-7,-4,-6,-10,-2,-7,-9
1564164038543838,-6,-4,9,44,20,1,2,-2
1564164038558815,-59,-7,-7,-14,-4,-3,-7,-21
1564164038558815,99,8,-6,-24,-17,1,11,34
1564164038559310,-17,24,14,3,14,-3,-15,-21
1564164038559310,48,-3,-5,-16,-15,-3,-3,4
1564164038581291,-68,-18,-5,17,-5,-8,-20,-11
1564164038581291,-39,4,16,-10,0,0,3,-7
1564164038582268,84,22,3,24,12,16,39,35
1564164038582268,-105,-22,-9,1,26,10,-6,-10
1564164038595766,58,-22,-10,-2,-14,-3,8,11
1564164038595766,-44,-19,-14,20,25,0,-1,-21
1564164038603768,-5,14,9,-29,-30,-12,-14,6
1564164038603768,44,15,9,17,1,-2,2,2
1564164038618741,-32,-20,-15,-37,-5,-3,-11,-9
1564164038618741,-5,-22,-17,-23,-21,-3,0,9
1564164038619698,-52,-24,-13,16,11,-7,-18,-25
1564164038619698,45,-1,-5,-16,-6,-2,5,9
1564164038641181,45,-6,3,26,6,1,11,4
1564164038641181,35,33,0,-31,-10,4,8,19
1564164038642180,-44,-19,2,21,6,6,12,-2
1564164038642180,-24,8,20,-11,-19,-3,-19,-3
1564164038664640,-70,-12,-18,-7,14,-2,-12,-36
1564164038664640,77,21,2,14,-2,-3,5,20
1564164038665115,-24,20,8,-31,-9,2,-1,-12
1564164038665115,-37,-22,-7,34,2,-5,-8,-8
1564164038678650,39,14,17,-7,9,8,24,25
1564164038678650,31,17,-7,6,-6,-8,-26,-9
1564164038679609,9,-23,-2,6,6,-1,5,10
1564164038679609,-33,-15,2,-18,-1,5,7,-8
1564164038702046,-39,-7,-8,-8,-16,-14,-22,-16
1564164038702046,-68,8,1,1,2,-3,-6,-7
1564164038702554,79,-2,7,12,1,0,18,11
1564164038702554,2,5,-12,-58,-21,-9,-16,-23
1564164038725002,-13,-9,4,53,19,7,-1,8
1564164038725002,31,-1,14,12,9,11,21,20
1564164038725503,64,43,1,6,6,1,1,16
1564164038725503,-21,-15,-7,-29,-9,0,0,-5
1564164038738976,-8,13,0,-14,-21,-10,-21,-18
1564164038738976,44,-14,2,31,22,-5,-15,5
1564164038739477,-42,7,-1,-8,-2,6,11,-6
1564164038739477,-49,-33,-11,-8,-2,-5,-2,-13
1564164038761933,49,30,4,-11,-2,2,12,7
1564164038761933,-61,-29,-5,14,-1,1,12,-1
1564164038762433,10,6,5,-23,-11,2,-3,6
1564164038762433,52,5,-10,-9,-10,-6,0,16
1564164038784433,-95,3,8,29,21,7,9,-6
1564164038784433,26,3,3,-9,0,-7,-7,-8
1564164038785394,-24,7,0,7,3,-5,-28,-30
1564164038785394,-17,19,-6,-38,-22,-2,11,-1
1564164038798869,82,-30,16,48,14,12,26,49
1564164038798869,-39,6,-11,-15,4,-6,-23,-37
1564164038799364,-36,-30,-10,-28,-17,-9,-2,1
1564164038799364,52,15,7,28,17,7,13,23
1564164038821861,-77,4,-8,-45,-18,-5,-11,-39
1564164038821861,66,20,17,19,1,5,7,24
1564164038822822,-4,-23,-21,3,-4,-9,-4,-3
1564164038822822,26,49,8,-6,-3,-4,-12,-3
1564164038844321,-51,-57,-20,9,-7,-4,-4,-23
1564164038844321,-11,14,7,4,7,5,2,1
1564164038845288,-16,0,-7,-20,-17,-17,-21,-11
1564164038845288,92,12,0,17,18,10,10,25
1564164038858794,12,0,-2,-4,1,2,1,6
1564164038858794,-28,-30,-16,-23,-19,-3,-3,-11
1564164038859753,1,2,10,-25,0,15,22,14
1564164038859753,-92,-12,4,43,20,-2,3,-3
1564164038881747,118,32,11,20,3,-4,-7,18
1564164038881747,-24,-10,-11,-15,-8,-11,-12,-11
1564164038882719,52,2,7,11,-3,-1,2,-5
1564164038882719,-32,-4,-9,-24,-6,0,-4,-8
1564164038904675,26,17,3,-25,-13,-3,-1,0
1564164038904675,-62,-19,-6,6,-1,-5,0,-10
1564164038905190,30,27,6,12,4,-5,-27,2
1564164038905190,-13,-37,-5,-4,-6,4,26,9
1564164038918645,41,42,9,-22,-1,-2,-18,8
1564164038918645,-85,-55,3,44,19,-4,-12,-15
1564164038919642,3,23,-6,2,3,7,29,-11
1564164038919642,37,-8,9,5,-6,-5,-22,-6
1564164038942104,-6,-7,-5,-16,-8,-6,-1,-15
1564164038942104,49,12,-3,3,7,9,-2,21
1564164038942600,-40,-4,6,-9,-1,-1,2,2
1564164038942600,67,15,14,48,24,12,12,25
1564164038964557,-35,-3,1,-6,-7,0,21,-7
1564164038964557,36,22,-6,-44,-18,-2,-1,2
1564164038965057,41,23,4,35,8,-5,-8,21
1564164038965057,-91,-50,-3,-12,-4,-3,-6,-52
1564164038978570,88,-6,-17,5,0,-6,-10,12
1564164038978570,6,-9,-17,-23,-5,2,19,0
1564164038979534,33,22,22,16,5,4,6,2
1564164038979534,6,3,-5,-27,-11,-9,-8,8
1564164039002551,-92,-1,10,-4,-2,3,-8,-11
1564164039002551,1,-17,-7,31,16,5,14,-1
1564164039002991,23,13,-15,-15,-8,-10,-17,1
1564164039002991,16,15,19,20,8,8,13,17
1564164039024515,-46,-14,-8,-5,-1,-5,-26,-25
1564164039024515,6,34,15,-13,-14,3,0,10
1564164039024950,-81,-68,-10,-16,-15,-6,-3,-30
1564164039024950,105,-4,-14,44,28,3,-1,6
1564164039038918,18,6,3,-7,8,7,21,21
1564164039038918,2,7,3,-33,-30,-12,-16,-12
1564164039039421,-54,-4,-8,23,29,14,17,11
1564164039039421,-80,0,1,-39,-34,-15,-20,-16
1564164039061938,-29,24,10,18,10,3,5,8
1564164039061938,50,4,8,21,11,4,11,22
1564164039062883,32,4,-1,-2,-14,-11,-2,-8
1564164039062883,-49,4,-1,-9,-3,5,-7,2
1564164039084373,-17,-3,-6,8,6,4,18,-4
1564164039084373,-63,-13,-8,-31,-11,-9,-26,-34
1564164039085336,44,-6,-11,29,12,5,20,37
1564164039085336,48,17,-3,-18,-20,-7,-17,1
1564164039098817,-5,-5,-10,8,16,0,18,14
1564164039098817,-14,-10,1,-4,-5,-6,-14,-19
1564164039099315,14,10,-13,-12,-9,-1,0,-6
1564164039099315,14,9,10,3,7,3,6,12
1564164039120805,16,2,9,6,-12,-6,-14,-5
1564164039120805,-57,-32,-3,-1,-4,0,-14,-10
1564164039128760,25,8,-1,18,24,14,21,17
1564164039128760,4,-5,-5,-20,-12,-5,8,-8
1564164039144724,-11,-6,4,-2,-8,-6,-8,-12
1564164039144724,-19,5,-8,-3,1,-3,-10,6
1564164039145231,4,13,20,3,-6,0,11,6
1564164039145231,-2,-4,-13,-2,10,8,4,3
1564164039158699,-4,4,-9,-31,-9,-1,2,-9
1564164039158699,4,-11,10,55,16,-4,6,0
1564164039159697,-13,-1,-10,-54,-26,-9,-19,-16
1564164039159697,34,8,-4,54,29,1,-1,8
1564164039182155,9,-23,0,-9,-10,-2,-15,-7
1564164039182155,-14,22,0,-12,-9,-2,7,-2
1564164039182654,-8,-19,-2,6,7,12,9,-1
1564164039182654,20,9,0,-16,-6,-1,4,10
1564164039204616,-13,2,-7,-24,-21,-5,-11,-2
1564164039204616,-8,-9,10,32,23,8,17,-2
1564164039205119,-53,-3,5,1,-2,-18,-43,-13
1564164039205119,34,5,1,17,-6,3,15,1
1564164039218124,47,10,-8,-18,-1,1,10,25
1564164039218124,-3,-11,0,7,7,11,4,-6
1564164039226574,58,36,10,3,-1,5,22,14
1564164039226574,-18,-55,-9,-6,0,-13,-37,-13
1564164039242078,23,14,3,1,-3,-3,-2,1
1564164039242078,-10,12,-2,-10,-15,-8,-1,-4
1564164039242550,-12,5,3,0,6,7,-4,-7
1564164039242550,-68,-13,4,-8,-11,0,7,-4
1564164039264536,42,-1,-16,22,10,1,3,8
1564164039264536,-1,8,11,-4,6,4,-9,-6
1564164039265007,-6,-6,-2,-11,-9,-11,4,3
1564164039265007,-27,16,7,1,7,13,11,10
1564164039278535,-1,-31,-3,9,10,-8,2,-4
1564164039278535,15,9,0,-36,-21,7,28,12
1564164039286968,-70,-46,-7,55,19,5,-1,-14
1564164039286968,12,24,-10,-26,0,-6,-6,0
1564164039301970,13,6,4,9,-8,-5,-23,-13
1564164039301970,14,3,-8,-32,-16,-7,-2,1
1564164039302440,-8,-5,4,2,3,5,6,-1
1564164039302440,-25,-11,0,23,22,3,-6,-14
1564164039323433,-2,-3,7,17,10,4,1,-3
1564164039323433,43,0,-3,-5,-3,-8,-15,15
1564164039331378,-47,-4,-9,-21,-15,-1,13,-12
1564164039331378,24,46,9,-3,-4,7,18,13
1564164039338368,-1,-41,-4,6,16,8,15,10
1564164039338368,-3,8,4,17,8,-7,-41,-6
1564164039347355,31,-6,2,14,-4,-2,0,0
1564164039347355,-4,-5,-6,-18,-11,-3,33,-4
1564164039361820,-13,31,8,4,8,7,18,7
1564164039361820,-11,-16,-7,9,2,-6,-52,-8
1564164039363319,12,-17,-6,-15,-6,0,22,1
1564164039363319,2,-1,5,-6,-15,-4,-9,-10
1564164039384277,-17,6,12,4,1,-9,-49,-10
1564164039384277,8,-5,-26,1,13,15,84,14
1564164039385775,18,21,5,-13,3,9,-1,12
1564164039385775,-6,-21,-6,-3,-14,-14,-22,-8
1564164039398251,-13,7,0,-5,-8,-5,-22,-18
1564164039398251,-18,-6,2,-25,-15,-7,-13,-12
1564164039407244,26,4,10,47,20,-4,-18,6
1564164039407244,-16,-14,-12,-17,-6,-5,-22,-18
1564164039422211,-29,-8,-2,-27,-8,-6,8,-3
1564164039422211,-3,35,18,31,12,12,18,0
1564164039423706,25,-25,-17,-38,-25,-14,-2,1
1564164039423706,-18,-14,2,24,14,6,-21,-8
1564164039444666,-5,4,0,-5,-3,-9,3,0
1564164039444666,24,1,-1,5,2,-2,28,12
1564164039446171,16,24,11,-13,10,24,59,30
1564164039446171,-14,-5,-6,-8,-9,-15,-33,-22
1564164039458141,-47,-11,-5,5,1,6,6,-7
1564164039458141,68,16,-2,13,-1,2,-4,18
1564164039467125,-49,-29,-12,-8,-7,-21,-51,-19
1564164039467125,40,17,10,0,3,-2,20,17
1564164039482098,-15,-10,-17,-23,-10,15,73,10
1564164039482098,-12,4,7,17,-8,-13,-32,-18
1564164039483596,-28,-1,-1,-39,-25,-11,-25,-17
1564164039483596,6,-4,-14,31,23,11,-7,14
1564164039504589,18,-19,-9,-30,-10,-15,0,-1
1564164039504589,2,-5,3,23,12,14,9,13
1564164039506064,-30,10,-6,-9,-3,-9,-35,-27
1564164039506064,12,4,6,-9,-9,9,36,13
1564164039518062,-20,8,7,11,-4,-12,-87,-21
1564164039518062,16,-7,-13,-30,-7,3,59,8
1564164039527015,14,-10,5,27,7,15,37,18
1564164039527015,-4,12,8,-6,-9,-6,-11,-4
1564164039541986,4,-12,-16,-1,3,0,0,1
1564164039541986,-40,16,18,-8,-12,-10,-56,-30
1564164039543483,57,-17,-15,18,8,-4,8,9
1564164039543483,-1,17,1,-16,1,4,2,10
1564164039564444,11,0,-10,-4,1,0,19,9
1564164039564444,-37,-13,-5,19,16,3,4,-3
1564164039565941,-11,9,8,-26,-20,-21,-53,-20
1564164039565941,34,9,-9,1,-9,-13,-6,-25
1564164039577919,-58,-2,17,46,16,16,33,20
1564164039577919,60,3,0,-8,2,10,11,24
1564164039586903,-26,-6,1,-7,-1,0,-28,-28
1564164039586903,20,-23,-17,-14,-6,-1,51,29
1564164039600914,39,17,4,-2,9,1,-35,-11
1564164039600914,-44,-14,-11,-10,-13,-21,-17,-22
1564164039609366,41,26,8,5,3,7,24,36
1564164039609366,-10,12,-1,-20,-11,-5,-8,-5
1564164039624369,-10,-36,-7,4,1,8,13,-11
1564164039624369,6,0,-7,15,0,-7,-17,-4
1564164039626329,-8,16,12,14,9,-5,-25,-24
1564164039626329,-13,-6,-18,-24,-11,-1,2,4
1564164039646851,-26,16,18,-6,-3,8,23,1
1564164039646851,39,3,5,11,19,8,-4,10
1564164039648288,-17,-7,-13,6,-7,-6,8,6
1564164039648288,56,14,6,-2,4,-9,-26,-6
1564164039661802,-37,-17,2,2,-20,-9,-10,-8
1564164039661802,-17,-32,-18,-9,2,1,18,-1
1564164039663760,-22,-18,7,26,12,11,17,-5
1564164039663760,1,31,12,-1,3,-1,-17,11
1564164039684721,28,-24,-7,-5,-10,-9,-8,-21
1564164039684721,-17,34,0,-45,-9,-2,2,1
1564164039686218,13,-44,-12,-6,9,21,29,37
1564164039686218,-41,-4,0,38,16,-10,-30,-40
1564164039707180,-2,26,10,12,-9,-15,-17,0
1564164039707180,-27,3,2,-6,-9,0,-10,-9
1564164039708680,43,-8,-13,-40,-14,-10,19,28
1564164039708680,-66,-31,-2,15,-2,2,0,-25
1564164039722151,13,16,8,18,14,7,18,10
1564164039722151,-37,-12,-13,-42,-19,-12,-34,-18
1564164039723648,27,15,-5,3,14,-3,-21,-7
1564164039723648,-7,-4,8,14,-1,13,38,19
1564164039744610,-59,0,-3,0,2,13,25,-7
1564164039744610,80,-11,12,10,-6,-3,-10,20
1564164039746107,-21,-9,-6,-7,-3,-15,-32,-19
1564164039746107,25,20,6,4,-8,-2,16,13
1564164039767103,59,-24,-18,3,5,-2,-4,12
1564164039767103,-24,-10,-2,-6,3,4,-3,-20
1564164039768565,-28,13,4,4,-7,-6,-9,-26
1564164039768565,22,-24,-11,-20,0,16,24,26
1564164039781542,-4,16,-3,-2,12,-2,-14,8
1564164039781542,-7,-12,3,20,-5,-1,20,3
1564164039788061,-10,18,-2,-29,-15,-7,-26,-27
1564164039788061,-15,-20,-2,37,11,-5,-13,-1
1564164039804498,10,18,-1,-22,-2,-4,-20,-1
1564164039804498,34,7,-1,13,-4,7,59,30
1564164039805997,-21,6,9,7,8,1,-1,-2
1564164039805997,-7,-13,-6,-32,-17,-6,-19,-3
1564164039834488,27,6,-11,-12,-12,-8,-20,-2
1564164039834488,-18,-15,13,29,19,10,-6,-22
1564164039835940,27,29,-4,0,-11,-6,9,15
1564164039835940,-25,-17,-4,-15,4,4,14,-2
1564164039841441,35,11,-3,0,-4,-8,-4,-1
1564164039841441,-63,-3,12,-5,9,7,-1,-2
1564164039847949,-4,-17,-5,-2,-2,0,1,3
1564164039847949,-30,3,4,8,-2,-7,-26,-24
1564164039864423,-33,-11,8,5,1,0,-4,-12
1564164039864423,57,35,3,-3,-4,2,19,23
1564164039865884,3,-15,-5,11,10,2,-3,-6
1564164039865884,-29,-8,5,-17,0,7,19,7
1564164039887382,-28,-30,-5,11,-5,-2,-5,0
1564164039887382,20,13,4,-8,-6,-10,-22,-1
1564164039888842,-5,2,-5,13,0,4,8,-20
1564164039888842,89,34,14,12,5,7,9,19
1564164039901355,-7,-23,-16,-27,2,3,8,13
1564164039901355,-31,-9,-5,-15,-7,-5,-8,-6
1564164039908312,-28,11,5,7,-6,-7,-2,-7
1564164039908312,10,7,8,14,6,0,-9,-5
1564164039924336,15,3,2,13,3,-3,-7,-4
1564164039924336,15,-8,-10,6,-1,5,25,10
1564164039926271,2,-11,-1,-13,0,6,7,0
1564164039926271,-19,-22,-20,-20,-12,-10,10,3
1564164039946735,24,18,11,5,-7,-5,-18,-3
1564164039946735,-50,-36,-14,-12,-1,-14,-21,-21
1564164039948730,26,15,5,15,7,20,26,22
1564164039948730,-26,2,4,-5,5,1,-5,-7
1564164039961248,33,17,3,13,4,-4,7,8
1564164039961248,11,18,1,-9,-10,2,-12,-26
1564164039968193,-2,-30,-19,-30,-13,-13,0,27
1564164039968193,-10,-11,4,26,5,1,3,-5
1564164039984664,-2,22,-3,-44,-13,0,7,6
1564164039984664,9,0,2,39,8,-5,-1,9
1564164039986160,-30,-1,5,1,9,-2,-21,-21
1564164039986160,-8,-8,-12,-22,-11,-7,-18,-12
1564164040007122,-7,-6,0,8,6,15,42,9
1564164040007122,-3,-1,9,-22,-22,-16,-24,-6
1564164040008619,16,1,-2,40,36,10,19,9
1564164040008619,-51,-21,-11,-6,-10,-7,-35,-26
1564164040021099,26,5,-1,4,-2,4,4,-2
1564164040021099,-9,7,4,3,11,2,17,16
1564164040028084,-32,12,7,-13,-12,-4,-24,-6
1564164040028084,76,1,6,6,-5,1,22,15
1564164040044551,-23,-1,-5,10,-1,-9,-25,-21
1564164040044551,-13,-21,-8,8,17,10,1,1
1564164040046052,1,27,10,5,-5,-4,4,-2
1564164040046052,13,4,-1,-7,1,0,-9,1
1564164040067033,16,-10,-8,-29,-13,2,27,15
1564164040067033,-14,0,9,19,10,1,12,4
1564164040068507,12,-9,0,2,1,3,4,6
1564164040068507,-15,8,11,-2,0,-2,-9,-2
1564164040081483,1,8,-1,0,-2,-3,-20,-14
1564164040081483,-4,-2,-21,-25,-12,-9,-8,-16
1564164040087983,2,-12,5,16,4,16,43,34
1564164040087983,3,15,7,15,13,2,3,7
1564164040103482,2,-13,2,13,3,-2,-10,-6
1564164040103482,-31,-6,-15,-19,-8,-1,-12,-15
1564164040111929,-9,-13,-5,-43,-22,-13,-19,-22
1564164040111929,2,8,3,23,6,-4,3,2
1564164040126938,-1,2,-6,7,6,3,-11,-5
1564164040126938,39,14,-3,-16,-8,1,19,22
1564164040128400,3,-1,5,11,-2,-3,-17,-12
1564164040128400,7,7,-5,0,4,-1,10,7
1564164040140384,-14,-2,-1,-5,8,1,-4,1
1564164040140384,-1,-14,-5,4,-3,-3,-9,-6
1564164040149365,21,4,3,-3,-6,-2,-3,2
1564164040149365,-19,-2,-1,-3,-5,1,-10,-10
1564164040164358,1,1,4,4,-5,-6,0,0
1564164040164358,13,-6,-8,-6,-4,2,4,3
1564164040166326,-18,7,-1,5,8,5,7,0
1564164040166326,16,-7,-1,-13,-7,-3,-8,1
1564164040186787,-13,-1,-1,9,3,-9,-13,-6
1564164040186787,5,-2,7,6,4,2,4,5
1564164040188291,12,-1,-2,-5,-2,-2,-2,2
1564164040188291,-13,-8,-9,-9,-6,-5,2,-3
1564164040200766,-1,3,5,-1,-3,-9,-4,-6
1564164040200766,-8,10,25,8,-1,10,15,4
1564164040209745,12,-6,-26,-4,-12,-26,3,-1
1564164040209745,-15,-4,-15,-1,13,25,-7,-20
1564164040225752,11,10,18,12,9,28,25,24
1564164040225752,-6,-2,20,-2,5,-7,-2,-17
1564164040227712,6,14,1,11,9,-4,-33,-6
1564164040227712,-5,-18,15,-9,0,0,13,-8
1564164040247180,-7,-11,-58,-22,-3,12,-36,8
1564164040247180,3,0,-16,1,4,14,22,-7
1564164040248672,1,7,36,10,-7,-41,-29,-19
1564164040248672,9,8,-1,10,-2,-16,-41,17
1564164040260649,-12,2,0,-13,0,35,49,8
1564164040260649,-2,0,23,-6,-2,8,24,6
1564164040269632,4,-6,-23,-9,-8,-21,-19,-8
1564164040269632,-8,-3,-9,-11,-14,-16,-18,-8
1564164040284625,7,-3,25,15,4,-5,20,-2
1564164040284625,-8,-11,-32,-8,-5,-6,-31,-25
1564164040286107,-6,-5,30,6,1,13,31,11
1564164040286107,-4,-6,-28,-10,-16,-35,0,-1
1564164040314585,5,5,25,9,19,29,2,4
1564164040314585,-8,-22,-48,-3,0,-3,-8,9
1564164040316047,3,1,11,9,7,12,0,2
1564164040316047,-2,-1,-11,-19,-9,-2,14,-8
1564164040320579,11,20,20,6,-18,-40,-38,9
1564164040320579,0,14,25,16,12,9,22,-3
1564164040329551,-2,-23,-37,-23,-7,16,-6,8
1564164040329551,13,25,21,13,9,23,34,13
1564164040343995,5,4,46,15,4,1,16,-6
1564164040343995,-28,-61,-80,-35,-28,-37,-37,-9
1564164040350515,6,8,-17,-8,3,16,23,-1
1564164040350515,3,-8,-22,-11,-4,13,23,2
1564164040366991,-11,-11,-1,-5,-16,-28,-22,-16
1564164040366991,8,24,17,27,20,7,7,16
1564164040368451,4,1,11,11,5,12,11,4
1564164040368451,-6,-7,-15,-3,-1,-5,-17,-8
1564164040389449,-1,4,1,0,5,-4,-1,1
1564164040389449,4,8,28,6,-11,-4,-11,6
1564164040390910,1,-5,-7,3,5,3,2,0
1564164040390910,-1,13,38,4,8,8,3,5
1564164040403885,-1,-13,-26,-6,-8,-8,-6,0
1564164040403885,-10,-16,-27,-13,-5,-6,-2,-8
1564164040410380,2,16,5,-4,-6,-2,-2,-7
1564164040410380,-15,-11,-10,-9,-10,-21,-16,-14
1564164040426848,10,-12,-21,0,9,32,48,30
1564164040426848,2,13,30,11,1,-4,-18,-16
1564164040428339,-13,-13,-10,-15,-8,2,5,3
1564164040428339,0,17,10,6,2,4,5,6
1564164040440317,-11,-2,-7,-13,-9,-15,-13,-24
1564164040440317,15,11,15,2,4,2,1,16
1564164040449800,10,10,11,12,6,9,13,13
1564164040449800,-17,-37,-20,-14,-6,0,-11,-13
1564164040463779,0,-12,-20,3,0,-10,-6,4
1564164040463779,6,11,10,7,0,5,3,4
1564164040470767,1,5,12,-12,-4,-5,-6,-6
1564164040470767,-3,-9,-5,-12,-6,1,2,3
1564164040487230,-10,-21,-42,-8,-6,-12,-12,-21
1564164040487230,-5,-6,23,1,2,2,1,-2
1564164040488726,-2,-11,-23,2,-2,-2,-4,1
1564164040488726,0,6,8,3,2,-1,-6,1
1564164040500710,-6,-3,17,-1,-1,-9,-4,-9
1564164040500710,13,36,-13,-3,-2,5,-1,-2
1564164040509695,-10,-29,-22,-20,-5,-6,-13,-5
1564164040509695,7,7,-10,9,6,6,11,13
1564164040524660,-5,4,3,-3,-1,-9,-6,-5
1564164040524660,7,-20,-3,4,0,-1,-7,7
1564164040532145,6,23,37,8,0,2,-1,-1
1564164040532145,3,-4,-32,-11,-4,1,4,13
1564164040547143,2,11,17,16,3,-2,-10,-19
1564164040547143,4,3,-9,-13,-4,-3,0,-2
1564164040548616,-10,-17,-17,-6,-3,-2,-10,-6
1564164040548616,6,1,6,19,10,2,2,3
1564164040569580,0,-2,-8,-26,-17,-4,-1,3
1564164040569580,-2,-11,-21,2,2,2,6,4
1564164040571073,2,15,-3,-1,4,-5,3,2
1564164040571073,9,19,47,25,11,8,0,-4
1564164040584082,4,7,-7,-1,-1,-1,1,10
1564164040584082,-19,-17,-5,-14,-14,-6,-4,-12
1564164040598057,3,17,-2,-2,5,2,4,4
1564164040598057,-4,-2,18,14,9,4,-1,-5
1564164040607058,4,-10,-21,-5,1,2,2,4
1564164040607058,1,15,6,1,0,-2,-3,1
1564164040608504,1,-9,17,17,2,2,3,3
1564164040608504,-8,-15,-22,-15,-14,-4,0,-2
1564164040629469,2,13,-5,-3,0,-3,-10,-13
1564164040629469,5,13,32,19,9,3,-2,5
1564164040630963,-19,-22,2,-11,-10,-3,-1,-6
1564164040630963,13,-12,-28,-16,-6,-4,-12,-4
1564164040644437,-4,-15,-11,-5,-1,5,18,8
1564164040644437,-1,9,9,4,6,-3,-5,-4
1564164040645936,7,11,14,5,2,8,9,2
1564164040645936,5,15,-5,-15,-8,-11,2,12
1564164040667401,-1,5,12,5,0,-2,0,1
1564164040667401,-1,-13,6,11,10,3,2,2
1564164040668892,2,3,-20,0,0,-2,0,-3
1564164040668892,-11,16,25,0,-2,-3,-4,-5
1564164040689393,5,-9,2,3,-3,-1,-8,-1
1564164040689393,-9,-4,-8,-17,-9,-3,1,-7
1564164040691350,0,-8,-19,6,7,-1,-2,-2
1564164040691350,-5,11,25,12,7,2,-4,-17
1564164040703889,-5,-7,-3,2,1,1,3,6
1564164040703889,2,9,-9,-11,-6,0,3,12
1564164040718322,-6,-34,3,7,-3,-6,-12,-13
1564164040718322,12,19,19,0,-5,5,7,9
1564164040726822,-15,9,18,2,6,0,0,-4
1564164040726822,10,-13,-49,-10,-6,-5,-4,3
1564164040728780,4,25,39,4,-4,-2,-3,-10
1564164040728780,-5,-16,-21,-5,-2,-4,-1,4
1564164040749281,0,-1,-16,-1,3,1,-5,-4
1564164040749281,-1,-10,7,-1,-1,-3,-3,0
1564164040751246,1,17,14,3,3,3,-2,-1
1564164040751246,-7,-12,-3,-3,-4,0,4,6
1564164040763752,3,21,15,1,1,-1,3,3
1564164040763752,-9,-22,1,4,0,0,-1,-8
1564164040770704,1,4,-34,-9,1,1,-4,3
1564164040770704,-13,-22,8,5,0,-1,0,-9
1564164040795694,4,-3,-5,-2,5,2,-5,5
1564164040795694,9,13,5,3,4,2,1,8
1564164040797653,-6,10,10,-2,-6,-3,0,0
1564164040797653,-3,-12,-9,-5,-7,0,-3,-7
1564164040809630,-3,-3,-9,-8,-4,-3,-3,0
1564164040809630,2,7,2,-3,1,3,5,13
1564164040811160,3,3,4,9,-3,-1,-2,-1
1564164040811160,8,-10,-5,3,5,-2,-5,-6
1564164040823603,0,-3,12,12,-1,-1,1,-3
1564164040823603,0,14,9,-9,-1,-2,-3,-3
1564164040830628,-3,-7,-4,-2,-3,0,2,-1
1564164040830628,-3,-4,-15,-16,-7,-1,-4,-1
1564164040854546,0,19,24,25,9,1,0,-4
1564164040854546,-4,20,-4,-5,0,-3,-5,-6
1564164040856044,12,-20,-10,-2,4,3,7,27
1564164040856044,-2,19,6,10,3,-2,-13,-20
1564164040869554,-8,-45,-24,-13,-9,-2,4,0
1564164040869554,-1,11,27,8,-6,-6,0,-1
1564164040871017,-12,-10,-24,-18,-7,0,-6,-1
1564164040871017,13,14,3,6,4,-2,-7,5
1564164040883992,-1,10,19,-3,-6,-2,-1,-5
1564164040883992,-7,-14,-11,2,-2,-6,-5,-5
1564164040890480,3,-19,-12,-4,3,-4,-1,-8
1564164040890480,-5,6,-3,0,1,3,9,9
1564164040906986,-1,-11,-15,-5,0,-1,-2,-2
1564164040906986,0,8,9,3,-7,-1,0,-4
1564164040908453,2,1,0,-2,5,0,0,-11
1564164040908453,6,13,11,14,6,1,2,8
1564164040929446,-8,-23,-29,-21,-8,-5,-3,-3
1564164040929446,-1,0,1,-3,-4,-1,-1,-1
1564164040930906,-2,16,6,5,-3,-2,1,-4
1564164040930906,-10,-24,6,-5,-2,-1,-1,-2
1564164040943917,13,36,17,16,2,5,7,9
1564164040943917,-11,-19,-27,-9,-3,-8,-20,-18
1564164040950375,-7,-18,-2,2,2,5,7,2
1564164040950375,-2,12,4,-14,9,4,4,1
1564164040966875,0,-22,15,4,-1,0,2,3
1564164040966875,3,3,-34,-12,-5,-6,-2,-4
1564164040968336,1,16,18,11,-3,-1,-1,3
1564164040968336,4,4,-9,-20,-9,-2,-5,-9
1564164040996842,-2,4,-22,8,6,2,1,0
1564164040996842,5,-7,33,14,4,5,3,3
1564164040998281,-6,8,1,-9,-4,-6,-4,-6
1564164040998281,-5,-10,-19,-6,-6,-3,4,6
1564164041004767,-10,-10,5,1,-5,-2,-1,-5
1564164041004767,6,9,18,10,10,4,3,2
1564164041012259,-1,0,-19,3,9,4,-1,7
1564164041012259,-5,-8,3,0,-7,-4,-4,-10
1564164041026735,-5,3,10,-2,-3,-1,-5,-8
1564164041026735,7,8,6,3,-7,-1,-2,7
1564164041028723,-5,-10,-11,-14,-7,-3,-7,-7
1564164041028723,3,-17,-13,2,3,2,5,10
1564164041049685,-1,19,-16,-13,-9,-9,-11,-14
1564164041049685,-3,-14,2,5,1,4,11,2
1564164041051181,-4,4,12,12,1,-4,-1,0
1564164041051181,-4,-6,-2,3,0,-1,-4,0
1564164041063160,5,11,1,-15,2,0,0,8
1564164041063160,-14,-12,-10,14,2,0,3,-1
1564164041079634,4,-4,-8,-8,-4,-3,-4,-2
1564164041079634,-1,-7,-5,3,-2,-1,5,4
1564164041087149,8,6,7,-7,-2,1,0,3
1564164041087149,-2,-7,-20,-12,-1,-1,0,2
1564164041088612,-8,0,10,-1,-4,1,-1,-7
1564164041088612,-3,6,11,11,-1,-4,-5,-6
1564164041109571,5,0,-3,13,7,-2,-3,-1
1564164041109571,-1,-7,4,-12,0,6,1,7
1564164041111070,0,2,-5,-3,-2,-1,-1,0
1564164041111070,1,-12,-7,-8,-4,-1,1,1
1564164041123053,2,22,13,2,-1,0,2,-2
1564164041123053,-9,-20,-12,-6,-7,-7,-7,-4
1564164041132035,4,13,26,16,1,3,7,-4
1564164041132035,0,-4,-12,-23,-6,0,0,2
1564164041147513,-3,-8,8,10,1,3,3,5
1564164041147513,17,10,-10,-20,-14,-7,-10,-2
1564164041149000,-7,4,3,9,13,3,0,0
1564164041149000,3,-3,4,23,6,2,-1,-2
1564164041169504,-6,-10,-14,-19,-7,-5,-3,-3
1564164041169504,-4,6,-3,-7,-4,-1,-2,-2
1564164041170959,8,-14,2,12,-3,-4,0,6
1564164041170959,-2,13,-1,-9,-2,-1,-5,-5
1564164041182968,4,3,5,0,2,-5,0,5
1564164041182968,-2,-5,-18,-3,0,6,8,-3
1564164041191952,-7,-29,-9,-7,-7,-4,-3,-2
1564164041191952,4,24,17,9,4,0,1,-1
1564164041206952,1,10,2,0,-1,1,1,-1
1564164041206952,-3,-8,-2,10,2,-2,-1,-3
1564164041208395,-2,0,-2,-7,-5,-3,-9,-9
1564164041208395,-4,-2,5,4,0,-8,-3,3
1564164041229389,-4,-13,-4,3,0,10,10,3
1564164041229389,-1,11,0,3,7,4,1,1
1564164041230848,4,-2,1,-15,-7,-3,-2,2
1564164041230848,1,0,3,-9,-11,-5,-2,-6
1564164041243331,-9,-8,-5,15,12,4,-1,1
1564164041243331,-8,-1,8,5,0,-3,-1,3
1564164041252308,5,10,1,2,7,0,4,2
1564164041252308,-6,4,12,-5,-3,2,1,-12
1564164041266782,-3,-21,-2,-4,-9,-5,-1,0
1564164041266782,16,28,32,8,0,0,-1,0
1564164041273268,-10,15,-9,-4,-6,0,3,1
1564164041273268,-3,-23,-20,-6,1,-5,-8,-1
1564164041289273,0,-10,-5,-3,-1,4,6,-1
1564164041289273,2,13,4,-6,1,-2,-3,-6
1564164041291240,5,2,4,1,2,1,1,3
1564164041291240,-1,7,-31,-5,-7,-6,-7,-3
1564164041303258,-4,-19,12,11,2,0,5,3
1564164041303258,-5,-15,-15,-13,-1,0,-3,-10
1564164041312207,2,-2,-7,-8,-8,-2,-1,0
1564164041312207,2,4,2,4,5,5,1,4
1564164041327171,1,1,-13,-9,0,-6,-10,-9
1564164041327171,-1,5,19,3,-2,0,1,1
1564164041328665,3,-4,-10,1,0,-3,-6,2
1564164041328665,-18,-7,12,0,-3,2,5,-5
1564164041351130,5,3,-16,-6,-4,-4,-4,4
1564164041351130,-3,-16,-4,1,1,-4,-2,0
1564164041352622,-1,19,4,-8,-1,-2,-5,0
1564164041352622,-1,-13,-5,0,-3,-3,-3,5
1564164041363141,3,19,-1,12,4,6,5,-2
1564164041363141,-17,-15,6,-4,2,1,-4,-13
1564164041372093,0,-7,-5,-5,-6,-4,-3,5
1564164041372093,11,7,9,3,3,3,7,13
1564164041387059,-7,-9,-21,-12,-6,-6,-8,-4
1564164041387059,7,-4,-16,4,-5,-3,0,5
1564164041388561,-2,0,2,4,10,4,3,-7
1564164041388561,3,7,6,0,-3,-3,-1,-5
1564164041409550,-2,-11,-7,-7,-5,-4,1,3
1564164041409550,0,10,27,10,0,-2,-2,-2
1564164041411017,-6,-14,-10,-8,-6,0,4,-3
1564164041411017,0,1,-1,11,7,-5,-6,-3
1564164041423549,1,-5,-6,-16,-6,5,10,1
1564164041423549,1,8,2,7,3,-2,0,0
1564164041431974,8,5,-1,3,2,2,-2,-1
1564164041431974,-4,-7,-2,1,1,0,3,-4
1564164041446954,4,5,4,1,-2,-1,-12,2
1564164041446954,1,-3,1,-2,-6,-1,-2,2
1564164041448449,-3,9,-3,-23,-6,-1,1,1
1564164041448449,-2,7,20,16,3,2,-5,-5
1564164041469403,3,-1,-27,-13,-1,-2,2,0
1564164041469403,-8,3,28,14,6,4,7,1
1564164041470902,1,-9,-7,-4,-3,-2,-8,-7
1564164041470902,-7,-13,-7,1,-7,-5,-2,-2
1564164041490865,5,7,9,-3,2,-4,-4,-4
1564164041490865,-4,-8,-25,-7,5,3,0,1
1564164041499349,-5,-2,-2,-1,-5,-4,4,-1
1564164041499349,0,1,3,-7,-1,2,1,-2
1564164041506842,2,12,15,10,-3,-3,-4,-7
1564164041506842,4,-5,-16,-14,-6,-5,-2,-7
1564164041508333,5,1,10,5,6,3,5,16
1564164041508333,9,-16,-16,-2,-4,1,0,1
1564164041529294,-7,-3,-5,-3,-2,-4,-1,1
1564164041529294,1,16,14,4,0,-1,3,-4
1564164041530788,1,-6,-5,5,-1,0,-7,1
1564164041530788,4,15,6,10,2,3,9,1
1564164041551771,-2,0,-13,-12,0,-1,-2,-1
1564164041551771,1,6,13,-7,-6,-1,-5,0
1564164041553247,-8,-12,9,9,2,-6,-5,-9
1564164041553247,3,-12,-21,-13,5,5,2,5
1564164041566764,-10,-9,7,7,-7,-3,-5,-8
1564164041566764,0,1,-11,-11,-6,-3,-4,2
1564164041568219,-5,10,11,-4,-3,3,5,0
1564164041568219,-3,-3,-3,1,9,3,-1,-2
1564164041589221,-1,8,8,0,0,2,3,-2
1564164041589221,1,-8,-6,-1,-6,-2,-3,-1
1564164041591198,3,-2,-9,3,2,-1,0,4
1564164041591198,-1,9,5,-9,-6,-2,-4,0
1564164041612142,-3,-19,-4,3,2,-2,-1,-5
1564164041612142,2,9,-17,-4,0,3,1,6
1564164041613670,5,-2,-3,-3,-2,1,-1,-3
1564164041613670,-7,-1,3,0,-2,-3,-1,-2
1564164041627117,5,-2,8,5,5,1,1,1
1564164041627117,-16,-15,-16,-7,1,-1,-1,-4
1564164041628619,-5,-11,-22,-6,2,1,3,-2
1564164041628619,3,9,20,-6,-3,-1,-2,-1
1564164041649569,-2,1,-10,-2,-7,-5,-5,1
1564164041649569,2,-7,-26,12,6,0,-2,0
1564164041651066,0,6,19,-1,-3,-2,-4,-5
1564164041651066,-5,-17,-20,-7,-1,-1,2,-2
1564164041672027,-4,-4,8,-7,-2,-1,1,0
1564164041672027,5,8,4,11,2,-2,-3,4
1564164041673530,2,-3,0,3,0,2,0,0
1564164041673530,4,14,7,-4,1,1,-3,-1
1564164041686508,-2,7,5,5,-4,-3,-3,-3
1564164041686508,-2,-23,0,2,0,0,2,4
1564164041700483,-1,13,3,-7,-2,-4,-2,-1
1564164041700483,-5,-8,-6,-10,-3,0,0,-2
1564164041709464,2,17,8,18,4,2,0,2
1564164041709464,-17,-13,1,-18,0,-2,-3,-8
1564164041710963,5,1,10,4,-2,1,1,1
1564164041710963,5,2,-12,15,-4,-5,-2,1
1564164041731916,2,-9,-12,-21,-4,-2,0,0
1564164041731916,5,7,20,26,7,2,0,1
1564164041733413,3,-2,2,21,16,3,1,0
1564164041733413,5,3,0,-11,-7,-3,-1,2
1564164041746414,1,-1,4,5,3,5,4,2
1564164041746414,-3,-3,-10,-6,-9,-6,-7,-5
1564164041753376,1,0,-3,-13,-16,-5,-3,-5
1564164041753376,-2,-6,-14,8,13,0,1,-1
1564164041776894,20,-2,9,3,9,5,6,9
1564164041776894,-4,10,3,-6,3,1,-2,-1
1564164041778337,-14,-8,-8,-11,-3,-4,-4,-5
1564164041778337,-12,-5,7,15,-5,-1,6,-2
1564164041791865,-17,-4,1,-5,-2,-1,-5,-1
1564164041791865,16,6,2,-10,-2,-1,-2,1
1564164041793303,8,6,-1,14,1,-2,-5,1
1564164041793303,-5,-12,-9,-17,-3,-5,-16,-10
1564164041806317,-20,-6,0,1,2,-3,0,-9
1564164041806317,-7,3,4,0,-3,0,1,1
1564164041813265,1,-5,-12,-15,-9,0,5,3
1564164041813265,6,11,21,21,11,6,6,5
1564164041829794,-1,-2,-4,-16,0,2,1,3
1564164041829794,-3,-10,2,6,-1,-5,-8,-1
1564164041831232,-2,0,11,4,1,-1,-2,-2
1564164041831232,1,10,-16,-30,-11,-2,0,1
1564164041852195,5,-8,1,9,0,-4,-7,-4
1564164041852195,0,6,-3,0,9,3,5,2
1564164041853691,3,-3,5,20,7,4,-1,5
1564164041853691,-5,-9,-2,-6,-7,-2,-3,-4
1564164041866174,-10,-5,3,-15,-10,-2,3,-6
1564164041866174,6,0,-18,-4,-4,3,10,3
1564164041873161,-1,-3,0,4,7,1,-8,2
1564164041873161,3,6,9,-17,-20,-11,-14,-6
1564164041889624,-6,0,-7,37,20,-2,-6,-7
1564164041889624,-12,-7,6,-4,3,1,2,-3
1564164041891121,0,-8,-10,-8,-9,-2,7,2
1564164041891121,0,1,7,-7,0,-2,-5,-3
1564164041912105,7,6,4,-3,-7,-2,0,3
1564164041912105,6,-9,-35,-6,-6,-2,-3,0
1564164041913600,-6,-5,4,-10,-1,5,9,-2
1564164041913600,-1,2,3,0,2,-2,1,4
1564164041926097,-3,12,12,17,2,2,-1,-2
1564164041926097,4,-5,-5,-13,5,-2,-1,-1
1564164041933064,-5,-1,-15,-2,-4,-5,-8,-7
1564164041933064,-9,2,13,-1,-1,-2,-4,-4
1564164041949545,8,-4,-7,13,0,2,2,4
1564164041949545,18,13,9,-4,-5,1,2,-4
1564164041951010,-49,-13,-16,-39,-9,-2,-1,-7
1564164041951010,-6,-17,-1,46,19,6,5,5
1564164041971970,19,6,-2,-17,-5,-5,-7,-2
1564164041971970,14,-1,5,3,-6,-5,-4,4
1564164041978019,-18,4,0,-5,-4,-3,-6,-11
1564164041978019,7,0,-5,2,1,6,13,2
1564164041985481,-16,-5,-3,-16,-7,0,1,-5
1564164041985481,1,6,-1,11,5,2,-6,2
1564164041994436,-1,-2,31,13,-3,-5,-7,-10
1564164041994436,-4,-2,-28,-7,4,0,2,0
1564164042009437,13,-3,-9,-1,-1,-1,1,1
1564164042009437,21,7,4,-10,-7,-3,0,5
1564164042010906,4,-5,1,16,5,3,-2,5
1564164042010906,-28,-10,-2,-4,2,-1,-5,-11
1564164042031896,-3,3,-4,-10,-7,-5,-3,-1
1564164042031896,-16,-7,-2,0,3,4,4,-2
1564164042033356,25,2,0,3,-1,0,3,8
1564164042033356,11,2,5,-12,-3,3,4,2
1564164042045849,-7,-1,-5,-5,-8,-6,-7,-1
1564164042045849,-7,-1,5,11,0,-5,-9,-7
1564164042054321,-6,4,-2,8,6,0,4,-6
1564164042054321,10,-5,-1,-6,-4,0,1,3
1564164042069289,-10,5,16,16,3,4,3,-4
1564164042069289,-8,0,-6,-10,8,3,6,5
1564164042070787,33,-2,-14,4,-5,-5,-11,5
1564164042070787,4,11,12,-2,-2,0,-5,-4
1564164042092247,-7,-6,4,-6,-6,-5,-6,-1
1564164042092247,-29,-19,-6,4,-2,1,3,-6
1564164042093745,-3,-8,10,-7,-4,-1,7,0
1564164042093745,11,1,-9,2,-2,-4,-4,-4
1564164042105722,26,14,7,-2,-3,-3,3,8
1564164042105722,-20,-1,-2,8,3,1,-1,0
1564164042114705,-1,-2,-11,-4,9,2,0,3
1564164042114705,-10,1,3,8,-7,-3,-4,-5
1564164042129679,12,-3,4,-9,6,3,4,7
1564164042129679,18,10,3,3,-6,-1,5,9
1564164042131174,6,13,1,2,2,0,1,-3
1564164042131174,-19,-12,-1,4,-4,-8,-12,-11
1564164042152134,2,-7,-4,9,7,1,0,-5
1564164042152134,-2,-1,-6,-10,2,1,-1,-2
1564164042153633,-9,-11,-2,0,0,-2,-2,-6
1564164042153633,28,3,1,-5,-2,-1,2,5
1564164042165647,-37,-1,-9,-12,-8,-1,0,-3
1564164042165647,7,-4,10,9,-2,-2,-2,-1
1564164042174601,-9,5,4,2,1,0,-3,-11
1564164042174601,-1,-1,-2,-9,-5,-2,5,5
1564164042189567,14,2,-21,-4,-11,-7,-9,5
1564164042189567,-30,-14,4,-4,11,3,-4,-11
1564164042191063,24,7,-4,4,10,3,2,10
1564164042191063,-14,1,4,12,-1,0,7,-1
1564164042212058,32,9,5,-12,1,5,3,7
1564164042212058,-28,-7,-8,-5,-13,-10,-15,-15
1564164042213522,2,-4,-5,-9,-9,-1,1,-2
1564164042213522,22,2,-5,-1,-3,1,1,12
1564164042225498,-28,-5,-5,-6,0,-4,0,-6
1564164042225498,-5,-7,9,7,2,-4,-10,-15
1564164042234491,-2,-2,-2,-2,-1,0,3,-1
1564164042234491,1,5,3,4,7,1,0,2
1564164042256980,-5,4,-5,-2,-4,-3,-10,-12
1564164042256980,2,4,12,-2,-1,3,8,2
1564164042258438,5,3,5,27,12,6,6,16
1564164042258438,19,-1,-10,-23,-10,-4,1,6
1564164042271912,17,-5,-2,2,-6,-7,-14,-16
1564164042271912,-12,-9,-11,-12,-4,-2,7,8
1564164042273411,14,2,0,0,-4,-6,-3,2
1564164042273411,-27,3,7,2,7,8,10,2
1564164042285388,4,-9,-3,8,8,2,-3,-8
1564164042285388,18,1,-9,4,0,-8,-8,6
1564164042294371,13,-3,-2,-18,-7,-4,2,9
1564164042294371,-25,-5,-3,-15,-12,-7,-5,-4
1564164042308877,15,10,-2,-1,-7,0,-3,4
1564164042308877,9,5,8,15,24,13,13,6
1564164042315831,-89,-16,-7,0,-4,-7,-13,-27
1564164042315831,44,10,8,11,13,14,25,19
1564164042332307,6,-12,-5,-21,-5,4,-1,10
1564164042332307,-37,3,1,18,-11,-12,-6,-10
1564164042333805,42,8,2,-11,-3,1,2,25
1564164042333805,-19,5,1,-4,-7,-4,-11,-24
1564164042353798,6,7,9,16,15,1,-3,5
1564164042353798,19,3,2,-3,-11,-1,7,-3
1564164042354267,-57,2,-4,-23,7,9,7,-5
1564164042354267,17,-22,-9,30,-3,-7,-15,7
1564164042368769,14,2,2,-1,10,9,4,5
1564164042368769,21,-1,-18,-35,-13,-14,-7,4
1564164042369731,0,-1,15,21,-5,-3,-3,-9
1564164042369731,44,-3,-12,-21,-15,-7,-1,-2
1564164042391231,1,-4,10,36,12,9,5,12
1564164042391231,-41,0,-13,7,26,10,15,-5
1564164042392202,23,-9,-5,-23,-18,-10,-14,-21
1564164042392202,34,12,-4,10,14,-3,-10,15
1564164042413689,-53,-24,-3,-4,-5,-3,-4,-8
1564164042413689,40,29,15,-17,-17,4,7,14
1564164042414649,-1,-4,-16,23,14,6,7,1
1564164042414649,-49,-15,6,-36,-11,-5,-12,-16
1564164042428182,-14,34,5,20,-1,-11,13,-21
1564164042428182,24,-7,0,-1,-9,-1,-32,-3
1564164042436147,-14,-23,-9,-10,1,-2,23,14
1564164042436147,-38,-5,-2,-6,7,7,-4,-5
1564164042451080,-31,6,4,7,6,9,11,8
1564164042451080,-11,-28,-11,-15,-18,-17,-35,-37
1564164042459081,31,32,1,-13,-11,2,23,18
1564164042459081,-2,8,6,0,15,9,10,16
1564164042473575,-42,-28,1,12,-8,-11,-20,-7
1564164042473575,13,-9,-14,-11,3,-8,-3,-6
1564164042474544,74,4,-5,-21,-22,-7,2,9
1564164042474544,4,18,5,21,19,6,25,7
1564164042488011,-35,-22,-20,-6,4,-14,-37,-43
1564164042488011,-30,8,26,1,2,11,13,22
1564164042496495,52,-56,-18,42,24,10,28,31
1564164042496495,-76,-1,-4,-25,-24,-18,-40,-55
1564164042512503,13,-16,0,-5,-3,10,16,4
1564164042512503,-24,47,4,-29,-10,-7,-42,-28
1564164042513476,8,20,7,-10,18,18,58,38
1564164042513476,15,3,7,-13,-22,0,-13,3
1564164042533926,-77,-51,-22,60,23,-19,-18,-72
1564164042533926,88,38,14,11,-22,8,63,74
1564164042534424,-54,29,7,46,28,5,-49,-30
1564164042534424,68,55,24,-10,0,14,16,46
1564164042548897,88,-75,-26,-35,-12,11,47,-15
1564164042548897,-62,33,2,-24,-23,-28,-50,-74
1564164042549396,68,-34,-25,-25,-9,-16,-30,-3
1564164042549396,-23,70,18,36,3,10,2,12
1564164042571376,11,-4,12,5,18,18,52,112
1564164042571376,-80,-14,-7,-21,-21,-6,-46,-16
1564164042571862,-2,22,23,20,1,1,12,-35
1564164042571862,-24,-42,-20,-45,-8,-10,-4,-26
1564164042593848,88,57,24,25,-4,3,-19,29
1564164042593848,-69,-17,-2,39,29,9,17,-22
1564164042594321,-26,7,3,-34,-15,3,3,16
1564164042594321,-32,-53,-31,18,4,-30,-53,-63
1564164042608787,-65,35,25,-9,-11,8,35,29
1564164042608787,127,-4,-7,-3,16,7,-15,35
1564164042609286,-97,-24,-17,-29,-16,-12,-65,-33
1564164042609286,-34,-25,24,87,20,8,46,10
1564164042631253,38,40,-13,-75,-9,-11,-32,-41
1564164042631253,7,-3,14,51,1,-13,-9,13
1564164042632244,-24,4,-29,-50,-17,9,71,16
1564164042632244,-13,-21,-13,-12,-5,-13,-36,-35
1564164042653703,-56,-1,8,43,16,-2,-18,15
1564164042653703,69,-14,0,13,31,26,45,24
1564164042661249,1,15,16,-5,-23,-12,-26,-11
1564164042661249,30,4,1,-8,-7,-6,-22,7
1564164042668712,-44,-14,-18,-34,-5,2,26,-23
1564164042668712,81,15,1,-22,-8,-6,-9,3
1564164042669673,-21,-26,8,17,-13,-10,3,-11
1564164042669673,88,-6,-8,24,21,29,18,60
1564164042691170,-12,28,20,-12,9,6,27,-17
1564164042691170,-96,-36,-28,-31,-12,-11,0,-13
1564164042692131,81,12,16,13,-10,-16,-56,-20
1564164042692131,63,7,-31,-25,1,7,13,26
1564164042713591,-33,11,3,17,-9,-22,-27,-29
1564164042713591,63,-2,-1,-14,-10,8,38,70
1564164042714590,-101,1,4,40,26,-4,-35,-66
1564164042714590,84,73,19,-40,-18,7,3,-7
1564164042728601,-10,-84,-20,-10,-18,-10,22,11
1564164042728601,27,29,13,74,59,15,-3,-19
1564164042729570,-50,-31,-4,-15,-7,2,-4,-12
1564164042729570,23,75,22,12,2,-5,-31,-17
1564164042751022,50,-36,-15,-26,1,10,21,27
1564164042751022,3,-31,-22,-31,-31,-11,-1,14
1564164042752020,-3,39,25,21,10,9,20,12
1564164042752020,-29,-55,-32,-28,-13,-18,-23,-31
1564164042774513,49,11,15,14,9,4,-29,13
1564164042774513,-45,-13,6,-49,-22,-1,34,-8
1564164042774986,-3,24,-3,75,43,16,30,23
1564164042774986,15,-35,-8,-28,-14,-20,-37,-10
1564164042788952,50,66,20,-15,-26,-7,0,0
1564164042788952,9,-43,-45,11,15,0,10,-17
1564164042789458,-29,-9,-6,-36,-6,-5,-11,8
1564164042789458,-68,-18,22,28,12,8,37,6
1564164042811487,5,23,-6,11,-1,-5,-27,1
1564164042811487,16,12,8,-24,-22,-15,-50,-35
1564164042812482,29,-30,-16,-39,-13,1,11,33
1564164042812482,52,1,6,45,21,8,30,-5
1564164042834478,30,40,5,-25,0,6,0,-11
1564164042834478,-94,-47,8,18,-5,-2,0,-25
1564164042835441,52,-13,-19,-19,0,-6,-21,12
1564164042835441,-14,13,7,43,-6,-1,10,12
1564164042848920,42,-18,-18,-28,11,10,17,19
1564164042848920,-33,31,16,18,-5,-5,5,-3
1564164042849415,127,11,0,-17,-16,-13,-51,-11
1564164042849415,-20,-13,-18,-25,9,18,81,30
1564164042871398,-69,-13,-2,43,5,-9,-12,-22
1564164042871398,29,0,-23,-28,-7,-9,-20,5
1564164042871873,-43,13,21,35,5,8,9,7
1564164042871873,-81,-19,5,-28,-11,-6,-26,-28
1564164042894369,46,3,-24,-29,-15,2,8,18
1564164042894369,-74,-33,0,-8,2,6,2,-16
1564164042895329,100,36,9,69,41,14,31,40
1564164042895329,-45,-28,-9,-13,-9,13,1,-11
1564164042908836,-17,28,17,-38,-28,-21,-25,-13
1564164042908836,28,-12,-3,12,16,10,8,16
1564164042909303,-15,20,-16,-22,-21,-19,-13,-24
1564164042909303,66,-2,-7,-48,-18,-7,25,36
1564164042939280,-21,3,1,56,13,23,7,3
1564164042939280,9,14,15,-8,-5,-5,-1,7
1564164042940246,-58,-73,-19,-10,-14,-6,-9,-36
1564164042940246,-2,30,-9,20,25,-2,-15,10
1564164042954221,-7,-32,-2,-3,-12,-5,5,-3
1564164042954221,45,31,-4,9,5,12,19,12
1564164042955218,-57,25,15,-27,-1,6,1,-19
1564164042955218,-42,-7,7,10,-18,-24,-39,-19
1564164042968700,39,-24,-1,37,3,5,5,20
1564164042968700,41,19,-3,-2,15,-7,6,13
1564164042969690,-1,0,9,-42,-25,0,0,-13
1564164042969690,-16,-18,-21,5,-7,-6,14,-4
1564164042991149,16,-6,-16,-6,0,-22,-66,-13
1564164042991149,4,43,16,-19,-12,3,37,14
1564164042992148,-51,-54,-16,35,12,0,-9,-24
1564164042992148,13,19,10,-14,-4,-2,-20,1
1564164043014605,-36,-24,10,-14,-15,-8,1,-19
1564164043014605,-18,14,4,13,4,-3,-19,-7
1564164043015105,3,1,-14,0,2,-3,18,3
1564164043015105,18,-5,9,39,22,5,1,4
1564164043028625,-28,9,-4,-23,-7,-16,-21,-6
1564164043028625,6,-27,-10,-8,-23,-1,4,10
1564164043029601,40,29,4,-15,-10,-5,10,15
1564164043029601,-3,-19,12,-18,2,5,3,3
1564164043051079,-40,22,-9,28,20,8,12,-17
1564164043051079,-57,-37,-18,-16,-5,-11,-30,-32
1564164043052036,23,-10,10,-27,-14,0,13,19
1564164043052036,32,6,-22,16,9,2,-5,1
1564164043074501,-34,-9,5,-15,3,1,5,-8
1564164043074501,36,17,14,43,19,7,15,8
1564164043075028,-27,6,7,-1,11,4,-19,-7
1564164043075028,4,12,-9,-24,-27,-15,-9,2
1564164043087975,11,6,6,-18,-14,5,37,17
1564164043087975,14,-5,10,30,26,13,-13,-2
1564164043096462,26,3,-3,-12,-6,-1,20,14
1564164043096462,-51,0,9,4,2,-2,-28,-30
1564164043111463,-16,-13,-9,-3,5,0,5,0
1564164043111463,17,-6,-11,-71,-38,-4,-13,-13
1564164043111928,90,6,5,104,65,9,11,27
1564164043111928,-1,2,10,-20,-11,3,18,9
1564164043134881,-5,2,-2,2,10,-1,-35,-3
1564164043134881,-57,22,1,-13,-19,-11,4,-24
1564164043135881,74,-26,1,-3,-7,-4,1,27
1564164043135881,-53,-9,1,0,13,4,-2,-8
1564164043148366,52,12,-1,-11,-9,4,21,19
1564164043148366,-42,-5,-3,-13,-20,-2,-13,-9
1564164043163828,-20,-2,-5,42,22,4,-24,-22
1564164043163828,21,-15,1,11,4,-5,34,10
1564164043171315,50,32,15,-18,-7,5,-1,8
1564164043171315,-22,-33,-3,-6,9,0,9,8
1564164043171814,-76,3,-10,-6,-8,-1,1,-26
1564164043171814,10,-3,4,13,4,3,-17,14
1564164043194272,-50,-20,-10,-22,-19,-10,1,-43
1564164043194272,37,20,16,45,32,10,10,13
1564164043195270,-29,-12,4,-16,-14,-5,-12,-10
1564164043195270,-7,-17,-18,-3,-1,3,6,3
1564164043216771,9,18,10,-3,-8,-6,-13,2
1564164043216771,44,-4,-7,8,1,4,-2,2
1564164043217728,-77,1,-8,-64,-34,-9,-11,-27
1564164043217728,38,-12,1,50,37,7,26,25
1564164043231202,43,23,3,10,3,0,-11,2
1564164043231202,-26,-5,10,-7,1,7,15,8
1564164043232201,5,7,-5,-26,-4,-1,-3,4
1564164043232201,-46,-11,-6,-1,-11,0,10,-12
1564164043254161,-15,-9,-4,-5,-1,1,-12,-8
1564164043254161,-51,-32,-8,46,15,-8,5,6
1564164043255180,78,52,28,-17,-9,1,-8,27
1564164043255180,-45,-27,-17,-26,-22,-10,-13,-34
1564164043268170,-2,2,-9,30,23,-1,-10,-1
1564164043268170,-29,-1,-5,-8,-10,0,10,-6
1564164043276180,28,-2,-1,7,-6,6,21,15
1564164043276180,23,23,19,33,21,5,1,12
1564164043291135,11,7,-10,-41,-11,-2,-8,-1
1564164043291135,25,-17,-2,-10,-11,-7,-8,-2
1564164043292089,-30,-11,3,8,-8,-5,-7,-13
1564164043292089,-6,24,6,-17,5,7,4,1
1564164043314556,-33,-6,-11,-8,-4,-3,6,-7
1564164043314556,54,0,13,29,12,-2,-15,14
1564164043315051,7,14,3,4,16,3,13,-5
1564164043315051,-43,-15,1,-43,-20,-1,-4,-19
1564164043328057,-16,-23,0,31,-3,-11,1,13
1564164043328057,-8,19,2,-4,6,7,-7,-8
1564164043336017,-2,-7,-7,13,2,6,9,3
1564164043336017,44,5,3,-13,6,2,17,14
1564164043350988,5,1,10,7,1,4,5,9
1564164043350988,8,-7,-25,-47,-21,-17,-38,-10
1564164043351981,-20,11,3,29,-13,-6,16,-10
1564164043351981,-28,-17,-5,-12,5,2,-7,-9
1564164043374470,-12,-27,-17,18,12,6,15,0
1564164043374470,7,15,12,7,0,5,-12,-5
1564164043375436,29,1,-5,-74,-43,-25,-23,-3
1564164043375436,20,15,5,73,40,14,19,27
1564164043396929,12,22,18,11,10,2,-7,0
1564164043396929,-37,-29,-11,5,-4,-1,9,-10
1564164043397894,-18,3,-10,-27,-3,2,-4,1
1564164043397894,49,-7,-7,-15,-20,-21,-56,-17
1564164043411406,-16,-16,3,3,-2,-1,20,-8
1564164043411406,32,23,21,35,18,6,2,4
1564164043411870,30,15,-3,-13,-4,8,42,38
1564164043411870,-40,-19,-3,-1,-8,-12,-39,-42
1564164043441821,1,22,-4,-29,-9,-14,-40,-18
1564164043441821,-28,-19,-3,-2,-6,6,47,-3
1564164043442811,-8,-28,-10,29,21,-5,-20,0
1564164043442811,33,24,0,-18,-17,0,-2,15
1564164043456825,-18,-2,2,4,1,0,-14,-17
1564164043456825,61,6,-10,-44,-27,-12,1,5
1564164043457783,-15,2,15,83,56,14,-8,5
1564164043457783,-9,-9,-3,-12,-8,4,19,-10
1564164043471320,24,-6,0,-13,-10,-24,-44,-9
1564164043471320,73,30,3,-3,-5,8,44,50
1564164043472257,-43,-9,-6,-8,-5,-8,-39,-29
1564164043472257,9,9,-5,-18,-14,4,40,-1
1564164043494254,3,9,20,25,11,7,14,16
1564164043494254,-42,-32,-27,-6,4,-9,-23,-21
1564164043495219,5,-4,12,34,15,5,5,5
1564164043495219,11,8,1,-6,-1,-1,-7,9
1564164043517186,-28,-31,-20,-34,-19,6,22,-1
1564164043517186,-50,7,6,21,-4,-11,-43,-33
1564164043517673,36,-3,-14,-8,2,-10,24,19
1564164043517673,10,-2,2,-9,-5,2,1,2
1564164043531147,25,7,0,6,7,7,14,15
1564164043531147,2,18,8,-1,-2,-6,-25,-8
1564164043532146,2,-17,-10,-42,-22,-3,-16,-9
1564164043532146,-12,-1,-3,39,8,-1,21,1
1564164043554606,-31,-26,-11,-13,-1,7,13,-8
1564164043554606,26,13,17,28,13,4,-3,8
1564164043555102,-51,-7,-14,-28,-6,2,-7,-19
1564164043555102,-47,-5,6,2,-11,-8,-16,-8
1564164043577066,87,14,8,19,13,4,20,31
1564164043577066,-28,-3,0,-21,-11,-10,-18,-23
1564164043577562,19,-4,-11,-8,-3,-1,7,10
1564164043577562,-4,4,-4,-17,-2,2,-9,-4
1564164043591068,-31,0,0,16,0,0,1,-3
1564164043591068,17,0,0,0,4,1,5,8
1564164043592035,-15,-2,12,-12,-13,-5,-1,-6
1564164043592035,23,12,1,-5,-10,0,-4,2
1564164043614492,-36,-18,0,11,9,2,18,11
1564164043614492,-25,7,-1,-18,1,3,4,-10
1564164043615024,1,-16,2,11,-4,-6,-6,-3
1564164043615024,-17,6,-7,2,-3,2,-10,-12
1564164043644475,55,-3,12,29,4,-2,0,21
1564164043644475,23,7,-16,-21,-4,-1,13,11
1564164043645436,-30,-3,4,17,9,9,5,-9
1564164043645436,26,4,4,-5,5,-11,-20,-6
1564164043651430,-28,-3,-15,-38,-27,-4,-15,-19
1564164043651430,36,-13,3,23,21,4,4,30
1564164043651923,26,23,1,-5,-8,5,30,7
1564164043651923,-18,-10,3,-10,-8,-5,-2,10
1564164043674420,12,6,-12,-10,0,-2,-2,-7
1564164043674420,-36,-20,3,2,2,3,-5,-8
1564164043675380,-29,-1,6,30,5,-2,0,-13
1564164043675380,21,-2,4,-8,3,3,3,0
1564164043696875,-38,-6,-6,5,-1,-1,-6,-8
1564164043696875,16,19,-10,-1,3,4,6,9
1564164043697838,18,-11,1,-15,-11,-8,-11,0
1564164043697838,-21,-10,1,6,-5,0,17,1
1564164043719359,39,19,10,15,18,7,1,7
1564164043719359,-19,2,-2,-19,-15,-6,-3,-7
1564164043720297,-59,8,-8,5,7,-1,-26,-33
1564164043720297,76,1,-2,-17,-3,6,46,69
1564164043734307,15,-10,-3,16,5,2,2,5
1564164043734307,-15,22,15,-8,-6,0,-6,-13
1564164043735269,1,-8,-14,19,-9,1,1,2
1564164043735269,-6,-5,-15,-8,4,-2,5,-16
1564164043756727,-7,5,3,-26,-11,-10,-16,-9
1564164043756727,14,-1,-2,25,3,10,20,9
1564164043757727,30,9,4,-31,-2,-5,-17,13
1564164043757727,-27,-16,-16,16,2,-1,-8,-22
1564164043771206,24,-8,-1,2,0,6,11,14
1564164043771206,-39,-12,-6,-30,-16,-16,-26,-26
1564164043772199,-16,11,8,-3,-3,2,3,-2
1564164043772199,5,-3,0,21,18,10,18,15
1564164043794658,-4,12,-1,-19,-12,-9,-12,-18
1564164043794658,12,-19,-10,-20,-10,-1,3,8
1564164043796156,-14,7,2,29,13,1,-1,4
1564164043796156,9,-28,-1,2,-2,-9,-19,-16
1564164043817142,-39,10,0,-18,-5,8,10,-2
1564164043817142,-22,-11,14,28,12,0,-5,-2
1564164043818613,23,-4,-13,-17,-7,-5,-3,-8
1564164043818613,-16,13,9,-6,-7,-2,-13,-14
1564164043830604,61,-2,-13,6,-7,-1,4,8
1564164043830604,-22,1,4,18,11,8,2,-4
1564164043839574,2,-25,-3,-10,-2,1,7,8
1564164043839574,-28,-6,4,-6,-20,-12,-23,-20
1564164043854552,5,-9,-14,-5,14,0,11,18
1564164043854552,5,12,-2,16,-1,-5,3,-2
1564164043856044,26,7,6,0,-3,1,4,6
1564164043856044,-17,4,11,-13,-4,5,5,-6
1564164043877058,7,18,-2,4,1,2,13,10
1564164043877058,-1,-1,-3,2,9,2,-3,-4
1564164043878515,23,7,-1,-14,-6,-11,-10,9
1564164043878515,-32,-10,3,12,-6,-13,-34,-23
1564164043890484,-1,-11,4,20,18,11,32,3
1564164043890484,-5,14,-3,1,-2,2,8,2
1564164043899463,10,4,7,-14,-9,7,-16,-12
1564164043899463,15,-2,-21,-13,1,-9,7,19
1564164043913472,-27,-14,6,16,4,-5,-20,-13
1564164043913472,-29,2,9,-4,-10,-1,-17,-8
1564164043921926,55,17,-5,-27,-4,7,42,24
1564164043921926,-2,-7,-14,30,23,2,-17,2
1564164043936954,-22,-3,-2,-4,-2,2,2,-10
1564164043936954,9,-28,-17,-17,-8,-1,-8,-1
1564164043938392,-30,1,19,-16,-11,-12,-9,-2
1564164043938392,-25,3,-6,4,-8,1,5,-5
1564164043950377,72,22,-1,9,-4,-5,-9,16
1564164043950377,18,-5,11,12,4,-3,-2,-4
1564164043959352,-40,-14,-24,-3,8,4,13,-4
1564164043959352,-3,11,0,-19,-7,-7,-33,-16
1564164043974356,-21,-13,8,16,-4,0,13,-6
1564164043974356,14,8,2,-6,9,6,13,10
1564164043975822,-12,-9,-1,7,-1,-4,-12,-9
1564164043975822,30,19,8,1,0,-3,6,11
1564164043997288,-14,7,7,-14,-11,0,-14,-10
1564164043997288,-7,-30,-11,20,5,1,14,6
1564164043998779,9,3,1,10,8,2,7,6
1564164043998779,-40,12,6,-22,-14,2,-13,-13
1564164044010765,45,-3,-4,-3,1,-4,0,12
1564164044010765,11,7,-1,-5,3,4,14,8
1564164044019240,-9,-8,-8,-19,-12,-1,-15,-18
1564164044019240,0,-17,-3,-1,-16,-11,-7,9
1564164044034250,-19,-3,2,12,27,11,36,1
1564164044034250,0,14,-1,-5,-2,-2,-16,-7
1564164044036209,-30,-1,-2,-12,-3,-2,-16,-4
1564164044036209,69,6,1,3,2,0,34,26
1564164044057170,-43,-12,-11,-24,-17,-11,-27,-14
1564164044057170,20,-5,7,16,2,-1,-1,2
1564164044058667,-12,7,6,-5,-1,1,-2,-9
1564164044058667,-8,-4,-2,-2,1,3,5,-4
1564164044070683,-8,-3,-2,4,5,-5,-13,-5
1564164044070683,19,11,-11,-30,-6,1,1,-5
1564164044079628,54,3,13,38,-1,-4,-1,15
1564164044079628,-34,-26,-17,-9,15,4,10,-14
1564164044094620,44,-5,2,34,9,1,7,10
1564164044094620,-18,11,2,-27,-20,-6,-21,-17
1564164044096101,17,3,0,-4,-15,-13,-1,-3
1564164044096101,2,10,-10,-1,5,8,8,3
1564164044124547,10,1,8,-28,8,3,-13,1
1564164044124547,-11,-13,-4,18,-10,-6,19,13
1564164044126042,-71,-32,-3,41,29,3,7,-3
1564164044126042,19,18,14,6,-1,-7,-5,5
1564164044130547,-6,-2,-7,-27,-14,2,8,-3
1564164044130547,2,5,-2,4,2,-2,-11,0
1564164044139517,26,2,3,-13,-7,-2,10,10
1564164044139517,-25,-11,-13,-14,-9,-1,-18,-19
1564164044154529,-18,-1,1,10,10,8,4,-2
1564164044154529,29,-9,7,17,1,-4,1,13
1564164044155987,-22,1,-10,-19,-10,-1,0,-13
1564164044155987,-26,-15,-9,13,8,-2,-18,-6
1564164044176984,69,38,5,-67,-40,-14,-12,9
1564164044176984,-5,-20,-14,42,36,18,25,-1
1564164044178445,-8,9,5,20,7,0,-2,10
1564164044178445,39,5,4,7,9,3,16,13
1564164044190461,-61,-17,4,-10,-16,-10,-12,-20
1564164044190461,10,28,-4,-16,-4,-8,-23,-4
1564164044199406,-2,7,14,14,-4,2,6,7
1564164044199406,2,-10,-11,-13,15,7,11,-8
1564164044214377,-57,-15,-7,-3,-28,-12,-44,-25
1564164044214377,91,36,9,8,13,-6,45,40
1564164044215875,-40,-51,-16,-7,9,7,-19,-20
1564164044215875,19,4,14,30,-3,0,9,10
1564164044236836,15,14,2,-12,2,-2,-13,1
1564164044236836,-109,-21,-11,-29,-24,-7,-29,-35
1564164044238333,13,9,4,11,7,3,37,10
1564164044238333,30,-3,4,-12,-13,-1,0,9
1564164044250810,0,9,1,19,16,-1,-8,-7
1564164044250810,3,-11,-7,-40,-14,-1,-7,-3
1564164044259310,-1,-5,-9,21,1,3,2,-6
1564164044259310,-13,-5,4,6,10,5,24,13
1564164044274303,8,3,4,7,-4,-5,-4,6
1564164044274303,26,5,3,-18,-7,2,-15,-2
1564164044276270,-21,1,3,-20,-9,-8,12,0
1564164044276270,2,12,-1,-3,-2,-1,-10,4
1564164044296738,-15,5,2,16,-4,5,14,-9
1564164044296738,-28,-29,-7,-21,-1,-6,-11,-5
1564164044298721,5,-5,-7,7,3,-3,-37,-6
1564164044298721,-23,-6,-7,17,0,-7,-3,-22
1564164044319183,-55,1,4,-21,3,2,24,-5
1564164044319183,23,-2,16,37,8,10,10,-1
1564164044321180,17,21,-12,-10,-1,9,-11,20
1564164044321180,20,4,0,-14,-4,-11,12,0
1564164044334658,28,-29,-7,-16,-3,21,75,37
1564164044334658,-67,1,-5,19,7,2,-7,-13
1564164044336152,12,-6,-6,-17,-15,-22,-22,-14
1564164044336152,-14,-2,4,-21,-16,-15,-85,-35
1564164044357126,0,-2,-3,29,23,8,11,2
1564164044357126,7,-7,3,3,-6,17,85,37
1564164044358617,4,10,-4,-13,2,12,15,3
1564164044358617,-14,-8,-9,0,2,-6,-10,-7
1564164044379574,-1,0,13,16,-3,-10,-49,-18
1564164044379574,-13,-8,2,8,7,-9,15,3
1564164044381072,5,6,7,-3,-10,-5,-20,0
1564164044381072,12,4,-10,4,7,13,45,17
1564164044394578,3,15,3,-4,3,-8,-16,-3
1564164044394578,9,-13,-8,5,-4,-15,-45,-12
1564164044396040,5,2,-10,-33,-11,7,26,-2
1564164044396040,7,-12,3,16,-10,-1,23,8
1564164044417003,-70,-9,1,7,-4,-6,-25,-15
1564164044417003,64,13,-4,0,15,13,33,22
1564164044418499,6,29,9,-12,1,-6,-15,-2
1564164044418499,-5,-4,14,4,-6,12,-3,-1
1564164044439458,-29,-7,-22,-18,-2,-14,-31,-13
1564164044439458,-14,-9,-9,-13,-22,-7,9,-5
1564164044440956,-1,1,9,20,12,2,-16,-7
1564164044440956,45,9,3,1,2,-4,6,3
1564164044454438,29,0,11,5,2,9,26,21
1564164044454438,-32,-22,-14,-12,-4,-9,-29,-11
1564164044455929,-13,5,-4,22,0,-11,-47,-31
1564164044455929,12,-4,-6,0,-2,6,47,43
1564164044476921,4,19,3,0,2,-5,-12,-13
1564164044476921,-11,-9,-7,1,2,3,5,-3
1564164044478387,1,-4,2,-12,-3,-2,-6,-6
1564164044478387,-21,13,4,-7,-6,-7,-17,-13
1564164044499352,19,-15,-18,9,1,4,19,9
1564164044499352,7,12,5,-6,-4,-4,-17,-2
1564164044500845,0,-10,2,6,-3,-4,4,4
1564164044500845,-23,-5,2,-3,2,-1,-13,-11
1564164044513836,21,1,-5,2,2,5,13,13
1564164044513836,-6,7,2,1,-4,-8,-27,-16
1564164044520806,7,-10,2,2,5,5,18,5
1564164044520806,-11,-1,2,1,0,-1,0,-2
1564164044536782,-3,-8,-15,-9,-6,-5,-9,-4
1564164044536782,4,20,17,5,-2,2,-7,-4
1564164044538282,-17,-21,-12,2,3,2,16,1
1564164044538282,14,7,3,-6,2,4,0,10
1564164044559240,14,-4,-1,-1,-4,-7,-12,-2
1564164044559240,-6,1,5,2,0,-3,-2,-8
1564164044561234,18,5,-3,2,4,0,6,8
1564164044561234,-20,-4,-10,-4,-3,-5,-19,-12
1564164044573751,2,0,9,5,0,1,5,9
1564164044573751,3,-5,3,4,1,6,3,-5
1564164044580696,7,8,8,-4,-6,-11,-12,2
1564164044580696,-20,-12,-23,-3,2,13,22,-15
1564164044604168,4,-7,-9,-1,-1,9,-7,0
1564164044604168,2,2,-4,-3,1,1,-6,1
1564164044606150,0,-1,7,4,1,-6,-9,-4
1564164044606150,4,7,20,1,2,-9,-17,1
1564164044620623,-3,-6,-9,0,-1,3,8,3
1564164044620623,-5,7,28,0,-7,-9,-5,-3
1564164044622619,-3,-18,-33,-6,0,5,17,10
1564164044622619,6,11,13,2,-2,-5,-9,6
1564164044633598,-2,-2,-30,-9,-2,-2,2,-8
1564164044633598,4,1,2,4,2,4,11,4
1564164044640623,1,-3,21,-5,-7,-16,-7,-10
1564164044640623,-8,-12,-18,-9,-2,12,-1,-2
1564164044657053,5,6,6,4,0,-6,6,11
1564164044657053,3,-3,-5,12,1,-11,1,11
1564164044658552,-4,0,-24,-5,-3,-9,3,6
1564164044658552,-9,7,11,-5,5,26,-8,-22
1564164044679513,0,-2,40,1,-8,-22,-16,-12
1564164044679513,13,1,-29,-3,2,22,20,7
1564164044681010,0,-2,4,2,0,-3,6,12
1564164044681010,7,14,5,5,1,-8,-2,4
1564164044693488,-6,3,6,2,2,-1,4,1
1564164044693488,-2,1,12,-1,-2,-13,-11,-4
1564164044701970,0,4,9,2,2,6,10,0
1564164044701970,-1,-4,-10,6,1,0,1,-5
1564164044716983,-9,-10,-2,-3,0,4,-13,-20
1564164044716983,-1,1,-14,-15,-2,-5,9,13
1564164044718440,-13,-25,-16,0,-9,3,-5,-8
1564164044718440,1,-3,-11,-9,-8,-11,-7,5
1564164044739444,9,4,16,13,6,-1,-2,-2
1564164044739444,-5,1,9,4,5,2,-8,-2
1564164044740900,-6,-13,-35,-22,-7,-1,3,-4
1564164044740900,6,3,1,4,0,5,12,11
1564164044752939,6,14,9,10,5,7,12,17
1564164044752939,-10,-7,-13,-4,1,4,-7,-27
1564164044761859,-5,-10,12,9,2,4,3,-3
1564164044761859,-7,-13,0,-3,-6,-18,-13,-14
1564164044776871,-9,-14,-6,4,0,3,-8,3
1564164044776871,12,26,-19,-1,-1,-6,-13,-14
1564164044778344,2,10,79,23,7,12,2,-7
1564164044778344,-7,-19,-66,-19,-11,-9,4,17
1564164044799329,6,5,7,-4,2,3,-4,-11
1564164044799329,0,-17,-29,-12,-14,-11,-6,4
1564164044800786,-2,16,39,11,6,3,3,-3
1564164044800786,-10,-19,-13,-12,-9,-11,-11,-7
1564164044812778,8,25,17,-12,-9,-7,0,4
1564164044812778,-9,-24,-26,6,2,-2,0,-1
1564164044829733,1,-14,-50,-10,7,11,6,3
1564164044829733,-3,9,23,-9,-6,-1,-5,-6
1564164044836720,-22,8,48,14,-2,-5,4,-2
1564164044836720,-9,-34,-25,-13,-4,-1,1,9
1564164044838717,15,33,16,11,6,4,2,-7
1564164044838717,6,-4,-10,8,3,-4,2,8
1564164044859239,0,-16,-23,-22,-11,-4,-5,-1
1564164044859239,-14,4,17,8,0,4,-1,-19
1564164044861174,3,-3,-13,-7,-5,-8,-7,8
1564164044861174,6,1,-11,-4,4,5,3,5
1564164044873157,-1,2,3,2,-1,0,0,-8
1564164044873157,8,12,16,8,-2,-3,1,3
1564164044882139,7,-10,-33,-8,-4,-1,-3,-6
1564164044882139,-21,-2,11,3,-1,-3,1,-8
1564164044896632,5,-1,2,11,9,7,3,13
1564164044896632,-13,-8,9,-9,-7,-7,-5,-10
1564164044898607,13,25,11,1,-5,-8,-8,4
1564164044898607,2,5,18,12,9,12,10,10
1564164044920569,-7,-26,-23,-6,1,-6,-19,-25
1564164044920569,7,-3,-25,-8,-7,-1,-2,11
1564164044922561,-29,-13,-19,-14,0,1,0,-16
1564164044922561,5,18,66,7,-5,-3,2,11
1564164044933043,-2,-19,-26,1,1,-1,-2,-2
1564164044933043,3,11,21,3,4,2,-2,3
1564164044942025,-2,-12,-10,1,1,-1,-2,3
1564164044942025,0,7,-7,4,-4,-3,0,-10
1564164044957030,6,20,11,1,6,6,8,12
1564164044957030,-12,-13,7,-10,-5,-9,-12,-13
1564164044958495,0,0,-11,-7,-5,7,0,2
1564164044958495,7,-2,-8,5,6,1,5,13
1564164044979458,11,22,28,5,-4,-2,-2,-4
1564164044979458,-8,-32,-35,-6,-2,-3,-7,-6
1564164044980953,2,3,4,1,0,-6,1,1
1564164044980953,0,-4,-13,-2,-6,-3,-14,-18
1564164044993429,3,-12,-27,-9,-1,1,-1,1
1564164044993429,4,30,39,15,12,9,7,4
1564164045001915,-6,-3,4,-10,-7,-9,-3,-5
1564164045001915,7,-13,9,2,0,1,2,9
1564164045016892,-1,-6,-35,-6,0,-2,1,-1
1564164045016892,-1,20,37,15,4,4,9,-1
1564164045018384,-14,-7,4,13,9,6,6,4
1564164045018384,6,2,-4,-14,-4,-5,-2,-3
1564164045040849,-14,-9,-37,-13,-11,-6,-6,-4
1564164045040849,1,-8,-7,0,-3,3,4,9
1564164045042339,14,14,9,6,-3,-4,-4,-5
1564164045042339,-11,-16,-10,-17,-9,-5,-2,-9
1564164045053325,-10,-13,7,15,11,6,7,5
1564164045053325,10,20,9,10,7,5,-2,-11
1564164045062303,-5,-5,-7,0,-2,-3,6,17
1564164045062303,7,14,14,-2,4,0,-6,-4
1564164045076780,7,14,-4,2,-4,-2,-2,-2
1564164045076780,-3,-10,-4,-8,-6,-4,-6,2
1564164045078277,7,12,15,-1,-1,-1,3,1
1564164045078277,-14,-20,-6,11,6,3,-3,-5
1564164045098741,-4,-10,-4,-9,-6,-8,-5,1
1564164045098741,5,4,-4,-7,-1,3,9,5
1564164045107218,-3,-2,-9,-1,-2,1,0,2
1564164045107218,1,-11,1,-2,-2,0,3,1
1564164045113214,-1,24,6,-2,0,-1,2,-3
1564164045113214,-1,-12,-38,-5,1,-5,-12,-7
1564164045122191,6,7,20,10,6,2,2,2
1564164045122191,-8,-6,-1,-9,-8,-4,-3,-7
1564164045137170,3,-18,3,5,3,5,6,10
1564164045137170,0,29,13,-6,-7,-6,-7,-8
1564164045138660,-1,4,1,1,-2,4,-1,-1
1564164045138660,-2,-6,-17,-12,4,0,-1,-2
1564164045159649,-8,-6,7,-4,-5,-2,-1,-10
1564164045159649,6,-15,2,3,3,0,5,17
1564164045161118,-9,-3,-13,-5,-1,-2,-1,-4
1564164045161118,2,10,13,14,5,1,0,3
1564164045173133,0,7,-5,-5,-3,-3,-2,-2
1564164045173133,2,-16,-4,2,-4,-5,-4,-2
1564164045182080,1,10,16,-6,-3,2,0,4
1564164045182080,2,-8,-22,5,7,4,4,-4
1564164045197051,-11,-24,0,-2,2,0,-1,-7
1564164045197051,3,16,18,-1,-1,-1,0,-3
1564164045198548,5,-5,-30,-11,-9,-9,-6,15
1564164045198548,7,16,26,5,1,5,8,1
1564164045219545,1,-8,-20,-3,-3,2,2,7
1564164045219545,0,5,10,2,-1,5,3,1
1564164045221006,-7,-24,-2,2,4,-5,-12,-20
1564164045221006,3,15,9,10,2,-1,0,6
1564164045232985,4,3,5,1,-2,0,-2,-4
1564164045232985,-6,-7,-9,-11,-5,-3,0,3
1564164045241967,1,10,7,2,-4,-1,1,-2
1564164045241967,5,-13,-15,-3,0,-3,-2,1
1564164045256946,1,8,-9,-10,-5,2,-1,-2
1564164045256946,-4,-10,9,3,4,2,5,4
1564164045258437,-2,2,4,-2,-2,2,1,0
1564164045258437,-6,7,-10,-2,-7,-6,-6,-7
1564164045279400,3,-16,2,9,3,-2,2,9
1564164045279400,-8,-12,-18,-3,0,0,1,-4
1564164045280897,20,15,15,0,-1,1,0,-1
1564164045280897,-6,-5,-2,-6,-6,-3,-5,-1
1564164045309381,3,9,14,0,-1,-4,-4,-6
1564164045309381,-7,-3,-14,-2,6,3,6,12
1564164045310841,8,-11,-19,-5,2,-1,-5,-6
1564164045310841,-8,-4,-5,-2,1,-2,-4,-4
1564164045316867,1,6,6,10,0,2,2,3
1564164045316867,-4,-20,-4,-6,-4,-2,-2,-4
1564164045318327,2,13,22,9,1,1,3,1
1564164045318327,0,16,-4,-4,-3,-1,-1,3
1564164045339326,-2,-3,5,-5,-9,-6,-5,-7
1564164045339326,-7,2,-5,-2,11,6,1,2
1564164045340784,-18,-17,-7,7,2,-6,-4,0
1564164045340784,4,4,3,-2,2,7,11,-1
1564164045361805,-3,18,12,3,-4,-5,-6,-7
1564164045361805,0,-5,7,-2,-8,-1,4,-14
1564164045363742,-4,-24,-21,-6,2,0,5,8
1564164045363742,2,-6,0,6,0,-2,0,1
1564164045385701,3,14,-5,-7,-4,-3,2,2
1564164045385701,5,10,17,11,8,2,2,0
1564164045387199,-4,-6,-3,-2,-2,0,-2,-11
1564164045387199,-1,-8,-2,-3,-1,-2,0,5
1564164045400672,7,-4,-17,-7,-4,0,7,12
1564164045400672,-10,6,8,0,-2,-3,-7,-19
1564164045402670,1,6,18,11,5,4,3,-11
1564164045402670,1,4,-9,-1,1,0,4,12
1564164045422141,-1,-3,11,7,5,2,-1,-3
1564164045422141,0,-7,-1,-20,-11,-7,1,10
1564164045423632,-1,10,-9,11,8,2,0,-1
1564164045423632,9,11,20,5,-1,-1,-2,-1
1564164045436606,-20,-12,-17,-6,1,-2,-4,-9
1564164045436606,11,11,18,10,-3,-1,-3,4
1564164045444598,-5,-12,-14,-9,2,1,-1,1
1564164045444598,-6,-12,-2,1,-3,-5,-7,-8
1564164045459598,2,1,-8,-9,-3,0,3,2
1564164045459598,-1,11,1,5,0,-1,-6,-3
1564164045461061,-7,-7,3,-2,-7,-7,-6,-5
1564164045461061,-8,-2,-18,-1,3,4,6,-6
1564164045482022,4,8,26,3,3,1,2,6
1564164045482022,2,-11,-31,-15,-11,-3,-3,4
1564164045483520,-3,-22,-17,-5,-5,-3,-4,-9
1564164045483520,0,18,11,7,4,-1,-6,-4
1564164045495996,1,-9,-4,-5,2,-2,-3,-8
1564164045495996,1,0,-1,7,-2,-2,4,6
1564164045502982,6,20,-3,-6,5,1,2,4
1564164045502982,2,-8,15,-3,-6,0,-2,-5
1564164045519489,-4,-17,-27,-12,-7,0,-6,-4
1564164045519489,-5,0,9,11,1,-2,-3,3
1564164045520950,0,9,-2,5,-6,-3,0,3
1564164045520950,-3,8,-9,-7,-2,-5,-2,0
1564164045541924,6,0,2,-11,-3,-1,3,4
1564164045541924,1,-10,-5,-1,-1,-2,-4,-4
1564164045543407,-1,0,-7,3,1,3,4,6
1564164045543407,-2,-6,13,5,0,-1,-1,4
1564164045556383,0,9,10,11,3,2,-2,-3
1564164045556383,7,6,-15,3,3,2,0,0
1564164045562875,2,3,12,-14,-6,-2,1,0
1564164045562875,-3,0,-5,-3,-1,-5,-4,-5
1564164045579380,-12,-13,-1,4,2,-3,1,5
1564164045579380,1,13,2,5,4,3,-9,-13
1564164045580839,9,5,12,0,0,-1,-2,2
1564164045580839,-5,-4,-11,-9,-7,-4,-1,-4
1564164045601837,-4,-4,-14,-1,0,3,3,-5
1564164045601837,-1,-5,6,4,-1,-3,2,15
1564164045603298,-9,-15,11,-9,-10,-3,-7,-16
1564164045603298,9,4,-5,-1,4,-1,-6,-3
1564164045616311,-7,-4,7,5,2,-2,-3,-2
1564164045616311,1,13,-5,15,10,5,4,1
1564164045623266,5,0,-14,-11,-1,0,2,7
1564164045623266,-1,-6,-7,-8,-6,-4,-3,-5
1564164045639290,5,3,10,-9,-14,-3,5,3
1564164045639290,-4,1,-6,-2,2,1,-2,-5
1564164045641233,-7,-15,-5,3,5,2,2,2
1564164045641233,6,7,17,8,5,0,2,2
1564164045662247,-6,-2,-11,-1,3,-2,-6,-6
1564164045662247,4,0,3,-17,-10,-1,6,6
1564164045663685,-3,4,-13,7,1,-1,-1,0
1564164045663685,-2,-9,0,0,-1,1,3,6
1564164045676167,1,5,-11,1,-1,2,-4,-11
1564164045676167,-8,-6,11,-4,-1,-1,-6,-3
1564164045683148,4,9,1,7,0,1,-1,2
1564164045683148,0,0,10,-2,-4,-3,0,2
1564164045699624,0,4,-9,7,4,3,0,1
1564164045699624,1,-6,14,1,-2,0,1,-3
1564164045701115,-7,4,-12,-12,-3,-2,-3,1
1564164045701115,-6,-4,-7,5,-4,-1,-4,-3
1564164045722084,9,6,10,12,2,-1,0,8
1564164045722084,-4,-22,-16,-16,-4,-4,-10,-17
1564164045723573,-16,-7,8,6,3,1,3,-5
1564164045723573,4,7,-5,5,3,0,0,0
1564164045736088,-2,2,-5,-8,-7,-5,-3,0
1564164045736088,1,8,1,7,8,1,3,0
1564164045743076,-1,-5,6,-1,-1,1,2,3
1564164045743076,1,-6,-1,-1,-1,3,-1,1
1564164045759539,0,1,12,5,1,-1,-5,-2
1564164045759539,1,7,-3,-4,-8,-5,-1,1
1564164045761009,4,-10,-11,1,2,-2,-2,-1
1564164045761009,-7,3,12,-1,0,-4,-2,0
1564164045782005,0,-5,-5,-4,-1,2,5,-4
1564164045782005,-1,-14,1,-7,-5,-5,-4,-4
1564164045783462,9,3,-2,1,1,2,5,8
1564164045783462,7,6,-9,-2,-3,0,0,4
1564164045795500,6,0,-3,-10,-5,-3,-1,-2
1564164045795500,-4,5,-3,2,0,-1,-1,-2
1564164045804423,2,3,15,5,-8,-5,-6,-2
1564164045804423,-5,-19,-15,-5,9,3,6,-5
1564164045819454,4,17,-2,-2,-2,0,-2,1
1564164045819454,0,-9,-20,-3,-3,1,-1,2
1564164045820891,0,-15,-8,-11,-6,-3,-4,-2
1564164045820891,-3,5,6,0,-1,-2,-4,-2
1564164045841859,-1,-1,-9,0,4,1,0,2
1564164045841859,12,24,5,1,1,2,4,6
1564164045843358,-25,-31,19,10,-1,-4,-4,-11
1564164045843358,-5,-1,-20,-9,-1,2,-1,-2
1564164045855834,-1,-7,-3,-1,-1,-2,0,1
1564164045855834,-3,2,0,-8,-6,-5,-2,-1
1564164045864319,8,-1,-15,4,1,-4,-5,-1
1564164045864319,2,-4,-4,2,2,0,3,7
1564164045879786,-11,-13,1,-13,-11,-7,-8,-10
1564164045879786,1,4,-4,9,-3,2,0,-1
1564164045880782,1,5,-2,-8,0,0,-1,-3
1564164045880782,-2,-7,-2,-4,4,3,3,-5
1564164045901781,11,7,0,5,1,-1,2,6
1564164045901781,-8,-2,11,3,-3,0,-2,-2
1564164045903739,-4,-5,-11,-7,-3,-1,-2,0
1564164045903739,-11,7,1,-9,-12,-8,-4,-4
1564164045915716,1,-6,2,-2,0,2,2,0
1564164045915716,-3,-6,19,16,3,2,2,-1
1564164045924699,1,6,-5,8,12,3,1,1
1564164045924699,7,-3,-9,-12,-7,0,-6,4
1564164045939703,-14,-5,-1,5,-5,-4,-3,-8
1564164045939703,1,3,3,0,7,2,2,5
1564164045941668,13,-8,-18,-11,-8,-4,-1,2
1564164045941668,-9,14,23,21,8,1,-2,-7
1564164045962137,-21,-29,-32,-19,-5,-4,-4,-2
1564164045962137,0,-5,7,-8,-8,-6,-4,-4
1564164045963633,6,13,4,-12,-4,2,0,2
1564164045963633,13,-3,-6,4,-3,-1,0,4
1564164045975611,6,2,4,13,8,4,9,4
1564164045975611,-1,-2,-15,-3,2,2,-7,1
1564164045984588,-1,7,15,5,1,2,14,4
1564164045984588,6,-2,-29,-2,2,7,5,5
1564164045999564,3,9,43,12,4,9,12,6
1564164045999564,-3,-9,-5,-14,-7,-14,-3,-6
1564164046001057,-6,-1,-8,-15,-17,-25,-35,-15
1564164046001057,-4,1,-5,3,2,-15,-27,-17
1564164046022024,2,1,-2,3,3,2,5,-2
1564164046022024,0,-6,-10,1,0,11,17,12
1564164046023516,-5,7,10,10,3,10,14,7
1564164046023516,4,4,8,-24,-16,-6,1,-1
1564164046035530,8,-6,-13,8,10,-1,-13,-3
1564164046035530,-11,4,15,-6,8,3,0,-8
1564164046044478,-14,-14,-25,-4,4,6,5,2
1564164046044478,-5,-3,13,1,-2,2,3,1
1564164046058969,21,10,9,-7,-10,-1,2,5
1564164046058969,-4,0,-11,-6,-8,-4,-5,-3
1564164046065444,-12,6,4,25,15,5,-2,-4
1564164046065444,-10,-16,-16,-7,-11,-9,-6,-10
1564164046081906,-8,1,6,-2,-6,-12,-10,-4
1564164046081906,13,-12,-9,5,6,9,16,5
1564164046083405,5,13,-4,-3,-1,3,1,3
1564164046083405,-9,-13,3,2,0,-1,1,-1
1564164046095380,9,13,11,7,1,1,9,2
1564164046095380,2,0,-9,2,-2,-3,-13,-6
1564164046104364,18,9,11,-12,-14,-3,3,4
1564164046104364,2,-11,-17,12,16,8,11,4
1564164046118842,-27,-12,-15,-14,0,-2,-14,-6
1564164046118842,-2,9,21,10,-4,-3,-1,-1
1564164046125333,-6,-4,2,-5,0,-1,-1,-7
1564164046125333,9,3,-3,-10,-8,-3,11,8
1564164046142296,-4,-2,-18,8,-2,1,-9,-2
1564164046142296,-9,-10,1,-6,6,2,12,0
1564164046143791,10,5,9,-9,-11,-8,-13,0
1564164046143791,-5,3,7,21,7,5,-1,-2
1564164046165754,-18,-1,6,6,12,2,5,0
1564164046165754,3,-12,-18,-9,-11,-6,-15,5
1564164046167248,15,4,-1,-5,0,7,24,10
1564164046167248,-14,2,9,-12,-2,4,-12,-9
1564164046179265,-2,-11,-7,16,-3,-4,-8,-13
1564164046179265,-10,2,0,-5,-3,-10,-16,-11
1564164046180722,-27,-12,-8,-19,-8,-5,-1,-6
1564164046180722,16,15,22,7,9,2,3,7
1564164046201760,11,-7,-10,-10,-7,0,2,6
1564164046201760,10,2,-4,0,-7,-8,-2,3
1564164046203250,-12,-11,-6,7,1,0,-7,-5
1564164046203250,0,7,1,-3,-2,-10,-6,-1
1564164046225744,16,7,-1,-5,0,12,1,7
1564164046225744,-2,1,2,5,1,5,4,0
1564164046227704,-3,-8,0,6,7,1,-5,-1
1564164046227704,-10,-11,1,0,-5,-2,-4,-10
1564164046239682,0,1,1,-13,-3,-8,-4,0
1564164046239682,-2,4,2,-3,-7,3,5,-9
1564164046241179,-2,4,-3,-2,-2,-1,5,3
1564164046241179,23,-5,0,12,7,1,1,9
1564164046261142,11,9,8,10,0,-3,0,5
1564164046261142,-7,-2,-12,-4,2,4,0,-1
1564164046269626,-30,-13,-5,-3,-1,-7,-10,-17
1564164046269626,-6,-19,-16,-9,-7,-2,0,8
1564164046284599,12,8,3,-10,-2,-5,-5,-2
1564164046284599,-21,-11,-2,5,-1,-5,-3,-12
1564164046286097,13,8,2,-1,1,0,4,1
1564164046286097,8,11,9,4,1,4,7,-1
1564164046299570,-19,-10,-10,-8,-4,0,0,-3
1564164046299570,15,8,14,5,1,0,-10,8
1564164046301067,0,8,0,4,2,0,-6,3
1564164046301067,-11,-12,-5,-17,-10,-8,-2,-7
1564164046322052,-20,-4,1,3,3,-3,-5,-12
1564164046322052,36,-1,-16,-2,4,4,4,10
1564164046329513,-19,0,-3,1,0,7,20,0
1564164046329513,24,9,5,2,-2,-9,-40,-6
1564164046344505,-32,-3,10,21,-7,-6,-2,-16
1564164046344505,-2,-10,-9,-19,10,1,11,13
1564164046346006,13,1,-14,8,7,5,2,7
1564164046346006,-14,-4,-4,-3,-2,10,18,5
1564164046359508,7,-2,7,-12,-8,1,0,-2
1564164046359508,12,2,1,14,-9,-14,-10,-6
1564164046360959,-5,6,5,8,4,-7,-3,0
1564164046360959,-3,2,16,6,6,12,9,3
1564164046381457,18,0,-21,-11,4,4,-4,0
1564164046381457,5,0,-14,-19,-12,-3,1,-5
1564164046389412,17,-9,10,6,1,7,6,11
1564164046389412,-55,-3,1,4,-5,-9,-5,-21
1564164046404414,16,12,-6,-6,4,0,-4,17
1564164046404414,-63,-17,3,-1,0,4,2,-18
1564164046405875,21,1,-13,-24,-12,-9,-15,-7
1564164046405875,3,10,5,18,7,2,9,4
1564164046419348,30,-5,2,-4,1,2,9,25
1564164046419348,2,1,-3,4,-5,-2,-3,2
1564164046425376,0,0,6,5,7,6,-6,-9
1564164046425376,-33,-9,-9,-30,-18,-4,11,-7
1564164046441842,3,2,2,29,18,0,-3,-1
1564164046441842,49,24,15,-4,-1,9,21,33
1564164046443337,-10,-14,-3,-3,-17,-12,-15,-21
1564164046443337,-30,-5,-1,7,7,-6,-25,-15
1564164046464301,43,-4,-4,2,-1,-2,2,10
1564164046464301,-12,0,7,-3,-2,5,10,7
1564164046465763,31,21,18,22,13,2,-2,4
1564164046465763,57,-3,-35,-10,1,3,7,11
1564164046478273,-115,-24,-1,-24,-12,-4,-13,-41
1564164046478273,27,-7,3,12,0,-8,0,4
1564164046494715,5,-11,-6,-12,-1,-3,-1,13
1564164046494715,-5,21,5,2,-11,-2,-2,-2
1564164046501755,0,-13,-3,8,3,2,3,-9
1564164046501755,-42,5,-5,-18,-2,-5,-11,-12
1564164046503691,11,0,4,-5,-8,-10,-10,7
1564164046503691,41,-2,7,19,1,5,24,13
1564164046524154,-56,6,-14,-10,6,7,5,-6
1564164046524154,-24,5,7,4,-4,1,-3,-14
1564164046526150,76,4,0,-4,-6,-3,14,21
1564164046526150,46,3,-1,8,3,2,-9,7
1564164046547110,22,3,5,-23,-9,4,11,10
1564164046547110,-64,-16,-6,22,7,-5,-32,-24
1564164046548609,-35,-23,-15,0,-11,-4,15,-21
1564164046548609,-52,-13,7,-8,0,-8,-10,-22
1564164046562082,89,58,27,21,2,9,17,35
1564164046562082,-39,-53,-35,-36,-4,-3,-10,-13
1564164046563581,-28,32,6,36,15,-5,-17,6
1564164046563581,79,10,-6,-8,1,0,15,4
1564164046584577,-36,-27,-2,1,-5,-5,-20,-24
1564164046584577,12,11,16,-1,0,6,3,-5
1564164046586039,28,7,-5,-4,-3,3,10,16
1564164046586039,-15,-1,-4,7,8,-1,-2,5
1564164046598053,35,24,14,29,15,0,-11,24
1564164046598053,-17,-37,-25,-41,-31,-14,-9,-46
1564164046607004,-35,6,10,-7,-21,-21,-13,-39
1564164046607004,-26,-10,-1,-29,3,1,7,44
1564164046623497,69,7,-2,28,3,14,25,18
1564164046623497,-30,-16,0,39,42,18,3,-20
1564164046624966,34,21,5,-29,-27,-18,-22,41
1564164046624966,98,-23,2,-46,-16,1,20,42
1564164046644468,-114,-42,-2,65,21,-22,-25,-88
1564164046644468,116,38,12,3,-8,-7,16,67
1564164046645932,-46,13,-14,-25,-8,5,-15,-35
1564164046645932,51,3,7,49,28,11,5,42
1564164046657967,17,-51,-25,-98,-25,15,23,6
1564164046657967,-25,39,-1,66,6,-7,-14,-4
1564164046666896,-91,-20,13,20,16,15,-4,-35
1564164046666896,15,33,0,-41,-22,6,27,8
1564164046681864,-30,-16,1,19,23,-2,2,-14
1564164046681864,118,49,35,-13,-8,-3,-3,38
1564164046683358,-71,-55,-40,-8,5,-12,-32,-40
1564164046683358,0,14,9,13,-11,12,25,29
1564164046704355,-82,-12,2,-12,-2,10,15,-32
1564164046704355,80,47,7,-18,0,-4,-2,11
1564164046705822,40,-9,17,16,-7,12,17,23
1564164046705822,42,0,-11,-10,8,-20,-54,-26
1564164046718292,107,-13,-10,10,5,5,2,48
1564164046718292,-105,-13,-1,3,-10,-7,11,-46
1564164046727276,-17,-11,6,-8,13,1,1,-14
1564164046727276,-85,24,-10,-35,-23,-3,-8,11
1564164046741788,0,-6,2,32,14,-13,-30,-9
1564164046741788,34,-18,-23,-14,-16,-5,8,3
1564164046743745,24,-26,-5,-20,-16,13,33,27
1564164046743745,-59,-5,9,13,15,1,26,-57
1564164046772196,109,14,8,19,1,-8,-59,20
1564164046772196,78,28,5,-7,7,8,37,18
1564164046773693,69,59,23,7,6,11,-31,33
1564164046773693,-70,-89,-46,-24,-24,-14,21,-42
1564164046778180,-101,27,29,-12,-14,-12,-3,7
1564164046778180,-5,-58,-14,15,31,14,-19,5
1564164046787677,2,-2,-19,-52,-16,-6,21,3
1564164046787677,-39,12,17,60,9,-5,-48,-40
1564164046801145,22,4,-15,-9,-9,12,40,27
1564164046801145,-68,20,6,2,-5,-12,-18,-6
1564164046802159,-54,-9,-1,20,19,-2,7,0
1564164046802159,122,33,16,2,7,7,-6,24
1564164046824133,-62,3,-9,-71,-50,-11,22,-21
1564164046824133,107,-20,-2,64,42,16,19,53
1564164046825094,-39,14,15,24,14,8,-12,-27
1564164046825094,-86,-1,-5,-27,-17,-12,-6,-29
1564164046847065,59,47,8,1,-6,-3,6,32
1564164046847065,42,-8,6,3,2,11,-3,4
1564164046847552,-49,-28,-7,-3,5,6,13,-8
1564164046847552,86,12,2,2,-6,-9,-32,15
1564164046861028,-80,-27,-9,-14,-9,-10,-18,-32
1564164046861028,-36,-9,-12,-40,-26,-1,10,-5
1564164046862034,20,14,0,10,13,1,42,25
1564164046862034,33,-8,4,11,8,4,-7,16
1564164046883986,-45,-12,6,48,10,-6,-2,-20
1564164046883986,45,16,-7,-59,-25,-10,-25,-2
1564164046884492,-40,21,-1,16,5,-9,-9,-30
1564164046884492,-6,-18,-13,5,11,12,5,-4
1564164046897964,90,-13,-8,-6,-4,-6,3,10
1564164046897964,-69,13,-4,-19,-14,-11,-35,-27
1564164046905473,72,-1,5,10,1,13,38,34
1564164046905473,-53,-39,7,44,-5,-10,-20,-19
1564164046921422,18,15,-8,-21,3,9,14,5
1564164046921422,-110,-16,-4,-6,4,-8,-6,-24
1564164046921928,90,13,-8,-30,-30,-9,-11,9
1564164046921928,-24,-23,-12,9,23,-2,-14,-6
1564164046943898,37,27,6,36,6,-2,-7,0
1564164046943898,-17,22,3,-14,-7,1,8,-5
1564164046944380,-67,-27,-5,-22,-8,2,-5,-19
1564164046944380,58,-10,1,-2,7,1,21,8
1564164046957880,-6,8,-6,19,9,8,10,9
1564164046957880,-75,-16,4,0,4,-2,-7,-27
1564164046965834,-5,-12,1,4,-15,-21,-45,-3
1564164046965834,52,43,7,-9,-13,-3,9,22
1564164046981305,-17,7,-6,-17,3,-4,-29,-21
1564164046981305,-25,-60,-4,27,0,4,42,11
1564164046981802,20,5,1,26,25,15,-19,-3
1564164046981802,-54,16,-9,-23,-12,-2,19,-7
1564164047003803,21,23,14,-52,-20,-14,-5,11
1564164047003803,-52,-6,1,40,0,-3,-8,-10
1564164047004268,46,-16,-7,18,16,13,48,24
1564164047004268,-52,10,-9,-31,-11,-15,-46,-39
1564164047018241,-8,6,6,-9,-3,-4,-1,10
1564164047018241,26,21,7,22,-2,-4,-22,-17
1564164047026259,6,-16,-6,-30,-16,-29,-27,-6
1564164047026259,-26,-49,-12,25,11,27,44,13
1564164047049677,-61,-12,-22,-16,-14,-19,-23,-32
1564164047049677,-6,15,3,-25,-5,-11,-21,-7
1564164047050175,60,4,3,-9,6,10,0,18
1564164047050175,28,-1,3,16,-3,10,3,14
1564164047063687,-72,-21,-9,-35,-20,-15,-12,-26
1564164047063687,-20,-8,-3,49,19,-1,-7,-7
1564164047064650,43,11,9,-1,3,21,39,29
1564164047064650,-73,5,-1,-58,-28,-28,-33,-32
1564164047087114,60,-27,-12,24,16,20,29,21
1564164047087114,35,24,6,-43,-1,10,-12,-7
1564164047087617,-80,7,13,43,-1,-23,3,4
1564164047087617,23,-17,-3,31,26,14,3,6
1564164047101640,15,34,14,27,7,-3,-7,1
1564164047101640,38,10,21,-12,-3,2,-11,21
1564164047102579,-5,-48,-39,-27,-8,7,26,-23
1564164047102579,-35,20,-4,26,-1,-7,-17,-12
1564164047123542,32,-9,-1,-21,-2,10,17,23
1564164047123542,-42,-6,4,14,6,-1,6,-6
1564164047124547,3,27,0,-33,-10,-5,0,-1
1564164047124547,-60,-7,5,31,-11,-16,-18,-23
1564164047138012,57,-4,-15,-23,3,9,30,20
1564164047138012,74,2,-2,4,-5,-3,-13,9
1564164047146497,-27,-2,0,10,4,-6,-31,-33
1564164047146497,-12,-8,1,-8,2,0,15,-2
1564164047161470,-53,5,7,14,-2,1,-6,-13
1564164047161470,16,-20,-19,-38,-11,-2,15,13
1564164047161967,13,-12,6,40,0,-8,-30,2
1564164047161967,18,26,4,-20,0,0,-23,-6
1564164047183931,-49,-16,-2,-10,1,2,17,-21
1564164047183931,1,-4,-1,-7,0,9,40,30
1564164047184426,41,6,8,16,10,6,-5,3
1564164047184426,-18,3,5,-3,-5,-7,-3,-4
1564164047206924,44,-6,-16,2,-3,-6,-21,9
1564164047206924,-3,10,6,-18,-3,6,2,-4
1564164047207882,-50,7,3,11,4,-5,-10,-14
1564164047207882,40,-22,-7,4,1,13,49,18
1564164047221366,5,18,6,-11,-6,-9,-22,2
1564164047221366,3,-16,7,12,-3,-6,-33,-29
1564164047221857,19,-3,-33,-35,-20,-15,5,18
1564164047221857,-52,-2,16,48,43,20,26,4
1564164047243821,20,-7,-9,-16,-12,-1,3,2
1564164047243821,-4,4,0,-1,-7,-2,-7,6
1564164047244322,-24,-6,-8,11,7,0,13,-8
1564164047244322,12,-9,-5,-41,-19,-7,-23,0
1564164047266812,46,24,10,25,8,3,3,3
1564164047266812,-75,-12,-1,1,6,0,14,-12
1564164047267772,43,15,7,13,-11,-5,-10,-1
1564164047267772,21,14,-3,-22,1,8,6,6
1564164047281249,-17,-30,6,20,10,-4,-6,13
1564164047281249,39,15,-8,-5,-9,-10,8,8
1564164047281753,-25,-3,16,-9,9,13,-14,-15
1564164047281753,55,10,-11,20,-6,-16,-26,-5
1564164047303742,-50,-18,5,19,21,20,46,3
1564164047303742,-25,9,-8,0,-10,-12,0,-10
1564164047304704,19,-19,-3,-8,-3,3,0,7
1564164047304704,-19,9,15,-17,-11,-5,-22,-16
1564164047327662,-20,-27,-13,-4,5,0,-8,-5
1564164047327662,29,11,-1,18,10,5,-8,0
1564164047328160,-15,38,5,-45,-19,-5,16,3
1564164047328160,34,-13,-11,16,2,-11,-14,5
1564164047341139,-47,10,11,-10,-14,-8,-6,-11
1564164047341139,57,-9,-8,25,30,19,39,36
1564164047342135,-38,-5,1,-1,-10,-9,-25,-25
1564164047342135,-14,-4,-4,-23,-10,-2,-6,-4
1564164047363599,61,12,1,14,-10,-6,-20,10
1564164047363599,-75,-2,-6,-2,4,7,29,-17
1564164047364591,3,-8,-4,-5,3,7,-4,-3
1564164047364591,66,17,13,11,-1,-6,9,17
1564164047387055,-40,-2,-10,-32,-9,-4,-13,-16
1564164047387055,43,9,7,7,-3,-12,-30,8
1564164047387548,51,-14,-5,10,9,0,16,22
1564164047387548,-12,20,-1,2,-2,9,18,2
1564164047401524,-27,18,9,-16,-5,0,-17,2
1564164047401524,10,-21,-16,-16,-10,-10,-11,-8
1564164047408516,-15,6,11,23,12,7,32,6
1564164047408516,-9,-11,-18,-60,-14,-3,-26,-12
1564164047423482,34,-1,1,27,-7,-5,3,9
1564164047423482,-61,-4,-3,-6,5,5,35,-10
1564164047424480,16,-1,-4,5,0,-3,-30,-3
1564164047424480,1,-4,5,6,2,7,13,1
1564164047446940,1,15,-3,-11,-19,-11,-13,-12
1564164047446940,32,-36,-11,9,21,2,-9,13
1564164047447438,-42,22,3,-17,-10,-3,-17,-13
1564164047447438,79,-10,-5,31,2,-1,11,19
1564164047461411,-41,-26,6,7,28,11,23,-6
1564164047461411,0,-6,7,-5,-25,-6,-21,-5
1564164047461910,-20,36,-2,-15,-11,-5,-8,-20
1564164047461910,-1,-29,-5,20,23,13,43,30
1564164047483869,4,16,0,0,-5,-3,-10,-9
1564164047483869,30,-1,-2,2,0,1,-13,4
1564164047484368,-10,-11,9,-11,-6,-4,10,-1
1564164047484368,-74,10,7,-2,7,-1,-17,-21
1564164047506833,26,-18,-8,0,0,-5,2,3
1564164047506833,-58,8,7,10,-7,-1,-14,-27
1564164047507830,71,-7,-7,-14,14,6,5,37
1564164047507830,-23,-3,1,0,-11,-6,-1,-7
1564164047529284,-25,1,-4,-2,3,-5,-25,-3
1564164047529284,43,3,20,23,18,18,19,6
1564164047530284,-11,10,3,13,3,0,12,-4
1564164047530284,39,-10,-7,9,4,2,15,22
1564164047543759,-109,-9,10,-32,-6,-4,-28,-41
1564164047543759,105,8,-20,-54,-33,-4,20,24
1564164047544258,-21,-12,7,84,43,0,9,6
1564164047544258,-7,15,9,3,4,-3,-5,-2
1564164047566715,37,10,1,2,-7,1,-10,-7
1564164047566715,-87,6,5,-42,-19,-9,-46,-25
1564164047567713,31,-41,-15,27,32,11,66,32
1564164047567713,-20,-7,-6,-42,-23,-9,-20,-17
1564164047581190,-1,9,-5,14,-6,-2,-10,-8
1564164047581190,-31,-21,-1,43,23,7,36,15
1564164047581691,-2,12,1,-14,-15,-5,-40,-14
1564164047581691,-26,-6,2,0,3,3,5,-4
1564164047604167,15,14,4,-38,-17,1,11,-4
1564164047604167,-26,-5,-10,30,18,-2,13,6
1564164047604652,37,2,3,-6,-16,-5,-21,-6
1564164047604652,-23,-6,-13,-3,-3,-3,-3,-15
1564164047627111,46,-11,-8,4,6,0,28,36
1564164047627111,-4,18,10,-4,0,-6,-21,-19
1564164047627606,-31,-16,-1,-20,-5,-1,-16,4
1564164047627606,45,19,8,-23,-12,-1,9,-9
1564164047641118,24,1,1,49,11,8,18,13
1564164047641118,-7,-15,-4,-2,5,6,11,3
1564164047642096,-7,15,1,-7,-17,-12,-26,-16
1564164047642096,12,9,4,0,5,-3,-6,12
1564164047663572,13,13,-4,-21,-2,-4,-5,5
1564164047663572,-26,1,9,13,5,2,11,-7
1564164047664537,-24,-21,-13,-17,-19,-14,-33,-25
1564164047664537,8,-7,-7,-19,-8,-1,-17,-1
1564164047687018,38,-4,-5,4,14,8,48,30
1564164047687018,18,21,0,36,-3,-5,-31,2
1564164047687494,-69,-6,-6,-30,1,1,8,-16
1564164047687494,28,22,13,39,10,-5,-6,-3
1564164047700986,-8,-35,-8,2,-1,0,-1,-3
1564164047700986,-34,5,-8,-59,-19,7,0,-9
1564164047701985,-19,2,5,8,-7,-14,9,6
1564164047701985,-8,9,3,18,8,4,-18,-8
1564164047723484,6,2,-7,-29,-14,-7,-2,-8
1564164047723484,31,-2,3,19,20,-1,9,18
1564164047724424,35,-5,-11,-2,-10,2,1,9
1564164047724424,-29,10,2,-17,-3,-1,-11,-7
1564164047746919,-44,-10,3,-5,-3,-8,-23,-14
1564164047746919,23,-30,-8,2,-13,-11,12,5
1564164047747380,43,-5,-10,-9,18,27,42,27
1564164047747380,-18,7,3,10,-12,-10,-9,-8
1564164047761390,1,10,3,10,15,3,-16,3
1564164047761390,-73,-7,3,1,-8,-8,-10,-24
1564164047761867,7,17,7,2,2,-1,-6,2
1564164047761867,-13,-24,-10,-16,-7,-3,-3,2
1564164047783846,3,2,2,3,6,-1,-1,-4
1564164047783846,51,20,-2,8,-1,3,11,17
1564164047784319,-2,-12,-12,-23,-5,1,0,-5
1564164047784319,-15,-3,5,28,9,5,12,3
1564164047807274,-7,-13,-6,8,7,-5,-4,-1
1564164047807274,22,9,6,-33,-13,-6,-12,-1
1564164047808266,24,26,8,7,0,11,30,5
1564164047808266,-34,-36,-11,20,7,-5,-8,-3
1564164047820747,4,0,1,0,-1,-1,-1,-1
1564164047820747,1,2,-1,-1,-1,0,-13,-15
1564164047828789,8,-3,-5,-19,-13,-10,-17,-8
1564164047828789,10,11,7,6,6,4,23,14
1564164047843710,-2,-9,-1,12,1,2,2,-5
1564164047843710,-3,-1,-5,-7,1,-1,-5,2
1564164047844201,-9,-11,3,6,0,1,-6,-7
1564164047844201,8,9,-4,-18,-8,-3,0,-2
1564164047867159,-5,4,-1,-2,-6,-3,-3,-3
1564164047867159,6,-11,0,-3,-1,-1,-2,0
1564164047867656,-4,-3,-1,7,2,2,-5,-3
1564164047867656,0,5,-2,-6,-1,-1,2,-1
1564164047881165,7,7,1,1,-5,-3,-4,0
1564164047881165,-1,-8,-4,-1,2,1,0,-2
1564164047888617,-3,2,2,7,-1,-9,-9,-3
1564164047888617,-5,-8,-7,-6,-2,-2,-1,2
1564164047905119,7,12,-1,-6,-4,1,3,-4
1564164047905119,7,7,0,-6,-4,-3,0,2
1564164047906085,-11,-2,2,3,1,2,-6,-3
1564164047906085,2,-10,-1,-1,1,1,3,-3
1564164047934568,2,0,-5,-4,-3,0,3,3
1564164047934568,-8,0,-6,-1,-6,-5,-2,-4
1564164047935064,-1,4,8,9,3,-10,-1,-4
1564164047935064,9,-1,4,-9,-2,13,8,9
1564164047940524,8,1,-1,4,0,-9,-8,3
1564164047940524,-10,-6,-1,-5,2,11,-10,-18
1564164047949005,2,-3,-2,1,-1,0,-6,5
1564164047949005,4,6,-4,3,2,-5,6,1
1564164047963515,1,7,31,5,0,8,5,6
1564164047963515,10,11,-8,-1,1,-10,-9,-5
1564164047964477,1,-1,-5,3,3,22,5,-1
1564164047964477,-7,-7,-3,-14,-8,-8,-1,-4
1564164047986935,-2,-12,-7,-6,-5,-4,-14,-16
1564164047986935,1,4,5,-1,-3,-12,4,5
1564164047987435,-3,0,-3,2,0,-4,-5,-3
1564164047987435,3,7,12,3,0,2,5,5
1564164048000416,-2,3,1,-2,1,3,6,-4
1564164048000416,5,-9,-12,-6,-6,-6,-5,8
1564164048008894,-4,-1,-42,-4,-4,-10,4,5
1564164048008894,4,-1,29,2,1,-3,-10,-6
1564164048023869,-3,4,25,8,2,-10,1,-2
1564164048023869,0,-2,-2,-8,-2,7,-3,2
1564164048024364,-3,-10,-6,-2,1,8,-2,-1
1564164048024364,-1,-10,-34,-8,-3,3,2,4
1564164048046827,-13,-3,5,-1,-5,-8,-4,-12
1564164048046827,4,2,-26,4,6,13,7,10
1564164048047821,-3,17,50,6,-2,-7,2,-2
1564164048047821,-7,-6,7,2,-4,-5,-12,-9
1564164048060310,2,-2,-8,-6,-3,0,0,2
1564164048060310,-6,5,-13,7,3,-2,4,-1
1564164048068781,-1,-2,4,-4,-3,-2,-4,-2
1564164048068781,5,1,1,3,0,-2,2,3
1564164048083815,-12,-27,-16,-2,-1,-1,-4,-1
1564164048083815,7,3,-8,-3,-4,-1,3,2
1564164048084262,6,23,45,8,1,1,-1,-2
1564164048084262,-8,-7,-24,-10,-2,-4,-1,-2
1564164048106772,3,3,-3,1,2,5,7,6
1564164048106772,-1,-3,28,5,0,-4,-2,0
1564164048107717,1,-4,-26,-3,-1,-3,-1,7
1564164048107717,2,2,19,0,-6,-6,0,-6
1564164048129206,3,8,-4,1,9,9,5,1
1564164048129206,-4,-19,-27,-11,-3,6,4,3
1564164048130169,-2,-1,-4,-4,-6,-7,-2,-2
1564164048130169,-4,1,-21,-2,2,0,-4,-6
1564164048144642,0,-20,-40,-9,-5,-2,-1,4
1564164048144642,9,7,20,8,0,-4,1,-1
1564164048145174,-5,-5,16,-4,5,3,0,-3
1564164048145174,-5,-8,-19,-12,-9,-3,-4,-6
1564164048167101,-7,-9,-3,-4,-3,-2,-2,-3
1564164048167101,5,8,-2,3,1,0,1,8
1564164048167600,5,12,25,19,5,0,-9,-3
1564164048167600,-3,-4,-4,0,3,2,1,-7
1564164048189563,9,14,-14,-6,0,-1,-2,4
1564164048189563,-13,-20,-40,-11,-3,-2,0,-3
1564164048190065,1,5,29,-4,-6,-4,3,-2
1564164048190065,9,24,20,9,3,2,2,1
1564164048212016,-2,-30,-36,-12,-6,0,0,10
1564164048212016,-3,0,6,-6,-6,-5,0,-6
1564164048213515,0,-2,-17,7,4,1,-2,-2
1564164048213515,-5,-7,-5,-11,-4,-3,-3,-2
1564164048227022,6,27,10,-4,-2,0,0,-2
1564164048227022,-5,-14,1,0,-1,-3,-2,-7
1564164048228487,2,6,-7,-5,-6,-1,3,10
1564164048228487,-1,-21,-22,-1,0,-1,-3,-2
1564164048249480,0,2,14,4,3,2,7,4
1564164048249480,2,16,28,5,1,-1,0,3
1564164048250952,-16,-39,-22,-20,-16,-11,-15,-18
1564164048250952,21,24,-12,4,2,1,2,8
1564164048262929,-11,-7,-3,7,2,2,-1,-3
1564164048262929,10,28,34,10,5,1,0,0
1564164048271913,5,10,23,9,6,5,7,5
1564164048271913,-5,-8,-17,0,0,-6,3,2
1564164048286917,4,11,-35,-16,-8,4,-3,-3
1564164048286917,-8,-34,-5,-5,-7,-6,-3,2
1564164048288375,-7,-5,5,10,6,5,3,7
1564164048288375,-1,15,-3,-9,2,1,6,-3
1564164048309334,-6,-3,42,11,2,-3,-4,-12
1564164048309334,-4,3,-26,0,2,0,-3,-7
1564164048310833,-4,-29,-19,-3,-6,-4,1,3
1564164048310833,9,4,16,14,6,4,-3,-1
1564164048323311,12,30,38,2,0,-4,4,4
1564164048323311,-9,-15,-9,-11,-6,3,2,-4
1564164048332293,6,10,-8,1,5,1,-1,-6
1564164048332293,-6,13,22,0,-5,1,1,4
1564164048346805,-6,-31,-14,-3,-2,-6,-8,-5
1564164048346805,-2,29,9,-2,2,-1,0,8
1564164048348263,-8,-20,-9,-7,-3,-1,-2,-13
1564164048348263,-6,15,37,5,-5,-3,-6,-9
1564164048369257,-3,-39,-41,-12,-7,-3,2,7
1564164048369257,3,18,58,17,2,-1,-1,-4
1564164048371221,-2,6,-22,2,-1,-1,2,5
1564164048371221,-15,-41,-26,-11,-2,-1,-8,-11
1564164048383734,10,32,27,12,1,3,2,6
1564164048383734,-6,10,26,-8,-9,-8,-7,-18
1564164048390686,1,-26,-29,2,10,2,2,12
1564164048390686,1,21,-24,-7,-5,-3,-1,-4
1564164048407157,0,6,17,-2,-1,1,-1,3
1564164048407157,12,-4,-13,-2,-1,2,0,4
1564164048408656,-20,4,28,-6,-6,-3,-1,-7
1564164048408656,-8,-5,0,4,1,0,3,2
1564164048437099,-8,-34,-6,0,-1,6,8,-3
1564164048437099,-10,-15,-16,0,-4,-4,-2,-8
1564164048438596,-11,-18,-33,-14,-8,-4,-6,1
1564164048438596,17,22,20,20,9,5,-3,14
1564164048443624,-3,-6,2,-8,-6,-7,-6,-11
1564164048443624,-3,-8,-13,-11,6,3,2,3
1564164048450573,11,15,9,-5,-3,0,4,1
1564164048450573,-10,-54,-65,-22,-11,-8,-3,-3
1564164048467072,1,30,22,15,3,-2,-8,-5
1564164048467072,6,19,6,-7,-3,0,5,8
1564164048468539,6,12,11,8,4,0,-2,0
1564164048468539,-10,3,11,-3,-1,0,1,-8
1564164048490037,6,5,7,1,-2,2,4,16
1564164048490037,-7,-8,-12,1,1,-4,-6,-6
1564164048491531,4,6,-13,0,-4,0,-7,-14
1564164048491531,-2,-21,10,-2,-2,-2,3,-2
1564164048503036,-4,6,-10,3,1,-1,2,0
1564164048503036,0,1,4,-10,-4,-2,-3,3
1564164048511964,4,-1,-12,-4,2,2,-3,-5
1564164048511964,-21,-17,-5,-1,1,0,1,-1
1564164048526991,3,5,13,11,-5,-4,-1,-3
1564164048526991,4,-17,-22,-11,2,-1,-2,15
1564164048528428,1,4,-6,-7,-4,-3,-6,-13
1564164048528428,3,8,6,6,1,6,5,2
1564164048549429,6,-11,-3,-7,-1,-4,-5,2
1564164048549429,2,18,15,4,-3,-1,1,4
1564164048550887,-6,-21,-22,-10,-7,-4,1,2
1564164048550887,9,15,19,5,7,3,5,6
1564164048562863,-19,-7,-5,5,6,0,-4,-9
1564164048562863,-5,-12,-13,8,0,-1,-6,-16
1564164048572347,10,13,15,-8,-1,-1,3,11
1564164048572347,7,20,23,3,-2,-1,-2,5
1564164048586820,-5,0,-19,-12,-5,-3,-4,-6
1564164048586820,-2,-21,6,19,9,3,3,1
1564164048588324,-2,8,-10,-3,-4,-2,0,-4
1564164048588324,-6,-12,-6,-1,-5,-11,-11,-7
1564164048609279,19,11,9,17,11,11,12,14
1564164048609279,-1,8,-17,-21,-10,-4,-4,-2
1564164048610776,-3,-15,0,5,1,-4,-6,-16
1564164048610776,5,15,29,7,-1,-1,7,3
1564164048623752,-6,-14,-35,-16,-7,-4,-7,-4
1564164048623752,5,9,-3,9,7,2,1,9
1564164048638260,-20,1,17,13,6,4,6,-4
1564164048638260,-5,-5,-11,-21,-6,-3,-6,-9
1564164048646709,4,5,10,16,2,0,-1,-1
1564164048646709,-4,-3,2,5,-2,-2,-1,3
1564164048648704,7,2,17,-11,-6,-2,-1,7
1564164048648704,-5,3,8,22,8,3,-1,-14
1564164048669666,-7,3,1,-1,-3,-3,-2,0
1564164048669666,13,-5,-4,1,3,3,0,-2
1564164048671163,3,9,8,3,-4,-3,1,1
1564164048671163,1,0,-15,-14,-7,-3,0,8
1564164048683175,-1,-1,20,0,3,2,6,-4
1564164048683175,-12,-16,-14,-1,-3,-4,-2,-5
1564164048692130,-4,6,5,1,1,-3,0,-1
1564164048692130,1,-37,-29,-12,-5,-2,-10,-2
1564164048706131,-1,32,-12,-4,-1,-5,-10,-9
1564164048706131,-5,-8,13,10,-2,-1,1,-4
1564164048714584,0,-15,-1,-11,-3,-7,-5,-1
1564164048714584,10,31,5,1,1,3,6,11
1564164048729556,0,-15,-3,-9,-7,-2,-7,-5
1564164048729556,-3,0,-7,-5,1,0,0,-4
1564164048731051,8,7,-3,5,1,3,2,4
1564164048731051,3,-7,9,13,4,2,7,8
1564164048743068,3,11,7,-2,-2,1,2,1
1564164048743068,9,5,-6,-9,-7,-3,0,-2
1564164048752021,-7,-7,0,8,0,0,2,2
1564164048752021,5,13,8,-11,0,0,-1,-2
1564164048767520,-7,2,-18,7,5,4,4,1
1564164048767520,-4,-24,-14,-13,-9,-5,-5,-4
1564164048768982,14,16,-16,-10,-6,1,0,6
1564164048768982,-25,-19,5,10,2,-1,-2,-7
1564164048789483,10,27,21,-11,-5,-4,3,6
1564164048789483,-7,-23,2,10,2,2,-1,2
1564164048790947,-7,-19,-1,2,2,1,-9,-8
1564164048790947,1,-18,-49,-19,-6,-4,-1,2
1564164048802979,-5,1,11,3,1,2,0,0
1564164048802979,-5,2,-8,-3,-6,-1,3,-2
1564164048811910,8,13,-17,-4,-4,-5,-1,4
1564164048811910,-6,-18,29,15,7,5,4,-7
1564164048826905,-4,-17,-23,-12,-3,-5,-5,3
1564164048826905,-1,7,5,-4,-3,2,7,0
1564164048828873,7,6,-3,-3,-7,-3,-6,-4
1564164048828873,4,8,-12,-9,-8,-3,-4,3
1564164048849369,-8,-10,10,16,17,6,-7,-9
1564164048849369,-4,-10,14,9,5,0,1,2
1564164048850831,-6,11,-7,-7,-4,-5,2,0
1564164048850831,8,18,6,-4,-3,-2,1,-1
1564164048862807,2,-16,-17,-13,-6,-4,-4,0
1564164048862807,12,11,8,2,4,0,1,4
1564164048871792,-14,-28,-13,-4,-4,0,1,-4
1564164048871792,1,13,14,0,-6,-6,-7,-1
1564164048886762,4,-6,-6,8,0,-2,2,-1
1564164048886762,-9,6,-12,-12,-4,-2,-4,-3
1564164048888260,0,10,8,2,3,1,4,-5
1564164048888260,-3,-21,-2,-6,-5,-1,-4,2
1564164048908244,8,-9,17,10,-3,-1,4,4
1564164048908244,0,12,-14,-8,1,-1,-1,-2
1564164048917205,-3,3,10,6,3,1,-8,-6
1564164048917205,-3,-7,-17,-4,1,2,0,-3
1564164048923192,-2,10,12,-9,-13,-7,-6,-8
1564164048923192,-2,-7,-1,1,-5,-3,-3,-2
1564164048932178,-1,-10,-2,1,3,-2,-1,0
1564164048932178,17,17,14,1,8,4,8,11
1564164048946664,-12,-16,-17,-3,-1,-1,-4,-12
1564164048946664,1,13,30,13,4,0,-1,-2
1564164048948646,2,4,-8,-3,2,-2,3,4
1564164048948646,-11,-7,5,2,0,-2,-1,-2
1564164048969148,-9,-13,-6,-12,-4,1,6,2
1564164048969148,0,-8,-5,-4,-11,-3,-8,-4
1564164048971108,-6,11,9,14,4,5,3,-4
1564164048971108,2,11,13,3,15,7,3,0
1564164048992103,-5,-9,-1,2,-2,-2,1,1
1564164048992103,1,2,9,-5,-4,-2,-4,1
1564164048993564,2,-6,-11,-1,-3,0,0,-1
1564164048993564,0,16,6,7,-3,-5,-7,-3
1564164049006101,-2,-16,-7,-2,4,4,2,6
1564164049006101,5,6,0,-2,-2,-3,-8,-13
1564164049013036,5,5,-1,-1,1,-1,7,15
1564164049013036,-4,-10,17,17,-2,-3,0,-3
1564164049029501,4,2,-5,-2,4,0,3,1
1564164049029501,3,12,-7,-11,-5,-2,-1,0
1564164049030995,-2,-1,1,10,9,2,2,0
1564164049030995,-1,6,-14,-15,-8,-3,-5,-2
1564164049043477,3,-18,8,17,6,1,-3,0
1564164049043477,-13,5,-12,-4,-3,-2,1,2
1564164049051955,-5,-6,-3,5,-7,-4,-5,-5
1564164049051955,2,-2,-3,18,9,3,3,1
1564164049066962,8,3,-16,-21,-9,-4,-3,-3
1564164049066962,-1,-25,-13,-6,-1,2,3,2
1564164049068428,10,28,8,-8,-5,-2,-7,2
1564164049068428,-1,-6,7,0,-2,-5,-4,-3
1564164049089387,-2,2,0,7,1,7,10,0
1564164049089387,-8,-21,-37,-5,2,-4,2,2
1564164049090883,0,9,12,-7,-2,-2,0,-3
1564164049090883,6,1,-5,-16,-9,-2,3,6
1564164049111844,-4,7,4,15,2,-5,-8,-9
1564164049111844,-2,3,3,-11,-1,2,4,3
1564164049113343,5,-15,-15,6,6,4,-4,-2
1564164049113343,-4,10,29,-16,-12,-4,-5,-7
1564164049126815,-4,-2,12,22,-1,-4,-3,1
1564164049126815,0,7,-4,-7,9,3,3,-1
1564164049128813,-2,-11,1,3,9,2,-1,2
1564164049128813,7,16,-19,-7,-2,2,-2,3
1564164049149315,-20,-20,4,-7,-9,-6,-5,-8
1564164049149315,1,6,10,-1,-10,-2,-1,0
1564164049150774,6,-5,-4,-9,-13,-6,0,-2
1564164049150774,-17,-15,-15,15,16,4,5,0
1564164049171772,1,17,8,-1,0,2,-3,2
1564164049171772,5,8,3,14,9,2,-11,-6
1564164049173252,-12,-19,-2,-14,-10,-5,-1,-3
1564164049173252,10,-5,-12,-2,-9,-2,-5,-1
1564164049186730,7,16,-2,1,2,-1,3,2
1564164049186730,-1,-10,6,-9,-2,2,10,5
1564164049188700,1,-5,1,16,12,5,-4,1
1564164049188700,2,6,18,5,-7,-4,-6,-4
1564164049209223,-3,-17,-36,-24,1,-4,-8,-4
1564164049209223,1,11,21,16,4,1,8,-1
1564164049211158,0,18,6,2,-5,-1,6,6
1564164049211158,-7,-25,-7,-11,-1,1,-3,-2
1564164049232120,4,2,-10,6,-1,0,-7,-5
1564164049232120,6,8,12,19,-1,-4,-7,-6
1564164049233622,-6,12,0,-11,-2,-2,4,0
1564164049233622,-17,-15,-6,4,-6,1,9,-2
1564164049246117,-1,2,5,-20,-8,-7,-10,-1
1564164049246117,10,9,5,5,5,9,5,5
1564164049253147,-2,-19,-8,7,2,-2,2,1
1564164049253147,4,-1,-6,-8,-7,1,4,5
1564164049270049,-15,-6,3,-1,2,-1,1,-7
1564164049270049,-1,-1,2,17,3,-6,-17,-9
1564164049271548,10,2,1,-18,-8,-3,-4,-5
1564164049271548,10,1,-6,-3,0,-4,-2,1
1564164049292016,9,9,8,-5,12,8,10,7
1564164049292016,5,5,-8,3,13,7,11,13
1564164049293507,-20,-14,-11,-14,-8,-1,-4,-8
1564164049293507,-9,-5,5,14,-7,-8,-8,-10
1564164049306489,-16,-4,-3,-30,-9,-4,-3,-8
1564164049306489,23,5,-5,14,-4,-5,-4,0
1564164049312970,-15,7,8,12,8,4,3,-3
1564164049312970,3,-16,0,-9,-9,-2,5,1
1564164049329448,-9,9,8,14,14,3,-10,2
1564164049329448,0,-4,-9,-10,-6,-6,-2,3
1564164049330937,-8,4,19,-10,-6,0,2,0
1564164049330937,6,6,3,-11,-3,2,7,-2
1564164049351958,8,3,-11,4,-12,2,3,0
1564164049351958,-12,-13,-16,-10,5,-1,-3,-4
1564164049353395,7,-3,8,14,7,-2,-15,-1
1564164049353395,-2,11,-3,6,4,1,18,3
1564164049366371,18,-5,5,-6,-7,-8,-20,-2
1564164049366371,-27,-5,-2,-18,-13,-1,14,-3
1564164049372862,-7,-17,-17,15,6,-2,-5,-3
1564164049372862,2,4,5,-4,4,-1,-4,-1
1564164049389365,14,3,-15,7,-3,1,-1,1
1564164049389365,-5,-2,1,-7,-1,0,-6,4
1564164049390831,-13,-11,10,8,1,3,7,-3
1564164049390831,-11,2,-14,-8,2,1,5,4
1564164049411823,2,0,2,11,-5,-6,-3,-1
1564164049411823,2,-4,6,1,0,-3,-5,-10
1564164049413285,15,17,2,-8,-5,-3,-2,-2
1564164049413285,8,-3,-11,-6,0,2,-6,4
1564164049426322,-3,-2,-2,11,2,3,9,10
1564164049426322,-19,-8,-7,-5,-1,-1,1,-1
1564164049433247,-1,-12,-10,-27,-12,-9,-6,-6
1564164049433247,-17,2,4,16,10,1,-13,-8
1564164049449255,-1,2,0,3,3,0,-1,-4
1564164049449255,21,4,5,2,-5,0,2,-2
1564164049450715,6,6,12,14,10,3,4,10
1564164049450715,7,-1,-25,-13,-12,-6,-9,-1
1564164049472210,-26,-16,-5,-21,0,-2,7,-2
1564164049472210,-18,6,11,6,0,3,-5,-8
1564164049474171,13,2,-9,2,-4,-2,8,14
1564164049474171,5,-10,-8,2,2,-5,-14,-10
1564164049486148,2,11,11,17,6,3,9,-2
1564164049486148,9,-7,-15,-8,-5,-3,-3,1
1564164049493169,-16,-5,12,-2,-5,-3,-8,-14
1564164049493169,20,12,0,-2,-1,-1,-4,8
1564164049509606,-9,-2,-10,-1,-12,-2,9,8
1564164049509606,-40,-13,-4,-8,1,-4,-7,-27
1564164049511102,12,6,-6,5,-6,-3,-3,13
1564164049511102,-5,6,21,14,15,11,7,-4
1564164049532068,26,17,-4,-5,2,2,1,-4
1564164049532068,-21,-4,2,-16,-10,-16,-16,7
1564164049533561,26,-3,2,16,13,13,8,2
1564164049533561,-42,-19,-5,-7,-11,-12,-13,-19
1564164049546044,7,6,3,-14,-17,-9,-10,-14
1564164049546044,48,13,7,37,15,10,6,11
1564164049554522,-38,-13,-17,-24,4,4,18,12
1564164049554522,68,9,15,20,6,8,10,26
1564164049569529,-58,-14,4,-18,-5,-1,-11,-20
1564164049569529,37,-2,-1,5,2,4,19,28
1564164049570992,5,13,-2,-24,-13,-10,-11,-7
1564164049570992,-14,6,5,43,29,11,-4,-9
1564164049591016,-2,-8,9,-9,1,-3,4,6
1564164049591016,33,-1,-3,3,-10,-8,-7,11
1564164049599439,10,10,-1,12,11,11,5,-8
1564164049599439,-26,-15,-5,-27,-8,-5,-4,6
1564164049605487,12,11,1,-1,-21,-11,-8,-8
1564164049605487,-24,10,-1,9,18,-4,-18,-3
1564164049614419,33,-12,7,21,-1,8,38,34
1564164049614419,-57,-3,-10,-44,-15,-3,-7,-40
1564164049629390,11,-18,-10,32,20,-3,-16,9
1564164049629390,6,-11,-5,-12,-7,4,12,7
1564164049630880,-25,3,0,-1,-14,-11,-24,-14
1564164049630880,33,-10,-1,0,-3,-11,-15,6
1564164049651859,15,16,9,5,4,14,21,12
1564164049651859,-49,8,1,-17,-10,-8,-14,-33
1564164049653344,37,-18,-14,7,17,0,-13,-7
1564164049653344,-55,-19,-10,-1,-23,-7,2,-19
1564164049674359,55,-1,-2,-4,-5,4,21,41
1564164049674359,-27,18,9,18,24,2,-21,-13
1564164049675829,-55,-15,-2,-46,-20,-3,4,0
1564164049675829,-34,-35,-16,19,3,-2,-13,-16
1564164049689313,-47,-14,-3,36,11,2,18,-21
1564164049689313,57,17,6,-26,-21,0,9,17
1564164049690776,7,-3,-10,4,5,-13,-27,-23
1564164049690776,-33,-2,7,-37,-19,-7,-6,-16
1564164049711741,29,-7,-1,15,12,11,13,18
1564164049711741,-4,-8,-10,-6,-11,-5,-6,-23
1564164049713228,24,-4,-5,-2,-2,-5,-3,16
1564164049713228,53,28,8,1,-3,-6,4,15
1564164049725706,-82,0,-4,-20,-8,-7,-21,-13
1564164049725706,65,-4,2,-31,-5,5,13,15
1564164049734687,-1,1,-2,52,12,3,-9,0
1564164049734687,2,6,2,0,9,6,10,1
1564164049749192,24,22,14,6,1,-3,-10,12
1564164049749192,-58,-12,2,7,11,6,15,-7
1564164049751156,5,22,7,-30,-17,-6,-3,-8
1564164049751156,-1,-23,-10,35,20,8,10,14
1564164049772132,50,-14,-11,-28,-10,-10,-24,1
1564164049772132,2,-14,-2,8,-9,-8,-9,-13
1564164049773622,-24,13,-4,16,2,3,4,-10
1564164049773622,8,17,10,-14,-3,6,10,1
1564164049785592,68,6,-7,-14,-2,-3,5,12
1564164049785592,-59,-15,6,12,8,4,1,-1
1564164049794592,26,8,-1,-3,-8,-6,-8,1
1564164049794592,-14,10,1,9,2,2,9,4
1564164049809563,-5,-10,-11,-19,-3,-1,-13,-16
1564164049809563,-28,13,14,25,4,9,28,10
1564164049811051,-5,-8,3,-12,-9,-12,-24,-17
1564164049811051,112,10,-4,-11,-10,-2,3,22
1564164049832043,-65,-18,-9,1,13,3,5,-32
1564164049832043,-32,1,-7,-16,-8,-6,-29,-26
1564164049833504,43,0,3,-4,6,10,26,30
1564164049833504,-12,-5,-9,13,-3,-3,0,1
1564164049845516,-19,11,8,10,3,5,12,-4
1564164049845516,11,-21,-10,-11,-5,-8,-7,10
1564164049854475,-14,-2,3,-18,-8,-8,-9,-18
1564164049854475,-1,-3,14,3,0,-4,-14,-12
1564164049876982,49,33,-10,-9,11,11,10,21
1564164049876982,4,-4,-3,-2,-8,0,-16,-23
1564164049878420,-68,-21,-4,8,8,-2,21,5
1564164049878420,-10,0,0,2,9,9,10,12
1564164049891936,-4,-14,-3,-2,-10,-13,-13,-16
1564164049891936,4,15,4,10,5,9,-11,14
1564164049893400,13,2,-5,-38,-10,-3,-2,-8
1564164049893400,22,-8,1,39,15,3,3,5
1564164049905380,-63,5,9,2,-17,-14,-16,-11
1564164049905380,39,3,-9,-2,2,5,7,-1
1564164049914354,-10,-30,-5,-6,12,8,12,14
1564164049914354,-6,16,-4,15,-6,-9,-9,-4
1564164049929333,-24,6,6,-19,-3,5,-7,-5
1564164049929333,-14,-18,-6,-12,-17,-21,-12,12
1564164049930824,31,27,-1,46,8,3,32,5
1564164049930824,-7,0,-13,-52,-11,-3,4,12
1564164049952782,-2,2,3,-7,2,6,7,6
1564164049952782,-65,-16,13,28,5,-4,-6,-11
1564164049953281,40,19,-4,-10,-6,-5,-15,-16
1564164049953281,-60,-2,13,-17,1,9,14,3
1564164049965258,101,-7,-5,-5,-6,-1,-2,24
1564164049965258,22,9,1,31,29,12,-6,7
1564164049974741,-15,7,15,21,-4,2,5,6
1564164049974741,-31,-7,-17,-15,-8,-10,-16,-20
1564164049989218,-26,6,13,11,3,-2,3,-5
1564164049989218,24,-7,-8,-19,-9,3,20,2
1564164049991210,13,-7,-11,-8,-1,2,-16,5
1564164049991210,-25,46,24,16,4,-10,-23,-23
1564164050011722,-18,-48,-16,-4,10,8,15,-16
1564164050011722,-3,18,-1,15,-10,-11,-19,6
1564164050013168,33,-19,-3,-10,-3,8,39,12
1564164050013168,27,17,1,-5,-5,5,2,8
1564164050034628,-62,-10,-8,8,7,-6,-24,-7
1564164050034628,31,5,1,-2,2,1,25,0
1564164050036129,-26,3,2,1,-3,2,-9,-5
1564164050036129,1,-37,-21,-30,11,2,11,10
1564164050048643,37,26,13,22,-11,-6,-11,-15
1564164050048643,-11,-23,-9,-10,-3,2,6,19
1564164050055620,-10,3,0,-42,-14,-9,-16,-15
1564164050055620,61,10,6,43,0,-7,7,6
1564164050072059,2,-8,-21,-15,-4,-7,2,9
1564164050072059,35,22,12,-24,-9,4,12,7
1564164050073560,-65,-17,-18,20,8,-7,-34,-25
1564164050073560,4,-13,-4,-19,-19,-7,-5,-8
1564164050102039,-5,4,3,-16,7,9,6,-1
1564164050102039,28,-14,1,24,3,0,12,11
1564164050103502,-29,8,-15,-29,-9,-15,-30,-22
1564164050103502,-10,2,14,33,14,12,14,21
1564164050109528,-14,16,1,-6,3,-6,-1,-17
1564164050109528,5,-9,-3,-7,-11,-2,-2,-8
1564164050110988,6,-12,8,11,5,6,-3,9
1564164050110988,38,8,-9,3,7,6,-2,-2
1564164050131948,-50,-25,2,1,-6,1,24,7
1564164050131948,-58,1,-3,-15,-7,-4,-20,-15
1564164050133446,33,-12,9,6,12,7,17,8
1564164050133446,-9,9,3,1,-5,-3,-5,-5
1564164050154906,25,6,-12,-3,4,6,3,12
1564164050154906,8,2,5,3,-10,-2,15,4
1564164050156404,-39,4,6,15,-2,-3,-13,-14
1564164050156404,38,2,3,-9,5,3,-3,9
1564164050169878,-29,18,2,9,5,7,11,-6
1564164050169878,54,-2,-9,-13,-15,-5,-5,3
1564164050175867,-26,-19,-11,-5,5,-5,-7,-6
1564164050175867,35,20,8,3,-9,1,-9,6
1564164050191897,-24,-37,-14,-7,-16,-8,11,6
1564164050191897,20,19,2,2,27,11,-11,-6
1564164050193347,-41,-13,-5,13,-2,-1,17,-7
1564164050193347,28,8,2,-7,-8,-7,-37,-3
1564164050214335,-14,-9,7,-21,-20,-8,14,-5
1564164050214335,0,-6,2,43,28,7,2,5
1564164050215793,23,14,3,-21,-13,-2,-6,2
1564164050215793,-59,-26,0,12,14,7,12,-1
1564164050228770,25,10,-12,-20,0,-3,-20,-7
1564164050228770,10,-10,1,-6,-6,-3,-1,-7
1564164050235757,-17,-12,-9,-33,-16,-12,-20,-12
1564164050235757,20,-5,-10,15,9,9,46,41
1564164050251736,-2,5,10,13,7,-1,-29,-16
1564164050251736,-6,7,-5,-25,-7,2,22,5
1564164050253223,17,-4,0,27,3,-5,-11,3
1564164050253223,-30,-1,-3,-44,-26,-11,-25,-29
1564164050274684,37,10,-3,12,6,1,28,22
1564164050274684,-20,-6,11,27,8,-10,-26,-9
1564164050276188,-26,2,6,5,2,7,0,-12
1564164050276188,7,-23,-19,-14,-4,-6,10,0
1564164050288668,62,5,13,21,-3,-5,-14,9
1564164050288668,-12,8,-8,-26,0,0,0,11
1564164050295652,25,14,13,10,6,1,8,5
1564164050295652,-70,-2,-5,-8,-2,-3,-9,-28
1564164050312114,32,2,7,16,2,0,-23,-1
1564164050312114,-36,6,-3,-29,-18,-6,-8,-21
1564164050313611,42,6,-2,15,3,8,38,31
1564164050313611,1,-19,-2,26,21,7,10,16
1564164050334584,17,25,-7,-22,-15,-10,-13,-10
1564164050334584,-30,-28,-3,21,5,3,-4,-9
1564164050336071,59,-2,-7,-36,-12,-6,-23,-10
1564164050336071,57,28,-1,8,-8,-2,18,22
1564164050348557,-54,-26,-2,13,5,-6,-5,-7
1564164050348557,-6,15,-1,-4,-6,-9,-4,-1
1564164050355532,-42,-8,-11,-28,-12,2,-4,-4
1564164050355532,1,-13,0,9,1,0,3,-4
1564164050379494,6,3,-6,-14,3,6,11,6
1564164050379494,-27,-6,-8,-1,-7,-6,-9,-15
1564164050380986,-8,1,14,19,4,-2,-1,9
1564164050380986,6,17,7,2,-5,-8,-11,-7
1564164050394467,10,7,5,-11,-17,-1,-4,3
1564164050394467,9,-23,-20,10,35,16,25,15
1564164050395959,24,3,-1,16,6,-3,-11,1
1564164050395959,-87,-12,2,-25,-8,5,-7,-16
1564164050408934,39,5,-3,-8,-13,-11,6,6
1564164050408934,3,6,1,0,-15,-12,-16,-9
1564164050415422,72,17,19,29,16,16,21,32
1564164050415422,-104,-37,-24,-36,-7,-8,4,-38
1564164050431898,-9,7,12,9,9,4,-9,3
1564164050431898,10,-1,0,-2,-6,4,18,13
1564164050433389,-38,-11,-18,-20,-7,-7,-22,-20
1564164050433389,13,9,11,-9,-14,0,8,4
1564164050454354,35,-20,-3,48,18,6,7,13
1564164050454354,-3,3,-5,-8,5,-6,-16,-13
1564164050455846,-3,3,-10,-2,-8,0,11,8
1564164050455846,30,6,1,15,10,0,-5,10
1564164050468823,-49,3,7,-22,-16,-8,-12,-18
1564164050468823,30,10,7,17,13,14,14,17
1564164050475317,-11,1,-2,-8,-5,0,9,1
1564164050475317,3,-6,-2,-5,0,-5,-26,-11
1564164050491793,-40,3,5,11,7,3,-9,-15
1564164050491793,20,-2,-12,-30,-22,-12,17,26
1564164050493279,-13,10,7,12,8,2,17,-1
1564164050493279,-1,-5,1,8,3,0,-8,0
1564164050514237,-15,-8,-7,-8,-1,5,1,-9
1564164050514237,0,2,-3,-11,-1,-5,-14,-9
1564164050515735,9,7,3,16,2,-1,-6,-1
1564164050515735,34,0,-2,-7,-5,-5,-25,-7
1564164050528215,-39,-3,-4,-3,10,10,35,18
1564164050528215,14,1,2,-8,-7,2,-4,3
1564164050537203,-17,-2,-1,-12,-10,-7,-3,-7
1564164050537203,6,9,-10,6,4,-1,-4,1
1564164050551701,2,-9,6,5,-2,-4,-13,-10
1564164050551701,-4,-4,-8,-19,-5,0,3,6
1564164050553665,-12,1,11,22,12,9,16,3
1564164050553665,4,11,4,-8,-6,-6,-20,-13
1564164050581651,-14,-19,-12,9,2,-3,7,11
1564164050581651,-6,21,10,0,1,2,10,-3
1564164050583608,-32,1,-6,-43,-19,-10,-31,-31
1564164050583608,42,-29,-14,26,12,5,42,44
1564164050588123,-5,24,16,12,-2,-3,-2,6
1564164050588123,16,-8,-7,-11,-11,-4,-13,-19
1564164050597582,-17,-17,-25,-36,5,-6,-19,-9
1564164050597582,55,16,20,40,5,7,17,19
1564164050612056,10,-6,-13,-14,5,-1,-1,0
1564164050612056,-26,4,13,-3,-16,-3,-1,-3
1564164050613553,18,6,-8,-1,0,5,3,5
1564164050613553,-4,8,8,36,32,3,-6,-5
1564164050633554,18,-1,-2,-20,-9,-4,-6,-5
1564164050633554,-22,0,3,33,7,-2,-15,-9
1564164050642003,13,-15,-10,-5,-5,1,34,8
1564164050642003,-3,19,3,-41,-24,-8,-16,-6
1564164050656996,-9,5,10,34,20,20,35,23
1564164050656996,-25,-28,-10,-10,0,-9,-9,-11
1564164050658473,-61,-6,11,12,-7,-9,-4,-2
1564164050658473,62,4,-9,-23,-7,-5,1,-2
1564164050671978,-16,2,-3,-2,4,2,-20,-20
1564164050671978,4,25,7,-13,-5,3,5,-5
1564164050673455,2,-20,-12,26,3,-3,4,8
1564164050673455,-24,13,2,-18,-5,1,9,-8
1564164050694442,13,-7,-8,-17,-8,-9,-17,-8
1564164050694442,2,-5,5,8,5,3,10,10
1564164050695902,-8,14,9,27,6,-1,-33,-22
1564164050695902,4,-2,-2,-13,0,-1,4,11
1564164050707917,20,-13,-8,11,-7,-3,22,13
1564164050707917,24,2,-2,4,-2,0,-2,2
1564164050716862,-59,16,17,-9,7,6,3,-18
1564164050716862,-28,-27,-28,-18,-10,0,-2,0
1564164050731894,47,-8,-9,-23,-10,-11,-24,-3
1564164050731894,-56,12,9,2,-1,-1,8,-15
1564164050733331,11,-15,-4,12,8,6,-2,5
1564164050733331,0,-1,4,11,-2,0,-3,-9
1564164050754299,-16,4,-4,-24,-8,-4,-7,-1
1564164050754299,-34,3,-3,4,1,-7,-16,-18
1564164050755795,46,-1,4,12,4,0,-1,8
1564164050755795,-19,0,3,-2,6,-2,1,-9
1564164050768266,-34,-4,10,31,-4,1,2,2
1564164050768266,90,4,1,0,11,9,12,27
1564164050776751,-75,-3,-11,-25,-14,-7,-5,-16
1564164050776751,-27,-17,-1,-14,-8,-5,3,2
1564164050791727,42,24,0,1,5,9,13,18
1564164050791727,7,1,7,13,6,1,-4,-6
1564164050793222,27,4,8,10,-1,1,9,8
1564164050793222,-28,5,-12,-18,1,-1,-31,-13
1564164050814181,-70,-39,-10,-22,-19,-10,29,-18
1564164050814181,1,-7,-4,10,10,5,2,12
1564164050816177,27,-2,2,-2,0,-1,-6,4
1564164050816177,-21,0,8,31,7,-5,-7,-17
1564164050828191,47,7,12,1,-1,-2,-19,-3
1564164050828191,-34,-14,-25,-17,-8,-5,1,-4
1564164050837139,23,17,6,-11,-7,-4,1,5
1564164050837139,17,-13,5,12,-1,0,-11,7
1564164050859096,-6,2,-4,-13,6,2,7,-4
1564164050859096,10,-9,4,10,-12,-5,0,5
1564164050861093,22,9,-1,-10,1,-1,-8,-5
1564164050861093,-37,7,-5,-9,-6,3,13,-7
1564164050874568,-34,-7,-7,8,0,3,-2,-8
1564164050874568,6,11,17,-19,-9,-6,-17,-6
1564164050876067,-10,-32,-26,29,18,5,23,6
1564164050876067,33,10,4,-8,-17,-12,-20,-12
1564164050888043,-54,-12,0,1,10,1,-1,4
1564164050888043,-15,10,2,-10,-12,-5,-16,-10
1564164050897027,7,-5,-1,14,11,-1,16,13
1564164050897027,12,-3,-7,-16,-7,2,0,3
1564164050911998,5,27,5,-25,-7,-1,3,-4
1564164050911998,69,0,0,19,0,-2,-2,22
1564164050913496,-38,0,-11,-10,3,1,6,-10
1564164050913496,-17,-21,-9,4,-1,-7,-9,-7
1564164050934954,1,-8,-6,-5,-7,-5,-14,-15
1564164050934954,-28,-18,-3,-16,-8,-1,1,-9
1564164050936455,37,26,14,-18,-11,3,-3,-1
1564164050936455,25,-6,10,18,17,6,7,16
1564164050947930,21,-6,-3,23,3,0,3,0
1564164050947930,-14,-25,-14,2,13,0,-2,-8
1564164050956914,-6,14,1,4,-7,-1,0,8
1564164050956914,0,22,14,-13,-5,-1,3,4
1564164050971907,2,4,-6,4,-5,-5,-14,-4
1564164050971907,5,-5,4,22,12,7,19,12
1564164050973383,45,-14,8,-17,-18,-11,-23,-4
1564164050973383,-81,-3,-21,-17,-9,-16,-25,-27
1564164050994348,57,3,-9,11,3,5,14,17
1564164050994348,-13,2,-11,-35,-16,-13,-4,-13
1564164050995842,-20,-6,0,-38,-31,-4,-13,-4
1564164050995842,45,-31,14,82,68,20,32,36
1564164051016802,-9,16,13,-3,-7,-4,-7,-1
1564164051016802,6,-6,-10,3,6,1,-6,-2
1564164051018300,13,19,-6,-35,-23,-10,-7,-8
1564164051018300,-47,-7,-1,5,-7,0,3,-14
1564164051031774,41,4,5,13,8,1,-12,9
1564164051031774,-22,6,5,-4,4,1,10,-1
1564164051033272,-8,-18,0,12,6,-2,0,1
1564164051033272,17,9,-3,-26,-21,-5,1,3
1564164051054237,2,-13,-8,7,3,-2,-9,0
1564164051054237,-48,4,-3,-46,-11,-4,-22,-34
1564164051055730,12,9,-9,56,23,7,30,24
1564164051055730,18,-8,-2,-20,-9,4,3,-3
1564164051076694,-34,-10,-2,-19,-11,-7,-13,-2
1564164051076694,61,1,13,28,6,-1,-18,8
1564164051078188,-55,-12,-6,14,16,13,36,-5
1564164051078188,31,2,-9,-23,-15,-6,-11,0
1564164051091665,-26,-10,4,-5,-6,-5,-5,-8
1564164051091665,10,5,-7,-11,-8,5,23,16
1564164051093662,17,25,19,12,5,-5,-30,-16
1564164051093662,-49,2,-9,-2,-17,-8,-2,7
1564164051114123,64,-9,6,-5,10,3,5,11
1564164051114123,-42,-17,-19,-5,3,0,-4,-18
1564164051115622,28,9,0,0,4,0,-16,-2
1564164051115622,14,17,6,-4,-16,9,28,13
1564164051136580,-13,4,2,26,17,-2,-4,4
1564164051136580,2,-11,-1,2,-12,-10,-11,-4
1564164051138577,-4,5,3,-3,8,5,8,2
1564164051138577,26,0,0,-3,8,2,-12,3
1564164051151053,-5,13,-8,3,-2,5,3,-8
1564164051151053,-10,3,14,8,-8,-6,5,4
1564164051158040,-30,-28,-10,-4,10,6,0,6
1564164051158040,4,-2,1,5,-4,-2,23,-5
1564164051174509,12,0,2,-13,-9,0,1,-1
1564164051174509,-11,2,6,0,12,6,0,12
1564164051176007,10,-11,-3,-20,-24,-11,-11,-16
1564164051176007,-23,17,3,5,20,5,-1,-2
1564164051196968,-22,3,4,-13,-16,-5,-8,-16
1564164051196968,20,-2,-7,30,5,2,4,18
1564164051198465,12,-5,2,-7,5,3,1,5
1564164051198465,41,2,0,4,-13,-8,-14,-3
1564164051211441,-66,-11,-14,-30,-8,-13,-4,-25
1564164051211441,4,3,-4,-7,-6,0,5,3
1564164051217929,29,2,-1,2,-7,-5,5,9
1564164051217929,-30,-1,-1,-3,14,6,-2,-12
1564164051234398,4,21,8,9,3,2,-8,4
1564164051234398,14,-21,1,5,2,0,7,2
1564164051235896,-19,-6,-1,-4,-2,1,-2,-8
1564164051235896,4,-2,-3,-20,-10,-5,-5,-7
1564164051264342,-22,-11,-1,-32,-5,5,7,0
1564164051264342,81,-3,-1,60,11,7,11,26
1564164051264842,-15,26,-3,13,8,-9,-2,0
1564164051264842,-1,-4,5,-4,-1,2,-5,-5
1564164051270330,3,-5,-6,5,1,-2,4,1
1564164051270330,-18,2,-1,-27,-16,-6,-7,-17
1564164051278815,-18,-12,0,-18,-9,-6,-21,-4
1564164051278815,13,0,-16,11,-3,-3,18,7
1564164051293789,10,-1,0,-3,6,5,9,7
1564164051293789,-18,4,1,0,6,2,0,-6
1564164051294287,10,-4,5,6,1,0,0,4
1564164051294287,-12,-2,-2,-9,0,-2,-5,-1
1564164051316249,1,-10,-3,11,3,4,4,0
1564164051316249,-8,4,3,-10,-4,-2,-7,-11
1564164051316745,4,0,-3,-8,-4,0,-1,0
1564164051316745,-8,-13,-9,2,-5,-15,-15,-9
1564164051339207,15,7,7,12,3,6,13,14
1564164051339207,-12,3,-12,-7,4,-2,-7,-4
1564164051340201,-4,-1,3,-8,1,9,-3,-19
1564164051340201,-5,1,9,1,-2,-3,2,7
1564164051353679,3,-1,5,16,3,-7,20,10
1564164051353679,-9,11,15,0,5,-11,-24,-13
1564164051354177,3,1,0,-9,-6,21,12,-14
1564164051354177,-2,-17,-22,-4,-4,-25,-12,-9
1564164051376137,-8,-2,12,9,8,24,29,-6
1564164051376137,-8,-3,-26,-14,4,48,35,26
1564164051376635,6,-1,-5,-14,-10,-26,-23,-3
1564164051376635,-3,10,22,7,4,14,-23,4
1564164051390640,-3,2,3,3,1,0,29,-7
1564164051390640,6,9,8,-1,-4,-8,-13,0
1564164051398631,4,-1,1,9,2,1,16,12
1564164051398631,-6,0,-1,-3,-5,-14,-6,-10
1564164051414104,15,-2,2,6,9,6,-10,5
1564164051414104,-4,17,22,0,-2,-9,-5,-9
1564164051415068,-6,-14,-19,-1,1,-2,-3,1
1564164051415068,1,3,-18,-7,-6,-6,3,9
1564164051437614,0,-3,2,-7,-4,-8,-24,-6
1564164051437614,-5,-5,15,6,4,0,12,5
1564164051438578,-1,8,10,7,1,-4,-13,-22
1564164051438578,-5,-20,-30,-4,1,11,7,-1
1564164051459542,5,12,0,-5,-3,-2,-17,-7
1564164051459542,-1,0,7,2,-4,-6,-2,-1
1564164051460054,5,1,15,5,1,-4,3,16
1564164051460054,2,1,-5,5,6,14,21,5
1564164051473512,7,6,1,-4,-8,-30,-38,-16
1564164051473512,-3,-4,25,0,-3,-4,4,7
1564164051474511,-1,-13,-42,-9,-3,-10,-15,4
1564164051474511,-1,1,17,-7,-3,21,-8,6
1564164051497467,3,-2,-34,-6,2,3,6,7
1564164051497467,-3,3,25,8,-3,-12,1,-4
1564164051498466,-4,-1,41,5,-2,-4,1,-1
1564164051498466,5,5,-32,-2,10,13,14,11
1564164051510441,-10,-7,5,-5,-10,-22,-19,-27
1564164051510441,0,-12,-39,-5,3,14,3,18
1564164051518431,-25,-24,-9,-15,-10,-8,-2,-5
1564164051518431,6,28,38,5,-1,-2,6,-7
1564164051542382,-7,7,41,16,2,12,6,-2
1564164051542382,10,8,1,-3,3,-5,12,16
1564164051543380,-9,-5,14,17,9,2,3,-7
1564164051543380,-2,6,-10,-15,-9,-10,-12,-4
1564164051556356,-8,-25,-54,-19,-7,-4,1,-6
1564164051556356,4,10,-1,-1,-1,0,-4,10
1564164051556855,5,-2,-15,-1,2,1,7,9
1564164051556855,1,0,22,2,2,0,4,-5
1564164051570349,1,-3,-35,-8,-3,1,-2,16
1564164051570349,-9,-21,-22,-6,-4,-2,-5,-30
1564164051578817,12,28,28,11,3,7,3,7
1564164051578817,-24,-33,-21,-5,-4,-8,-3,-15
1564164051593789,4,-2,9,8,-4,-1,-7,-1
1564164051593789,-9,-14,-8,-23,-5,-2,-4,-10
1564164051594286,10,19,-19,8,16,12,8,4
1564164051594286,-2,-3,19,-1,-6,-5,-2,5
1564164051616776,1,9,24,0,1,-1,-3,7
1564164051616776,-6,-10,-17,6,1,-2,-4,-9
1564164051617246,1,-8,-11,-5,-11,-1,1,-1
1564164051617246,9,4,6,4,8,0,5,5
1564164051630728,-5,-9,-28,0,3,3,0,-1
1564164051630728,6,19,19,-2,-2,-3,4,5
1564164051638741,-12,-39,-36,-22,-15,-12,-7,-7
1564164051638741,6,39,39,22,6,13,20,7
1564164051653716,0,-8,-27,-9,1,1,0,0
1564164051653716,-19,-27,-16,-12,-11,-9,-8,-14
1564164051654675,-1,-1,1,2,1,-2,-2,7
1564164051654675,-12,-11,15,-3,-7,-10,-15,-24
1564164051676167,11,13,5,8,4,5,0,13
1564164051676167,-2,-7,-23,-1,9,1,0,-6
1564164051677133,9,15,12,-22,-11,-6,-6,4
1564164051677133,0,0,-5,3,-9,-4,-1,6
1564164051690607,-5,-7,3,9,16,6,3,1
1564164051690607,1,9,6,1,-5,-4,-3,-1
1564164051698632,2,-6,15,11,4,2,1,-2
1564164051698632,2,3,-11,-12,-5,-3,-5,-2
1564164051713598,-8,-13,2,-7,-6,-3,-3,-8
1564164051713598,-2,-2,-4,-1,-2,-3,-8,-4
1564164051714564,0,10,24,5,3,4,1,2
1564164051714564,-7,-23,-27,-11,-6,-16,-13,-7
1564164051737553,7,0,28,4,4,9,2,5
1564164051737553,-8,-11,-40,2,-1,-2,-4,-6
1564164051738519,2,16,20,2,2,5,10,11
1564164051738519,9,-4,-17,1,-1,-4,-9,-9
1564164051750497,-1,14,20,8,0,-2,4,8
1564164051750497,7,7,-3,-12,-6,-2,-3,3
1564164051766470,-1,2,-11,4,1,-3,-2,1
1564164051766470,3,-11,21,10,5,5,4,5
1564164051773459,-3,-10,-25,-16,-7,-5,-6,-6
1564164051773459,-6,14,18,14,11,8,9,2
1564164051774453,-2,-4,-20,-7,-1,-2,-2,-6
1564164051774453,8,13,11,4,1,1,6,10
1564164051797410,-2,9,11,-8,-8,-4,-1,5
1564164051797410,-3,-15,9,-4,-9,-7,-10,-14
1564164051798408,1,7,0,13,8,4,-5,4
1564164051798408,-2,-13,-37,-9,-1,4,4,-2
1564164051810386,-3,6,13,7,0,2,3,-3
1564164051810386,1,1,5,-1,-1,-2,6,9
1564164051818870,0,-12,-11,-6,-8,-9,-8,0
1564164051818870,-5,11,22,6,-3,-1,-1,-9
1564164051833839,13,16,-15,-4,4,1,0,-2
1564164051833839,0,-1,-8,-3,4,2,4,-3
1564164051834340,1,-2,0,10,1,2,2,-6
1564164051834340,-5,-14,-10,-1,-1,-4,-5,3
1564164051856299,-3,-16,10,0,-2,6,10,-4
1564164051856299,-1,20,2,0,-2,-1,-2,-1
1564164051856798,2,-5,-5,-1,2,-1,-2,1
1564164051856798,-2,5,3,-11,-2,-1,4,6
1564164051870273,0,-6,-1,2,-6,-8,-16,-16
1564164051870273,0,0,3,-4,-5,1,4,7
1564164051878757,-7,-9,-1,-4,-7,-1,-1,-9
1564164051878757,-4,-2,5,7,0,-10,-9,-14
1564164051894227,-6,2,-16,-16,-5,1,-4,-4
1564164051894227,0,3,26,11,2,0,5,8
1564164051901214,3,14,7,-3,-2,-2,-2,2
1564164051901214,-3,-14,-17,7,8,8,14,7
1564164051916198,3,-11,-23,-5,-6,-7,-7,5
1564164051916198,10,4,9,-6,-4,0,-2,-9
1564164051916687,0,-1,0,-4,-2,-2,-2,-1
1564164051916687,4,2,-8,-15,-8,-1,-1,3
1564164051939182,-9,-12,8,17,4,-1,0,1
1564164051939182,4,21,-5,6,3,1,-1,0
1564164051940178,-5,-16,-10,-9,3,1,-2,-11
1564164051940178,4,20,8,12,7,6,3,8
1564164051953617,9,-13,-14,-13,-8,-6,-4,-1
1564164051953617,-12,-11,12,-1,-3,-5,-6,-7
1564164051954617,-9,-14,-10,-6,-9,-6,-2,-10
1564164051954617,8,10,10,-3,-1,1,1,14
1564164051976114,-17,-2,-10,18,18,6,1,-18
1564164051976114,2,-3,6,4,1,4,0,2
1564164051977086,2,0,-7,2,3,-1,-4,0
1564164051977086,-6,-15,3,-3,-4,-5,-5,-6
1564164051999539,3,14,15,1,-3,-3,3,9
1564164051999539,-3,-3,-12,-5,1,3,1,-2
1564164052000034,-5,-1,-13,-10,-8,-2,2,6
1564164052000034,4,-4,-6,-6,-5,-1,-1,-2
1564164052014009,-4,11,24,16,5,0,1,1
1564164052014009,-3,0,-23,-20,-4,-4,-3,-5
1564164052021026,6,1,7,2,1,0,1,16
1564164052021026,-12,-19,3,2,2,5,6,-17
1564164052036466,7,0,14,-7,-13,-7,-4,4
1564164052036466,-4,-15,-21,-7,-2,-3,-2,-2
1564164052036964,3,26,15,12,7,2,1,2
1564164052036964,10,4,-1,5,4,-1,-5,-1
1564164052059421,-14,-12,-15,-7,-3,1,3,1
1564164052059421,4,3,13,9,-1,-1,-5,-1
1564164052059922,0,-9,-16,-13,-7,-5,-2,-4
1564164052059922,-12,-26,-6,-1,-1,0,-4,-6
1564164052073397,13,37,11,0,1,1,3,12
1564164052073397,0,-2,-6,0,-1,-4,-2,-4
1564164052074394,-4,-2,-4,5,2,1,1,2
1564164052074394,-7,3,13,6,-2,-1,-3,-1
1564164052096852,-6,-10,-1,-6,1,-1,3,2
1564164052096852,-2,-2,-7,-4,2,0,-4,-8
1564164052097351,1,-10,13,0,-5,1,-5,-7
1564164052097351,4,-4,-39,-13,-5,-3,-1,2
1564164052119350,-8,-15,6,1,-5,-2,-4,-5
1564164052119350,1,10,13,16,0,-3,-2,0
1564164052120310,-3,-6,-14,-11,4,3,1,-7
1564164052120310,8,9,11,-10,-7,-2,-1,7
1564164052134285,-3,18,2,2,2,-2,-2,-4
1564164052134285,3,-3,7,4,1,0,3,6
1564164052135281,-7,-9,-5,8,13,2,0,-4
1564164052135281,-7,-15,-43,-16,-5,-3,-5,-5
1564164052156742,3,-7,-8,-8,-9,-4,-3,-3
1564164052156742,-5,-8,9,-4,-9,-3,0,-3
1564164052157740,3,10,29,6,-1,0,5,9
1564164052157740,1,3,-4,2,1,-2,-9,-15
1564164052179237,-1,-2,0,-4,-4,0,0,0
1564164052179237,3,-1,-1,8,5,1,-2,1
1564164052180199,-6,-1,-4,-11,-4,0,1,-1
1564164052180199,-3,15,13,10,5,-1,1,8
1564164052193712,-3,5,-5,2,5,6,3,0
1564164052193712,-3,-29,-2,-7,-4,-3,-1,-3
1564164052194672,2,14,2,6,-7,-4,-3,-3
1564164052194672,0,5,4,-11,3,-2,3,1
1564164052216640,3,-3,-1,-3,-8,-5,-7,-5
1564164052216640,-12,0,-3,6,13,4,1,-1
1564164052217629,3,-1,3,-11,-6,-1,0,0
1564164052217629,-1,-1,1,14,4,1,1,0
1564164052247079,5,-4,8,5,8,4,1,2
1564164052247079,0,7,-13,-7,-11,-2,0,-1
1564164052247574,-6,-10,-21,-10,-3,-4,-6,-10
1564164052247574,-2,9,26,2,-3,-2,-2,-1
1564164052253562,0,-8,-10,-2,2,0,-1,-1
1564164052253562,7,7,1,-13,-2,0,1,3
1564164052254561,-7,-13,2,8,1,0,1,-1
1564164052254561,5,7,2,-4,-7,-2,0,2
1564164052277024,-4,-4,4,11,4,0,-1,-4
1564164052277024,-1,0,-4,0,5,1,-1,-1
1564164052277525,1,5,1,-3,-4,0,-1,-2
1564164052277525,-4,-3,-5,-2,-6,0,0,0
1564164052299514,-1,-2,5,1,-6,-5,-3,0
1564164052299514,0,1,-3,-3,4,1,1,-1
1564164052299976,2,7,-1,-5,8,4,0,0
1564164052299976,0,-11,-6,-3,-3,-2,1,-1
1564164052321940,-7,-18,-3,10,8,1,1,-3
1564164052321940,4,9,0,-5,-8,-3,-2,-1
1564164052322434,-1,-1,2,9,-5,-2,-2,0
1564164052322434,-6,-7,3,-9,0,-2,0,-2
1564164052336917,-5,5,1,-3,-1,0,-1,-2
1564164052336917,-1,-3,-9,-3,-7,-3,0,1
1564164052337906,6,8,4,0,-4,-2,0,3
1564164052337906,4,7,9,12,9,3,-3,-1
1564164052359425,-10,-8,-15,-10,1,1,2,0
1564164052359425,2,1,5,6,-1,-1,-2,-1
1564164052360364,-1,-5,-14,-15,-9,-3,-2,2
1564164052360364,4,1,18,18,8,1,-1,0
1564164052373871,4,-11,-10,-7,1,1,-1,-1
1564164052373871,-1,13,5,1,-1,-2,-3,-3
1564164052374837,2,0,5,5,-3,-3,1,-2
1564164052374837,-1,0,-1,-1,2,0,-3,0
1564164052396829,0,4,0,-6,-7,-3,-3,-2
1564164052396829,0,-4,-9,1,0,2,2,4
1564164052397795,-4,-3,6,3,1,-2,0,-3
1564164052397795,-3,5,-1,3,-2,-2,-1,-3
1564164052419295,2,5,1,-2,-2,-2,-1,2
1564164052419295,-3,-17,-13,-13,-4,-2,-2,-8
1564164052420252,2,11,0,-2,1,-1,-2,-2
1564164052420252,-5,-9,-4,-1,1,2,3,-1
1564164052433727,4,4,0,4,1,-1,-2,0
1564164052433727,-2,-2,17,3,-3,-2,0,-1
1564164052434227,-3,-4,-2,0,3,1,0,0
1564164052434227,-2,-6,-11,-13,-12,-4,-3,-1
1564164052456716,3,12,6,12,3,0,0,0
1564164052456716,-3,-3,-2,4,2,0,-1,1
1564164052457683,-3,-4,0,-5,-6,-2,-1,-1
1564164052457683,2,13,4,-1,8,1,2,1
1564164052479144,-1,-6,-9,-3,-4,-2,-1,2
1564164052479144,8,3,0,9,0,1,1,4
1564164052480148,-10,-4,3,-8,-4,0,0,-3
1564164052480148,-1,1,1,-1,3,2,0,0
1564164052493654,-8,-6,1,-7,-6,0,-1,-2
1564164052493654,-2,4,-8,-7,6,1,-2,-3
1564164052494615,9,3,7,17,6,2,1,2
1564164052494615,-6,-5,10,6,0,0,-2,-1
1564164052524571,3,6,-2,-5,-2,-3,-2,1
1564164052524571,-1,-1,5,-4,-7,-2,-1,-1
1564164052525057,-4,-4,-8,-5,0,-3,-2,-1
1564164052525057,-1,-2,-6,-7,-1,-2,-2,0
1564164052539540,4,1,1,1,-4,-1,-2,2
1564164052539540,-5,-4,-16,-4,-1,1,0,-1
1564164052540029,0,-2,-3,5,3,1,0,-1
1564164052540029,0,-4,-5,-5,-7,-2,1,-2
1564164052553065,1,-5,-3,-3,-3,-4,-4,-1
1564164052553065,0,6,6,1,-2,-1,-2,-2
1564164052561022,-1,0,5,-10,-4,-1,-1,0
1564164052561022,2,7,-9,9,4,-1,1,1
1564164052576967,-2,0,5,4,6,1,1,-6
1564164052576967,-3,-5,-3,-7,-2,-1,-1,-1
1564164052577461,-3,-14,-6,-2,-2,-4,-3,-1
1564164052577461,6,15,11,-8,-9,-2,-1,1
1564164052599954,-12,2,3,0,1,0,2,-2
1564164052599954,-1,-2,4,4,3,0,2,1
1564164052600422,1,-9,-9,9,0,0,0,2
1564164052600422,-1,-2,-6,-5,-4,-3,-2,-1
1564164052612894,3,0,-3,-1,1,1,1,-1
1564164052612894,-2,-9,2,-8,-6,-3,-2,0
1564164052621389,-4,4,1,3,5,1,-1,0
1564164052621389,2,-7,-9,1,2,2,0,-1
1564164052636849,2,3,10,7,-3,-1,-1,0
1564164052636849,-1,-12,-26,-13,-8,-4,-2,0
1564164052637848,6,8,3,-1,1,0,2,2
1564164052637848,-3,-9,-8,1,-2,0,-2,-1
1564164052659308,-4,-4,-3,-7,0,0,0,0
1564164052659308,-1,-9,16,10,1,0,-1,-6
1564164052660307,4,29,13,6,1,0,-2,-1
1564164052660307,-4,-9,-18,-8,-4,-1,-3,-2
1564164052673286,3,-1,-7,-2,0,0,3,4
1564164052673286,-1,3,3,1,1,0,0,2
1564164052681779,-1,-5,-4,-5,-3,-4,-2,-1
1564164052681779,-4,1,10,2,-4,-2,-2,-3
1564164052696738,5,3,-1,10,8,2,-2,0
1564164052696738,-15,-6,6,-2,-2,-1,-3,-4
1564164052698236,3,0,-3,-3,3,4,2,3
1564164052698236,-2,1,5,1,-4,-3,-3,0
1564164052719201,3,3,-2,-6,-3,0,-1,0
1564164052719201,-1,-8,-10,-13,-3,-3,-1,-1
1564164052721193,-2,-4,6,9,2,0,0,0
1564164052721193,-2,-3,-11,-10,-3,-2,-2,-1
1564164052733178,-3,-5,4,-1,-2,0,-2,-5
1564164052733178,7,6,3,5,-1,-2,-2,1
1564164052742188,-4,-9,-11,-9,-6,-1,-1,-4
1564164052742188,2,-3,12,2,3,2,0,2
1564164052757134,1,3,-11,2,-4,-3,-2,-2
1564164052757134,4,20,-1,1,4,2,1,0
1564164052758630,-4,-13,-3,0,1,2,0,-1
1564164052758630,-7,-10,-10,-2,-2,-1,-2,0
1564164052779586,0,-2,-4,-2,3,-2,-1,0
1564164052779586,-3,-4,14,-2,-6,-2,-1,-1
1564164052781082,2,9,-6,-1,-1,-2,0,0
1564164052781082,1,10,6,1,0,-1,-2,-5
1564164052793119,2,-4,-2,-6,-4,-4,-1,0
1564164052793119,-5,1,12,20,2,0,0,3
1564164052808036,-6,-13,-18,-19,-3,-2,-3,-2
1564164052808036,3,-6,1,3,3,1,2,1
1564164052824507,-1,0,-1,-1,-7,-3,-2,-2
1564164052824507,5,8,4,2,0,0,0,2
1564164052825998,-8,-10,-1,6,3,3,1,-3
1564164052825998,-2,-1,1,-14,-4,-4,1,0
1564164052839478,0,-4,-6,-1,-4,-2,1,-1
1564164052839478,1,9,-3,-5,-8,-5,-4,-1
1564164052840970,1,7,14,5,2,0,1,0
1564164052840970,2,6,6,1,-1,0,-1,-2
1564164052861932,-6,-21,-24,-3,6,2,0,-4
1564164052861932,4,12,4,-7,-5,-3,1,1
1564164052863429,13,-6,-7,2,-3,-3,-2,2
1564164052863429,-2,9,7,8,2,1,2,-2
1564164052876405,0,-12,9,-1,0,-1,-1,-1
1564164052876405,-2,0,-17,-8,0,-1,-2,-1
1564164052882893,2,-8,0,-1,-8,-5,-2,1
1564164052882893,-3,5,-1,5,5,-1,0,-1
1564164052899390,4,16,8,-6,-3,0,0,1
1564164052899390,-2,-9,-5,6,9,4,1,-5
1564164052900858,-2,1,2,-5,-5,-2,-1,1
1564164052900858,3,-7,-3,-6,-9,-3,-3,0
1564164052920880,-5,0,1,4,3,-2,0,-2
1564164052920880,1,-2,2,-2,0,1,0,-1
1564164052929307,-6,0,5,0,-5,-3,-2,-4
1564164052929307,-4,-11,-16,-5,-2,-1,-1,-2
1564164052936831,-1,1,1,0,0,2,-2,-2
1564164052936831,-3,-3,4,-2,2,2,1,0
1564164052938308,0,-6,-15,2,0,-1,0,-1
1564164052938308,1,-7,-5,-6,2,1,0,-1
1564164052959249,-4,7,6,-9,-7,-5,-1,-2
1564164052959249,-1,-2,5,10,1,-3,-1,-2
1564164052960746,-4,-3,-7,0,5,3,1,-2
1564164052960746,-1,-1,1,1,2,-1,-2,1
1564164052981749,2,0,-11,-3,-4,-1,-1,2
1564164052981749,-3,-8,-2,-3,-2,0,-3,-1
1564164052983205,5,16,1,-6,-6,-2,-1,0
1564164052983205,-2,-11,0,4,1,0,0,-1
1564164052996185,-12,8,16,2,1,0,-1,-3
1564164052996185,-3,-11,-9,0,-3,-1,-2,-1
1564164053004672,1,4,4,5,5,-1,0,-1
1564164053004672,-4,2,1,-1,-3,-1,-1,-3
1564164053019178,1,1,-3,-6,-8,-5,-3,2
1564164053019178,0,-3,-5,-4,-5,-2,-2,-3
1564164053021134,-16,-10,-7,1,4,1,0,-2
1564164053021134,2,11,6,-2,1,-3,0,0
1564164053041635,0,-10,-7,2,-1,0,-1,-3
1564164053041635,-2,-6,-3,-5,-4,-3,-1,1
1564164053043591,6,7,12,-1,-7,-2,-2,1
1564164053043591,-9,-21,-22,-3,0,1,-2,-5
1564164053056130,-4,-3,0,1,0,1,1,-2
1564164053056130,1,3,-5,5,4,0,0,1
1564164053063154,2,2,4,-3,0,-1,1,-2
1564164053063154,3,15,8,0,-3,0,0,4
1564164053079107,-5,-20,-13,-8,-1,0,-1,-1
1564164053079107,5,7,9,3,-1,-1,1,2
1564164053081098,-1,4,4,3,1,-1,-1,0
1564164053081098,-8,-14,-6,4,3,-1,-1,-2
1564164053102059,3,8,3,3,-1,0,0,-2
1564164053102059,-1,-1,-6,-11,-1,-1,0,-2
1564164053103556,3,-4,2,-1,-4,0,-2,0
1564164053103556,-4,9,0,-1,-2,-1,1,-3
1564164053116055,-1,-6,-2,2,2,-2,-2,1
1564164053116055,7,6,-4,-3,-3,-2,1,2
1564164053123021,-10,-2,16,0,0,0,0,-2
1564164053123021,1,-3,2,13,-1,-1,-2,2
1564164053139516,2,9,-6,-12,3,1,-1,-3
1564164053139516,-2,-32,-9,3,-1,-1,-1,-2
1564164053140991,1,2,-10,-2,1,-3,-1,0
1564164053140991,3,18,12,-18,-13,-7,-6,-1
1564164053161950,-2,-4,0,27,12,4,2,2
1564164053161950,0,9,2,-5,-1,-2,0,-2
1564164053163449,-3,-9,-5,-3,-2,0,0,-1
1564164053163449,-1,-9,-9,-5,-4,-2,0,-2
1564164053175982,5,3,3,-6,-6,-5,-1,1
1564164053175982,0,4,-2,-1,-2,0,0,-1
1564164053182949,-5,-5,-6,1,0,-1,-2,-1
1564164053182949,3,-6,-3,2,2,2,0,0
1564164053199390,-1,1,-7,-9,-4,-1,-1,-1
1564164053199390,-1,5,4,9,4,1,-1,1
1564164053205427,-2,-1,-5,-3,-3,-2,-1,1
1564164053205427,3,5,-4,-8,-4,-4,0,2
1564164053221875,2,1,9,3,0,-1,-1,2
1564164053221875,-11,-19,-9,-1,1,-2,-2,-5
1564164053223355,6,5,-9,-1,-2,1,-1,-1
1564164053223355,-7,-3,11,6,0,1,-1,-3
1564164053236345,5,3,-4,-6,-5,-3,-1,0
1564164053236345,-10,-3,0,-5,-4,-1,-1,2
1564164053242797,1,-6,-16,2,1,1,0,-7
1564164053242797,3,-4,-7,-1,-2,-1,0,1
1564164053259308,-4,17,17,6,1,1,-2,-1
1564164053259308,-3,-10,-7,-5,-1,-2,-1,-3
1564164053260767,-1,1,2,-8,-3,-3,-2,1
1564164053260767,0,6,5,-2,-1,-1,0,0
1564164053282264,-5,-21,-13,-7,-2,-1,0,-2
1564164053282264,5,11,1,1,-2,0,-2,-1
1564164053283722,-7,-7,2,2,-1,0,-1,-2
1564164053283722,2,4,-1,-2,3,2,0,0
1564164053296198,1,-4,4,-3,-3,-2,-4,1
1564164053296198,0,2,0,4,4,1,-1,-1
1564164053303188,0,1,1,-3,-3,-3,-1,1
1564164053303188,0,-5,-3,6,3,0,1,0
1564164053319156,-2,1,-9,-6,0,0,3,-1
1564164053319156,1,3,-6,-1,1,1,2,1
1564164053321152,5,5,12,-5,-3,-2,-2,1
1564164053321152,-2,3,8,-2,-4,-2,-3,-3
1564164053341635,-3,-9,-21,0,0,0,0,-1
1564164053341635,0,-5,-6,-2,-5,-3,-4,-3
1564164053343610,3,-1,-9,-2,1,0,0,1
1564164053343610,-3,-4,0,1,0,0,0,-1
1564164053355586,1,5,9,0,1,-2,0,2
1564164053355586,1,8,4,3,-1,-2,-1,-1
1564164053364571,-1,-10,-12,-1,1,-2,0,3
1564164053364571,-4,-7,10,3,3,1,0,-4
1564164053379544,6,13,16,7,3,5,1,0
1564164053379544,4,-2,-4,-8,-3,0,1,1
1564164053381041,-5,1,-3,3,1,-2,-3,-4
1564164053381041,3,-3,-8,-2,0,-1,0,1
1564164053402025,-6,-9,-9,-7,0,1,-3,-3
1564164053402025,2,5,1,-3,-3,-2,-1,2
1564164053403521,-3,6,19,-2,-4,-1,0,-4
1564164053403521,-4,-7,-3,5,4,2,2,-2
1564164053415476,4,2,-17,-3,-1,-1,-1,1
1564164053415476,-5,-4,-5,-4,-4,-4,-1,-1
1564164053431947,-6,-13,-11,-1,0,-1,-2,-2
1564164053431947,0,5,4,-4,-5,-2,-1,-1
1564164053439466,3,6,11,-1,-1,-1,0,0
1564164053439466,0,0,7,6,5,2,-2,0
1564164053440950,-1,0,-6,-4,-1,-2,-2,2
1564164053440950,0,6,6,-1,-1,-2,-2,-6
1564164053461898,-2,-7,-4,-1,-3,1,-1,-1
1564164053461898,-2,-3,-3,-6,-5,-1,-1,-1
1564164053463391,2,10,12,5,4,2,2,0
1564164053463391,-1,-3,-10,-2,-1,-4,-3,0
1564164053475367,7,-1,-3,-6,-7,-6,-1,2
1564164053475367,-7,3,13,10,6,2,1,-4
1564164053484349,-3,-9,27,5,-5,-4,-2,-3
1564164053484349,-5,-14,-40,-10,-1,-2,-2,-2
1564164053499326,0,11,6,2,0,-2,-2,-1
1564164053499326,6,4,-6,-9,-6,-1,0,0
1564164053500818,-1,6,-8,1,2,1,0,-2
1564164053500818,2,-5,11,3,0,-1,0,1
1564164053521801,0,-9,3,1,-5,-4,-2,0
1564164053521801,2,0,-12,-9,-2,-1,1,-1
1564164053523279,-5,-9,-15,-3,1,2,0,-1
1564164053523279,1,4,6,1,-2,-1,-2,-1
1564164053535267,-1,9,4,1,-3,-2,-1,0
1564164053535267,-7,-24,-11,-4,-1,-2,-2,-3
1564164053544237,5,10,7,2,-1,-1,0,3
1564164053544237,0,2,1,2,5,3,-1,-3
1564164053559707,-5,-4,-2,1,-3,-1,-3,-1
1564164053559707,3,8,11,5,-1,-1,-2,0
1564164053561206,-3,-12,-19,-10,-4,-2,-1,-5
1564164053561206,0,1,1,4,3,-1,0,1
1564164053581709,-5,1,13,0,2,-2,0,-2
1564164053581709,9,-13,-21,-7,-4,-3,-2,0
1564164053583165,1,10,1,3,2,-1,0,-1
1564164053583165,0,4,3,1,-3,-1,1,2
1564164053595661,-2,-8,1,0,0,0,1,-2
1564164053595661,-1,7,15,3,-1,-1,1,0
1564164053604628,1,-1,-12,-3,1,1,-2,1
1564164053604628,-2,2,6,-4,-6,-1,-3,1
1564164053619102,-8,-5,-10,0,6,2,1,-3
1564164053619102,0,7,10,4,2,0,-1,-2
1564164053621097,3,0,-11,2,1,0,2,2
1564164053621097,-3,13,15,-5,-5,-2,-1,-1
1564164053642057,0,-10,-12,0,1,1,-2,0
1564164053642057,-3,2,5,2,0,-1,0,-2
1564164053643557,-1,1,10,9,1,0,-2,-1
1564164053643557,2,-12,-22,-8,-3,-2,-2,0
1564164053655571,-1,7,9,0,-5,-1,0,-1
1564164053655571,-7,-11,2,1,0,0,-2,-2
1564164053664514,5,8,7,-2,-2,0,0,0
1564164053664514,-5,-11,-23,-2,-1,-1,-1,0
1564164053679485,-1,-2,-4,-5,-3,0,-1,-2
1564164053679485,0,8,7,-1,-1,-1,-1,0
1564164053680984,-2,-6,3,-5,-5,-4,-3,0
1564164053680984,-6,4,11,9,7,3,0,-2
1564164053709431,-3,-3,-6,-6,-4,-3,-1,-1
1564164053709431,3,14,15,2,1,1,0,1
1564164053710928,-7,-15,-22,-8,-4,-2,-1,-3
1564164053710928,3,7,18,0,-2,-1,-1,0
1564164053715419,-3,-8,-11,2,1,1,-2,-1
1564164053715419,1,-1,-5,-4,-6,-3,0,0
1564164053724406,1,12,9,2,3,-2,0,-2
1564164053724406,10,-4,-5,0,0,3,1,3
1564164053739375,-1,5,-3,-5,-3,-3,-1,-1
1564164053739375,-10,-19,-17,-4,-3,-2,-5,-2
1564164053740872,1,0,9,2,0,1,0,-2
1564164053740872,-1,-2,-4,2,-1,-3,-2,-2
1564164053762332,0,-5,12,0,3,1,0,0
1564164053762332,4,11,-8,-1,0,1,0,2
1564164053763829,-1,-9,-14,-10,-6,-4,-3,0
1564164053763829,-8,-13,-6,4,4,1,1,-3
1564164053775371,2,11,0,-10,-12,-5,-2,0
1564164053775371,-5,-4,7,7,6,1,0,-2
1564164053784291,14,17,22,5,-2,-1,-2,1
1564164053784291,-3,-9,-12,-5,-3,-2,-1,-1
1564164053799285,-4,-4,-2,-3,-1,-2,-3,-3
1564164053799285,-1,6,7,1,2,1,1,2
1564164053800761,-1,-12,-20,-6,-3,0,-1,-6
1564164053800761,-1,1,8,0,-4,-4,0,-1
1564164053821725,-2,-2,-4,4,2,0,-4,-3
1564164053821725,-3,-11,-9,-2,-1,-2,-1,-2
1564164053823219,-2,8,11,6,4,2,0,2
1564164053823219,-1,1,-2,-2,1,1,-1,-1
1564164053844181,-4,-5,-6,-2,-3,-2,-1,1
1564164053844181,2,0,4,5,1,-1,-1,1
1564164053845677,-4,-1,-8,-10,-5,-1,-1,-1
1564164053845677,-11,2,6,2,1,-1,0,-5
1564164053859216,0,6,11,5,4,1,0,0
1564164053859216,-1,-9,-8,-4,-4,-2,-3,-2
1564164053860653,-3,4,5,-2,-3,-1,-1,0
1564164053860653,5,6,-2,1,-1,0,0,1
1564164053881650,-3,-13,-2,4,1,0,1,0
1564164053881650,-3,-3,-4,1,2,0,-1,-1
1564164053883607,-12,-13,2,0,-3,-3,0,-3
1564164053883607,4,10,-1,-9,-7,-4,-2,3
1564164053903573,0,9,3,-1,1,2,2,0
1564164053903573,-8,-29,-21,-6,-2,0,0,-5
1564164053912058,9,11,-3,2,4,3,0,1
1564164053912058,2,5,13,0,-2,-1,-2,-1
1564164053919064,-6,-8,-8,-7,-8,-4,-2,-2
1564164053919064,2,2,-2,-2,0,-2,0,1
1564164053921059,1,-8,5,3,0,0,2,-6
1564164053921059,-2,1,-4,-4,0,-1,0,-1
1564164053942002,4,5,-5,-3,1,0,1,0
1564164053942002,2,5,0,-2,-5,1,0,-1
1564164053943495,-4,-5,-8,5,3,-1,-1,0
1564164053943495,-5,-7,5,-2,-4,-1,-3,-3
1564164053964459,3,-5,0,-1,1,1,1,1
1564164053964459,-5,16,13,3,1,-2,-2,-1
1564164053965958,-3,-9,-11,-7,-5,0,-2,1
1564164053965958,1,0,3,4,2,-1,-1,-1
1564164053986943,-6,1,-3,-2,-1,-2,1,-3
1564164053986943,3,1,6,0,-1,0,1,-1
1564164053988416,10,5,3,1,-1,-3,-5,-1
1564164053988416,2,0,-4,2,4,1,0,0
1564164054001887,-1,-9,-16,-8,-1,-1,-2,-2
1564164054001887,-2,4,9,1,-3,-1,-1,-1
1564164054003385,0,1,1,-4,-2,0,1,1
1564164054003385,-5,-15,-8,-1,-2,-1,0,0
1564164054024347,5,11,8,1,-1,-2,-3,0
1564164054024347,0,-1,-2,3,0,2,-1,-2
1564164054025846,-3,1,-9,-10,-2,0,-1,0
1564164054025846,2,-3,-4,-2,-4,-1,-2,-2
1564164054038836,-1,-6,1,3,3,0,0,2
1564164054038836,-2,2,-5,-2,-2,-2,-1,-1
1564164054045306,-4,-1,3,1,2,0,-1,-6
1564164054045306,1,9,3,-1,-1,-2,1,2
1564164054061797,-1,-2,4,2,-1,-2,-2,-1
1564164054061797,-4,-10,-17,-6,-3,-3,0,-2
1564164054063276,-1,8,21,4,-1,-2,-1,-2
1564164054063276,0,-13,-18,-3,0,1,0,-1
1564164054084234,7,14,10,4,0,2,-1,0
1564164054084234,-9,-14,-5,-3,-1,0,-1,-3
1564164054085731,5,6,-8,-3,-4,-3,0,0
1564164054085731,-3,0,8,2,-3,-2,-1,-1
1564164054098722,-3,-13,-4,-5,-8,-4,-4,0
1564164054098722,8,14,2,2,3,1,0,1
1564164054105233,-10,-14,-6,4,3,-2,0,-4
1564164054105233,0,5,-8,-4,1,2,0,-2
1564164054121707,-3,-6,-1,3,4,2,-1,-1
1564164054121707,5,7,7,-3,-5,-2,-3,0
1564164054123164,-3,-6,-3,-3,-3,-1,-2,2
1564164054123164,4,3,0,1,0,0,-2,1
1564164054144123,-3,-4,-3,0,-2,-4,-2,-2
1564164054144123,-2,-5,1,-3,-1,1,-1,-1
1564164054146119,3,-2,-9,0,0,0,-1,3
1564164054146119,-6,7,9,0,-1,-1,-1,0
1564164054158636,-2,-17,-7,-2,-1,0,-1,-1
1564164054158636,-2,-1,6,2,3,-1,1,-1
1564164054165616,-1,-1,-16,-6,-3,0,-1,1
1564164054165616,4,-3,2,-2,-4,-1,-3,1
1564164054189061,1,6,-1,0,-1,-1,-2,1
1564164054189061,-4,-12,-2,-4,-4,-2,0,-2
1564164054191039,-4,9,-2,-1,2,0,-1,-5
1564164054191039,10,-3,-15,-9,-2,-1,2,2
1564164054204511,3,12,4,3,1,1,3,-1
1564164054204511,0,-5,-3,0,0,0,-1,-1
1564164054206011,-4,-8,13,4,-1,0,-1,-2
1564164054206011,-2,0,-4,-2,0,2,0,-3
1564164054218484,4,2,8,3,-3,-3,-3,0
1564164054218484,-2,-1,-9,1,4,1,-1,0
1564164054225476,-10,-9,5,2,3,2,2,-1
1564164054225476,-3,12,5,2,-1,-2,0,-1
1564164054241940,-7,-14,-13,-7,-2,2,0,-4
1564164054241940,3,9,4,-2,-8,-5,-2,1
1564164054243442,-1,-4,8,0,-3,-3,-1,0
1564164054243442,-5,-5,-7,-5,-3,-2,-1,-2
1564164054264921,0,4,3,8,5,2,2,0
1564164054264921,2,6,7,-3,-4,-2,-2,0
1564164054266400,2,1,-4,-2,-2,0,0,-1
1564164054266400,-4,-16,-9,3,4,2,-2,-1
1564164054278872,-1,0,-10,-11,-6,-1,0,-1
1564164054278872,2,12,-1,-2,0,2,-1,-3
1564164054285400,-5,-16,13,2,-2,-2,-2,-2
1564164054285400,-1,8,7,0,-3,-2,-1,0
1564164054301891,-3,-2,1,4,1,1,-1,0
1564164054301891,-7,-4,-1,4,-1,0,-1,0
1564164054303349,0,0,-9,-2,-2,1,2,-1
1564164054303349,0,-6,2,3,2,-1,-2,-1
1564164054324328,-3,-8,5,-4,-2,-1,-1,-2
1564164054324328,-1,5,-9,-2,-1,-3,-1,-1
1564164054325792,3,5,-1,-3,2,1,1,1
1564164054325792,-2,-3,10,4,3,0,0,0
1564164054338261,0,7,-1,-2,0,-1,0,0
1564164054338261,-1,-3,-6,-3,-5,-3,-3,-3
1564164054346745,-1,-5,-2,-2,0,-1,-1,-1
1564164054346745,-7,11,5,1,-1,1,-2,-3
1564164054361722,-3,-12,-1,2,-2,-3,-1,0
1564164054361722,3,-7,-3,6,5,3,4,2
1564164054363219,0,-3,-23,-13,-8,-5,-3,1
1564164054363219,1,7,3,-5,-5,-4,1,-2
1564164054384216,4,4,-9,-2,1,-2,0,1
1564164054384216,-3,-2,15,4,4,2,1,-4
1564164054385678,1,-3,-10,-1,-2,-2,1,0
1564164054385678,-1,-10,-7,-3,-1,-1,-1,1
1564164054397665,1,11,10,0,-6,-4,0,1
1564164054397665,9,-4,-4,0,-3,-1,-1,0
1564164054407133,1,17,8,3,3,2,0,1
1564164054407133,-2,-18,-8,-3,2,2,-1,-3
1564164054421649,-3,-2,-4,-6,-2,-2,-1,-2
1564164054421649,-1,-8,-10,-3,-1,-2,-2,-2
1564164054423611,2,6,18,6,2,-1,-1,0
1564164054423611,4,6,-11,0,0,1,0,0
1564164054444565,4,9,0,-2,-2,-1,-1,-2
1564164054444565,-6,-4,-2,-4,-4,-2,-1,-2
1564164054446063,-3,1,-4,0,-4,-1,1,0
1564164054446063,-6,-10,-3,-1,0,-3,-3,-3
1564164054458081,2,7,4,1,-1,0,0,3
1564164054458081,-3,-5,1,-7,-5,-5,-5,-1
1564164054467023,-5,-19,-19,-7,-4,-3,-5,-4
1564164054467023,6,12,-6,-2,-3,-4,-2,0
1564164054482005,-3,-11,-1,2,3,0,-1,0
1564164054482005,-3,13,13,4,3,-1,2,-1
1564164054483492,1,-3,5,3,2,2,1,1
1564164054483492,-3,-3,-4,-3,-3,-1,0,-1
1564164054504466,0,8,6,-1,0,1,-1,1
1564164054504466,2,-2,-11,-4,-3,-1,-1,-2
1564164054505986,-3,-3,-3,2,4,2,0,1
1564164054505986,0,0,19,7,-2,-2,2,-1
1564164054517966,-3,-2,-1,-1,-1,1,-1,-4
1564164054517966,0,0,-2,-3,-1,0,1,3
1564164054527412,1,4,2,-2,-2,-2,-1,-1
1564164054527412,-2,-14,-9,-8,-3,-3,-3,-1
1564164054541884,2,13,10,8,-1,0,-2,0
1564164054541884,3,2,-7,-2,3,2,0,2
1564164054543383,-3,-3,2,-3,-3,-3,-3,-2
1564164054543383,2,2,6,2,1,2,1,3
1564164054564342,1,-9,-5,-9,-4,-2,-1,-3
1564164054564342,-8,6,-3,2,-5,-3,-4,-3
1564164054565839,-5,-12,12,3,-2,-2,1,1
1564164054565839,-3,3,-2,3,1,0,-2,-2
1564164054577821,-3,-7,-12,-2,0,0,-1,-1
1564164054577821,1,-6,-7,-4,-2,0,-1,-2
1564164054586801,3,6,6,2,-1,0,0,-1
1564164054586801,-2,-1,-7,-5,-6,-2,-2,0
1564164054601781,-5,-3,-1,3,3,2,1,-4
1564164054601781,-4,-8,6,3,1,0,-1,-1
1564164054603274,3,7,-24,-5,-5,-3,-2,1
1564164054603274,-14,-3,18,6,4,1,-1,-3
1564164054624234,0,-3,-8,-3,0,-1,0,-1
1564164054624234,3,1,2,-1,-3,-3,-1,-1
1564164054625750,5,3,1,-1,-1,-1,2,1
1564164054625750,3,1,-10,-5,-4,-3,1,-1
1564164054638210,-3,-5,15,11,4,1,-1,-1
1564164054638210,-1,0,5,-5,2,1,-1,-1
1564164054646693,1,-3,-4,2,1,2,0,0
1564164054646693,4,9,-5,-3,-4,-1,-2,-1
1564164054669190,-6,-16,-13,-8,-8,-4,-2,-2
1564164054669190,1,-1,3,0,-3,-1,-1,0
1564164054671143,2,2,-2,3,1,-1,-1,-1
1564164054671143,-3,-5,-7,1,5,0,0,3
1564164054684122,-1,6,5,-1,4,2,1,-4
1564164054684122,4,-8,-8,1,-1,-1,-1,1
1564164054686119,-1,7,7,-3,-4,-2,-3,-2
1564164054686119,1,12,15,6,-1,0,0,0
1564164054698095,-2,-8,-9,-6,-1,-1,-3,2
1564164054698095,-16,-15,-22,-3,1,-1,2,-1
1564164054707100,0,0,12,1,-3,-2,0,-1
1564164054707100,-5,-6,-12,-5,-3,-1,0,0
1564164054721551,-1,0,4,-1,-4,-3,-4,-2
1564164054721551,6,14,11,1,-1,-1,-1,0
1564164054723570,-5,-18,-2,-2,0,2,-1,-5
1564164054723570,2,7,-5,2,1,-1,0,-1
1564164054745006,3,5,1,-1,1,0,0,0
1564164054745006,-1,-2,-2,-3,-4,-1,0,2
1564164054746504,1,-1,-8,5,5,0,0,1
1564164054746504,0,6,20,-1,0,-2,-3,-2
1564164054766966,1,-9,-30,-7,-3,-1,-2,1
1564164054766966,0,11,8,0,-2,0,-2,0
1564164054768467,-5,-13,-7,-6,-3,-2,-1,-2
1564164054768467,3,-2,8,4,0,2,0,-1
1564164054781971,4,7,5,1,-1,1,1,0
1564164054781971,-3,-3,0,-1,3,0,-2,-2
1564164054783435,3,11,10,3,1,-2,-3,-1
1564164054783435,-8,-14,-15,-2,-3,-1,-1,-2
1564164054804396,4,4,-7,0,-3,-2,-2,-1
1564164054804396,-13,-10,3,-1,0,-1,1,-3
1564164054805893,2,-2,7,1,1,1,-1,1
1564164054805893,0,2,-3,-3,1,0,-2,-1
1564164054826857,-11,-5,3,3,0,1,0,-4
1564164054826857,8,4,-8,-2,-3,-2,0,1
1564164054828850,-2,-3,1,-4,-2,-1,-1,0
1564164054828850,-3,5,2,1,1,-1,0,-1
1564164054841848,0,-6,-8,-2,-1,-1,-1,-1
1564164054841848,-2,-3,-6,-2,-1,1,1,-1
1564164054843327,-3,8,14,3,0,-1,1,-3
1564164054843327,4,-6,-9,-9,-8,-3,-2,1
1564164054863308,3,7,12,0,-2,-4,-3,2
1564164054863308,3,0,-2,-1,-1,-2,1,-1
1564164054871774,1,-1,-10,-2,0,0,1,0
1564164054871774,0,-2,-6,-1,2,1,1,-3
1564164054886745,-2,-3,-5,-5,-6,-5,-2,-1
1564164054886745,0,0,4,5,-2,-2,-3,1
1564164054888247,-3,5,-1,0,4,2,-1,-1
1564164054888247,2,-8,1,-1,-1,0,0,0
1564164054901728,5,-7,-13,-6,0,1,1,4
1564164054901728,-10,2,1,0,-3,-2,0,0
1564164054903235,6,17,4,-1,-5,1,0,-3
1564164054903235,-9,-28,-13,1,2,-1,0,-2
1564164054924211,-3,1,0,0,-1,1,0,-2
1564164054924211,4,3,6,-1,0,0,-1,1
1564164054926170,4,1,-8,-2,0,-2,-1,2
1564164054926170,5,11,-3,-11,-5,-4,0,1
1564164054946636,-6,-25,-5,1,-3,-3,-2,-1
1564164054946636,5,11,-2,-1,3,2,0,-2
1564164054948629,-7,-1,16,5,2,-2,-1,-2
1564164054948629,6,6,-12,-1,-2,0,-1,-1
1564164054961113,1,0,5,-5,0,-1,-1,-1
1564164054961113,4,-2,2,0,-3,-2,-3,-1
1564164054968096,1,5,-2,-2,0,0,-2,3
1564164054968096,-7,-5,12,8,2,0,-1,-2
1564164054984563,0,7,-7,-2,-3,0,1,-1
1564164054984563,-3,-5,-4,0,2,1,-1,-1
1564164054986060,-6,-5,-4,0,-2,-2,0,-3
1564164054986060,-1,-1,4,0,4,1,0,-2
1564164055007024,2,10,7,1,-1,-1,1,0
1564164055007024,0,-8,-8,-6,-4,-3,-1,-1
1564164055008517,-5,-10,-4,-3,-3,-3,-2,-1
1564164055008517,6,0,-6,-7,-6,-3,-3,0
1564164055021036,4,9,6,3,1,2,-2,-1
1564164055021036,1,2,14,5,1,-1,-2,-1
1564164055028481,-7,-9,-14,-5,-3,-1,0,-2
1564164055028481,-2,-9,-13,-2,-2,-1,-1,-2
1564164055044450,-2,2,13,3,2,2,2,0
1564164055044450,2,-1,-15,-1,3,2,1,2
1564164055045948,3,10,5,-7,-7,-3,-4,-3
1564164055045948,-2,-5,-7,4,0,0,-3,-1
1564164055066909,-2,-10,-4,-1,-4,-4,-3,-3
1564164055066909,-8,-4,-2,-2,-3,1,0,-2
1564164055068407,4,-8,-6,0,-1,-1,2,4
1564164055068407,-10,9,5,3,2,0,1,-3
1564164055081384,-3,2,4,-3,3,-1,-1,-2
1564164055081384,-1,-8,-10,-2,2,1,-1,-3
1564164055095356,-1,-3,-2,-3,-1,-1,0,0
1564164055095356,2,5,1,-5,-5,0,-1,0
1564164055104339,-3,-6,7,7,2,-1,2,2
1564164055104339,0,-2,-2,-4,-3,0,1,-2
1564164055105837,-3,3,-8,2,3,2,1,0
1564164055105837,3,5,5,4,2,0,-1,1
1564164055126858,5,2,4,-5,-7,-3,-5,-2
1564164055126858,-1,-12,-8,-1,-1,-2,-1,1
1564164055128295,0,-6,0,-2,-1,0,-2,1
1564164055128295,-6,-10,4,1,-1,-2,0,-3
1564164055149294,2,2,-22,-6,-2,-2,-1,1
1564164055149294,-1,9,9,3,2,0,-2,-1
1564164055150752,-3,-4,1,2,-2,-1,-2,-2
1564164055150752,1,-2,-7,-6,-4,-1,0,1
1564164055164265,-3,-2,-1,3,2,1,0,2
1564164055164265,0,-5,1,-3,-1,0,0,-3
1564164055165726,-2,-1,-5,-5,-3,-2,1,0
1564164055165726,0,12,11,3,1,-1,-1,0
1564164055186722,-4,1,0,3,4,2,0,-4
1564164055186722,2,2,-13,-4,0,0,1,3
1564164055188682,-6,-5,2,-1,0,-2,-1,-2
1564164055188682,3,-4,-8,-6,-4,-2,2,1
1564164055201161,-7,7,12,2,2,0,1,-2
1564164055201161,1,7,12,6,1,-1,0,0
1564164055208146,0,-2,-8,-1,-3,-1,-1,-3
1564164055208146,0,-6,-4,-7,-1,-3,-1,0
1564164055224618,3,1,-8,1,-1,-1,-2,1
1564164055224618,-3,8,25,-1,-1,-1,-1,1
1564164055226114,-3,-6,4,2,1,0,-1,-2
1564164055226114,-2,-1,-25,-5,-4,-3,-2,-3
1564164055246576,-4,0,-6,-9,0,0,-1,-1
1564164055246576,3,-4,-6,0,-1,-1,-2,0
1564164055248572,1,7,0,2,-1,0,-1,0
1564164055248572,-4,-11,11,0,-3,-2,0,1
1564164055260548,4,12,2,4,2,0,-2,-2
1564164055260548,-3,-15,-11,-6,-3,-1,0,-1
1564164055269531,2,-2,-13,-1,0,0,1,1
1564164055269531,-1,1,19,4,3,0,1,-1
1564164055284503,-5,-4,-1,-6,-1,-1,-1,0
1564164055284503,4,9,-3,3,2,0,-1,-1
1564164055286024,-1,-4,0,-3,-1,-1,-3,0
1564164055286024,0,7,7,5,1,-1,0,0
1564164055306985,-8,-11,-6,1,1,-1,1,-3
1564164055306985,-3,-2,-1,-9,-6,-4,-3,2
1564164055308463,4,0,2,0,0,1,-1,-3
1564164055308463,2,1,-13,-1,-3,-1,-3,0
1564164055320443,1,4,16,-2,-6,-3,-1,0
1564164055320443,0,-2,7,11,5,1,0,1
1564164055329421,-10,-13,-10,-5,-3,-2,0,-4
1564164055329421,1,-4,-6,-6,-1,1,-1,0
1564164055344392,-14,2,6,4,1,-1,0,-1
1564164055344392,5,-4,-9,-7,-4,-3,-1,-2
1564164055345894,1,6,1,6,1,-3,-3,1
1564164055345894,-3,0,19,9,5,3,-2,-2
1564164055374377,1,-7,-18,-10,-8,-3,-1,-1
1564164055374377,-3,-1,-5,-5,-6,-4,-2,0
1564164055375838,-4,-3,-5,1,6,4,-1,-1
1564164055375838,-2,6,9,-1,-1,-1,-1,-1
1564164055380329,4,-8,-8,2,0,-1,-1,1
1564164055380329,-7,-2,-1,-4,-2,-2,-1,-3
1564164055389332,5,3,5,-2,-4,-1,-1,0
1564164055389332,0,9,-10,-1,-3,-1,-2,0
1564164055404281,5,4,9,5,3,1,1,1
1564164055404281,-3,-12,-8,-3,0,0,0,-4
1564164055405778,-1,-8,5,0,-4,-1,-2,1
1564164055405778,-1,5,6,-3,-2,0,-1,1
1564164055426741,1,-2,-5,-1,1,2,-1,-1
1564164055426741,3,9,-1,2,3,0,2,0
1564164055428238,-1,2,7,-2,-4,-2,0,-1
1564164055428238,-2,-6,-6,0,1,0,2,-1
1564164055440213,-15,-9,4,-2,-5,-1,1,-2
1564164055440213,0,5,-12,-7,-4,-3,-5,-3
1564164055449202,4,-1,6,9,4,0,0,1
1564164055449202,-3,-6,-3,-3,-2,-1,2,-1
1564164055464189,5,-4,8,1,2,2,0,-1
1564164055464189,-3,4,3,2,-1,-1,-2,-2
1564164055465671,1,-2,-13,-6,-5,-2,0,1
1564164055465671,-1,-7,5,2,0,-2,0,-1
1564164055486670,-3,0,-11,-8,-5,-2,0,-2
1564164055486670,2,3,7,-1,-3,-1,1,0
1564164055488624,2,5,3,-4,-1,-1,1,1
1564164055488624,0,-3,-2,4,0,0,-3,-6
1564164055500626,3,-5,-9,-5,-3,-1,-1,-1
1564164055500626,-2,0,3,7,4,1,-1,-3
1564164055509608,-2,9,-1,-3,-3,-2,-2,-2
1564164055509608,-1,1,10,3,-1,-1,1,1
1564164055524566,-2,-1,-3,-5,-1,-2,-2,1
1564164055524566,0,-9,-8,0,-4,0,1,1
1564164055526067,2,12,0,-1,2,1,0,-1
1564164055526067,12,10,-5,-3,-1,-4,-4,1
1564164055547017,-11,-6,4,4,1,-1,0,-4
1564164055547017,0,11,16,-3,-3,0,1,1
1564164055548515,-10,-23,-19,-6,-5,-3,-1,-2
1564164055548515,-1,-11,-6,0,-2,0,0,1
1564164055560495,13,18,2,-1,0,0,0,3
1564164055560495,-5,-9,4,3,-2,-1,-3,-2
1564164055576967,1,7,-5,-8,-4,-1,0,0
1564164055576967,-8,-9,-13,-7,-3,-2,0,-2
1564164055584456,1,-4,-1,-1,0,0,-4,1
1564164055584456,-1,3,1,3,2,1,0,-2
1564164055585946,2,0,7,1,0,-1,-2,-2
1564164055585946,-2,-3,-11,-5,-3,-1,0,0
1564164055606904,0,5,5,1,0,-2,-1,0
1564164055606904,0,-8,1,3,0,0,-1,-1
1564164055608424,-2,0,-7,0,5,1,1,-1
1564164055608424,-3,3,1,-5,0,-1,0,1
1564164055620420,-3,-4,-1,-3,-3,-1,0,-7
1564164055620420,1,11,6,4,1,-2,-1,1
1564164055629366,-2,-7,-5,1,-2,-1,-2,-2
1564164055629366,2,7,12,-1,1,2,0,0
1564164055644335,-7,-9,-16,-4,-1,-2,0,1
1564164055644335,-2,-13,-8,-3,-2,0,-1,-2
1564164055645832,-8,-1,9,-4,-3,-2,1,-4
1564164055645832,0,3,2,-1,-3,-3,-2,-2
1564164055666798,0,0,-13,0,-2,-1,-1,1
1564164055666798,3,2,0,0,2,0,1,-1
1564164055668295,4,2,8,6,0,-1,0,1
1564164055668295,-5,-8,-12,-2,-2,-2,-3,-3
1564164055680309,-1,-6,6,5,4,2,1,0
1564164055680309,3,1,-1,-2,0,-1,-1,1
1564164055689254,4,4,5,-3,-1,-2,1,0
1564164055689254,0,-2,-7,1,-1,-3,-2,0
1564164055704227,3,4,3,0,-1,-2,-1,-3
1564164055704227,-5,-9,-10,-1,-1,0,-1,0
1564164055711213,-1,1,12,-5,-3,-1,-2,0
1564164055711213,-4,-15,-12,-2,1,1,-1,-2
1564164055726181,8,13,-5,-5,-4,-4,-1,3
1564164055726181,-5,-5,14,9,2,1,0,-1
1564164055726681,3,7,-4,0,5,3,1,1
1564164055726681,-3,11,10,-4,-2,-1,0,-1
1564164055748644,-2,-17,-21,-6,-5,-4,-4,-2
1564164055748644,3,11,10,-2,-3,-4,0,1
1564164055749139,-2,-8,-12,3,-1,0,-1,-2
1564164055749139,-1,5,8,1,6,3,2,-1
1564164055766607,2,3,12,4,1,1,1,0
1564164055766607,0,11,11,2,0,-1,0,-1
1564164055766607,-3,-18,-31,-6,-6,-6,-1,1
1564164055766607,-7,4,1,0,-1,-2,-2,-3
1564164055786071,-4,2,12,1,0,1,1,-2
1564164055786071,0,-5,-8,-2,-2,1,0,-3
1564164055787070,-1,-11,-6,-3,-1,1,-1,-2
1564164055787070,0,2,6,4,0,0,-2,-2
1564164055808548,-10,-2,2,5,3,-2,1,-3
1564164055808548,2,6,-2,-8,-2,-2,1,1
1564164055809527,-1,-1,6,1,0,1,-1,-3
1564164055809527,1,-3,-6,-3,-2,-2,-1,-2
1564164055823541,3,8,10,1,-2,-2,-1,1
1564164055823541,-3,-11,-11,-4,-1,0,0,-1
1564164055824503,-4,-6,-4,3,3,1,-1,-1
1564164055824503,1,-3,6,-1,-6,-2,-2,1
1564164055854465,1,8,2,-1,0,-1,-2,-2
1564164055854465,0,-12,-18,-3,-8,-4,-3,-2
1564164055854945,-8,2,3,-5,0,-2,-1,-2
1564164055854945,0,3,5,3,1,2,2,2
1564164055868455,1,-14,-26,-9,-4,-2,-2,1
1564164055868455,1,1,0,-4,-1,-3,-2,-1
1564164055869436,5,0,3,6,1,-2,-1,-1
1564164055869436,-2,3,2,1,0,0,0,0
1564164055883429,0,0,8,4,3,1,0,3
1564164055883429,3,6,-6,-6,-3,1,1,-2
1564164055884392,0,3,5,1,-1,1,-1,0
1564164055884392,2,-1,-2,3,3,-2,2,-1
1564164055905885,-2,-8,3,-2,-3,-2,-4,-3
1564164055905885,5,-3,-27,-5,-3,-2,-1,2
1564164055906866,-4,-10,0,-1,-1,1,-2,-2
1564164055906866,8,11,2,-2,-3,1,1,0
1564164055929304,-2,7,0,5,1,1,-3,-4
1564164055929304,1,4,8,-2,0,1,-1,0
1564164055929807,-4,-17,-11,-7,-4,-3,-1,-1
1564164055929807,-4,-6,-13,2,-2,-2,-4,-3
1564164055943778,12,6,-2,-6,-4,-2,0,2
1564164055943778,-7,1,9,2,-3,-2,-2,-3
1564164055944280,3,5,-1,3,1,0,1,1
1564164055944280,-3,-6,7,-2,3,2,0,-3
1564164055966298,-1,1,-2,-8,-3,0,-1,-1
1564164055966298,-3,-4,-4,4,4,0,-1,-2
1564164055966735,1,9,-1,1,-2,-2,2,-2
1564164055966735,1,-8,5,2,2,-1,-1,-1
1564164055988756,-10,0,-2,-3,-1,1,1,-2
1564164055988756,-5,-15,-15,-1,-4,0,0,0
1564164055989694,1,10,18,-3,-3,-3,-1,1
1564164055989694,0,-4,-12,2,-3,-2,0,-2
1564164056003706,2,8,6,-3,-1,-2,-1,1
1564164056003706,-7,-6,-5,1,1,0,-2,-1
1564164056004666,3,-8,-1,0,2,1,-2,0
1564164056004666,-6,1,-2,0,0,1,-1,-1
1564164056026135,-5,-7,-9,-4,-2,-1,-3,-2
1564164056026135,-10,2,15,7,2,-1,-1,-5
1564164056027126,3,9,-7,-6,-6,-2,0,-1
1564164056027126,-3,-14,5,-2,-3,-1,-1,0
1564164056048584,3,13,3,8,6,3,3,1
1564164056048584,4,-6,-9,-4,-3,-4,-5,1
1564164056049583,0,15,13,2,1,0,-1,0
1564164056049583,-9,-17,-8,-3,-3,-1,0,-1
1564164056063557,-5,-12,-8,-1,-3,-3,0,-1
1564164056063557,5,7,10,3,-1,1,2,1
1564164056064555,-1,4,-5,1,3,3,1,-1
1564164056064555,1,0,-10,-9,-5,-3,-1,1
1564164056086513,-1,-2,3,-2,0,1,-1,-2
1564164056086513,-5,-9,4,-2,1,1,1,0
1564164056087519,0,-6,-1,1,-3,-1,0,1
1564164056087519,7,18,-6,-3,-3,-4,-2,2
1564164056108533,0,0,8,6,2,1,1,-6
1564164056108533,4,0,0,-1,2,1,2,-1
1564164056109472,-4,-5,6,2,-1,-3,0,-2
1564164056109472,4,9,1,0,0,-1,0,2
1564164056123446,-2,-7,-2,-2,-4,-5,-4,0
1564164056123446,4,-1,-1,4,-1,-2,-1,2
1564164056124443,-4,4,-8,-5,0,-1,-2,-1
1564164056124443,-1,0,2,-4,-2,-1,-3,-2
1564164056146403,1,1,10,2,-1,-1,-2,0
1564164056146403,-14,6,7,-1,-3,-1,0,-4
1564164056146902,0,-4,-9,3,2,2,0,-2
1564164056146902,0,-9,-16,-4,2,0,-1,-3
1564164056169366,-7,3,8,-2,0,0,0,-1
1564164056169366,4,-5,-10,-7,-3,-3,-2,1
1564164056170378,-3,-5,9,8,2,-1,-3,-1
1564164056170378,-5,2,10,-1,-1,-1,-1,-3
1564164056183842,3,-7,-15,-1,3,1,1,0
1564164056183842,-2,3,2,-6,-3,-3,-1,0
1564164056184340,-3,-8,-17,-8,-7,-4,-1,-2
1564164056184340,7,1,-2,4,1,-1,1,2
1564164056206791,-4,-3,2,6,0,-2,-2,-2
1564164056206791,0,2,2,0,5,3,2,3
1564164056207298,0,-6,1,-1,0,-1,0,-2
1564164056207298,-3,2,-3,-2,-3,0,1,-1
1564164056229286,0,-20,-13,-5,-1,2,1,0
1564164056229286,5,22,13,6,1,-1,-1,0
1564164056230248,-3,-3,8,-2,-5,-4,-3,0
1564164056230248,0,3,8,3,0,-1,-3,1
1564164056243722,-4,-9,-14,-10,-4,-2,-2,-4
1564164056243722,3,-2,-3,1,0,-1,0,-2
1564164056244721,-9,-3,-6,-6,0,1,0,0
1564164056244721,1,-3,-4,-3,-5,-1,-2,-1
1564164056266180,4,16,13,7,4,1,-1,1
1564164056266180,1,-1,2,-1,0,-3,-1,1
1564164056266680,9,-2,-14,-4,-2,-2,-2,1
1564164056266680,-10,-12,-3,-2,0,-1,-1,-3
1564164056289141,-6,0,-2,0,0,-1,0,0
1564164056289141,2,-1,4,3,-1,-1,-3,-3
1564164056290138,-1,-8,6,1,-1,-2,0,-2
1564164056290138,7,16,-5,-8,-4,-3,-3,1
1564164056303113,4,-7,-6,2,1,0,0,2
1564164056303113,-8,-5,-12,-8,-6,-4,-2,-4
1564164056311119,-2,3,6,-2,2,2,-1,-1
1564164056311119,-2,-10,-2,5,6,3,2,-1
1564164056326067,-1,-10,-4,-4,-6,-2,1,0
1564164056326067,4,20,1,-2,-4,-2,1,1
1564164056327066,-2,5,4,1,-1,-2,0,-2
1564164056327066,0,-4,-6,-1,-2,-2,-1,0
1564164056349537,0,16,6,1,4,1,-1,0
1564164056349537,-6,-31,-10,-5,-1,1,0,-4
1564164056350028,5,3,-4,-4,-2,-1,1,-2
1564164056350028,0,-1,8,0,-2,0,-1,-2
1564164056363044,4,5,9,7,0,-2,-2,1
1564164056363044,2,9,-4,1,5,2,0,1
1564164056371024,-2,1,14,6,0,-4,-3,1
1564164056371024,-2,-14,-27,-10,-1,-1,0,-1
1564164056385997,9,12,14,-4,-5,-3,-2,0
1564164056385997,-2,-20,-28,-9,-6,-2,-2,-2
1564164056386978,-1,-1,-4,3,2,2,0,0
1564164056386978,-2,7,30,10,2,-1,-2,-2
1564164056409938,-2,-7,-19,-8,-3,-2,-3,-1
1564164056409938,5,7,18,1,-2,0,0,3
1564164056410412,2,5,-2,-2,-2,0,0,-2
1564164056410412,0,0,0,3,6,3,2,-1
1564164056422927,-3,-1,-1,-2,-2,-2,-2,-3
1564164056422927,-4,1,14,0,-3,-1,-1,-3
1564164056431375,-2,-3,-20,-3,2,0,-1,4
1564164056431375,-2,-7,2,3,1,0,2,-5
1564164056446346,2,12,9,3,-1,0,1,-2
1564164056446346,-1,2,-1,3,1,0,1,1
1564164056446843,-1,-6,0,-4,-6,-1,-1,-1
1564164056446843,2,-4,0,-2,-3,-2,-1,1
1564164056469302,-2,2,-1,2,-1,-2,-1,0
1564164056469302,-2,-6,-11,-7,-2,-1,-1,-2
1564164056470301,0,7,4,5,5,4,1,-1
1564164056470301,-6,-3,0,-2,-5,-2,-4,-2
1564164056483281,2,-8,-15,0,0,0,-1,0
1564164056483281,-7,10,0,-8,-2,-1,-2,-2
1564164056491265,3,-3,-2,-6,-2,0,-1,2
1564164056491265,12,2,-11,-3,-2,-1,-1,2
1564164056506239,-12,-11,4,9,3,2,0,-3
1564164056506239,2,-6,-5,1,2,-1,-2,-1
1564164056506735,-4,-6,3,0,-3,-1,-1,-2
1564164056506735,4,16,16,-2,-1,-1,-1,-1
1564164056529234,-2,-5,-15,-7,-4,-2,-2,-3
1564164056529234,1,-5,-4,1,2,-1,-2,0
1564164056529690,-3,5,9,-1,0,-2,-3,-1
1564164056529690,-4,-3,-5,1,-4,-1,-1,-3
1564164056543168,2,-6,0,-2,3,2,1,0
1564164056543168,-1,7,-3,-5,-1,1,1,1
1564164056551230,0,-3,-5,-3,-3,-5,-2,-1
1564164056551230,-5,-5,0,1,0,-3,-2,1
1564164056566208,0,1,10,4,1,-1,-1,-2
1564164056566208,0,-1,-2,2,-2,-2,-1,-2
1564164056567165,1,4,-1,-5,-2,1,-1,0
1564164056567165,0,1,-1,-4,-1,-1,1,2
1564164056589158,-3,-14,-20,-8,-4,-4,-2,-2
1564164056589158,-4,0,6,2,-1,-1,-1,-1
1564164056590127,-1,-6,-9,-3,-1,-2,-1,-2
1564164056590127,-2,1,-2,-4,-4,-3,-3,-2
1564164056603102,-4,-4,-1,-1,-1,0,-2,0
1564164056603102,3,-1,7,7,5,2,1,-2
1564164056611112,7,8,3,2,2,0,-1,-1
1564164056611112,-6,-1,5,-4,1,-1,1,-2
1564164056626090,2,3,2,1,-2,-1,0,2
1564164056626090,0,-6,-8,-3,0,1,0,0
1564164056627056,1,-5,-6,2,-1,0,0,0
1564164056627056,-2,7,0,-5,-4,0,-1,0
1564164056649597,-3,-5,-9,-2,-2,-2,-3,0
1564164056649597,-1,1,9,-1,-2,1,0,-1
1564164056650091,0,-3,1,0,0,-1,0,-2
1564164056650091,-3,-3,-5,-1,-1,-2,0,-1
1564164056672050,1,7,3,-3,1,1,1,1
1564164056672050,2,2,7,2,-1,-1,-2,-1
1564164056673048,0,-3,2,-2,-5,-2,1,-1
1564164056673048,-6,-9,-27,-1,3,1,-1,1
1564164056687523,-2,-6,18,-3,-2,-2,-1,-2
1564164056687523,3,10,-8,-2,-2,-2,-1,0
1564164056688520,-1,5,4,3,4,0,-1,-2
1564164056688520,0,-6,2,3,0,-2,-1,-2
1564164056709478,-1,0,1,-2,-1,-1,-1,-3
1564164056709478,-2,-4,-6,-6,-4,-2,0,1
1564164056709977,-3,-7,-7,-5,-3,-4,-2,-3
1564164056709977,-1,-3,-3,3,3,3,-1,-3
1564164056731937,7,16,9,5,3,3,2,0
1564164056731937,8,-3,0,-1,-1,-3,-2,1
1564164056732436,-6,-4,-5,-1,-3,-2,0,-2
1564164056732436,-6,-7,18,5,4,2,0,0
1564164056745947,-4,9,-13,-9,-6,-4,-3,-3
1564164056745947,0,-1,0,2,-1,-1,-2,0
1564164056746910,4,1,-8,-3,-3,-1,-2,4
1564164056746910,2,7,5,-1,-4,-2,-3,0
1564164056769410,1,-9,4,3,0,0,0,2
1564164056769410,-9,-16,-24,-3,-2,-2,-2,-4
1564164056770367,4,9,18,4,1,0,0,-1
1564164056770367,-2,1,-4,-1,-2,1,1,0
1564164056791864,3,10,11,5,2,1,1,3
1564164056791864,-10,-21,-18,-9,-6,-2,-3,-1
1564164056792824,3,6,-4,-1,-2,-1,0,2
1564164056792824,3,0,-5,-5,0,-2,0,-1
1564164056814317,2,3,-2,0,-6,-5,-4,1
1564164056814317,-3,-6,4,2,6,3,1,-5
1564164056815282,-5,0,2,3,1,1,-3,-1
1564164056815282,-3,-16,0,2,-1,0,0,-1
1564164056829295,-2,8,4,1,1,0,0,-3
1564164056829295,2,8,5,0,-3,-1,2,4
1564164056830254,0,-2,-8,0,0,-1,0,-3
1564164056830254,-6,-1,4,-6,-6,-2,-3,-3
1564164056851751,0,-6,-2,2,1,-1,1,1
1564164056851751,-1,5,3,2,5,2,0,1
1564164056852712,-6,-1,14,5,2,2,2,-1
1564164056852712,-1,0,-16,-5,-1,-2,1,0
1564164056866219,-8,-9,-3,-7,-6,-2,0,-2
1564164056866219,3,12,10,-1,-4,-1,-1,-1
1564164056866688,-5,-14,-15,-7,-3,-3,-2,-2
1564164056866688,5,2,6,5,1,-1,0,0
1564164056896663,0,-3,2,1,1,-1,1,0
1564164056896663,-6,-10,-9,-6,-2,-4,-5,-3
1564164056897636,4,10,8,2,0,0,-2,0
1564164056897636,4,-1,9,2,1,1,-2,0
1564164056912103,-5,-6,-12,-8,-1,0,0,-1
1564164056912103,2,-6,7,5,-1,-1,1,-1
1564164056912602,-4,10,3,-4,-1,-2,-3,-2
1564164056912602,-4,-8,-15,-10,-4,-4,-3,-3
1564164056926114,2,-4,4,5,0,-1,-3,0
1564164056926114,0,9,14,6,1,0,0,0
1564164056927074,0,-5,-7,-5,-2,0,0,0
1564164056927074,5,10,-3,3,2,2,3,3
1564164056949532,-15,-9,1,-4,-2,-2,-1,-1
1564164056949532,-3,-3,2,0,-2,-3,0,-1
1564164056950032,-2,2,-11,-1,-1,-1,1,1
1564164056950032,-3,-4,1,3,0,-3,-1,-1
1564164056971991,1,-9,-20,-7,-1,-1,-4,1
1564164056971991,-4,-3,-1,0,-1,1,-2,-2
1564164056972500,3,4,5,2,0,0,-1,2
1564164056972500,-5,-5,-7,1,-2,-1,-2,-2
1564164056985964,-4,-2,0,-4,-6,-3,-1,-3
1564164056985964,2,9,1,4,7,2,1,-2
1564164056986965,0,-1,8,0,2,1,1,1
1564164056986965,-3,-2,3,4,0,0,-1,-4
1564164057009427,4,1,-11,-10,-3,-1,-2,-2
1564164057009427,-4,-5,-2,0,-1,-2,-2,-2
1564164057009920,-1,2,1,5,0,0,1,-2
1564164057009920,3,4,10,-3,1,1,0,2
1564164057039366,0,-5,-9,4,2,1,1,-2
1564164057039366,2,2,4,-5,-4,-2,0,1
1564164057039865,-3,-8,-4,0,-1,-1,-3,0
1564164057039865,2,9,-7,-3,1,-1,-1,2
1564164057045861,14,4,14,2,1,0,0,-3
1564164057045861,5,9,0,1,0,0,0,3
1564164057046852,-7,-16,-5,-5,1,1,-1,-3
1564164057046852,0,-6,0,-1,-4,-3,0,1
1564164057069317,-2,1,-3,1,3,-1,-1,0
1564164057069317,2,1,3,1,-1,-1,-2,-2
1564164057070309,-1,1,-5,-1,-3,-2,-1,-2
1564164057070309,1,-2,4,2,0,-2,-1,-1
1564164057092272,-1,3,1,-5,1,0,3,2
1564164057092272,1,-6,1,1,0,1,3,-1
1564164057093265,-7,-6,-22,-6,-4,-1,-1,-4
1564164057093265,3,2,-1,-1,0,1,-1,-1
1564164057105744,-3,4,8,5,-3,0,0,-1
1564164057105744,-2,7,-1,-4,0,-1,-1,-1
1564164057114226,4,4,7,5,-1,0,1,1
1564164057114226,-1,-7,-8,-2,-1,0,-1,0
1564164057129199,-6,-5,5,0,-3,-2,-2,-3
1564164057129199,-1,-2,-10,-4,0,-1,2,2
1564164057131195,1,-4,-2,-2,-5,-5,-2,0
1564164057131195,4,3,13,4,3,2,1,0
1564164057151656,3,-4,-20,-7,-2,-1,-4,-1
1564164057151656,-11,-5,0,3,-3,-2,-1,-3
1564164057153154,-1,-3,-6,-4,-1,-2,-2,-1
1564164057153154,-1,-15,-10,-5,-2,0,-1,1
1564164057165630,7,19,13,6,4,2,-2,0
1564164057165630,0,0,-10,-7,-5,-3,-2,0
1564164057174616,-5,-6,-2,-2,2,0,-2,-4
1564164057174616,1,3,5,0,0,0,-1,-1
1564164057189086,-2,-1,1,1,-2,2,1,0
1564164057189086,0,-4,-7,-5,-1,-1,-1,1
1564164057191082,7,15,20,2,-1,0,-2,2
1564164057191082,-7,-9,-9,-3,1,1,2,-5
1564164057212546,0,5,6,5,4,0,1,2
1564164057212546,1,-3,-1,2,1,-1,0,0
1564164057213544,-4,-14,1,-6,-5,-4,-1,-3
1564164057213544,2,22,-3,2,-2,-3,-2,-1
1564164057225519,-4,-8,-5,-3,-1,1,1,-3
1564164057225519,-5,-8,-2,-1,-2,0,-2,-2
1564164057241988,0,0,3,2,0,1,0,0
1564164057241988,-1,-7,-7,-6,-4,-1,0,2
1564164057248975,-10,6,6,2,0,-2,-3,-4
1564164057248975,0,-3,-6,-1,-4,-1,-1,-2
1564164057250972,-6,-4,3,-1,0,0,1,-1
1564164057250972,3,0,-13,-4,-3,-2,-1,-1
1564164057271942,2,0,8,0,-5,-2,-2,2
1564164057271942,-5,-3,-8,-8,-1,-1,-4,-4
1564164057273433,-1,-5,-11,-2,1,-2,-2,-1
1564164057273433,1,6,11,3,0,-2,-1,-2
1564164057285427,2,-9,-21,-6,-3,-3,1,0
1564164057285427,-2,-4,10,6,4,3,0,-2
1564164057294891,0,9,-6,-3,-3,-2,-1,2
1564164057294891,0,-2,6,0,-3,1,-1,-7
1564164057316891,-4,-9,-3,2,2,-4,0,0
1564164057316891,1,13,-2,-4,-1,-1,1,0
1564164057318350,1,-7,4,5,2,0,-2,-1
1564164057318350,-3,-2,6,1,1,-2,-3,0
1564164057331857,-1,6,1,-1,-2,-1,-1,-1
1564164057331857,9,0,-1,-3,-1,0,-1,2
1564164057333318,6,11,-5,-6,-6,-2,0,0
1564164057333318,-9,-9,8,5,2,1,-1,0
1564164057345798,8,-3,-6,-4,-1,-1,-2,1
1564164057345798,-14,-16,-6,-6,-5,-7,-3,-2
1564164057354299,3,5,1,4,1,2,0,1
1564164057354299,3,7,3,2,0,0,-2,2
1564164057369753,-3,-8,-3,-2,-3,-1,-2,-2
1564164057369753,3,1,3,3,2,-1,1,0
1564164057371248,-6,-2,-22,-14,-8,-3,-2,-2
1564164057371248,0,-2,-1,1,2,2,-1,1
1564164057391711,0,2,3,4,5,2,-1,1
1564164057391711,-1,-1,2,-3,-5,-1,-1,-2
1564164057393206,-6,-5,-6,-1,0,-2,-1,-4
1564164057393206,2,5,-10,-5,-4,0,1,0
1564164057405688,0,3,5,-3,-4,-2,0,-1
1564164057405688,-3,-8,7,8,3,-2,-1,-1
1564164057414169,8,10,0,-2,-3,-2,0,1
1564164057414169,-6,-11,-9,-3,-1,-1,-1,0
1564164057429178,0,4,1,-1,-2,-1,-2,1
1564164057429178,0,0,-1,-1,-1,-1,-1,-1
1564164057430637,9,2,6,2,2,1,-1,1
1564164057430637,0,2,-4,-3,-2,-1,-2,-2
1564164057451635,-5,-9,-9,-1,-2,-1,0,0
1564164057451635,2,8,13,6,0,1,0,-4
1564164057453609,-6,-24,-14,-2,1,0,-2,-1
1564164057453609,-3,10,12,5,-1,-1,0,-2
1564164057465572,5,2,-4,-7,-3,-1,-1,1
1564164057465572,-6,3,8,7,2,-1,-2,0
1564164057474558,-7,-10,-8,-2,8,3,1,0
1564164057474558,0,0,14,3,1,0,-2,-3
1564164057489529,-6,-5,-4,0,-4,0,0,-1
1564164057489529,5,-3,-13,-8,-7,-5,-4,1
1564164057491027,-2,-3,10,7,4,1,0,0
1564164057491027,-1,8,-6,0,-1,-1,1,1
1564164057511987,-2,-4,8,2,0,0,-1,-1
1564164057511987,0,1,-6,-2,-1,1,2,0
1564164057513487,-6,-7,-5,-7,-5,-2,3,-4
1564164057513487,-2,2,-1,-6,1,-2,-1,0
1564164057525462,-2,-1,-3,-4,-4,-4,-2,-3
1564164057525462,0,2,-5,0,1,-3,0,0
1564164057534447,1,-2,8,3,-3,-1,-2,-2
1564164057534447,3,2,-4,0,0,-2,1,1
1564164057549417,-10,-15,-5,0,0,-1,-1,-4
1564164057549417,1,-1,4,6,1,0,-2,1
1564164057550917,7,9,-1,2,0,0,0,2
1564164057550917,-9,-14,-6,-4,-5,0,-2,-3
1564164057571876,-2,7,-4,-3,3,1,-1,0
1564164057571876,0,-9,-20,-8,-2,-1,0,0
1564164057573375,-1,10,20,10,-1,2,0,1
1564164057573375,7,-11,-13,-4,2,0,1,1
1564164057585360,-1,-3,0,0,1,-1,-1,2
1564164057585360,2,9,2,-1,-4,0,-1,-4
1564164057594343,0,3,-7,-2,0,0,-1,-1
1564164057594343,-2,-4,-8,-4,-5,-3,-1,-1
1564164057609339,6,5,5,-3,-2,-1,1,0
1564164057609339,0,9,1,0,1,-1,-1,-1
1564164057610804,-7,-21,-5,-5,-4,-3,-2,0
1564164057610804,-3,-3,4,1,0,-1,0,-2
1564164057631825,2,-3,-9,1,2,1,0,0
1564164057631825,2,2,9,3,3,2,1,2
1564164057633262,1,1,3,1,-3,-4,0,-1
1564164057633262,-12,0,0,-3,-3,-1,-1,-2
1564164057654262,-2,-4,-18,-4,-2,-1,0,-3
1564164057654262,0,-8,-4,-4,2,2,1,-1
1564164057655753,-1,5,5,-4,-3,-1,0,0
1564164057655753,-1,-6,9,3,-1,-3,-2,-2
1564164057669197,4,13,-13,-8,-6,-4,-1,2
1564164057669197,-4,-7,0,-2,-4,-3,-2,1
1564164057671192,0,1,-5,2,3,3,1,-2
1564164057671192,4,6,6,2,5,2,1,3
1564164057691713,-5,-9,-2,-4,-2,-1,-1,-6
1564164057691713,2,6,12,6,-1,-2,-1,0
1564164057693651,6,3,-10,-6,-5,-4,-1,0
1564164057693651,-2,-4,-5,-1,-1,0,-2,-2
1564164057722096,-6,-7,10,5,1,0,-1,-1
1564164057722096,1,1,-14,-5,-5,-2,-2,-2
1564164057723594,-2,-4,17,2,1,-1,-4,-1
1564164057723594,-2,4,-5,-1,-5,-2,-2,-1
1564164057729584,0,-1,7,3,5,2,3,2
1564164057729584,3,5,-9,-5,0,-1,1,1
1564164057731080,-13,-15,-8,0,0,2,1,-1
1564164057731080,2,9,3,0,0,0,-1,-1
1564164057752042,-3,-6,-4,-1,-4,-2,-2,-3
1564164057752042,0,3,8,2,-2,-2,0,-3
1564164057753541,-5,0,8,-2,-1,0,0,-2
1564164057753541,-4,-7,-23,-4,0,-1,-3,0
1564164057774510,-1,-1,8,4,-2,-1,-2,-2
1564164057774510,1,-3,-5,-1,1,0,-1,0
1564164057776004,4,15,21,3,2,1,2,0
1564164057776004,-2,-14,-9,-3,-7,-4,-1,-2
1564164057788474,4,-3,-7,-8,-5,-5,-3,0
1564164057788474,-6,7,2,-5,-4,-1,1,-1
1564164057795461,3,-1,-10,0,5,1,-1,-1
1564164057795461,2,0,10,2,0,0,1,1
1564164057811951,3,-1,-8,-1,-4,-2,-1,-1
1564164057811951,-2,-1,-1,-1,-3,0,0,-1
1564164057813428,-2,1,-1,-1,-8,-5,-4,-2
1564164057813428,-15,6,-3,-5,3,1,2,-2
1564164057834421,-5,-7,-7,7,3,-1,-1,-2
1564164057834421,-4,-5,21,-2,-3,0,2,-1
1564164057835887,1,6,-13,-4,-1,-1,-1,-1
1564164057835887,9,4,2,-1,-7,-5,-4,0
1564164057848861,0,6,5,-1,-1,-1,-1,0
1564164057848861,-6,-3,1,-3,2,1,-1,-2
1564164057855388,4,-19,-28,-2,-2,-3,0,1
1564164057855388,7,10,9,-5,-3,-1,1,0
1564164057872379,-14,2,16,4,4,0,0,-4
1564164057872379,3,-7,-21,-8,-1,-3,-3,-1
1564164057873823,6,-16,2,4,-3,2,0,3
1564164057873823,-24,9,-10,-4,14,3,4,-2
1564164057894277,-10,-18,1,-21,-21,-6,-2,-1
1564164057894277,-6,10,5,24,4,-1,0,-2
1564164057895776,0,-7,-5,1,3,1,-4,-6
1564164057895776,2,-10,1,-6,-3,-1,-4,-4
1564164057908751,-1,13,5,1,0,0,-3,-5
1564164057908751,20,9,-3,-7,-6,1,7,12
1564164057915272,-18,3,0,-3,-7,-4,-1,0
1564164057915272,7,-16,-7,-1,-5,-6,-5,-4
1564164057931706,-37,-10,-9,-3,4,0,-3,-9
1564164057931706,13,5,19,-4,-8,-4,-3,-3
1564164057933206,-11,12,-2,8,9,2,3,2
1564164057933206,8,-10,8,-1,1,4,13,2
1564164057954165,0,3,-12,-1,-4,1,-4,2
1564164057954165,-4,-10,-8,1,5,3,-4,-3
1564164057955662,13,17,15,8,2,2,-3,8
1564164057955662,18,1,-3,2,-1,-4,-2,5
1564164057968638,-15,-10,-3,-14,-3,-5,3,-9
1564164057968638,3,-3,-3,16,5,-1,-8,-10
1564164057975624,-22,-1,-9,-14,-1,-5,-7,-15
1564164057975624,-34,-21,2,7,-8,-8,-12,-8
1564164057991635,13,-1,-9,-3,-5,-4,3,11
1564164057991635,31,-2,-9,-24,-6,-3,1,4
1564164057993592,-28,-1,8,10,0,5,5,2
1564164057993592,40,7,-2,0,0,3,7,14
1564164058014054,24,10,8,9,6,1,-6,-3
1564164058014054,-45,-21,-11,-5,-1,-2,-9,-5
1564164058016049,10,24,7,-6,-4,3,10,-6
1564164058016049,15,-20,-8,1,1,2,0,-4
1564164058028028,-43,-6,8,6,-1,0,3,-8
1564164058028028,30,-5,-2,1,-3,-7,-5,9
1564164058037014,10,11,12,-2,2,-4,-6,0
1564164058037014,-16,6,-17,-4,6,10,19,10
1564164058051983,65,28,19,14,1,7,18,19
1564164058051983,16,-5,-6,-6,-5,-4,-14,-7
1564164058053485,-61,-10,-8,-7,-6,-6,3,-11
1564164058053485,-26,-18,25,6,-3,-7,-26,-20
1564164058074441,5,-5,-30,-37,-14,-10,-7,-7
1564164058074441,6,5,4,18,3,6,26,19
1564164058075939,47,1,-4,-19,-5,1,-4,18
1564164058075939,-15,4,-14,7,1,0,0,-16
1564164058088917,-4,-10,-2,-8,1,0,-10,10
1564164058088917,25,15,0,3,7,-3,-8,-3
1564164058095441,-29,1,-2,0,1,1,7,-5
1564164058095441,-25,-15,-4,-3,-9,-11,-16,-15
1564164058111876,-10,-1,8,14,1,-5,-9,-17
1564164058111876,25,18,-1,-10,-3,-2,-1,-6
1564164058113370,6,-15,0,-2,-4,3,4,15
1564164058113370,33,5,5,-6,1,10,10,25
1564164058134329,15,2,3,10,7,8,8,15
1564164058134329,-43,-12,-13,2,4,1,4,-20
1564164058135828,5,2,4,-6,-2,1,2,0
1564164058135828,65,8,-2,-7,-6,-10,-11,23
1564164058148343,-11,24,5,8,0,-1,5,-3
1564164058148343,-26,-8,5,-2,11,13,15,11
1564164058156789,4,-24,-9,-14,-7,-4,-18,-18
1564164058156789,-57,14,0,-2,-5,-7,-18,-21
1564164058171801,12,-21,8,-1,-4,-9,-5,-10
1564164058171801,25,2,-12,-14,-15,-5,-2,15
1564164058173257,35,8,-1,12,3,13,33,9
1564164058173257,7,0,5,21,22,7,8,20
1564164058193221,-56,9,-7,-16,-15,-10,-32,-25
1564164058193221,-54,-1,0,-6,16,7,-1,-20
1564164058201713,127,13,9,-9,-13,-7,3,68
1564164058201713,-110,-43,-17,22,-9,-12,-23,-92
1564164058207734,19,10,-7,-18,8,9,12,10
1564164058207734,47,-37,3,6,-13,-4,-11,6
1564164058216678,-90,-27,-23,13,11,-15,-38,-48
1564164058216678,95,80,19,-17,-12,13,52,51
1564164058231691,-85,-54,-2,8,-4,3,-6,-34
1564164058231691,45,22,-7,8,20,10,4,22
1564164058233168,-27,33,5,-14,-7,-20,-13,-19
1564164058233168,58,8,2,34,13,3,-10,7
1564164058255644,42,-10,-7,-38,-23,-4,16,23
1564164058255644,-100,5,27,73,20,4,3,17
1564164058257102,-75,-32,-13,-37,-9,-1,6,-25
1564164058257102,22,14,-9,42,21,-2,-5,15
1564164058268083,73,-8,4,-14,0,12,33,30
1564164058268083,-21,-26,-9,-14,-14,-6,-4,-25
1564164058277065,13,13,-2,12,-3,-5,-17,-18
1564164058277065,1,3,1,-15,5,10,20,22
1564164058292037,-18,5,-8,12,7,-2,3,12
1564164058292037,-52,7,5,-17,-16,-25,-48,-34
1564164058293534,71,-12,5,15,10,24,30,-7
1564164058293534,-20,-24,-4,-19,-15,-14,-29,5
1564164058321982,51,28,0,12,-4,-9,-43,-10
1564164058321982,-16,-45,-19,12,6,1,69,23
1564164058323480,-69,27,4,-28,-6,10,-2,9
1564164058323480,-61,-53,3,5,6,-4,-29,-20
1564164058328003,70,32,8,45,14,7,22,9
1564164058328003,35,39,-2,-42,-27,-17,-39,-27
1564164058336954,-50,-82,-13,-25,-3,-6,-25,6
1564164058336954,-24,-2,-14,26,-10,-13,-8,-24
1564164058352426,10,26,5,-8,-7,-4,4,43
1564164058352426,-43,-11,6,0,23,9,-12,-31
1564164058353924,39,19,-7,7,-5,-1,25,12
1564164058353924,89,37,0,-52,-27,-5,-1,8
1564164058374418,-44,-39,-5,0,-4,-12,-29,-32
1564164058374418,32,40,27,34,-4,15,22,10
1564164058375882,11,-51,-32,-60,1,2,12,15
1564164058375882,-62,27,-1,106,36,5,31,-21
1564164058387897,64,42,10,-19,-7,2,16,37
1564164058387897,7,-52,-26,-39,-12,-8,-23,1
1564164058396843,-21,25,21,39,3,-14,-26,-28
1564164058396843,12,-26,0,-56,-23,7,22,6
1564164058411852,-128,-39,-19,-16,2,-6,-6,-66
1564164058411852,107,57,11,-13,-6,0,6,52
1564164058413314,2,43,28,39,-12,-2,-23,17
1564164058413314,18,-43,-21,10,34,23,43,26
1564164058434280,-26,17,-4,-5,8,-5,-22,-18
1564164058434280,4,-6,5,-9,-18,-1,3,8
1564164058435779,2,9,-8,26,14,-4,-7,1
1564164058435779,63,69,17,-51,-17,-1,-8,35
1564164058447749,-115,-61,6,52,9,10,-9,-43
1564164058447749,77,-27,-37,-38,-8,-12,11,9
1564164058457232,38,31,13,-5,-11,-8,-6,4
1564164058457232,17,1,5,-8,-10,-4,4,-1
1564164058479193,25,-18,-6,-34,-6,-1,12,10
1564164058479193,-42,1,15,28,1,-1,-24,-15
1564164058480689,43,-17,-13,26,4,3,27,0
1564164058480689,18,16,-12,-45,-7,-12,-34,-31
1564164058494171,-20,-10,17,-1,9,4,-8,-4
1564164058494171,45,50,-3,41,-5,-10,12,12
1564164058496160,33,-62,-1,3,11,4,3,11
1564164058496160,17,23,3,-66,-18,9,2,10
1564164058508135,-34,14,-1,48,16,4,18,8
1564164058508135,-20,-5,9,-3,1,-11,-48,-9
1564164058517119,-33,-34,-29,-25,-15,-10,18,-12
1564164058517119,-28,-5,29,54,20,9,-22,-18
1564164058531594,109,3,-5,-32,-4,1,20,31
1564164058531594,-23,13,5,3,-4,7,9,-4
1564164058533589,-34,5,-14,19,16,5,3,4
1564164058533589,-63,-27,-7,-33,-24,-15,-10,-13
1564164058554083,34,5,-7,23,0,-4,-19,-7
1564164058554083,38,-15,-3,2,7,7,16,14
1564164058556047,-25,38,6,-15,-5,-5,-23,-13
1564164058556047,-66,4,19,17,5,14,7,-5
1564164058577008,-6,-42,-28,-1,10,-1,19,8
1564164058577008,-61,12,8,6,3,-3,-4,-12
1564164058578506,28,21,9,-3,-10,0,-18,-6
1564164058578506,12,-21,-14,0,-2,-15,5,11
1564164058591980,11,27,19,-13,-16,0,-11,3
1564164058591980,40,-27,-15,-6,19,8,24,9
1564164058593479,-70,-15,3,14,1,9,17,-8
1564164058593479,72,32,-4,24,10,-1,-10,7
1564164058614439,15,5,7,7,7,3,-3,4
1564164058614439,-32,-10,-5,0,-16,-9,-15,-20
1564164058615938,-31,-1,5,-5,3,5,1,-15
1564164058615938,31,15,-9,-3,-13,-4,16,35
1564164058636900,-27,-70,-24,-3,0,-1,36,13
1564164058636900,-46,-2,5,-20,-8,-3,-16,-13
1564164058638402,17,1,4,14,8,5,17,-4
1564164058638402,-40,-3,-14,-17,-15,-7,-13,-32
1564164058651910,-14,29,3,-12,-9,-5,-22,-2
1564164058651910,-40,1,-5,-2,-8,-8,15,23
1564164058653366,61,8,2,-14,0,1,9,10
1564164058653366,-41,-24,-1,4,7,-3,10,-6
1564164058674365,-20,32,-2,11,-5,-8,-23,-29
1564164058674365,-41,-38,-2,8,-1,5,16,-10
1564164058675826,92,25,1,1,12,-4,-18,13
1564164058675826,33,-7,7,-4,-1,0,11,27
1564164058704309,-41,-3,8,-36,-8,8,7,-14
1564164058704309,0,34,1,43,9,-8,-36,-18
1564164058705777,5,-43,-7,25,2,-3,9,1
1564164058705777,36,3,8,4,15,22,15,22
1564164058711259,32,-12,-19,-36,-15,-14,-23,-3
1564164058711259,60,5,7,-2,-5,5,-4,13
1564164058718246,-70,8,-21,1,-19,-21,0,-27
1564164058718246,-30,-20,13,20,7,0,-14,-15
1564164058734216,39,31,7,-14,-4,5,-1,15
1564164058734216,9,-4,15,-17,-3,5,45,-6
1564164058735715,33,-28,-23,28,15,-5,-18,11
1564164058735715,4,14,-4,-14,7,1,4,-17
1564164058756675,-27,-10,-3,21,0,-4,-5,4
1564164058756675,-35,7,3,-24,-14,-8,-13,-22
1564164058758671,62,20,5,-51,-13,1,14,50
1564164058758671,-30,-16,-14,30,-7,-8,-11,-23
1564164058771148,24,18,16,14,8,2,-11,8
1564164058771148,-19,-18,-22,-3,12,1,7,-5
1564164058778134,-13,31,25,-26,-11,0,-17,-14
1564164058778134,5,-27,-4,-17,-9,-1,3,17
1564164058794104,6,20,-1,22,12,0,-6,-3
1564164058794104,-24,-29,-6,-13,3,12,35,2
1564164058796100,-11,1,-8,11,2,-9,-26,-10
1564164058796100,12,3,-3,-28,-15,-12,-28,-11
1564164058816563,-1,5,11,29,4,10,43,12
1564164058816563,-29,21,4,-14,-6,-8,-39,-18
1564164058818558,17,-12,-2,4,0,3,16,14
1564164058818558,-67,-8,11,-29,-12,0,7,-6
1564164058831557,-12,-26,-18,29,8,-8,-26,-9
1564164058831557,27,13,-14,0,3,8,47,27
1564164058838028,-68,-7,-1,-4,0,3,-7,-6
1564164058838028,-86,7,-2,-31,-21,-12,-16,-39
1564164058854492,99,4,28,34,15,9,8,27
1564164058854492,-27,-29,-15,14,12,4,0,-16
1564164058855994,9,22,9,11,-1,-2,-6,-1
1564164058855994,4,-12,4,-13,-7,-2,-1,-6
1564164058876949,-30,17,-4,-23,-3,-2,-5,-8
1564164058876949,33,-22,-5,6,-3,-3,-12,5
1564164058878471,-28,-1,6,6,-2,-4,-2,-15
1564164058878471,61,-5,-18,19,19,14,15,24
1564164058890964,-65,-14,-4,2,1,-4,-7,1
1564164058890964,13,20,-5,-18,-9,-11,-1,-6
1564164058897951,-54,-3,8,-3,-3,0,-5,2
1564164058897951,41,-3,-5,-2,-2,-1,3,-6
1564164058914421,26,0,-5,4,-9,-6,-31,-14
1564164058914421,21,1,-8,-12,-3,-1,16,19
1564164058915880,-31,14,22,17,5,3,5,-11
1564164058915880,-9,6,2,-14,2,-1,-3,-1
1564164058936881,15,-1,9,-5,-7,2,9,7
1564164058936881,-14,2,-10,-12,-3,0,-17,-7
1564164058938338,-9,-47,-9,9,-8,-2,3,2
1564164058938338,-17,11,12,8,7,-2,-1,1
1564164058951313,74,24,2,11,14,-4,-1,15
1564164058951313,-18,1,12,2,-1,-1,-22,-19
1564164058957801,-6,6,-3,2,-2,7,27,1
1564164058957801,-42,-9,-11,3,6,1,-7,-9
1564164058981793,50,22,2,-8,-8,-5,-4,-6
1564164058981793,-14,-38,-8,-3,-2,-4,1,2
1564164058983253,0,-15,4,-2,3,1,-1,3
1564164058983253,-6,15,26,41,10,-1,-38,-9
1564164058996730,-21,-17,-12,-20,-2,4,58,10
1564164058996730,39,7,-7,4,5,0,-17,15
1564164058998226,4,15,-1,0,-5,0,-5,-9
1564164058998226,37,-9,-9,-26,-15,-4,2,14
1564164059011242,-36,-4,-21,-2,-3,-5,-10,-31
1564164059011242,-38,5,8,-10,-4,-6,-21,-8
1564164059018189,58,5,-3,11,-1,-2,23,13
1564164059018189,6,-3,-1,22,16,-2,-1,7
1564164059034196,-48,0,3,-25,-16,-4,-8,-9
1564164059034196,24,0,-6,-13,-8,-4,-7,-8
1564164059036155,17,20,-3,-2,-3,2,-13,-10
1564164059036155,1,-27,-13,-31,-16,-6,6,6
1564164059056655,24,-4,12,29,3,-1,3,10
1564164059056655,-26,7,6,9,14,10,20,8
1564164059058612,5,8,11,4,11,7,1,1
1564164059058612,-32,-11,-7,-15,-15,-9,-9,-18
1564164059070601,-17,-4,-10,3,4,4,8,4
1564164059070601,35,26,12,-1,-5,-7,-14,-7
1564164059079596,-26,-14,-16,-33,-9,-2,-4,-9
1564164059079596,11,-14,-3,23,12,-4,-8,-6
1564164059094551,45,48,10,-9,-8,-6,-11,5
1564164059094551,-55,-93,-12,33,18,13,16,5
1564164059096043,7,22,-8,-23,-7,-2,1,6
1564164059096043,26,20,6,13,-2,7,1,4
1564164059117004,-52,-7,-2,-12,3,0,-9,-17
1564164059117004,32,32,21,0,0,-4,-16,2
1564164059118503,-27,-30,2,14,9,2,-1,-1
1564164059118503,61,7,-6,1,2,8,50,26
1564164059130523,19,-5,-10,-5,0,-3,-6,2
1564164059130523,-18,19,9,9,2,2,10,1
1564164059139465,-24,-16,-3,-22,-12,-8,-26,-24
1564164059139465,3,12,-4,-1,0,-6,-13,-5
1564164059154435,15,-13,-8,10,-2,6,23,14
1564164059154435,-34,3,-2,-14,-6,-5,-18,-19
1564164059155933,24,-5,-7,2,0,-2,7,7
1564164059155933,1,-10,-5,-11,-6,-3,1,6
1564164059184384,-28,-14,-1,0,-8,-5,-10,-12
1564164059184384,-16,10,5,11,9,10,5,-3
1564164059185878,10,-13,-7,6,3,-10,-14,1
1564164059185878,28,24,9,-3,-6,5,31,27
1564164059190400,-75,-11,-8,-36,-24,-10,-10,-26
1564164059190400,53,14,7,11,19,4,9,20
1564164059199353,7,-3,-1,19,6,4,3,2
1564164059199353,-67,16,15,-7,-2,3,-7,-24
1564164059214323,18,-38,-5,-3,2,0,-16,5
1564164059214323,47,-6,-3,-1,-23,-12,1,3
1564164059215820,-31,26,-3,-8,14,8,15,0
1564164059215820,-54,-22,-5,-4,1,-1,-22,-16
1564164059236802,69,4,6,19,13,10,17,25
1564164059236802,-44,10,-2,-22,-18,-3,-5,-9
1564164059238278,-47,-17,-14,-5,-15,-10,-6,-20
1564164059238278,50,8,7,23,12,-1,-7,5
1564164059259238,10,2,12,-9,7,1,-10,-5
1564164059259238,-14,-6,-20,8,-13,-1,8,-2
1564164059260737,31,4,8,-10,2,4,3,12
1564164059260737,-55,-22,-15,-8,-3,2,9,-7
1564164059274252,-11,-10,3,-2,-6,0,-7,0
1564164059274252,26,4,7,-5,3,-2,-5,-2
1564164059275718,1,12,-7,-16,-9,-5,0,3
1564164059275718,-5,-7,2,36,3,-8,-11,-7
1564164059296731,-11,16,-2,-15,-5,-2,6,3
1564164059296731,-11,-24,-11,-13,-5,2,13,5
1564164059298169,-42,-21,0,-13,-3,4,-6,-4
1564164059298169,-30,6,10,11,0,-3,-7,-21
1564164059310644,15,8,-6,-4,9,5,6,1
1564164059310644,-34,5,5,26,3,-2,-5,-4
1564164059319627,2,14,16,2,-5,-6,-3,2
1564164059319627,25,-8,-19,-14,-8,-8,-10,2
1564164059334601,-48,3,0,0,2,0,6,-16
1564164059334601,41,-16,6,-9,2,6,23,21
1564164059336097,23,18,-13,-5,9,5,-1,4
1564164059336097,32,-4,8,18,-8,-6,3,8
1564164059357067,20,16,6,10,12,4,-11,6
1564164059357067,-7,-7,-15,-34,-17,-8,-19,-14
1564164059358555,50,29,23,44,16,6,21,11
1564164059358555,-28,-31,-7,-31,-12,-4,-12,-7
1564164059370535,4,-15,-3,34,21,1,0,9
1564164059370535,-14,3,-10,-4,-5,-7,-10,-14
1564164059379518,-22,-3,-6,-14,-15,-8,-19,-4
1564164059379518,53,12,-3,-12,-4,-2,8,12
1564164059394488,-12,-5,-2,-13,-10,1,9,6
1564164059394488,-1,-14,-4,8,8,-2,-18,-9
1564164059395993,50,-8,-4,7,-3,1,25,25
1564164059395993,4,13,6,18,17,9,6,0
1564164059416946,-32,-12,2,-5,-8,-5,-8,-13
1564164059416946,5,18,-4,-6,2,-1,2,5
1564164059418451,-10,-1,11,-32,-22,-7,-15,-15
1564164059418451,-5,-2,-8,42,8,-1,-25,-4
1564164059430422,30,-4,-4,-12,0,-1,32,14
1564164059430422,15,-6,0,1,-1,3,5,5
1564164059439405,-23,-1,8,11,7,-3,-8,-10
1564164059439405,7,15,-7,-34,-18,-6,5,-2
1564164059453920,-25,-5,-8,-2,-5,0,-15,-13
1564164059453920,56,0,6,7,6,1,-5,13
1564164059460388,-71,-6,-7,-12,-9,-6,-3,-19
1564164059460388,4,12,4,3,8,6,14,15
1564164059476876,31,-4,-4,0,-8,-7,-5,2
1564164059476876,-1,14,5,1,-1,0,-1,-3
1564164059478333,19,2,1,5,4,0,1,2
1564164059478333,-21,-16,-6,-5,1,-1,-6,-5
1564164059490348,-1,-10,-12,0,0,0,-1,1
1564164059490348,-13,4,0,-7,-4,-2,3,-2
1564164059499796,12,-7,-8,8,5,6,-4,3
1564164059499796,-5,4,7,-4,-1,-1,-1,-7
1564164059514305,13,11,11,-1,-2,1,3,4
1564164059514305,-20,1,5,4,1,0,-2,-3
1564164059515764,-3,-13,-10,0,-4,-10,-6,1
1564164059515764,-2,-9,-8,-3,-7,-8,-3,-13
1564164059537256,1,-6,-28,-11,-10,-20,0,7
1564164059537256,-7,9,29,11,9,12,-17,-4
1564164059538722,17,1,4,5,6,21,9,-1
1564164059538722,2,-10,-35,-4,4,-9,-6,9
1564164059559215,-16,11,29,-6,-8,-16,-14,-18
1564164059559215,-4,-8,-20,-9,-13,-11,-1,23
1564164059560681,5,-1,8,0,4,-3,3,-17
1564164059560681,-4,0,10,9,10,11,-1,5
1564164059574216,-9,7,9,7,6,-4,-13,-14
1564164059574216,9,4,-9,-12,2,14,15,19
1564164059575653,-8,-16,-30,3,-8,-41,-22,-11
1564164059575653,-1,1,11,-5,-2,-12,-41,4
1564164059596647,-3,-9,3,9,5,-1,-32,2
1564164059596647,-5,11,-7,-11,-3,7,0,7
1564164059598610,3,3,30,19,9,24,39,11
1564164059598610,-25,-25,-37,-22,-19,-15,9,-19
1564164059619572,-2,-12,-32,-15,-15,-18,-48,-5
1564164059619572,-9,-7,-6,6,5,8,24,-7
1564164059621068,13,14,-21,-1,5,7,-8,11
1564164059621068,15,24,41,10,11,11,22,23
1564164059634551,-19,-12,14,-6,-9,-3,-2,-31
1564164059634551,-5,-1,4,6,-4,-7,1,-16
1564164059636040,4,2,14,3,2,0,-1,2
1564164059636040,5,2,3,2,1,9,22,5
1564164059657002,6,17,-7,2,6,15,17,12
1564164059657002,-3,-2,11,9,3,-7,-7,-7
1564164059658503,-1,-7,9,-11,-9,-7,-14,1
1564164059658503,-4,-14,-32,-13,-9,-7,-13,-10
1564164059679459,4,1,-6,7,7,14,21,11
1564164059679459,-4,7,28,9,3,-6,-12,-6
1564164059680958,6,1,3,1,2,2,-2,-1
1564164059680958,1,-1,-15,-6,0,3,7,-1
1564164059693434,-2,3,11,-5,-9,2,17,2
1564164059693434,-10,-1,-7,2,6,-3,4,-7
1564164059700458,0,6,5,7,2,-7,-10,6
1564164059700458,0,-12,14,6,2,10,-6,-8
1564164059718388,-1,-13,-29,-1,3,5,10,0
1564164059718388,1,4,10,1,-4,-4,-4,2
1564164059719893,1,-2,-15,-14,-2,-6,1,8
1564164059719893,4,22,64,24,8,9,8,3
1564164059739386,1,-6,2,-17,-8,1,6,8
1564164059739386,-9,-17,-8,0,-6,-15,-11,-15
1564164059740846,-9,-2,-9,-1,1,13,3,-6
1564164059740846,-6,-9,-71,-11,-7,-10,-7,-8
1564164059754321,-1,24,51,6,2,8,6,-6
1564164059754321,2,-12,-18,-4,-5,-7,-3,6
1564164059760317,1,-4,-33,-13,-5,-4,-7,-2
1564164059760317,-2,-2,33,-1,1,0,-4,3
1564164059776779,4,0,-16,0,2,0,7,2
1564164059776779,1,7,2,9,4,0,-2,-4
1564164059778276,-1,-10,15,10,5,3,2,-3
1564164059778276,-3,4,24,-2,-1,-4,-5,2
1564164059799237,8,17,-7,-5,-1,3,9,2
1564164059799237,8,3,6,-2,-2,2,4,10
1564164059800734,1,8,-33,-8,-5,-1,-5,-7
1564164059800734,-7,-21,35,13,1,-2,13,14
1564164059812712,-8,-11,-24,-6,-1,-7,-8,-23
1564164059812712,3,4,23,-5,-3,3,5,-2
1564164059822194,2,-2,-6,-10,-8,-13,-1,13
1564164059822194,6,14,-9,-5,0,14,-3,-6
1564164059836667,7,-11,-27,1,3,-6,-2,17
1564164059836667,-13,-12,8,-10,-9,5,-1,-18
1564164059838664,0,6,7,1,0,-2,-5,-14
1564164059838664,-3,-6,-22,-13,-1,-3,9,16
1564164059858632,2,0,-8,5,0,2,-9,4
1564164059858632,-5,-29,-10,-5,-7,-6,3,-2
1564164059867110,1,15,18,3,-4,-2,-7,-9
1564164059867110,12,4,-11,6,4,1,-1,4
1564164059874108,-3,21,17,-3,1,1,3,6
1564164059874108,6,10,-23,0,1,-2,-2,8
1564164059880585,-9,-15,34,-3,-4,1,-5,-3
1564164059880585,-22,-19,-39,-2,-2,-2,11,8
1564164059897055,2,-10,-13,-12,-13,-14,-18,-34
1564164059897055,2,-7,-25,-15,0,10,18,5
1564164059898552,-15,-14,20,-4,-12,-6,-5,-7
1564164059898552,10,16,-9,-4,5,3,5,-3
1564164059919513,-2,-5,21,2,-1,-3,0,17
1564164059919513,-4,1,-17,10,11,3,-6,5
1564164059921012,8,18,3,-2,-2,-2,3,-3
1564164059921012,2,-4,20,17,2,-1,1,-8
1564164059933021,-12,-27,-35,-11,0,3,4,5
1564164059933021,8,20,37,0,-1,-5,-4,-4
1564164059941979,16,13,-12,3,9,5,8,20
1564164059941979,-14,-40,15,4,-5,-8,-10,-7
1564164059956943,17,41,-3,1,-6,4,13,9
1564164059956943,-1,12,-3,4,2,1,-1,-1
1564164059958442,-1,-10,16,15,10,6,2,0
1564164059958442,6,-2,-8,-24,-9,-6,-3,-6
1564164059979403,-6,-21,5,8,8,2,0,5
1564164059979403,-2,4,4,10,0,-3,-1,6
1564164059980901,5,16,-1,-15,-7,-3,-7,-4
1564164059980901,2,-13,-23,5,0,-1,-4,-8
1564164059992885,-3,-1,24,-7,-2,-1,1,0
1564164059992885,8,13,-21,0,12,6,3,1
1564164060001862,-23,-22,-17,-11,-7,-3,-2,-10
1564164060001862,10,21,9,7,3,2,5,10
1564164060016834,-4,2,8,2,-7,0,-4,-5
1564164060016834,-17,-21,11,1,-8,-9,-7,-5
1564164060018331,9,-11,-3,4,5,3,1,11
1564164060018331,0,17,24,9,1,-1,-10,-14
1564164060039291,-6,-11,-15,-5,0,-13,-6,0
1564164060039291,-1,11,-19,-11,-6,7,1,-5
1564164060040788,-2,-12,12,14,15,6,7,3
1564164060040788,5,13,15,6,-2,-2,-4,-3
1564164060052765,-10,6,6,1,-5,-1,1,-15
1564164060052765,-4,-4,5,-6,-3,-3,3,0
1564164060061748,-8,-28,-25,-7,-6,-9,-15,-7
1564164060061748,-11,11,-2,18,3,2,3,-1
1564164060076739,-3,-4,-5,1,-2,2,-3,-1
1564164060076739,-2,-12,-23,-11,8,-1,-6,-11
1564164060078217,5,40,46,0,-7,-4,4,7
1564164060078217,-12,-38,-25,-10,-1,-2,-1,-11
1564164060099197,3,-6,14,10,0,3,4,7
1564164060099197,-4,-1,-5,-1,-9,-8,-4,-2
1564164060100695,-8,-28,-10,2,0,-1,-2,-8
1564164060100695,8,15,0,-13,-5,-2,6,23
1564164060112653,-11,7,7,-1,-1,1,0,-8
1564164060112653,0,-9,10,4,-1,-4,-7,-6
1564164060121636,3,1,-36,-12,-3,-4,-1,14
1564164060121636,-1,14,16,1,2,6,3,-11
1564164060136129,22,2,-4,5,5,3,0,13
1564164060136129,-8,-10,11,3,-15,-8,-5,-1
1564164060136609,6,13,-4,-5,0,2,4,2
1564164060136609,1,10,-1,-2,6,3,-2,-4
1564164060158587,12,-9,7,4,6,1,-2,-3
1564164060158587,-1,0,2,1,-4,-5,-3,-3
1564164060159066,-3,3,1,-1,-13,-3,-6,-7
1564164060159066,14,10,-21,-14,2,-1,-4,14
1564164060181564,-3,-17,3,7,8,3,-4,-4
1564164060181564,0,4,23,-3,-4,-3,-4,-7
1564164060189050,-13,-37,-22,1,0,0,-1,-2
1564164060189050,7,18,-13,-9,-8,-6,-4,-3
1564164060197499,-5,-7,-14,-19,-9,-2,0,0
1564164060197499,7,24,21,22,1,-1,-1,0
1564164060198530,-5,-17,-29,-8,5,3,3,-1
1564164060198530,-17,-3,4,8,0,0,3,-10
1564164060218993,-5,0,-23,-11,-2,-1,-9,-13
1564164060218993,3,-15,2,-2,-2,1,6,6
1564164060219957,4,12,-9,-9,-3,-3,-5,-3
1564164060219957,-4,-12,-8,-13,0,0,0,-4
1564164060241912,5,4,2,13,4,-3,-2,4
1564164060241912,2,13,-7,-3,5,6,8,0
1564164060242413,6,9,-5,13,-1,1,-3,3
1564164060242413,-7,-23,13,-4,-10,-11,-5,6
1564164060255945,1,9,3,-9,4,10,4,3
1564164060255945,19,11,-15,-11,2,-1,-1,5
1564164060256890,-1,17,19,8,3,0,2,-4
1564164060256890,-8,-4,15,2,4,2,4,-3
1564164060278383,3,7,5,18,1,-3,-1,6
1564164060278383,-2,-3,-5,-11,-7,-3,-2,-3
1564164060279363,5,12,-7,-9,-5,-2,2,0
1564164060279363,-1,1,-19,-11,-7,-2,-11,-8
1564164060301840,-10,-7,38,13,6,-2,1,1
1564164060301840,-11,-7,-10,2,-2,0,-1,2
1564164060302801,23,12,6,7,4,-1,-7,-2
1564164060302801,-1,5,-5,-7,-7,-4,-5,-8
1564164060316276,-18,0,22,6,0,2,6,-1
1564164060316276,-1,-2,-25,9,6,4,4,3
1564164060316783,-7,-19,13,-11,4,-1,-3,-2
1564164060316783,7,23,2,3,5,5,3,0
1564164060338746,-5,-2,-5,-3,-9,-5,-5,-6
1564164060338746,0,2,-18,-10,0,-4,-1,7
1564164060339266,-6,-11,0,7,-5,-10,-3,-10
1564164060339266,7,-4,-7,2,3,14,10,1
1564164060360693,2,-18,6,0,3,-1,2,3
1564164060360693,-7,3,-5,-2,-7,-2,-4,-7
1564164060368712,-2,13,12,-19,-11,-2,2,4
1564164060368712,-3,-14,-11,19,8,-5,-4,-1
1564164060376166,-1,4,-5,-21,-10,0,2,-1
1564164060376166,-11,-7,10,25,3,2,2,-1
1564164060376664,-9,-17,-4,16,22,6,3,-4
1564164060376664,2,14,20,-13,-10,-5,-2,4
1564164060400120,2,-7,-23,2,-1,-1,5,3
1564164060400120,8,1,10,-15,-11,-5,-4,0
1564164060401120,-7,-9,-8,2,5,5,1,-1
1564164060401120,-2,2,-10,9,3,-2,-1,-3
1564164060423077,8,9,3,-6,-1,-5,-3,0
1564164060423077,0,-12,-11,-8,-4,-3,-3,1
1564164060423077,2,7,10,2,-1,1,2,0
1564164060423077,2,-4,-1,-6,3,1,0,3
1564164060436055,4,13,-5,-1,-5,-5,-2,-3
1564164060436055,-15,-33,-6,0,0,-1,-7,-2
1564164060437052,13,23,15,7,-3,-2,7,14
1564164060437052,-21,-21,-7,-4,-2,3,4,-22
1564164060458512,4,18,9,4,5,4,6,9
1564164060458512,-2,-6,-3,6,7,0,-4,-9
1564164060459510,-10,-2,-1,-14,-4,0,-3,-3
1564164060459510,-1,-4,-34,-8,-9,-4,-1,6
1564164060481967,-7,-16,6,10,-2,-4,-7,-9
1564164060481967,6,-8,8,11,16,7,3,0
1564164060482467,4,2,-2,-6,-10,-2,-2,2
1564164060482467,7,5,0,6,6,-2,-2,2
1564164060504925,-7,-19,-28,-29,-10,-5,-5,-5
1564164060504925,-11,19,2,-14,-1,-1,2,-2
1564164060505424,-5,-3,2,22,11,3,0,-1
1564164060505424,-8,-16,-1,-11,-8,-3,-5,-9
1564164060518406,4,5,0,6,2,0,-2,3
1564164060518406,3,-3,-5,-10,-1,1,1,-1
1564164060519398,-1,23,6,2,-8,-2,-4,-5
1564164060519398,-6,-16,3,0,-3,-3,-3,7
1564164060541875,-6,-7,-2,-4,0,1,1,-1
1564164060541875,9,15,-6,-3,0,3,-3,-4
1564164060542355,-6,-14,-9,2,1,-4,2,-3
1564164060542355,16,26,18,8,3,2,-6,-5
1564164060555832,-5,-10,4,-1,-4,-2,3,7
1564164060555832,-5,-26,-17,-7,-3,-4,-1,-5
1564164060556830,7,1,-3,1,0,-1,1,2
1564164060556830,-4,-5,11,12,3,-3,0,3
1564164060578307,-1,7,-9,-12,0,0,-3,-5
1564164060578307,3,18,26,2,-3,0,0,-1
1564164060579289,0,-7,-21,-9,-7,-1,-4,0
1564164060579289,0,-5,10,10,-2,-1,3,3
1564164060601764,0,6,1,14,15,5,1,-1
1564164060601764,-2,-6,-5,-2,-3,-2,1,7
1564164060602743,4,1,-7,0,-2,1,-4,-8
1564164060602743,-6,-8,-6,-21,-6,-3,-3,-3
1564164060617235,1,13,-3,3,-2,1,0,-5
1564164060617235,0,6,4,-5,-6,-5,0,-6
1564164060618214,-6,-15,7,-13,2,1,0,0
1564164060618214,-7,-19,-30,3,8,0,1,2
1564164060646680,10,9,2,7,1,-5,-9,-1
1564164060646680,-12,5,-6,-4,-1,2,10,-4
1564164060647662,4,-3,8,-4,-7,-2,0,4
1564164060647662,-1,4,1,-3,-4,-1,-1,0
1564164060661637,13,1,-2,-3,-4,-3,2,8
1564164060661637,3,-5,6,12,5,1,-9,-8
1564164060662634,-14,-5,6,0,-2,-5,-2,-3
1564164060662634,3,27,19,-1,1,4,3,10
1564164060676107,-11,-34,-19,-2,-5,0,-3,-10
1564164060676107,2,10,-5,-5,-9,-6,-4,1
1564164060676605,12,13,0,15,10,4,6,10
1564164060676605,3,1,13,8,8,-2,-1,-5
1564164060699063,-5,7,6,-18,-7,0,0,0
1564164060699063,5,-3,6,8,6,1,2,5
1564164060699562,-2,-20,-19,-7,-8,-4,-5,-5
1564164060699562,-12,11,-19,-7,-6,-3,2,-3
1564164060722532,-10,0,26,11,0,-2,-1,-3
1564164060722532,3,-4,4,9,7,5,14,3
1564164060723022,8,18,-9,-10,-2,-1,-2,-2
1564164060723022,-2,-20,-3,0,-1,-3,-7,-2
1564164060735997,-17,-5,-3,-4,-4,3,7,-6
1564164060735997,-1,2,-1,2,0,-4,-7,3
1564164060736995,-1,-2,20,8,-3,1,0,-1
1564164060736995,4,10,-13,-11,6,1,0,-1
1564164060758472,-1,0,-7,-2,-2,-2,-7,-4
1564164060758472,-10,-15,-12,-7,-1,1,-3,-3
1564164060759451,4,17,21,4,-7,-4,0,-2
1564164060759451,0,-19,-10,-9,-4,-5,-4,-2
1564164060781909,11,28,14,10,0,0,2,7
1564164060781909,-6,-15,-1,-3,0,-1,-2,4
1564164060782408,-2,-7,-24,0,6,4,-2,-8
1564164060782408,5,19,27,-4,-11,-3,1,0
1564164060795903,-10,-16,-21,-3,4,0,0,1
1564164060795903,5,9,4,-7,-8,-5,-3,0
1564164060796885,-13,-23,-4,9,9,3,2,0
1564164060796885,3,0,-6,-2,-3,-2,-1,1
1564164060818361,-5,16,14,8,5,1,-3,-7
1564164060818361,4,-5,-9,-15,-8,-4,-1,11
1564164060819343,-4,1,-1,-6,-2,-5,-7,-1
1564164060819343,9,1,-9,5,-2,5,9,2
1564164060849284,-7,-26,-5,-2,1,-5,-5,-2
1564164060849284,2,23,8,10,10,2,3,0
1564164060850282,-2,-3,-5,-8,-4,-1,-4,-6
1564164060850282,-2,0,8,8,2,-3,-6,-7
1564164060856271,12,1,-11,0,-1,2,0,13
1564164060856271,3,0,8,5,-1,-3,-6,-11
1564164060856772,-2,-6,5,4,5,4,3,11
1564164060856772,-4,-4,-29,-17,-9,-8,-9,-1
1564164060878729,-4,-26,2,-2,-2,5,16,-1
1564164060878729,3,29,15,5,-2,-3,0,-1
1564164060879228,-12,9,7,-6,-1,1,1,-5
1564164060879228,-10,-16,5,12,7,4,7,4
1564164060901706,2,12,1,-6,-6,-6,-14,-12
1564164060901706,-11,-26,-21,-6,-5,-3,-7,-7
1564164060902687,-4,8,14,15,5,1,2,-3
1564164060902687,6,10,-1,-2,-1,1,-1,1
1564164060924164,6,-2,-19,-10,-8,-5,-3,2
1564164060924164,-8,2,0,1,3,2,0,-2
1564164060925145,9,-8,8,-5,-4,-2,-1,0
1564164060925145,2,24,14,12,5,-1,-1,1
1564164060938638,-6,-29,-18,-11,-7,-3,-1,-2
1564164060938638,5,-7,-1,-2,-1,-5,-4,2
1564164060939117,3,9,-9,-6,1,4,7,2
1564164060939117,-6,-14,20,1,-4,-1,-1,0
1564164060961595,6,20,-3,-2,1,2,3,4
1564164060961595,-5,-6,-8,0,3,2,0,-9
1564164060962573,4,5,0,3,1,0,1,13
1564164060962573,-9,-20,-9,-13,-7,-3,-4,-14
1564164060976567,0,17,10,3,-2,-1,-2,-1
1564164060976567,-3,-23,-2,-12,0,2,1,1
1564164060977047,4,6,-8,1,-2,-1,-2,-1
1564164060977047,3,7,2,0,1,0,0,0
1564164060998527,-4,-12,-18,4,9,1,1,2
1564164060998527,1,3,11,-2,-9,-3,-2,-1
1564164060999507,-24,-4,1,5,-1,-3,-3,-10
1564164060999507,0,4,18,2,1,3,0,6
1564164061021963,4,13,2,1,8,1,-3,-9
1564164061021963,4,0,-8,-7,-3,0,6,15
1564164061022463,1,3,-5,-11,-7,-7,-8,-9
1564164061022463,2,5,25,5,-6,-3,0,-2
1564164061035457,1,6,24,15,2,0,0,0
1564164061035457,-11,-16,-16,-3,4,1,-3,-6
1564164061043423,5,4,-17,8,-1,-3,-3,-2
1564164061043423,12,2,-13,-18,-3,0,3,2
1564164061058400,-2,-3,10,-1,8,4,5,5
1564164061058400,-2,10,13,18,-1,-1,1,-1
1564164061059394,-11,-18,-10,-26,-12,-6,-3,-3
1564164061059394,-13,-9,-10,-3,-1,0,-2,-2
1564164061081851,7,-6,-6,-5,-14,-6,0,3
1564164061081851,-3,10,10,15,5,1,-2,-1
1564164061082351,5,-13,-7,-6,-12,-4,-2,-4
1564164061082351,7,9,-6,-3,16,4,1,2
1564164061095347,3,2,-2,28,2,2,2,3
1564164061095347,8,0,-2,-5,0,0,1,0
1564164061103811,-29,-5,7,-23,4,3,1,-6
1564164061103811,-4,-14,-11,9,1,-1,-1,-1
1564164061118783,-4,-5,-7,-16,-11,-6,-5,-1
1564164061118783,11,0,8,4,-3,0,4,3
1564164061119285,22,6,13,27,4,-1,-3,6
1564164061119285,-11,-3,-17,-18,1,2,2,-3
1564164061141760,-17,1,-5,-3,1,-2,-3,-5
1564164061141760,-3,-1,21,-3,-9,-5,-3,-8
1564164061142738,-9,-7,-15,-13,1,-2,-1,-4
1564164061142738,12,2,2,9,-8,-4,3,7
1564164061155215,2,3,6,3,12,2,-3,1
1564164061155215,-14,-4,-8,-8,-4,-3,0,2
1564164061163700,8,1,-2,15,7,5,-4,-1
1564164061163700,23,5,-5,-14,-7,-5,0,1
1564164061178692,-37,-7,-6,10,2,-2,-1,-8
1564164061178692,-26,-19,-9,-15,-8,1,9,-8
1564164061179171,23,12,7,11,-4,-2,-12,-3
1564164061179171,5,9,5,16,0,-2,-6,0
1564164061202128,6,-7,1,-6,0,1,4,3
1564164061202128,-1,-14,-17,-11,4,1,4,2
1564164061203146,3,7,2,-13,-14,-6,7,8
1564164061203146,6,19,12,-3,-3,-1,-3,3
1564164061215605,29,0,6,-8,-2,-3,-6,0
1564164061215605,-41,-15,-35,25,0,-10,-18,-18
1564164061223609,-9,-4,7,-12,2,9,13,-1
1564164061223609,15,0,-6,-2,-2,-1,4,4
1564164061238580,12,-3,4,-7,-5,-3,-7,3
1564164061238580,0,4,-9,-28,-10,-4,-17,-3
1564164061239559,-11,-1,0,6,-2,-4,-4,-5
1564164061239559,-3,-10,2,9,0,2,5,5
1564164061261538,-8,2,0,9,11,7,11,-5
1564164061261538,17,9,6,-4,-3,0,2,-1
1564164061262517,-11,-5,-4,-11,-4,-5,-10,-1
1564164061262517,-31,-10,8,-1,-2,2,3,-3
1564164061275492,28,17,11,-11,-8,-3,3,3
1564164061275492,-8,-4,-8,9,7,3,0,9
1564164061283481,6,-7,-8,4,9,-2,-6,-5
1564164061283481,-22,-5,12,3,-4,-7,-4,-19
1564164061299946,-8,-7,-10,-5,-5,3,-2,2
1564164061299946,26,23,16,-10,-3,3,19,12
1564164061300945,3,-5,-6,8,4,-1,-15,0
1564164061300945,-11,-6,2,1,0,-8,-11,-11
1564164061321905,-15,-8,-16,10,7,5,12,-1
1564164061321905,5,4,11,6,-4,-3,-16,-6
1564164061322408,10,2,-17,-10,-4,5,18,7
1564164061322408,11,-4,2,1,1,1,-7,0
1564164061335400,-1,9,11,-3,-5,-4,-6,-3
1564164061335400,5,-2,-7,6,5,-2,-4,-1
1564164061343366,8,-7,6,-5,-1,-5,-4,-3
1564164061343366,-4,-7,-13,-2,2,3,8,5
1564164061358837,-3,3,-1,-9,-6,2,12,4
1564164061358837,14,0,-1,-1,-3,0,8,8
1564164061359336,-16,1,9,16,8,2,-7,-13
1564164061359336,-19,-10,-4,-20,-6,-7,-3,-1
1564164061381815,11,-7,-9,-6,0,-7,-9,5
1564164061381815,-14,-3,7,-3,-2,-3,-6,-10
1564164061382793,0,-4,-9,-10,-6,-1,14,1
1564164061382793,14,0,-4,16,2,4,-2,2
1564164061411758,1,-1,5,2,4,4,-1,0
1564164061411758,5,0,-6,-5,2,2,1,-5
1564164061412736,-9,13,-1,-1,-8,-7,-5,-3
1564164061412736,4,-2,-2,-4,1,-2,2,0
1564164061418725,-16,-5,10,0,-5,-4,-13,-7
1564164061418725,8,4,-10,2,-3,4,13,6
1564164061419225,4,-12,13,13,6,1,-6,1
1564164061419225,16,18,-2,-14,-5,-1,-1,3
1564164061441702,11,9,-8,12,9,1,5,6
1564164061441702,3,-9,6,2,3,1,-2,-5
1564164061442681,-15,-8,-5,1,-4,-1,2,-1
1564164061442681,-9,-10,-11,-8,-9,-2,-2,-5
1564164061464142,-17,-8,4,-9,-6,-5,-2,-5
1564164061464142,26,19,21,9,1,0,-5,13
1564164061465140,-21,-2,1,-25,-9,-2,1,-7
1564164061465140,10,8,5,13,11,1,-2,1
1564164061479117,-9,-13,-30,1,-8,-2,-5,-10
1564164061479117,-9,-3,-7,6,10,1,0,0
1564164061479613,15,8,-2,1,-1,4,4,8
1564164061479613,-11,3,17,-14,-4,0,-4,-8
1564164061501591,-10,-6,-4,30,13,1,0,0
1564164061501591,-2,-9,-6,-13,-14,-12,-11,-9
1564164061502574,4,7,2,7,-4,7,19,11
1564164061502574,-35,-11,-5,0,8,5,2,-5
1564164061523530,20,-5,-5,-5,-6,-5,-1,-5
1564164061523530,7,4,3,-1,2,2,2,1
1564164061531036,14,2,-1,-2,2,-1,-3,4
1564164061531036,8,0,1,14,-9,-1,1,4
1564164061539505,-31,2,12,-5,-4,-5,-8,-11
1564164061539505,12,-3,-15,-6,8,6,4,12
1564164061546988,6,1,-1,-2,2,1,5,9
1564164061546988,-24,5,6,3,-5,-2,4,-8
1564164061561959,-3,-4,-2,-35,-14,-5,-8,-2
1564164061561959,15,-1,5,10,7,1,2,5
1564164061563457,-45,-7,0,9,8,0,-8,-28
1564164061563457,11,-9,-21,-24,-11,-7,-12,3
1564164061584417,13,9,9,18,7,4,2,6
1564164061584417,-5,7,-3,-11,-6,-4,-3,-1
1564164061585918,9,-3,-2,-16,-15,-8,-2,7
1564164061585918,4,0,5,11,14,6,6,1
1564164061597893,-22,-8,-7,10,-5,-14,-22,-18
1564164061597893,0,5,11,-5,4,15,20,19
1564164061606876,17,3,4,20,9,1,-1,2
1564164061606876,9,-7,-6,2,-3,-6,-10,0
1564164061621853,19,-11,-8,-15,-14,-2,13,13
1564164061621853,-58,3,3,5,-6,-9,-16,-27
1564164061623346,18,-18,-3,-11,-1,-2,-7,2
1564164061623346,21,13,-1,20,20,8,1,10
1564164061644327,11,14,3,-5,-3,-1,-11,-18
1564164061644327,0,-4,6,3,-4,0,0,1
1564164061645804,-7,-3,5,7,-3,-1,13,-2
1564164061645804,-23,-3,0,4,9,3,2,-10
1564164061658780,-14,-4,-1,-4,1,-4,-10,-6
1564164061658780,16,9,1,-1,-8,-3,3,3
1564164061665267,-1,8,-4,-7,-4,-2,-12,-3
1564164061665267,6,-6,5,14,-7,-5,9,15
1564164061682256,-3,-7,-2,-8,9,9,15,19
1564164061682256,-45,-19,-19,-33,-14,-5,1,-16
1564164061683734,60,4,4,29,20,10,3,9
1564164061683734,-39,24,1,-10,-10,-5,-8,-28
1564164061711682,30,10,9,9,12,6,25,45
1564164061711682,27,-15,-6,-3,-15,-16,-28,-1
1564164061713180,-32,-2,0,-18,-7,1,9,2
1564164061713180,50,6,-10,-7,-4,-1,-3,12
1564164061718669,22,13,8,-2,-8,-2,-7,-15
1564164061718669,-27,5,-5,4,15,5,-5,-16
1564164061725156,41,10,3,3,-2,-4,-10,22
1564164061725156,11,6,11,23,7,5,8,-6
1564164061741626,-90,0,3,-5,0,3,-6,-22
1564164061741626,127,-17,-4,-6,-11,3,19,37
1564164061743124,-101,-25,-7,5,11,4,3,-9
1564164061743124,-29,1,-1,-22,-13,-13,-19,-3
1564164061764103,14,15,12,7,-1,-5,-5,-8
1564164061764103,-32,-17,-12,-7,12,11,-4,-12
1564164061766080,11,29,-7,-10,-7,-9,5,1
1564164061766080,-73,-50,-1,-12,-15,-3,-4,-15
1564164061779056,70,-3,2,32,22,0,-5,3
1564164061779056,-2,4,-1,-11,-8,-6,-8,-11
1564164061787043,-56,15,8,-22,-6,1,6,-9
1564164061787043,57,3,-7,30,13,7,4,17
1564164061801015,-17,10,1,-34,-10,3,13,12
1564164061801015,41,13,16,27,-4,4,2,13
1564164061809500,-41,-10,-18,-19,8,-10,-22,-22
1564164061809500,-39,-4,-4,5,-6,-3,-10,-11
1564164061823973,35,-3,-2,-11,-5,6,12,11
1564164061823973,15,-15,-1,-2,1,-7,2,3
1564164061825970,67,-3,-1,-5,-9,-3,-11,16
1564164061825970,-15,15,-5,-15,-8,-9,-8,-28
1564164061838466,30,11,-9,-16,-4,-9,-16,1
1564164061838466,-24,25,13,18,3,11,29,6
1564164061845433,-2,-21,-2,30,18,17,21,8
1564164061845433,25,2,-2,-34,-4,4,11,21
1564164061861902,-41,-14,-3,25,4,0,9,-12
1564164061861902,-57,-4,-11,-49,-24,-16,-26,-36
1564164061863400,42,3,12,23,1,1,5,6
1564164061863400,77,7,7,14,16,4,0,22
1564164061884859,-74,-43,-19,-21,-11,-9,-12,-44
1564164061884859,12,-5,-4,11,6,0,-1,3
1564164061886377,23,7,-5,-7,-10,-6,-1,5
1564164061886377,15,13,3,0,-10,-3,4,3
1564164061897855,-17,-6,6,-1,-5,-6,-15,-1
1564164061897855,17,-5,-4,13,6,0,-2,9
1564164061906819,-53,-15,-10,-8,2,2,3,-18
1564164061906819,3,-1,3,-10,-13,-2,-2,-16
1564164061921810,28,21,-5,1,7,5,19,21
1564164061921810,-55,-32,-9,-7,1,-1,-12,-3
1564164061923289,59,22,17,8,2,1,-1,22
1564164061923289,47,6,-2,-1,6,-1,-4,9
1564164061944268,-73,-28,-9,14,-4,-3,10,-39
1564164061944268,5,3,2,-11,2,0,-1,7
1564164061945747,93,28,11,-10,-14,-6,-5,3
1564164061945747,-62,-31,-20,3,1,3,3,-4
1564164061957743,25,-2,7,-4,-3,-2,-12,-4
1564164061957743,42,30,2,12,5,-6,1,5
1564164061966708,-107,-28,-1,-2,-15,-5,-9,-27
1564164061966708,47,-6,-10,-23,1,3,9,9
1564164061981699,66,26,9,22,2,0,0,31
1564164061981699,-35,7,3,9,0,-2,3,-18
1564164061983177,-40,-21,-12,-17,-3,-4,-6,-7
1564164061983177,67,30,11,17,-6,3,12,23
1564164062004157,-66,-68,-31,-44,-12,-8,-10,-22
1564164062004157,9,12,6,4,-3,-5,-16,-12
1564164062005638,16,0,-6,16,1,2,18,7
1564164062005638,-5,-6,-11,-24,-5,1,11,13
1564164062018112,27,18,13,-3,-3,-6,-25,-7
1564164062018112,15,2,5,18,19,15,34,31
1564164062027095,-55,0,-5,-47,-11,-9,-14,-25
1564164062027095,46,-20,9,58,15,9,15,27
1564164062041588,-2,21,1,4,4,1,-7,-3
1564164062041588,-20,-8,-2,-6,-9,-9,-27,-23
1564164062043565,-20,3,-3,6,-7,-10,-9,-12
1564164062043565,29,3,1,-29,0,2,8,5
1564164062064027,-12,4,1,24,7,0,-2,5
1564164062064027,-13,18,2,4,5,-3,-10,-2
1564164062066023,6,-9,1,2,-3,2,18,4
1564164062066023,-16,-17,0,17,7,2,4,1
1564164062078001,39,14,-2,-17,-4,5,6,16
1564164062078001,-5,-19,-4,-18,-8,-8,-11,-8
1564164062086985,33,14,11,30,11,5,-8,10
1564164062086985,-79,7,-9,-17,-4,-11,-23,-37
1564164062101956,25,8,19,27,4,3,7,6
1564164062101956,-32,-17,-16,-13,3,8,23,-2
1564164062103454,16,-6,-5,-5,-6,2,-10,6
1564164062103454,-39,-12,2,9,-2,-13,-12,-21
1564164062124414,15,13,0,-20,-11,-3,-9,5
1564164062124414,-21,-11,-12,8,5,-2,4,-1
1564164062125912,7,-7,2,-14,-1,1,5,-4
1564164062125912,-60,15,8,20,1,-1,-22,-26
1564164062137892,79,-7,-16,-9,1,-5,7,24
1564164062137892,-43,-11,7,-11,-7,2,10,-2
1564164062146874,52,10,-3,-6,1,0,-15,3
1564164062146874,-32,-3,6,9,-1,-3,8,6
1564164062161845,-59,-11,-6,10,7,-1,-11,-27
1564164062161845,51,7,1,21,6,8,25,20
1564164062163343,-79,-28,-3,-1,5,0,-3,-13
1564164062163343,46,31,4,-21,-11,-7,-11,2
1564164062184322,-15,-10,-3,-1,-6,2,3,0
1564164062184322,-18,-3,10,17,-5,-9,-19,-3
1564164062185801,12,1,-21,-7,-6,-10,-16,-11
1564164062185801,-5,-4,6,0,6,7,0,-6
1564164062197798,-6,-4,-1,8,10,9,26,9
1564164062197798,45,21,-9,-10,-10,-1,-12,-1
1564164062206766,-41,-26,-8,2,8,2,11,-14
1564164062206766,-11,-10,3,-1,-1,-1,1,12
1564164062221753,81,35,-3,-12,-7,-3,-4,19
1564164062221753,-58,-23,0,8,1,-1,5,-27
1564164062223231,25,8,4,-14,-2,-2,-13,0
1564164062223231,18,4,-5,19,6,3,16,3
1564164062244195,-42,-1,6,-5,-5,-3,-14,-14
1564164062244195,33,-17,-10,-12,-2,6,15,24
1564164062245689,22,21,6,11,-6,-4,0,6
1564164062245689,-16,-13,-8,-31,-10,-5,-14,-10
1564164062257686,-1,-5,-6,17,11,3,13,4
1564164062257686,14,13,8,-4,-3,-6,-8,-5
1564164062266651,-22,-7,-4,-5,-8,-4,-7,-10
1564164062266651,40,-5,-10,10,7,9,10,19
1564164062281623,-29,-1,-1,-12,-5,-3,0,-7
1564164062281623,16,4,3,-5,-6,1,-2,9
1564164062283119,30,-8,3,11,10,4,-2,1
1564164062283119,-33,12,2,-12,-8,-6,-6,-15
1564164062311586,13,-17,-1,23,12,8,17,18
1564164062311586,-11,5,-1,-6,1,-5,-11,-2
1564164062318573,-17,13,2,-4,-8,1,5,0
1564164062318573,-9,-11,3,-9,-11,3,9,-3
1564164062319551,-18,-17,-1,9,8,-3,-8,-2
1564164062319551,8,1,-5,3,5,0,-10,-6
1564164062327038,-18,-7,1,-21,-8,-3,2,-12
1564164062327038,-5,-5,-16,10,8,-1,-16,-7
1564164062341531,13,9,5,8,0,-2,1,-2
1564164062341531,-21,-5,0,-14,-7,-5,-4,-6
1564164062343510,23,6,7,23,8,3,2,-2
1564164062343510,4,-15,-10,-21,-14,-10,-1,10
1564164062364468,4,14,1,-11,-18,-9,-24,-14
1564164062364468,23,-8,-1,20,13,3,-7,4
1564164062365966,37,13,-6,-7,15,17,45,26
1564164062365966,-14,0,6,2,-3,-6,-11,-8
1564164062386926,-1,-7,-7,-16,-9,-5,-3,0
1564164062386926,-32,11,4,-3,-4,-2,-5,-4
1564164062388423,-5,-12,-3,1,-10,-7,-19,-7
1564164062388423,-8,-10,4,3,6,4,4,5
1564164062401898,-38,-3,-1,22,17,10,8,-14
1564164062401898,17,19,2,-6,-6,-13,-9,-1
1564164062403396,-31,-7,-3,-1,-4,-3,-5,-2
1564164062403396,-13,-6,1,-3,-3,-2,1,-3
1564164062424357,18,-3,-8,-18,-14,-4,-4,-3
1564164062424357,10,-13,-3,8,-1,0,0,-2
1564164062425855,6,1,-10,7,8,5,8,7
1564164062425855,-32,-7,-10,-15,-2,-5,-7,-15
1564164062446819,3,6,7,-11,-3,1,-3,-2
1564164062446819,17,11,6,8,1,0,3,2
1564164062448313,6,-6,-3,-13,-13,-13,-13,-3
1564164062448313,3,-3,-8,-11,-6,-5,-1,2
1564164062461291,-14,-1,0,6,-4,4,10,6
1564164062461291,-8,-1,4,1,6,0,0,5
1564164062467777,15,2,2,5,1,3,-3,-7
1564164062467777,10,-2,12,24,9,2,4,-2
1564164062484247,-15,10,-9,-15,-5,0,1,-4
1564164062484247,25,-8,2,-6,-3,-2,-3,14
1564164062485745,-38,-8,-5,-1,-4,-3,0,-11
1564164062485745,10,-3,-10,-10,5,-1,-4,0
1564164062506704,3,-9,8,-7,-10,-7,-24,-12
1564164062506704,-36,-10,-9,20,16,11,26,2
1564164062512712,32,13,2,8,-1,1,-6,2
1564164062512712,4,9,0,-17,1,2,12,9
1564164062521197,32,7,6,-8,-4,-3,-12,12
1564164062521197,-32,-3,-5,-2,-11,-4,-4,-14
1564164062527684,-28,-24,-2,13,4,-3,0,3
1564164062527684,-12,21,8,1,-4,1,-11,-14
1564164062544154,50,-6,-5,12,1,-2,10,13
1564164062544154,-31,-19,-12,-44,-18,-8,-18,-18
1564164062545635,12,0,1,15,12,2,7,6
1564164062545635,3,9,-2,8,-4,-4,-19,-9
1564164062566612,-43,-26,4,0,2,-1,6,0
1564164062566612,-1,19,-9,-9,5,6,11,-11
1564164062568589,9,18,7,-14,-13,-11,-19,-15
1564164062568589,-20,-28,-4,5,-5,0,3,-2
1564164062580587,15,13,-1,6,16,6,20,30
1564164062580587,29,-4,-3,8,-4,-1,-11,-6
1564164062589550,20,-2,-2,-8,-6,-3,-4,6
1564164062589550,-54,10,0,-6,-4,-1,-16,-25
1564164062604042,28,-11,-3,-6,-6,-6,-1,2
1564164062604042,-63,-3,0,7,11,0,2,-1
1564164062606020,63,23,20,31,12,6,0,12
1564164062606020,31,-1,-24,-24,-10,-4,0,0
1564164062626481,-26,4,2,-7,-4,2,-1,-14
1564164062626481,15,0,-4,21,12,5,15,19
1564164062628482,-53,-11,5,-21,-15,-13,-17,-22
1564164062628482,19,14,11,13,10,8,14,26
1564164062640974,5,-11,-13,-9,8,10,20,16
1564164062640974,12,-24,1,-24,-22,-13,-19,-16
1564164062647945,-26,0,-13,10,-1,-5,5,5
1564164062647945,-16,-2,13,22,7,-4,-11,-20
1564164062664410,-6,8,-19,-48,-11,-6,-6,-2
1564164062664410,66,16,20,23,-6,3,2,9
1564164062665908,-21,-16,-18,-32,5,6,11,-1
1564164062665908,24,-3,6,28,15,0,1,8
1564164062686890,-46,7,5,17,-4,0,3,-5
1564164062686890,-13,-2,8,-29,-16,-7,-9,-2
1564164062688367,-3,16,9,6,9,-1,-15,-8
1564164062688367,0,-6,-7,29,0,-7,-23,-17
1564164062701343,23,-20,-9,-14,3,8,37,23
1564164062701343,-28,16,-5,-1,-3,-1,-2,-19
1564164062715317,11,-7,6,-1,-13,-4,-1,10
1564164062715317,7,-8,-9,-29,-10,-1,7,-2
1564164062724303,-6,-2,-2,7,-1,-11,-36,-22
1564164062724303,-23,-8,1,-9,-7,-3,3,8
1564164062725797,11,4,-7,-30,4,11,22,21
1564164062725797,-86,-13,8,49,9,-1,-7,-16
1564164062746757,74,-14,-5,6,2,2,2,8
1564164062746757,54,23,6,4,10,2,4,11
1564164062748256,-27,-9,7,-31,-16,-6,-7,-6
1564164062748256,93,25,-14,-1,9,15,30,37
1564164062761252,-37,3,13,12,4,-1,-18,-22
1564164062761252,-38,-29,-5,3,1,0,2,-6
1564164062767719,-24,-1,-7,8,-6,-8,-7,-19
1564164062767719,16,-6,-9,-29,-15,-5,11,8
1564164062791695,-4,32,22,12,1,6,-2,-5
1564164062791695,22,-16,-15,15,15,1,2,24
1564164062793172,37,5,0,14,0,-4,-2,5
1564164062793172,-15,-6,-8,-27,-10,-2,1,-2
1564164062806666,-1,3,-2,10,-5,-3,-1,-4
1564164062806666,-20,5,4,-12,-4,-2,-6,-15
1564164062808144,11,-2,1,5,2,2,5,7
1564164062808144,20,-4,3,2,2,-3,-3,3
1564164062821139,-32,-4,4,-6,-3,-6,-8,-10
1564164062821139,7,-2,-18,-9,-9,-4,0,-5
1564164062828106,8,-2,-3,13,3,0,2,3
1564164062828106,0,7,8,-3,2,-4,-5,-6
1564164062844078,-18,-2,-4,-4,-4,-1,3,-4
1564164062844078,20,2,0,3,3,1,10,12
1564164062846073,0,3,0,9,0,0,-4,9
1564164062846073,0,-2,5,-8,2,8,7,13
1564164062874540,1,-4,0,-7,-10,-7,4,-4
1564164062874540,0,1,-17,1,0,-13,-12,-22
1564164062876018,-8,-3,-3,-3,5,11,-1,2
1564164062876018,8,4,2,-5,-6,-11,-12,-9
1564164062880509,-4,-4,2,0,-1,-4,-8,7
1564164062880509,2,2,6,4,2,8,10,7
1564164062889493,0,1,3,0,-3,-1,10,2
1564164062889493,-9,-12,-10,-3,-7,-8,-3,-10
1564164062903986,5,10,4,14,8,9,11,12
1564164062903986,-16,-9,-18,-9,-5,0,-16,-27
1564164062905963,5,0,-8,-2,-1,-5,5,8
1564164062905963,10,4,25,-4,-5,-9,5,13
1564164062926926,-4,-4,4,8,8,23,12,1
1564164062926926,-1,0,-14,-3,-2,-18,-10,-1
1564164062928424,-1,5,2,7,1,11,1,-5
1564164062928424,7,-3,-1,-5,-3,-15,4,-4
1564164062941896,-12,-10,-19,-7,-5,-7,-21,-7
1564164062941896,5,13,34,12,10,27,20,8
1564164062949381,9,9,4,0,2,-5,-3,3
1564164062949381,-6,-6,2,-4,-5,-2,-17,-5
1564164062964353,-7,-3,-37,-16,-7,-10,2,-10
1564164062964353,6,3,-3,-2,-3,0,-7,7
1564164062965852,-7,-14,0,5,-4,-13,-1,-7
1564164062965852,0,25,58,17,6,7,-2,-3
1564164062994317,4,-11,-8,-5,3,1,3,1
1564164062994317,-9,-9,-34,-13,-11,-7,-2,2
1564164062995796,1,-3,2,13,5,-3,-11,-9
1564164062995796,-11,0,-33,-13,-4,-1,7,-1
1564164063000287,9,9,18,6,0,-4,-3,16
1564164063000287,3,16,51,12,13,30,2,3
1564164063009274,5,-9,-18,-2,-5,-8,1,0
1564164063009274,-1,-7,-3,3,0,5,3,-5
1564164063024242,-9,6,-2,-1,-1,7,-5,-16
1564164063024242,8,1,-12,-2,-4,-5,0,8
1564164063025743,-4,3,20,5,5,10,10,4
1564164063025743,12,12,3,-11,-6,-5,-11,3
1564164063046722,-12,-15,-13,1,-6,-8,3,-20
1564164063046722,11,9,0,19,9,-1,7,9
1564164063048201,1,7,3,-5,-4,1,-6,-6
1564164063048201,-12,-38,-71,-46,-16,-9,-6,-8
1564164063069159,-2,-4,29,-4,-6,-11,-7,1
1564164063069159,1,17,15,-1,-3,-1,1,-2
1564164063070660,2,8,27,22,9,4,2,11
1564164063070660,0,-2,0,9,6,3,0,6
1564164063083651,-15,-6,-35,-12,-1,-3,3,1
1564164063083651,-5,-8,18,1,-6,-8,-6,-3
1564164063090120,-3,-1,-25,-10,5,0,-6,0
1564164063090120,-4,-5,-5,4,6,10,11,-4
1564164063106608,13,4,8,1,1,-1,-5,7
1564164063106608,-6,-9,-16,-2,-6,-7,-8,-11
1564164063108087,10,20,11,-1,4,3,3,2
1564164063108087,-11,-34,-8,3,-2,-2,-2,-6
1564164063120563,15,33,6,-3,-5,-11,-3,7
1564164063120563,-4,-15,-11,-6,-2,3,-1,9
1564164063129547,-3,-11,-2,-2,1,4,3,-8
1564164063129547,-2,-7,-29,-3,-2,1,-1,-2
1564164063144522,-10,11,33,2,-4,-4,-1,-4
1564164063144522,-1,-3,7,14,6,-2,3,10
1564164063146016,-10,-12,-25,-21,-4,-2,-7,-13
1564164063146016,5,8,10,11,8,6,3,5
1564164063166482,-4,-14,6,3,1,0,-3,-4
1564164063166482,9,29,35,3,-1,-3,2,3
1564164063168478,-10,-14,-32,-16,-10,-4,1,-6
1564164063168478,-7,-4,1,0,-3,-6,-8,-5
1564164063180471,-6,-23,-24,-1,-2,3,-5,-2
1564164063180471,11,-3,-28,-8,1,0,1,-7
1564164063196921,-19,13,19,-13,-12,-11,-1,13
1564164063196921,-15,6,43,12,-2,1,-9,-24
1564164063204407,-12,-15,-9,-7,-2,-6,-8,-20
1564164063204407,-14,-6,-39,-11,2,-3,-3,2
1564164063205905,-3,-9,27,10,-2,0,-4,-9
1564164063205905,-4,0,-5,3,2,2,5,6
1564164063226881,3,1,20,8,-1,-2,-2,9
1564164063226881,-6,1,24,5,-1,-1,0,-14
1564164063228363,8,3,-40,-5,-3,-2,1,2
1564164063228363,-2,-15,-10,-10,1,2,7,9
1564164063250829,3,-2,-5,4,-1,-1,1,-2
1564164063250829,-3,-7,-11,-13,-4,-3,4,1
1564164063252319,8,8,70,27,9,5,0,11
1564164063252319,10,-2,-20,-11,-4,0,7,12
1564164063271785,0,-3,-25,-4,5,5,7,5
1564164063271785,-9,-3,9,-3,-10,-9,-16,-25
1564164063273280,1,15,41,10,4,-5,7,18
1564164063273280,5,-1,-23,-12,-4,1,4,-5
1564164063286774,1,-28,-31,-13,-11,-10,-18,-14
1564164063286774,24,5,11,-3,2,1,8,25
1564164063288252,-10,-18,-16,-6,-4,-6,-7,-15
1564164063288252,10,9,37,13,9,10,15,7
1564164063309232,10,32,-39,-10,-3,1,0,1
1564164063309232,-2,-12,18,6,3,4,5,1
1564164063310714,-8,-12,-28,-3,-7,-7,-5,-6
1564164063310714,-2,15,5,2,-4,-2,-6,-6
1564164063324185,-4,9,14,-4,-6,-3,-2,5
1564164063324185,-9,-18,-1,6,5,-2,2,-14
1564164063325683,13,31,-23,-18,-4,2,0,6
1564164063325683,-11,-15,-5,16,6,1,-8,-5
1564164063347161,4,11,46,3,-2,-2,4,-3
1564164063347161,-11,-23,-53,-23,-9,-7,-7,4
1564164063348659,-2,0,50,23,7,4,-3,-11
1564164063348659,-1,-9,-30,-12,-11,-5,-5,2
1564164063369121,12,37,24,16,28,9,7,17
1564164063369121,11,5,15,-13,-7,0,-5,-15
1564164063370599,-5,-32,-51,-10,-3,-1,-2,-6
1564164063370599,11,12,-11,-11,-4,-11,-4,12
1564164063384093,-3,-12,27,25,1,5,0,-11
1564164063384093,-12,-22,-11,-7,-2,-1,-5,-4
1564164063386070,3,21,-5,-2,0,2,-1,1
1564164063386070,5,8,23,17,6,0,6,5
1564164063406552,0,-19,-22,-22,-11,-12,-18,-12
1564164063406552,11,8,3,5,1,6,14,32
1564164063408528,-6,-20,-27,-10,-5,-3,0,-5
1564164063408528,-2,20,19,-4,-3,-1,-8,-1
1564164063429010,1,4,11,14,3,-6,2,0
1564164063429010,-10,-11,2,1,-1,6,-8,-4
1564164063430986,0,8,1,2,5,7,5,12
1564164063430986,11,21,5,-4,0,3,-4,-10
1564164063443463,-16,-22,-20,-8,-2,2,1,-8
1564164063443463,7,22,1,9,-2,-8,-3,-3
1564164063450470,16,3,13,8,-1,-4,1,0
1564164063450470,-7,-10,-5,15,6,1,-3,-5
1564164063465943,-7,-12,-29,-31,-10,-2,7,6
1564164063465943,-1,-2,16,13,6,2,-3,-16
1564164063474410,0,13,-18,-13,-5,1,-2,-4
1564164063474410,0,4,22,7,5,1,4,5
1564164063489377,-3,3,9,5,-10,-2,2,9
1564164063489377,4,11,-8,-12,-6,-5,0,4
1564164063490879,-14,2,10,-6,-2,-7,-9,-18
1564164063490879,8,-14,9,-1,-4,1,5,8
1564164063503355,-22,-8,3,11,5,6,-1,-5
1564164063503355,-3,-8,-29,-9,-5,-4,-4,-3
1564164063510339,14,14,5,3,6,6,6,4
1564164063510339,-13,-7,14,-1,-1,-3,-7,-1
1564164063526813,-4,15,-9,-5,0,-2,-10,-19
1564164063526813,-1,-16,12,21,10,-2,3,5
1564164063528306,4,-5,-5,-17,-8,2,-5,-1
1564164063528306,-4,-10,-5,-4,-5,-4,-1,-2
1564164063549267,6,-19,-11,-4,0,3,1,-1
1564164063549267,4,45,29,10,0,-4,4,9
1564164063550764,-5,-10,-19,-8,-4,-2,-1,4
1564164063550764,-6,-11,-24,5,7,2,0,-12
1564164063563739,7,12,24,13,5,1,0,6
1564164063563739,4,-14,-20,-4,-1,-2,3,4
1564164063570230,-6,-28,-4,6,-2,6,2,3
1564164063570230,6,20,23,-6,-3,5,5,-3
1564164063586700,1,2,-18,-10,-14,-33,-16,1
1564164063586700,-7,-2,-27,2,12,-12,-2,-2
1564164063588194,-3,-11,6,4,10,24,10,-3
1564164063588194,26,28,22,1,2,13,4,26
1564164063609157,-14,-3,4,1,-3,-9,-8,-21
1564164063609157,14,0,-17,-16,-15,16,3,10
1564164063610656,-25,-13,-7,-9,-6,-17,-8,-19
1564164063610656,-4,7,-7,7,3,-2,0,-5
1564164063624147,14,17,5,-15,-4,3,4,10
1564164063624147,-4,-7,19,17,-12,-11,-11,-16
1564164063630136,4,-13,-22,7,25,2,0,2
1564164063630136,-8,-2,-2,-8,-8,-2,0,-4
1564164063646605,5,4,16,13,6,6,0,1
1564164063646605,-11,-9,-8,-17,-9,-3,-3,-7
1564164063648083,3,-9,-9,-1,-12,-1,1,7
1564164063648083,-9,-2,3,-5,-6,-13,-8,-10
1564164063669048,-1,-34,-26,-7,0,7,5,4
1564164063669048,-8,22,12,4,4,4,1,-5
1564164063671039,5,14,37,15,-1,-7,-12,-7
1564164063671039,-1,-11,-34,-14,-4,-11,2,2
1564164063683536,9,23,22,8,5,9,6,9
1564164063683536,-1,-23,-11,-2,7,6,4,1
1564164063697989,3,7,-14,-24,-10,-5,-7,4
1564164063697989,-13,1,3,19,1,-2,-5,-17
1564164063706974,5,-6,7,8,6,6,8,13
1564164063706974,-3,-6,-10,-21,-4,-4,-7,-7
1564164063708471,-1,-1,25,16,3,0,5,4
1564164063708471,-3,-23,-55,-18,-7,-4,-6,-5
1564164063729432,4,15,10,3,1,1,4,3
1564164063729432,-7,3,12,8,5,-4,-7,-10
1564164063730930,1,-3,-7,-18,-13,-4,-1,-3
1564164063730930,11,19,23,1,5,5,0,6
1564164063743425,-12,-24,-21,-6,1,0,2,-2
1564164063743425,16,11,9,-2,-1,1,3,25
1564164063750394,-10,-5,-1,4,-1,-5,-11,-21
1564164063750394,6,17,17,3,-3,-4,-3,-4
1564164063766863,3,-11,-21,-9,-12,-4,-6,-3
1564164063766863,-6,-5,16,15,15,3,4,1
1564164063768360,1,10,0,-2,5,2,-3,-1
1564164063768360,1,-4,-2,-13,-6,-3,6,19
1564164063789341,-1,-25,-9,-1,-4,-1,-1,-3
1564164063789341,-16,-9,-44,-19,-11,-1,-1,-10
1564164063790818,1,-1,16,18,-1,-10,2,5
1564164063790818,-9,3,15,-11,1,13,0,-8
1564164063802815,-2,-14,-17,13,8,-10,-1,1
1564164063802815,-2,-8,2,-7,-9,-17,-8,-8
1564164063811782,7,4,-10,-23,-9,12,0,4
1564164063811782,5,26,5,16,9,12,2,2
1564164063826754,-11,-25,14,22,14,-3,-3,-1
1564164063826754,8,8,1,2,11,26,16,7
1564164063828249,0,-10,-11,-13,-18,-19,-6,0
1564164063828249,0,3,-5,8,0,-6,-4,-8
1564164063849228,-2,19,25,0,4,8,5,-1
1564164063849228,-5,-18,-15,8,-2,-12,-2,5
1564164063850707,12,17,13,10,-2,2,-1,1
1564164063850707,-27,-34,-8,-16,-10,-8,-4,-13
1564164063862703,3,22,1,-8,-6,-6,-1,0
1564164063862703,5,7,9,10,15,4,2,16
1564164063871687,1,4,4,-5,-2,3,2,0
1564164063871687,0,-17,9,13,-2,-6,-9,-13
1564164063886659,7,16,-7,-10,-4,0,1,3
1564164063886659,-5,-2,4,-8,-9,0,-1,-10
1564164063888140,-3,-6,-1,22,16,6,7,13
1564164063888140,-4,-9,-3,-12,-5,-15,-3,3
1564164063909117,3,5,-4,-3,-3,14,1,-4
1564164063909117,-1,4,10,-2,-4,-1,0,-4
1564164063910595,0,2,-11,1,-1,0,5,11
1564164063910595,-10,-30,-19,-26,-15,-4,-4,-4
1564164063923072,6,14,5,7,3,2,1,1
1564164063923072,2,-2,20,11,4,-1,1,3
1564164063932055,-11,-15,-31,-8,-6,-5,-3,-9
1564164063932055,8,4,1,5,9,10,1,-6
1564164063946529,-6,-1,-17,-20,-15,-6,-4,-5
1564164063946529,2,6,-13,3,-8,-5,-5,-10
1564164063948524,-4,0,5,0,0,-5,-3,-3
1564164063948524,8,-13,-3,-1,6,2,4,11
1564164063976972,-1,14,4,-2,2,0,1,0
1564164063976972,10,3,-1,2,-3,-3,-6,-11
1564164063978469,-4,6,-6,-6,1,4,11,17
1564164063978469,4,5,9,13,-11,-11,-2,7
1564164063982981,-2,0,-6,-19,-2,-1,-7,-13
1564164063982981,-9,-9,9,-6,-1,-5,-2,-2
1564164063991944,8,10,17,12,7,9,1,-4
1564164063991944,-2,23,-5,-4,8,4,2,-1
1564164064006916,-1,-30,1,4,-4,-4,0,2
1564164064006916,4,13,-14,-12,-11,-1,0,3
1564164064008414,-6,-16,10,1,0,-5,-3,-2
1564164064008414,-5,-3,-8,4,-1,-5,-5,1
1564164064029395,-1,-1,10,-1,-3,1,-3,-14
1564164064029395,15,26,4,0,0,-2,-1,2
1564164064030872,-7,-16,-2,-8,-5,-4,-1,-6
1564164064030872,-1,0,-22,0,5,5,0,4
1564164064042869,1,18,8,10,4,4,2,6
1564164064042869,5,-19,-5,-6,0,0,0,6
1564164064051836,-17,-4,1,1,-2,-6,-5,-17
1564164064051836,3,7,-4,-5,-1,-4,-1,-2
1564164064066808,-4,-9,17,8,-1,-2,-2,0
1564164064066808,-13,-12,-11,6,6,4,4,-1
1564164064068302,8,19,-2,-12,-4,-2,0,-1
1564164064068302,-2,-13,5,8,-3,-3,-7,-8
1564164064089282,-2,5,-1,-2,-1,7,1,1
1564164064089282,-11,-19,-4,-6,-3,-2,-2,-9
1564164064090761,4,1,0,13,7,0,9,13
1564164064090761,4,-9,-6,-1,1,5,5,-6
1564164064103256,-2,5,12,-4,-2,-8,-3,7
1564164064103256,3,9,6,-4,-6,-3,-3,-2
1564164064111721,-16,-13,-17,-4,-2,2,-4,-9
1564164064111721,7,-13,4,-7,-3,-5,-3,2
1564164064128211,2,-4,-23,8,1,-1,3,4
1564164064128211,2,20,17,-2,2,2,1,-4
1564164064129688,3,-26,-28,-11,-6,-5,-6,-1
1564164064129688,0,18,22,-5,-6,-1,2,4
1564164064149172,-20,-21,-14,3,1,0,0,-2
1564164064149172,-8,-13,5,6,1,-2,-4,-5
1564164064150652,9,25,14,8,7,10,2,-1
1564164064150652,-1,1,-3,-2,1,1,1,2
1564164064162647,9,-7,-24,-18,-6,-7,-1,-1
1564164064162647,0,12,6,3,-2,-1,-1,-3
1564164064187580,2,3,6,-5,-1,-4,3,6
1564164064187580,1,-6,-2,6,-3,-3,0,2
1564164064188080,14,12,15,7,1,-3,3,11
1564164064188080,-16,-8,-11,0,6,3,5,-1
1564164064189580,-2,8,16,3,-1,-6,-8,-14
1564164064189580,6,4,-13,-13,-5,-1,-3,6
1564164064209060,-3,-9,1,3,-2,-2,-1,-2
1564164064209060,-3,-4,6,-4,-8,-2,0,3
1564164064211037,4,15,0,-1,9,-1,1,5
1564164064211037,-14,-7,3,2,3,2,0,-5
1564164064231498,-5,6,5,7,0,-2,-2,-4
1564164064231498,-7,-10,-22,-16,-5,0,-1,-5
1564164064233495,3,-1,7,-2,-8,-6,-5,0
1564164064233495,13,10,10,12,2,-1,-1,2
1564164064246492,-5,-17,-28,-12,1,0,-2,-6
1564164064246492,-8,3,17,1,0,-1,-1,0
1564164064252978,2,-3,-25,2,4,-1,-6,-5
1564164064252978,-6,-7,24,5,-3,1,1,-10
1564164064269428,-4,-3,-5,-11,-1,2,-5,-2
1564164064269428,0,1,-13,-3,-4,-1,3,0
1564164064270926,10,1,21,16,7,0,2,27
1564164064270926,-18,-12,-27,0,-4,-2,-7,-31
1564164064291886,2,14,13,10,0,-3,0,-5
1564164064291886,-1,-18,-9,-10,2,-5,1,14
1564164064293385,-2,-2,-3,-7,-6,3,-2,-9
1564164064293385,2,5,-1,7,4,-1,3,2
1564164064307357,4,10,10,-6,-4,2,0,3
1564164064307357,0,-11,-28,-8,-10,-3,-5,1
1564164064308856,-1,10,21,12,5,1,0,-1
1564164064308856,1,-5,-14,10,17,3,1,6
1564164064329317,-9,-6,-7,-3,-9,-2,-4,-5
1564164064329317,-4,-13,20,8,1,-1,-3,-3
1564164064330815,-5,-11,-40,-31,-17,-14,-8,-7
1564164064330815,4,2,6,5,-2,-4,3,-1
1564164064351795,6,21,8,11,9,13,10,8
1564164064351795,9,-3,-11,-2,-2,-13,-9,-5
1564164064353273,-2,-1,-5,-6,-1,1,2,1
1564164064353273,-11,-13,-8,-6,-3,-11,2,8
1564164064366768,10,2,10,-3,0,4,-18,-18
1564164064366768,2,18,25,18,0,-1,5,4
1564164064368245,-25,-6,-1,-2,1,-1,1,-17
1564164064368245,-2,5,-3,-15,-3,-6,0,14
1564164064389206,-8,-13,-1,6,0,-12,2,4
1564164064389206,6,14,5,-4,2,10,-3,-8
1564164064390707,4,-1,2,-7,-7,-5,-5,2
1564164064390707,-9,-19,-10,0,-6,3,-1,-2
1564164064411684,-2,-2,-1,-4,7,-1,3,-3
1564164064411684,8,4,8,10,10,4,1,5
1564164064413165,-8,-10,0,-4,-1,0,3,-1
1564164064413165,-5,-8,-31,-21,-15,-4,-6,-1
1564164064426156,8,-8,-7,-8,-10,-3,-2,1
1564164064426156,2,11,9,18,18,7,7,8
1564164064432626,-12,-19,-27,-2,-4,-1,-6,-7
1564164064432626,-2,6,15,-2,-2,-1,-4,-4
1564164064448115,-8,-3,2,-7,-5,-3,5,14
1564164064448115,3,1,-5,1,-4,0,-12,-15
1564164064456580,4,3,8,5,6,5,7,8
1564164064456580,10,7,13,6,3,-2,-7,12
1564164064471572,-10,-5,-14,-18,-5,-1,6,-7
1564164064471572,-2,6,11,-3,-6,-2,-5,-10
1564164064473050,7,2,-13,7,5,3,1,10
1564164064473050,-1,2,7,-10,-1,0,4,-5
1564164064486045,8,4,13,5,-2,3,-7,-1
1564164064486045,0,-4,-17,-18,-7,-2,4,5
1564164064493012,4,0,9,8,-5,-4,-3,-3
1564164064493012,7,9,11,10,4,-6,1,4
1564164064509003,2,-3,-19,-6,8,5,0,-3
1564164064509003,2,4,1,-2,-5,1,1,-3
1564164064510980,-1,-6,15,-2,-2,-1,-2,3
1564164064510980,0,6,-18,-5,-7,-1,-1,1
1564164064531941,-2,-3,31,16,14,4,3,0
1564164064531941,-8,-16,-21,-6,-6,-3,0,10
1564164064533937,4,9,-8,-5,-1,-2,-2,-10
1564164064533937,8,14,22,11,12,6,0,1
1564164064545919,3,-14,-15,-12,-14,-8,-5,-1
1564164064545919,-12,-6,-7,-1,6,4,5,0
1564164064552921,-2,-14,6,-7,-10,-4,-1,0
1564164064552921,2,7,-2,10,2,3,1,0
1564164064569374,-11,9,-19,-12,-4,-5,-6,-9
1564164064569374,10,5,14,0,-2,-1,3,15
1564164064570872,7,13,-3,5,6,2,-1,-12
1564164064570872,-5,-7,5,2,-3,0,-1,-4
1564164064591330,-3,-9,6,5,2,-3,-2,1
1564164064591330,-1,-2,-9,-9,-7,-5,-4,-2
1564164064591829,-12,-4,-1,0,2,2,0,-1
1564164064591829,-2,4,-16,-12,8,4,0,-4
1564164064605324,-17,-20,6,11,-2,-3,-3,-3
1564164064605324,2,8,-7,-5,-2,-1,-4,-7
1564164064613789,11,19,6,10,0,-3,-3,5
1564164064613789,-16,-27,-7,-15,-9,4,-1,-7
1564164064628760,7,6,-15,1,-3,-2,0,4
1564164064628760,-11,-1,27,-11,-4,-3,-2,-7
1564164064629262,-4,-5,6,17,10,-1,0,-3
1564164064629262,13,5,-13,-12,-6,1,-3,4
1564164064651218,-3,6,13,19,1,1,4,4
1564164064651218,-16,-26,-18,-14,2,2,3,-4
1564164064651718,11,25,7,-2,-2,2,-5,-8
1564164064651718,9,0,4,1,-2,-5,-2,9
1564164064665193,-8,-20,-7,-6,-7,-4,-1,2
1564164064665193,13,20,5,10,2,2,2,-1
1564164064673681,-1,1,9,2,1,-2,-3,-7
1564164064673681,-1,0,2,4,2,0,4,1
1564164064688669,3,1,-10,-11,2,1,-2,-3
1564164064688669,-1,-7,-13,1,-2,-3,-4,-1
1564164064689148,-3,-7,-1,8,-1,1,1,6
1564164064689148,-4,-7,-5,-13,-4,1,-2,-7
1564164064711107,-11,14,19,19,2,2,1,-2
1564164064711107,1,20,2,-2,6,0,-2,-3
1564164064711606,0,-28,-5,-17,-4,2,4,4
1564164064711606,2,10,9,18,6,2,3,3
1564164064735063,-2,-1,-8,-18,-13,-5,-9,-10
1564164064735063,-1,-1,16,33,0,-3,0,0
1564164064735562,2,6,-8,-8,7,1,-1,2
1564164064735562,-11,-7,-20,-9,-4,-2,-2,-8
1564164064748538,0,-18,-9,-1,5,2,4,9
1564164064748538,-6,3,8,-8,-11,-6,-6,-9
1564164064749537,-5,-23,-20,-21,-20,-8,-2,-3
1564164064749537,5,10,20,38,21,2,4,0
1564164064771015,-6,5,2,-4,8,3,2,17
1564164064771015,-3,-2,-1,-1,-1,-2,-9,-30
1564164064772010,-8,-14,-6,-5,0,0,0,-2
1564164064772010,3,14,6,-18,-14,-4,-2,-2
1564164064785489,16,11,18,10,-2,-3,-2,3
1564164064785489,-7,-6,-20,-6,6,3,3,3
1564164064793457,-1,3,6,-2,-4,-3,-4,-14
1564164064793457,-10,-14,5,-1,-2,-1,-2,-8
1564164064808945,2,9,2,8,-5,-5,-5,-10
1564164064808945,4,17,-6,-9,4,1,2,12
1564164064809929,0,0,10,-2,-8,-2,2,4
1564164064809929,3,0,2,-5,6,4,1,6
1564164064830904,-7,-8,-9,1,6,0,0,-6
1564164064830904,4,-9,-3,15,-2,-6,-4,4
1564164064831903,-3,-4,-10,15,17,8,4,5
1564164064831903,2,24,17,-7,-10,-4,0,-2
1564164064845362,0,-18,2,-13,-5,-1,-6,-12
1564164064845362,6,-1,-6,-9,-9,-8,-3,1
1564164064853362,1,2,9,7,2,1,0,0
1564164064853362,-14,-19,-11,-5,-4,-3,-3,-2
1564164064868334,7,15,1,-2,1,-5,-5,-2
1564164064868334,-3,-18,-8,-1,-5,-2,-2,-4
1564164064869317,8,16,12,11,0,-1,3,10
1564164064869317,-3,-9,-11,-5,3,-2,-3,-1
1564164064891273,1,9,-1,-7,-2,1,3,0
1564164064891273,12,2,15,14,5,1,0,3
1564164064891772,-7,-14,-17,-13,3,3,1,4
1564164064891772,-1,18,4,16,-2,-3,0,-1
1564164064905250,-10,-7,-18,-26,-1,-1,-3,-6
1564164064905250,3,5,5,0,1,4,3,0
1564164064913730,-1,0,-18,-5,-12,-7,-5,-5
1564164064913730,2,-7,-3,-7,-6,-1,0,3
1564164064936691,2,0,4,9,-2,-2,1,1
1564164064936691,-3,-1,10,-5,5,2,1,3
1564164064937686,6,6,-6,-5,-1,-1,-1,0
1564164064937686,9,-9,-14,-9,-4,-3,-4,-4
1564164064951162,-2,-5,-1,-5,-5,-1,-2,-5
1564164064951162,4,9,5,-16,-6,2,1,5
1564164064951661,-5,-10,2,16,7,0,1,0
1564164064951661,0,-8,-12,-10,-9,-2,-2,-1
1564164064965136,10,8,11,9,5,4,7,-2
1564164064965136,-14,-5,-16,9,11,-4,-5,-1
1564164064973639,2,-7,-11,-6,3,2,-3,-4
1564164064973639,-1,-9,5,-2,-2,-6,2,1
1564164064988592,-5,8,8,8,-1,7,-3,-5
1564164064988592,1,-4,-16,-15,-9,1,3,4
1564164064989091,-4,9,5,-4,-15,-7,-7,-8
1564164064989091,-5,-12,-2,11,9,0,-1,-2
1564164065011053,-1,-4,-1,-6,6,-1,4,5
1564164065011053,-3,2,14,13,6,3,1,1
1564164065011550,-3,-4,-12,-14,0,-2,-1,0
1564164065011550,15,21,4,-1,-8,-1,-1,4
1564164065025523,-9,-1,11,8,-1,-2,-2,1
1564164065025523,-3,-22,-24,-8,-1,1,-2,-3
1564164065033528,3,10,8,-19,-16,-5,2,1
1564164065033528,-6,0,5,17,9,1,-4,-3
1564164065048483,14,8,-6,-9,-1,1,5,5
1564164065048483,-19,-3,6,15,8,-5,-6,-10
1564164065049478,5,-13,-2,-13,-6,1,2,6
1564164065049478,3,3,-1,2,-13,-2,-2,-3
1564164065070958,-6,-6,-13,2,15,3,1,1
1564164065070958,-8,6,5,-1,-4,-3,2,-5
1564164065071941,6,12,14,6,5,-1,-4,-1
1564164065071941,-2,-4,-25,-33,-4,-1,-2,-2
1564164065087412,11,-6,8,9,-5,-2,0,5
1564164065087412,-6,0,-10,-3,3,0,-1,2
1564164065093400,-10,-7,-3,19,16,3,4,-7
1564164065093400,-14,-1,9,-1,-2,0,-7,-17
1564164065108373,10,10,5,-13,-16,-8,-1,16
1564164065108373,15,9,5,-4,-12,-2,9,0
1564164065109368,-7,-2,-2,9,-2,3,0,-2
1564164065109368,-9,-4,3,13,20,5,-4,-1
1564164065139312,-7,-7,-5,-7,-1,-2,-6,-6
1564164065139312,-14,0,12,-4,-8,0,2,-5
1564164065140312,22,2,-7,-1,-7,-6,-4,3
1564164065140312,-20,-2,1,-7,0,1,1,-6
1564164065145301,10,2,-12,0,4,1,-8,-7
1564164065145301,-15,-8,-2,-1,-2,-3,8,13
1564164065153785,31,5,1,-19,-12,-7,0,6
1564164065153785,-32,-11,0,29,2,-1,-3,-7
1564164065168259,13,0,-5,-10,5,6,13,3
1564164065168259,18,7,1,-6,1,-1,-18,-4
1564164065169257,-14,6,2,7,-2,1,1,-3
1564164065169257,-25,-16,-1,-3,-2,-4,-5,-7
1564164065191215,1,-12,1,1,-3,-4,3,-4
1564164065191215,4,10,-6,5,-2,2,3,7
1564164065191715,7,-8,-2,2,4,2,2,5
1564164065191715,12,15,-1,-10,9,6,6,6
1564164065214672,5,10,11,16,-4,1,5,1
1564164065214672,-31,-17,2,-6,-2,0,0,-20
1564164065215673,-26,-24,-19,-16,-2,-12,-27,-17
1564164065215673,39,3,6,18,2,-5,3,12
1564164065228666,-8,4,-5,-4,5,7,7,0
1564164065228666,57,14,-3,-11,-11,-1,3,23
1564164065229148,-31,1,13,22,2,3,-5,-10
1564164065229148,-22,-16,0,5,7,6,9,-7
1564164065251123,-3,5,6,-16,-5,-7,-4,-4
1564164065251123,0,-10,-8,-10,-3,-5,-15,-3
1564164065251604,-8,5,-11,-7,-2,1,1,-12
1564164065251604,23,7,11,-2,-11,-10,-6,9
1564164065274080,9,0,-6,4,-3,4,6,5
1564164065274080,-3,5,-2,-8,4,2,-7,-20
1564164065275060,-31,-15,-3,-6,-3,-7,-7,-1
1564164065275060,30,11,-3,-17,-12,-1,7,21
1564164065288554,-25,0,2,9,-1,-9,-3,2
1564164065288554,36,-3,6,13,15,17,17,14
1564164065289533,-3,13,5,-19,-5,-3,-8,-15
1564164065289533,-3,8,7,7,-1,1,0,-12
1564164065311012,-23,-29,-26,-11,-1,-1,-7,-2
1564164065311012,19,6,-1,-1,-5,-9,-8,7
1564164065311993,50,7,2,-7,-9,2,7,23
1564164065311993,-53,-2,8,19,11,7,-1,-27
1564164065333970,5,-8,0,-18,-1,-2,10,9
1564164065333970,-32,-2,0,25,2,-5,-15,-25
1564164065334949,-36,-10,3,-1,4,6,15,12
1564164065334949,45,2,-9,-24,-24,-10,-3,22
1564164065348423,33,12,-4,-4,3,-2,-4,5
1564164065348423,-44,-1,6,20,8,5,5,-5
1564164065349425,-18,15,31,12,6,-4,-9,-26
1564164065349425,9,-22,-42,-18,-1,1,-3,-2
1564164065370881,43,5,9,5,-4,5,18,25
1564164065370881,-9,-9,-8,-15,-12,-10,-7,5
1564164065371880,-66,2,0,12,3,-1,-10,-24
1564164065371880,44,-2,-6,-6,7,1,-3,12
1564164065394357,-17,5,10,17,2,-7,-17,-22
1564164065394357,-26,-12,-16,-31,-15,0,3,-9
1564164065394837,43,12,7,29,14,5,12,18
1564164065394837,-42,0,11,-20,-2,5,9,7
1564164065416795,-9,-7,-8,27,-3,-3,-11,-11
1564164065416795,38,6,1,-7,5,2,2,10
1564164065417794,-31,-23,-18,-12,-8,-2,-8,-17
1564164065417794,0,2,8,-18,-16,-10,1,-10
1564164065431269,-10,6,2,23,6,-1,-10,4
1564164065431269,32,11,-3,-13,4,0,7,-9
1564164065431772,-3,10,1,-11,-7,1,10,20
1564164065431772,47,-3,-6,40,2,-11,-21,-3
1564164065454247,-94,-31,-5,-24,-6,4,3,-29
1564164065454247,55,-4,-3,5,-1,5,-1,25
1564164065455224,89,35,6,15,13,13,17,31
1564164065455224,-62,-5,1,-10,-7,1,2,-11
1564164065468699,-32,4,9,14,-11,-11,-20,-20
1564164065468699,3,-19,-23,-24,5,0,8,0
1564164065469198,-10,3,-6,-23,-14,-8,-12,-16
1564164065469198,30,-7,7,16,13,11,15,15
1564164065491657,70,14,-7,-6,-15,-10,-24,-6
1564164065491657,-105,-1,17,30,6,0,10,-13
1564164065492156,-71,-17,-7,-19,-4,-11,-24,-10
1564164065492156,81,4,-6,17,10,1,26,19
1564164065514119,38,2,0,-30,-12,-3,-27,16
1564164065514119,-58,-9,3,15,12,8,12,-34
1564164065515114,70,1,-12,-38,-20,-8,-3,-1
1564164065515114,-38,14,3,-10,-6,0,-11,-8
1564164065528589,41,25,9,30,9,2,11,20
1564164065528589,8,-31,-21,-16,-4,-8,-21,5
1564164065529087,31,0,9,18,5,11,29,0
1564164065529087,-25,-10,-6,-25,-10,-6,-19,-4
1564164065551051,-7,8,5,2,-6,-18,1,-10
1564164065551051,78,16,11,-5,-8,10,18,41
1564164065551547,-13,-29,-16,34,19,-6,7,-15
1564164065551547,54,10,7,-6,2,16,15,21
1564164065574004,-31,-25,-8,-46,-2,1,-6,-26
1564164065574004,-44,11,-1,43,3,-14,-31,-16
1564164065575002,2,-23,-11,-26,-8,4,14,14
1564164065575002,-26,14,6,-3,-7,1,10,-2
1564164065588496,-4,8,-1,13,6,-3,-13,-3
1564164065588496,36,22,4,-33,-21,-5,10,33
1564164065589477,-35,-13,2,46,34,19,13,-7
1564164065589477,-40,5,3,-4,4,-9,-41,-17
1564164065611934,9,-32,-19,-19,-12,0,20,2
1564164065611934,-17,-13,11,16,-10,0,8,-10
1564164065612435,-19,15,-9,-25,-5,-8,-23,-20
1564164065612435,15,21,7,13,8,-7,-13,6
1564164065641877,22,10,3,16,13,16,15,3
1564164065641877,-80,-25,-4,-19,-15,-14,-37,-48
1564164065642378,66,17,3,9,-5,0,21,24
1564164065642378,-24,-30,-14,-7,-7,0,21,1
1564164065648366,-61,-1,-2,2,6,-6,-28,-11
1564164065648366,127,21,-3,-3,10,5,17,40
1564164065649365,-22,16,4,5,-10,-7,-16,-11
1564164065649365,-6,12,-9,-22,-5,-12,-16,-18
1564164065671842,-83,-44,-5,10,4,9,28,7
1564164065671842,26,18,0,-30,-19,-12,-17,-11
1564164065672321,80,11,1,30,10,6,-8,11
1564164065672321,-51,-11,-3,-1,-12,-3,-8,-19
1564164065694299,102,29,2,25,18,11,54,44
1564164065694299,-93,-25,4,-19,-7,-2,-14,-23
1564164065695279,25,-17,-7,-5,12,-2,-10,-10
1564164065695279,16,26,11,6,4,7,5,22
1564164065707756,-64,-43,-17,-7,-4,1,-7,-28
1564164065707756,48,10,10,-17,-10,-7,-12,2
1564164065716239,36,29,5,19,0,4,26,33
1564164065716239,-16,-6,7,9,3,-3,5,-17
1564164065731718,26,14,-4,-16,-10,-9,-26,5
1564164065731718,-21,-4,-5,20,13,3,18,-6
1564164065732709,-51,-17,-4,-22,-13,-9,-28,-17
1564164065732709,39,23,7,10,-1,6,28,29
1564164065754188,-16,-12,0,-6,3,0,-5,-1
1564164065754188,6,-6,-16,15,6,-4,-16,-10
1564164065755168,-56,-27,10,18,6,1,14,-1
1564164065755168,63,5,-9,-34,-9,0,3,11
1564164065768661,46,3,11,7,0,-3,-12,-13
1564164065768661,-52,-10,-13,13,10,5,-4,-1
1564164065769145,69,19,7,8,-1,-1,0,18
1564164065769145,-42,-48,-12,-17,1,-4,-3,-9
1564164065791600,-43,28,2,2,-8,-10,-9,-22
1564164065791600,41,12,12,9,11,6,7,12
1564164065792599,26,26,-3,-26,-19,-11,-19,-3
1564164065792599,-78,-56,-11,-5,2,14,21,-8
1564164065814078,76,20,14,22,7,3,0,15
1564164065814078,-36,0,0,-15,6,5,12,-4
1564164065815060,-18,-13,4,10,1,4,3,1
1564164065815060,92,31,-8,11,-3,-10,-11,7
1564164065828032,-44,-20,-7,-19,-10,3,10,-2
1564164065828032,-8,2,-1,-7,-5,-8,-19,-4
1564164065843506,-28,-2,-2,5,5,-2,5,-4
1564164065843506,-2,-5,-2,-16,-5,5,-4,-3
1564164065851987,-13,6,-7,2,-7,-4,4,-3
1564164065851987,85,26,8,3,0,2,2,24
1564164065852489,-61,-25,-7,-18,-12,-8,-18,-24
1564164065852489,-60,-12,-4,8,4,-1,-5,-23
1564164065873966,-10,-6,-1,1,-1,1,9,14
1564164065873966,9,18,-1,-6,-3,-1,6,4
1564164065874945,-20,-9,7,9,0,6,-6,1
1564164065874945,47,14,0,-6,9,0,7,0
1564164065887940,29,3,0,10,2,1,1,10
1564164065887940,-22,3,2,7,-4,3,17,0
1564164065895925,-2,-13,-9,-19,-12,-11,-32,-5
1564164065895925,-47,4,11,23,14,8,25,-3
1564164065919381,42,10,3,-17,-5,2,-9,3
1564164065919381,-26,-16,-21,6,-5,-13,-17,-15
1564164065919864,23,5,5,-9,-3,4,13,10
1564164065919864,3,-5,-7,2,-3,-7,-16,1
1564164065934354,-4,-5,-5,-41,-14,-9,-3,-8
1564164065934354,-47,-10,10,49,17,7,1,-7
1564164065934836,39,2,-1,-15,-6,-6,-6,-6
1564164065934836,0,-11,2,12,7,6,7,16
1564164065947813,-21,12,-2,6,12,0,-15,-13
1564164065947813,37,6,10,0,-19,-4,14,7
1564164065955797,22,-21,-15,-1,17,-2,-4,-4
1564164065955797,13,23,10,-18,-16,-5,0,-1
1564164065972267,-46,-7,3,28,7,9,23,6
1564164065972267,39,-8,10,-12,-9,-5,-1,11
1564164065973262,-4,-4,-18,4,2,7,13,12
1564164065973262,-32,-19,-11,-4,-1,-11,-37,-33
1564164065994226,5,21,1,-16,-11,-7,-6,-5
1564164065994226,-15,0,-14,-11,10,10,11,1
1564164065995221,44,23,29,-6,-14,-4,8,24
1564164065995221,-32,-31,-11,18,2,-9,-25,-27
1564164066007698,5,5,8,0,0,1,-7,-9
1564164066007698,-2,-13,-1,-6,-2,2,-1,9
1564164066016681,-43,20,-1,-3,8,5,12,-2
1564164066016681,17,9,10,2,-7,-9,-25,-4
1564164066031673,10,-8,-5,-1,6,2,9,10
1564164066031673,-14,4,6,16,-9,-5,7,4
1564164066033151,-17,-10,-10,-25,-5,3,7,-4
1564164066033151,7,8,10,45,15,-2,-13,-1
1564164066054113,-3,-6,-6,-4,1,3,9,10
1564164066054113,-1,-11,-6,-4,2,4,-9,-21
1564164066055609,-36,-4,-5,-1,-5,-6,-6,-11
1564164066055609,22,12,-8,-25,-10,4,18,12
1564164066068086,-2,-7,4,-15,-9,-7,-12,3
1564164066068086,12,0,-3,9,6,-2,-9,-4
1564164066077069,-9,6,19,32,14,9,15,15
1564164066077069,-5,6,2,-13,-7,5,12,4
1564164066091545,65,-10,-21,-5,-2,-3,-4,8
1564164066091545,-25,-12,-3,-15,-8,-5,-1,-18
1564164066093538,-8,20,-1,-3,-9,-6,-11,-6
1564164066093538,-22,-25,1,15,5,3,16,8
1564164066121486,14,32,7,-2,2,-2,-9,-8
1564164066121486,-6,-4,-5,-20,8,2,1,-4
1564164066123482,-5,-14,-7,16,-3,-3,-4,-6
1564164066123482,10,8,3,-5,1,2,-3,-3
1564164066136958,-16,-9,5,17,2,0,5,-10
1564164066136958,5,2,-6,-17,-6,-7,-18,-2
1564164066138475,-18,-7,-4,-24,-2,4,17,9
1564164066138475,-13,5,-5,23,3,-5,-24,-11
1564164066151929,-35,-12,3,-3,-5,-2,8,-6
1564164066151929,57,13,-5,-3,1,-1,1,15
1564164066153428,-55,-12,4,4,-2,0,6,-7
1564164066153428,92,18,-6,2,0,2,-5,17
1564164066174388,-49,-13,-11,-21,-6,-5,-9,-12
1564164066174388,-37,-3,10,25,13,2,5,-4
1564164066175886,28,-9,0,-6,-5,-6,0,11
1564164066175886,23,21,-3,-31,-11,-3,6,2
1564164066197345,-51,-54,-12,12,-3,-1,-11,-20
1564164066197345,23,12,-5,-17,-8,-7,-1,2
1564164066198843,-54,-3,0,1,11,7,-11,-17
1564164066198843,72,11,-5,-6,-4,-2,12,22
1564164066211838,51,11,8,8,4,4,9,9
1564164066211838,-32,0,1,-7,-7,-1,0,1
1564164066213320,51,-14,-9,11,-1,-5,-9,-6
1564164066213320,-43,-1,0,-9,-2,-8,-29,-22
1564164066234276,19,8,0,-6,-5,5,24,5
1564164066234276,-29,-10,-6,5,4,7,5,3
1564164066235777,47,19,0,-8,-10,-12,-3,10
1564164066235777,-48,-17,6,6,2,-4,-9,-13
1564164066256735,8,4,-5,-11,-5,-5,-7,12
1564164066256735,39,11,6,16,3,1,1,0
1564164066258233,-5,-7,-5,-24,-13,0,-3,-18
1564164066258233,-32,-16,-1,-2,-1,-3,15,0
1564164066271726,5,5,0,19,7,-3,-12,-3
1564164066271726,20,6,3,-9,-4,3,10,8
1564164066273208,7,-4,7,5,-4,-5,-12,4
1564164066273208,-19,-11,-10,5,3,-1,3,-9
1564164066294172,-21,4,-6,-10,-6,-1,-5,-7
1564164066294172,21,1,3,8,-1,0,-9,8
1564164066295666,-32,-5,-4,2,8,7,15,-12
1564164066295666,5,-2,3,-4,-1,3,8,8
1564164066324117,-28,-1,-3,-8,-10,-6,-23,-10
1564164066324117,-3,-24,-15,3,-3,-3,5,-3
1564164066326107,19,18,13,6,1,0,2,6
1564164066326107,13,-6,-17,-4,-6,-1,6,5
1564164066331116,22,-1,-3,-12,-1,2,-8,4
1564164066331116,8,12,14,13,9,11,19,6
1564164066338087,3,6,-4,-11,-9,-10,-18,-7
1564164066338087,0,-1,4,3,-8,-3,1,-8
1564164066354074,20,10,9,-9,-1,-2,6,19
1564164066354074,-63,-3,-3,9,8,0,-5,-17
1564164066355555,13,-7,-4,4,5,4,6,8
1564164066355555,12,13,-12,-1,-5,-3,-4,1
1564164066376513,-35,-3,-1,4,4,-1,-14,-15
1564164066376513,26,-6,3,-18,-2,-2,15,11
1564164066378509,-12,-11,-13,2,6,-1,-2,-5
1564164066378509,-31,-12,-10,-6,-6,-4,-18,-12
1564164066390985,30,18,16,16,1,-3,4,2
1564164066390985,-31,-16,-11,-17,-13,-8,-28,-8
1564164066399470,-28,-2,11,13,7,3,19,-6
1564164066399470,-28,0,2,-6,4,4,-18,-12
1564164066414442,49,-1,-7,6,7,-2,17,24
1564164066414442,0,7,9,-1,-2,1,-1,-7
1564164066416439,13,0,-4,-1,-8,-8,-15,-2
1564164066416439,-16,-1,13,11,3,3,7,0
1564164066436900,-10,0,-18,-43,-1,1,-5,-11
1564164066436900,-47,-7,6,28,-3,-8,-9,-18
1564164066438398,46,-5,0,11,1,7,10,22
1564164066438398,7,3,3,5,7,0,11,7
1564164066450874,1,5,11,7,-2,-2,-1,-3
1564164066450874,11,-2,-15,-16,-8,-6,-4,-2
1564164066457862,-42,-9,-10,2,5,2,-3,-7
1564164066457862,43,8,2,-21,-3,7,24,16
1564164066474331,1,-11,-2,30,-6,-2,-2,-3
1564164066474331,-38,-2,-2,-14,8,7,9,-8
1564164066475829,25,17,10,-4,-3,-8,-15,-1
1564164066475829,-16,-1,-1,-5,-3,0,10,10
1564164066496809,1,12,2,-9,-6,-4,-3,-4
1564164066496809,14,-24,-21,-8,-8,-1,-11,-1
1564164066498290,7,-9,-10,-7,-2,-1,0,-3
1564164066498290,8,5,4,11,3,0,-7,-2
1564164066511262,-61,-15,2,-4,2,7,13,-3
1564164066511262,73,9,4,4,-5,-6,-8,14
1564164066517769,6,6,-11,-18,-5,-5,-20,-2
1564164066517769,-13,-16,-2,5,0,-1,27,8
1564164066534239,2,8,-1,6,4,1,-3,-2
1564164066534239,-21,6,27,3,-1,-1,-1,-5
1564164066535734,-18,-16,-39,-20,-7,-3,-3,-12
1564164066535734,7,2,4,-25,-17,-6,-7,-1
1564164066556678,1,-13,-5,33,25,4,-2,-6
1564164066556678,-4,2,4,-4,-7,-4,-10,-6
1564164066558175,26,16,5,7,0,-1,28,25
1564164066558175,21,17,11,-11,-2,-2,-11,2
1564164066571151,-31,-9,6,20,12,4,3,-2
1564164066571151,54,8,4,-4,2,10,15,5
1564164066577639,-26,-17,-30,-2,1,-4,-11,-14
1564164066577639,32,6,-1,-5,-6,-3,-10,3
1564164066594127,-50,-15,1,-12,-10,-4,-4,-9
1564164066594127,-6,-9,2,13,6,-2,-1,0
1564164066595608,28,23,14,-5,1,0,-8,4
1564164066595608,-55,-7,-16,1,-3,-1,-2,-23
1564164066616586,24,2,7,1,1,7,8,5
1564164066616586,-4,-2,-14,-4,-2,-10,-30,-7
1564164066618567,-52,-4,9,-7,-2,8,41,-9
1564164066618567,17,-9,-12,9,-2,-9,-28,-3
1564164066630540,45,13,14,-14,-3,-1,1,10
1564164066630540,-9,-6,-9,-8,-1,0,12,8
1564164066639524,-3,3,3,26,4,3,-10,2
1564164066639524,-18,4,5,-12,-7,-7,-20,-24
1564164066654016,-28,-15,-11,25,8,5,23,5
1564164066654016,42,12,1,0,5,3,8,11
1564164066655993,-17,-19,11,-15,-8,3,-7,1
1564164066655993,-16,-1,-12,5,2,2,9,0
1564164066676954,31,4,-7,-9,-8,-10,-19,1
1564164066676954,-35,12,3,2,-2,-3,7,-10
1564164066678456,16,-8,1,2,7,7,16,14
1564164066678456,-18,9,9,10,1,1,-2,-5
1564164066690448,36,-7,-6,-21,-5,7,15,15
1564164066690448,24,11,12,7,5,4,13,4
1564164066699417,-4,7,-6,-8,-7,-12,-16,-9
1564164066699417,10,-10,-4,13,9,0,-7,6
1564164066714384,-6,-6,1,-4,-15,-7,-1,-11
1564164066714384,2,11,-2,-7,3,0,-1,0
1564164066715882,-5,8,13,-2,4,-2,-2,-1
1564164066715882,10,3,9,19,10,5,10,10
1564164066736843,-5,7,-16,-10,1,-4,-15,-6
1564164066736843,-33,-22,6,-4,-15,-1,2,-5
1564164066738341,11,2,-7,18,20,3,-4,-4
1564164066738341,-14,-5,-6,-11,-4,-1,0,-1
1564164066750819,26,6,5,-9,-6,5,3,5
1564164066750819,-46,-7,-7,16,10,1,1,-5
1564164066759301,34,10,14,-6,-6,-5,-24,-5
1564164066759301,4,-23,-6,3,3,2,8,15
1564164066774277,10,0,-2,-1,-9,-4,13,-5
1564164066774277,-9,-1,-12,-11,-1,-4,-9,0
1564164066775771,-2,9,9,5,2,5,9,4
1564164066775771,23,2,6,-9,-5,-7,-13,-3
1564164066796732,-10,9,5,4,-4,-5,-8,-7
1564164066796732,-18,-16,-19,1,9,8,20,0
1564164066802741,-8,-4,9,12,0,-6,-19,-8
1564164066802741,-7,-2,-2,-16,-2,4,19,-1
1564164066810226,-29,-3,-13,-5,-2,-6,-14,-2
1564164066810226,15,8,6,18,-4,-11,-13,-5
1564164066819193,-3,-6,-1,-7,-4,1,7,-2
1564164066819193,-2,1,4,5,10,8,3,-1
1564164066834163,6,-5,-14,-5,-1,-1,-5,6
1564164066834163,-6,-13,0,-11,-2,-3,-3,-7
1564164066835663,-5,3,-9,-19,-16,-10,-4,-6
1564164066835663,13,3,6,22,2,-3,0,3
1564164066858118,-11,-2,2,-7,2,-1,4,-3
1564164066858118,9,0,-3,-7,-7,-2,-7,1
1564164066859615,1,-5,5,4,-3,-5,-1,1
1564164066859615,-9,-2,-6,-6,-2,1,1,-3
1564164066870597,-6,0,2,0,3,-8,-5,-6
1564164066870597,14,-2,-2,0,-4,7,-2,5
1564164066879079,-9,3,-14,-2,0,2,4,-1
1564164066879079,-3,2,6,-1,1,2,1,-2
1564164066894054,-10,-1,1,7,4,-4,-6,-5
1564164066894054,3,7,7,1,-1,-12,-5,4
1564164066895551,-2,-5,8,-3,-5,-15,6,8
1564164066895551,4,-12,-27,-12,-1,18,26,15
1564164066916528,-4,-1,-11,4,-2,-8,-5,0
1564164066916528,-5,2,22,4,4,5,-3,-12
1564164066918507,-3,0,-3,-6,-1,5,13,2
1564164066918507,1,0,-16,-8,-8,-27,-38,-11
1564164066930482,-7,-6,10,-2,1,24,44,-4
1564164066930482,9,9,20,9,6,49,73,25
1564164066939470,-9,-6,-30,1,-2,-9,-14,-9
1564164066939470,7,4,7,-8,-5,-20,-22,0
1564164066954442,-11,0,-7,-4,-9,-28,-35,-14
1564164066954442,22,4,-3,2,11,37,48,36
1564164066956438,-14,-14,-11,-6,-1,7,12,-22
1564164066956438,-7,-7,10,7,-2,-1,-34,-3
1564164066976897,-6,11,7,1,-2,-3,24,0
1564164066976897,3,23,91,28,7,-9,-14,6
1564164066978395,14,15,-25,1,11,9,-12,6
1564164066978395,-18,-33,-71,-47,-23,-20,6,-24
1564164066990375,-6,-13,18,-3,-9,-12,-27,3
1564164066990375,-7,-12,-57,-14,-10,-16,-22,-14
1564164067005344,0,5,38,17,5,3,9,8
1564164067005344,-2,6,17,5,-1,-10,-11,-8
1564164067014327,11,10,12,3,11,30,8,13
1564164067014327,-4,-2,-24,-4,1,-12,-17,-12
1564164067015825,1,2,26,-2,-4,-6,-4,0
1564164067015825,0,-6,5,8,1,5,14,5
1564164067036805,1,-3,-3,-4,1,7,3,6
1564164067036805,-2,3,-5,-9,-3,-19,-18,-12
1564164067038283,3,2,-9,-10,-7,0,-7,-2
1564164067038283,0,9,12,31,25,14,17,2
1564164067050261,-2,-13,-23,-3,-3,0,-2,-4
1564164067050261,-6,-2,6,-15,-12,-13,-12,-11
1564164067059244,10,8,-7,-4,-6,-1,-1,6
1564164067059244,-1,-1,19,7,3,9,11,6
1564164067073716,5,13,2,3,0,-6,-6,-8
1564164067073716,-11,-11,-40,-5,-1,-7,-9,-3
1564164067080207,-12,-23,12,-7,-7,-2,-7,-8
1564164067080207,3,10,-7,-4,-3,1,12,5
1564164067098190,15,-3,-2,0,1,-3,-11,2
1564164067098190,-8,-8,-14,-9,-9,-7,-8,-4
1564164067099672,4,5,0,8,5,2,6,8
1564164067099672,-5,8,38,7,-1,-5,-19,-8
1564164067119132,0,-12,-32,-14,-6,5,27,24
1564164067119132,2,4,-9,0,4,6,-6,-13
1564164067120633,0,-9,4,8,4,0,2,0
1564164067120633,4,14,9,3,3,4,-2,0
1564164067134127,2,10,-1,-9,-4,1,-8,9
1564164067134127,1,-19,-41,-6,-2,-8,-7,-14
1564164067142091,-5,3,-21,-11,-5,-5,-4,-8
1564164067142091,-3,-6,16,4,0,2,5,-2
1564164067156563,-1,-12,6,6,3,-3,-3,-1
1564164067156563,3,18,57,21,4,-1,2,15
1564164067158061,1,-3,-18,-10,-6,-1,-9,-3
1564164067158061,9,20,21,9,2,4,6,10
1564164067179024,-13,-22,-40,-8,-3,-5,-8,-12
1564164067179024,-2,4,-30,-13,-3,0,4,-2
1564164067181017,-7,-12,54,16,3,-1,1,2
1564164067181017,6,-2,-54,-32,-12,-2,7,10
1564164067194013,-13,-5,5,19,4,-2,-7,-18
1564164067194013,-4,-5,-3,-21,-4,-5,-13,-13
1564164067195990,-3,1,22,10,-1,-1,3,8
1564164067195990,7,-3,-11,16,19,9,7,7
1564164067216455,-8,6,-6,-14,-8,-6,-6,-15
1564164067216455,7,11,29,20,6,2,-1,3
1564164067218448,-7,-12,-24,-1,-4,-4,-5,-5
1564164067218448,0,-2,-3,-20,-8,3,9,14
1564164067239409,-5,-14,-7,2,1,-3,-11,-17
1564164067239409,-1,-5,-17,-8,-7,-8,-3,11
1564164067240908,4,16,-16,-13,-2,3,7,5
1564164067240908,-24,-33,26,12,-2,-2,-11,-33
1564164067252884,18,61,8,-6,-3,-1,3,8
1564164067252884,-7,-47,-15,-6,-6,-4,-6,-6
1564164067261868,-12,4,11,-4,0,0,0,0
1564164067261868,-1,3,11,9,-2,-1,2,1
1564164067276856,2,1,18,10,-3,-1,2,5
1564164067276856,-4,5,-2,-8,2,-2,-8,-8
1564164067278337,5,-2,-9,11,2,-3,-2,-5
1564164067278337,1,3,-4,-9,2,8,3,4
1564164067306804,-1,6,34,6,3,3,0,3
1564164067306804,0,-16,-19,4,-3,-5,-4,-7
1564164067308281,-4,-28,-19,-23,-10,2,3,5
1564164067308281,6,27,14,10,0,-3,-5,-8
1564164067313773,4,-3,-29,-17,-3,-1,0,-1
1564164067313773,-3,14,9,-5,-9,-3,-5,-3
1564164067320259,-4,-6,52,33,17,4,4,-6
1564164067320259,-10,-35,-47,-25,-10,-6,-7,-6
1564164067336728,3,7,-3,3,4,1,3,7
1564164067336728,1,9,15,0,-3,-4,0,3
1564164067338228,18,10,-18,-12,-6,-3,-6,-3
1564164067338228,0,0,-3,-4,-5,-3,6,13
1564164067359706,-7,-15,23,21,9,3,2,3
1564164067359706,-11,-12,-43,-14,-6,-1,-1,-10
1564164067361183,0,-2,-15,-3,0,-5,-8,0
1564164067361183,4,5,-3,0,1,5,-1,-3
1564164067373679,6,13,12,-6,2,-1,1,10
1564164067373679,-5,-10,7,10,1,-4,-8,-18
1564164067380167,0,4,12,2,-6,5,14,16
1564164067380167,0,3,-11,-13,-1,-6,-5,-1
1564164067396616,-2,9,1,4,7,5,0,-8
1564164067396616,7,-16,22,4,4,3,4,24
1564164067398114,-10,19,-20,6,3,0,-5,-14
1564164067398114,-1,-13,30,6,-9,-8,-5,-4
1564164067419078,-2,-1,-1,-7,-7,-3,1,2
1564164067419078,9,18,7,-17,-8,-5,-1,4
1564164067420575,-9,-5,-7,10,12,4,-1,-2
1564164067420575,1,8,9,18,6,4,3,3
1564164067433551,-2,-7,2,-8,3,-1,0,-3
1564164067433551,-2,-8,11,5,4,4,0,-4
1564164067440536,9,13,1,-11,-11,-7,-7,0
1564164067440536,9,18,10,4,-1,-1,0,1
1564164067456525,-1,-17,2,3,-2,0,-5,-2
1564164067456525,10,14,-7,-1,1,3,2,4
1564164067458502,4,8,9,-3,0,1,-2,1
1564164067458502,-3,8,-13,3,0,-2,0,-5
1564164067478983,-11,-33,-23,-6,-4,-13,-7,-3
1564164067478983,-8,-13,-2,5,1,8,-3,-7
1564164067480960,17,-5,-5,-15,-3,-5,-3,-4
1564164067480960,-24,19,-7,-5,1,5,2,-11
1564164067493456,5,-4,17,12,3,1,6,13
1564164067493456,-22,5,-3,5,4,-2,4,13
1564164067507913,11,-12,-3,-1,-5,-4,-7,-13
1564164067507913,-1,-4,2,-2,-4,-3,-5,-4
1564164067516893,8,13,10,-2,0,6,4,-5
1564164067516893,8,-1,9,2,-2,-3,-1,5
1564164067518394,-12,-4,-15,-5,-5,-2,1,0
1564164067518394,9,-1,-16,-11,-4,-5,-3,5
1564164067539355,4,11,10,7,3,2,-1,0
1564164067539355,-16,-4,7,-3,-5,-2,-1,-11
1564164067540851,-4,-23,-35,0,7,1,1,6
1564164067540851,-9,-15,7,-9,-7,-3,0,-9
1564164067553328,4,14,6,2,-5,-2,-2,2
1564164067553328,-2,-13,-14,20,3,1,1,-3
1564164067560312,-7,5,-7,-34,-12,-8,-7,-6
1564164067560312,-1,-15,21,20,8,4,6,8
1564164067584269,-3,1,-23,-18,-3,-1,-3,-2
1564164067584269,15,20,13,0,-4,-4,-6,-5
1564164067585766,0,17,30,25,4,1,2,-5
1564164067585766,-15,-27,-20,-12,-3,-3,-2,-6
1564164067599243,-6,-13,0,-3,-2,0,-2,-1
1564164067599243,21,11,-16,-5,0,-1,2,17
1564164067600738,1,11,18,11,0,1,-1,-5
1564164067600738,27,19,17,-6,1,3,3,9
1564164067612734,-18,-5,-17,0,-2,-4,-5,-13
1564164067612734,-25,-13,-2,7,6,1,1,0
1564164067621713,9,1,-9,-11,-2,2,0,3
1564164067621713,11,-6,0,9,5,-4,-6,-6
1564164067636673,-15,7,-6,-6,-5,-1,2,-3
1564164067636673,13,-7,-3,-13,-5,-1,4,0
1564164067638171,-12,-20,-17,0,-7,-5,-4,-2
1564164067638171,6,-8,5,13,3,0,-1,3
1564164067660629,13,2,-20,-19,-8,-2,-1,0
1564164067660629,-11,15,13,0,11,2,-1,-1
1564164067662124,4,1,-10,6,1,1,3,0
1564164067662124,7,15,5,5,-1,-1,0,4
1564164067672623,-3,8,-1,-2,-3,-2,-4,-3
1564164067672623,2,5,0,6,0,-1,1,-3
1564164067682087,1,-15,-5,-11,-1,0,3,3
1564164067682087,-11,-2,-11,-10,-4,-5,-5,5
1564164067696562,4,6,16,2,-8,-3,1,1
1564164067696562,3,-8,3,3,4,0,-3,-1
1564164067698555,-1,4,4,1,6,5,1,-7
1564164067698555,5,-4,-25,-8,-4,1,3,5
1564164067719037,-10,5,28,23,11,5,3,-1
1564164067719037,-3,-9,-19,-18,-5,-3,4,8
1564164067721014,-18,-1,2,1,-6,-3,-3,-1
1564164067721014,-31,-3,22,15,8,0,-2,-16
1564164067732992,17,-23,-7,-2,-1,-2,-5,1
1564164067732992,8,-13,-21,-3,-1,-1,0,-3
1564164067741976,19,57,-6,-12,-5,-3,1,10
1564164067741976,4,-5,-3,0,-4,-2,-2,-3
1564164067756448,3,6,-8,-5,-1,0,2,-1
1564164067756448,-8,-8,10,14,7,2,-1,-4
1564164067758445,-4,-16,20,14,7,4,0,1
1564164067758445,-5,1,-29,-25,-10,-5,-1,-1
1564164067779405,9,1,-24,-5,-3,0,-3,-2
1564164067779405,-2,3,18,0,-7,-3,2,1
1564164067780903,-5,-23,-16,-10,-3,-1,-2,-4
1564164067780903,-8,12,15,16,7,3,1,-8
1564164067792883,3,-11,-1,-4,3,0,-1,3
1564164067792883,6,9,-6,-7,-7,-4,-9,-3
1564164067801883,-1,-2,15,-1,-5,-5,-3,6
1564164067801883,-19,-14,-6,5,4,3,0,-8
1564164067816835,0,-1,5,5,2,0,-1,-2
1564164067816835,-2,-5,-1,3,-3,-3,-4,-2
1564164067818333,9,14,7,-3,4,6,8,8
1564164067818333,9,-15,-18,-19,-7,-3,-1,8
1564164067839313,-1,18,13,17,0,-1,-2,-10
1564164067839313,-14,-12,-20,-21,-6,-3,-4,-21
1564164067840792,6,-4,6,6,-3,-1,3,24
1564164067840792,3,-5,3,4,3,1,5,5
1564164067861772,-5,-7,-10,-9,0,-2,-6,-5
1564164067861772,6,6,9,12,3,1,2,1
1564164067863251,-10,3,9,-14,-1,1,-2,-14
1564164067863251,3,-1,-1,8,-4,-3,-6,-2
1564164067876745,5,-8,4,6,-3,-2,1,7
1564164067876745,0,12,1,-14,-9,-5,-3,-1
1564164067878222,-3,-5,-23,9,13,1,0,-3
1564164067878222,-8,3,7,2,8,4,2,-1
1564164067899183,10,-4,-5,2,-3,-2,-1,1
1564164067899183,-5,-13,11,9,-3,-3,-3,-3
1564164067900681,-14,2,-4,-6,-7,0,-6,-14
1564164067900681,9,16,7,-8,-6,0,-4,-3
1564164067912678,6,-1,4,-4,1,0,0,2
1564164067912678,-13,3,-9,-10,-2,2,2,5
1564164067921641,-28,-19,-6,14,4,-2,-4,-7
1564164067921641,19,-4,-11,-13,-9,-7,-5,-2
1564164067936613,-11,-2,9,3,5,2,4,-2
1564164067936613,13,-8,6,9,5,-1,-2,5
1564164067938111,9,10,-3,-4,-7,2,4,-2
1564164067938111,-5,8,-4,-1,-4,-2,-1,2
1564164067959074,-14,-13,7,6,5,1,0,-5
1564164067959074,6,3,-20,-14,-2,0,3,3
1564164067961068,-3,3,2,10,3,-5,-11,-12
1564164067961068,8,-4,17,3,-1,3,4,6
1564164067973048,-11,-13,-3,-7,-8,-3,1,4
1564164067973048,-11,-10,-3,7,8,3,-3,0
1564164067982028,27,19,1,1,-2,-1,-4,-5
1564164067982028,2,11,-4,-8,-3,-3,-2,-4
1564164067996502,-2,3,2,8,7,0,-5,-4
1564164067996502,-6,1,-1,-8,-10,-2,1,6
1564164067998498,2,-20,-11,-6,-2,-5,-2,4
1564164067998498,6,-1,-1,7,0,-1,3,2
1564164068018964,-9,-10,-10,-7,-4,-2,-5,-5
1564164068018964,4,31,17,-3,-3,1,0,-7
1564164068020956,-11,-18,-14,2,6,0,-1,-3
1564164068020956,-11,-5,-2,-9,-4,-2,-3,-8
1564164068041917,14,6,-9,-5,-1,-2,-4,10
1564164068041917,-11,0,1,6,2,1,3,0
1564164068043415,-9,-13,18,-7,-3,-2,-1,-4
1564164068043415,-1,25,-16,3,8,3,1,5
1564164068055911,1,-29,-14,-11,-10,-4,0,-3
1564164068055911,12,13,4,5,-1,0,0,-1
1564164068064376,-3,-1,2,5,0,-1,-1,5
1564164068064376,10,-8,0,1,-7,-3,-1,1
1564164068079348,0,15,1,1,9,4,1,-4
1564164068079348,-3,0,-2,-5,-4,-1,-3,-5
1564164068080846,-28,0,10,4,-3,-2,1,-5
1564164068080846,7,-13,-14,-18,-2,-1,-4,-3
1564164068101826,-5,10,6,3,-5,-6,-2,-8
1564164068101826,11,5,13,9,-2,-2,1,5
1564164068103304,12,-4,-8,-2,3,3,5,8
1564164068103304,-9,-4,2,-7,-6,-6,-4,-3
1564164068116779,-5,6,-8,-14,-6,0,5,0
1564164068116779,7,-11,-9,16,5,-2,-1,-3
1564164068118277,1,-5,11,8,5,1,0,0
1564164068118277,-13,10,6,2,4,3,2,4
1564164068139736,4,2,-2,-3,0,0,-1,-3
1564164068139736,1,0,-4,-15,-8,-3,-1,-2
1564164068141233,-1,-6,-9,6,-3,-1,-2,-4
1564164068141233,-2,-6,5,4,3,0,0,1
1564164068161695,-10,-21,2,0,0,0,1,-1
1564164068161695,7,6,17,12,10,2,1,0
1564164068163193,1,11,-2,-13,-6,-2,-1,1
1564164068163193,-1,3,-2,2,-6,-5,-5,2
1564164068176687,-13,-2,-1,1,-7,-5,0,-10
1564164068176687,6,-7,3,2,3,1,-4,-5
1564164068178165,-6,9,-3,2,4,1,0,0
1564164068178165,-4,-22,-10,2,3,1,-1,-3
1564164068199145,-9,-4,14,-7,-9,-4,-7,-2
1564164068199145,3,-4,-19,-2,0,-2,0,5
1564164068200622,6,-11,8,-3,-6,1,-6,0
1564164068200622,3,29,8,1,-1,-2,-1,-1
1564164068221603,10,-10,-1,-1,-4,-3,-3,3
1564164068221603,3,-1,0,-3,2,0,-3,-3
1564164068223580,-7,7,-8,-13,6,5,5,7
1564164068223580,-21,-22,-23,-14,-10,-5,-7,-10
1564164068236060,5,-3,-4,15,9,4,1,-1
1564164068236060,-7,18,18,2,-4,0,3,1
1564164068243043,17,4,-2,17,12,0,-6,3
1564164068243043,-9,-20,2,-6,-1,1,4,-2
1564164068266520,7,26,-13,-3,-2,0,-1,-2
1564164068266520,-3,-19,-7,-12,-7,-1,-1,-1
1564164068268496,1,11,7,-2,-5,-5,-4,-4
1564164068268496,4,-1,-2,4,2,8,9,2
1564164068281472,19,5,3,2,6,-1,-1,4
1564164068281472,-15,3,-11,-11,-3,0,0,-8
1564164068283469,-19,-27,-6,-7,-9,-6,2,3
1564164068283469,8,9,5,2,-2,-2,-6,-6
1564164068295945,-8,-16,-3,-6,-7,-3,-2,-2
1564164068295945,6,3,9,6,5,0,-2,2
1564164068302952,18,33,-7,-9,-2,0,2,3
1564164068302952,-3,-25,1,8,5,3,-4,-4
1564164068319401,-14,4,-4,-1,-1,1,2,3
1564164068319401,-15,-15,-1,4,-5,-4,-4,-5
1564164068320903,0,-4,-1,-11,-6,0,-1,-6
1564164068320903,9,11,-1,-2,-5,-2,-1,0
1564164068342363,-1,-15,-11,4,4,2,3,4
1564164068342363,-6,-1,-6,-21,1,1,1,1
1564164068343857,-3,-10,5,12,-2,-1,0,-4
1564164068343857,10,-1,14,4,3,0,0,3
1564164068355838,-2,20,-6,-12,-10,-2,-1,1
1564164068355838,2,0,-3,9,5,0,-2,5
1564164068362824,8,13,-1,-5,-1,1,-1,-6
1564164068362824,-9,-18,1,-3,1,-1,-2,-3
1564164068379293,-13,-1,1,5,-1,0,0,-3
1564164068379293,-3,-4,-19,3,-4,-1,-1,-3
1564164068380795,4,5,2,-8,-10,-5,-5,2
1564164068380795,5,25,9,7,10,2,5,4
1564164068401751,-10,-26,13,12,7,-2,-2,-1
1564164068401751,2,-2,-27,-15,-5,2,2,-6
1564164068403246,-4,-11,1,2,-2,-1,-1,-9
1564164068403246,1,13,-12,-3,-3,0,1,6
1564164068417221,2,-7,3,-13,-1,-3,-4,0
1564164068417221,0,3,5,7,0,-3,-5,-4
1564164068424207,2,-3,1,4,-1,0,0,6
1564164068424207,-9,-5,3,-3,0,1,-1,-7
1564164068439182,11,21,7,-1,2,0,4,4
1564164068439182,-5,-5,-7,-2,-5,-3,1,3
1564164068440678,-6,-3,-1,14,9,1,0,-6
1564164068440678,3,-2,0,-2,-7,-7,-4,0
1564164068469143,2,-7,-10,1,3,5,4,1
1564164068469143,1,4,9,-11,-4,0,0,4
1564164068470621,2,-5,-13,-7,-5,-3,-2,3
1564164068470621,-15,1,0,9,2,0,-1,-5
1564164068476130,5,5,21,4,6,1,-1,4
1564164068476130,4,0,-25,-7,-4,-2,-3,-2
1564164068482618,4,-12,6,-1,-1,1,6,9
1564164068482618,5,3,0,9,3,0,-11,-11
1564164068499068,-3,0,-11,-1,-4,-2,-2,-2
1564164068499068,-10,-9,16,11,3,0,0,-4
1564164068500566,9,0,-8,-4,2,1,-1,-1
1564164068500566,-13,-8,-4,-12,-10,-4,0,-5
1564164068521527,2,2,0,-5,-11,-6,-3,1
1564164068521527,7,1,-7,7,8,1,-2,4
1564164068523523,-9,-12,7,-8,-6,-3,2,0
1564164068523523,14,11,-4,5,2,-3,0,2
1564164068535500,4,17,-10,-5,-3,-2,-4,-7
1564164068535500,3,-22,6,6,-4,-2,0,4
1564164068544484,6,7,3,-5,3,2,1,-1
1564164068544484,-12,2,4,13,8,3,3,1
1564164068558956,-10,-6,-4,-10,-4,-2,1,-2
1564164068558956,2,5,-2,-5,-2,-1,-2,-4
1564164068560954,-15,-8,-7,7,-3,-1,-2,-2
1564164068560954,0,-8,8,-2,-3,-1,-5,-5
1564164068581916,7,15,17,6,-3,0,2,3
1564164068581916,-3,-8,-9,9,10,3,-1,0
1564164068583415,-5,-1,1,-7,2,-3,-4,-6
1564164068583415,5,-3,-10,-14,-11,-5,4,11
1564164068595408,0,-11,-5,5,3,1,0,-3
1564164068595408,1,18,19,-12,-9,-4,-3,-1
1564164068604373,-2,2,-3,10,8,2,1,-1
1564164068604373,0,1,7,-3,-1,0,3,1
1564164068619344,11,4,-21,-1,1,-4,-5,0
1564164068619344,-5,-16,5,2,0,1,-1,-5
1564164068620845,-3,0,-29,-8,-4,-2,-2,5
1564164068620845,2,5,10,-2,-2,1,-1,1
1564164068641805,-3,-16,3,-1,-2,-1,-2,-5
1564164068641805,9,23,-3,-6,3,2,3,2
1564164068643301,-7,-6,21,15,-6,-3,-2,-2
1564164068643301,-4,-13,-36,-14,4,0,-1,-1
1564164068655278,7,9,23,0,-4,-1,-1,2
1564164068655278,2,8,11,-1,-3,-2,1,2
1564164068664264,-15,-24,-14,1,0,1,2,-8
1564164068664264,20,6,-1,-6,-3,-5,-8,2
1564164068679252,-17,-22,14,7,5,1,-1,-8
1564164068679252,5,14,-2,1,-1,-3,-4,0
1564164068680731,6,12,-5,-22,-11,-4,-2,2
1564164068680731,-8,-13,-4,11,4,1,2,0
1564164068701692,6,7,-11,-14,-3,0,0,0
1564164068701692,-6,-6,3,13,6,2,2,1
1564164068703190,-3,2,14,-9,0,1,-1,-4
1564164068703190,-1,-6,-7,2,-4,-1,-2,-2
1564164068715170,-8,-1,-6,-5,-6,-4,-2,-1
1564164068715170,-6,-15,-4,0,-2,0,1,-2
1564164068724150,5,2,-3,7,2,-1,1,0
1564164068724150,-1,7,22,15,10,3,0,-2
1564164068739142,1,3,-15,-14,-5,-2,-2,1
1564164068739142,-6,-7,14,5,-4,-2,-2,-1
1564164068740619,10,2,-11,12,6,0,-1,-2
1564164068740619,-6,-7,-12,-29,-9,-4,-2,-3
1564164068761580,-2,5,-3,19,0,-1,0,4
1564164068761580,-6,-19,-15,-18,1,-2,-1,-4
1564164068763081,7,20,12,5,3,0,-1,3
1564164068763081,-2,8,7,1,-9,-3,1,-1
1564164068775554,-4,-12,-12,6,20,8,3,-1
1564164068775554,11,13,1,-10,-8,-1,-1,1
1564164068784537,-10,-6,11,4,0,-2,-3,-2
1564164068784537,1,-5,-4,2,-6,-3,-1,1
1564164068799013,-8,-4,0,1,-1,-4,-4,-4
1564164068799013,0,-1,-4,13,0,-2,-3,-1
1564164068801007,-6,-19,-15,-7,9,4,0,-2
1564164068801007,5,10,3,-8,-5,0,1,2
1564164068821471,0,3,14,2,-5,-3,-1,0
1564164068821471,-2,8,-10,-9,0,-3,-2,-3
1564164068823465,5,-2,7,-2,-4,-1,-1,0
1564164068823465,-5,2,-1,1,-2,-4,-3,-1
1564164068835462,-4,-6,-23,-27,-5,-1,-2,-1
1564164068835462,-3,-8,-9,-13,1,-1,1,2
1564164068844427,8,5,8,10,3,1,-2,0
1564164068844427,-3,-4,5,15,7,2,0,-3
1564164068859398,-3,-2,-2,-7,-7,-3,-4,-3
1564164068859398,-7,-3,11,13,1,-1,-1,-4
1564164068860897,-1,8,-17,-23,-4,-1,-3,-1
1564164068860897,-10,-5,8,-8,-3,1,1,0
1564164068881856,0,0,8,13,8,0,1,0
1564164068881856,1,10,-9,-11,-6,1,-1,1
1564164068883358,6,-4,-4,3,11,3,3,1
1564164068883358,12,3,3,-3,-4,-3,-2,1
1564164068895833,-4,3,-1,7,2,1,1,-2
1564164068895833,-4,-8,3,1,5,-3,-4,-7
1564164068904316,3,-1,-9,-25,-23,-7,-3,-4
1564164068904316,-4,-4,-5,-1,-8,-5,-1,1
1564164068919290,-7,-2,3,1,-4,2,2,3
1564164068919290,-7,-16,-3,14,26,9,4,-1
1564164068920788,2,12,21,15,-2,7,4,0
1564164068920788,2,9,-11,-13,8,1,-1,1
1564164068941764,22,2,-8,-3,-7,-2,2,7
1564164068941764,-29,-3,-3,1,-7,-3,0,1
1564164068943246,7,-3,-5,-22,-21,-13,-9,-8
1564164068943246,-17,-8,0,18,13,6,3,2
1564164068955221,-23,-14,3,5,11,5,5,0
1564164068955221,23,5,-5,-18,-11,-6,-7,-8
1564164068970195,-7,6,1,18,14,2,0,-1
1564164068970195,16,15,0,-13,-11,-3,-2,4
1564164068979195,-25,-5,-4,0,3,1,-2,-9
1564164068979195,9,-9,6,4,-3,0,0,4
1564164068980673,9,20,1,-6,2,-2,0,-2
1564164068980673,-29,-28,-14,11,4,1,0,-6
1564164069001637,11,5,11,-9,3,1,5,8
1564164069001637,7,0,-8,-10,-14,-4,-6,-3
1564164069003134,17,2,2,-14,-9,-4,-2,0
1564164069003134,10,18,7,23,14,8,8,9
1564164069024095,-42,-21,-3,-4,-7,-4,-11,-19
1564164069024095,-7,8,-3,-9,-6,-6,-4,-4
1564164069025590,1,-11,-1,11,3,1,2,10
1564164069025590,26,1,-4,-8,1,-2,-1,-1
1564164069038585,-14,9,9,11,-4,-1,3,0
1564164069038585,6,-5,-8,-5,-4,-5,-6,-2
1564164069039068,-27,-7,-5,-33,-6,-2,-1,-1
1564164069039068,12,-9,-7,25,2,1,-1,3
1564164069061043,20,-1,-2,-7,-5,-3,-1,-3
1564164069061043,-23,-2,-2,-1,1,1,-1,-17
1564164069062022,-19,0,-2,1,5,-5,-1,-1
1564164069062022,13,-2,6,-2,-9,-1,6,10
1564164069083485,21,8,-6,-14,-9,-4,-7,0
1564164069083485,0,9,-14,13,8,0,-1,1
1564164069084480,-11,-13,-10,1,-1,4,2,-5
1564164069084480,7,1,2,-9,4,-2,-5,-3
1564164069098454,13,11,7,4,-1,-2,-1,5
1564164069098454,-17,-5,3,2,4,7,15,11
1564164069099457,-3,-10,-2,1,-5,-4,-8,-6
1564164069099457,-33,0,-3,-5,-1,-1,-3,-9
1564164069120913,33,-9,4,1,-4,-2,-1,4
1564164069120913,5,2,-1,-11,-3,-1,-4,6
1564164069121912,22,2,-2,21,3,2,4,4
1564164069121912,-54,-14,4,-12,-3,1,-1,-23
1564164069143390,-33,-7,-14,-5,2,-7,-10,-19
1564164069143390,36,14,20,20,-5,3,7,21
1564164069144369,-30,3,7,-4,0,0,-5,-12
1564164069144369,47,-3,-15,-15,-11,-8,-8,1
1564164069158346,-30,-4,0,25,15,6,1,3
1564164069158346,16,-5,-6,-12,-4,-2,-2,-3
1564164069159341,17,-3,-8,-1,-5,-2,6,8
1564164069159341,-44,-15,-1,-25,-14,-8,-10,-17
1564164069181301,18,3,0,16,6,3,6,7
1564164069181301,19,-3,-1,3,4,1,0,5
1564164069181802,-58,-12,11,21,-1,-4,-15,-27
1564164069181802,22,8,-5,-10,-1,1,-3,6
1564164069203259,13,-4,-11,0,8,0,5,7
1564164069203259,-4,6,5,-1,1,-7,-14,-4
1564164069204258,12,1,8,-6,-4,-4,-8,-5
1564164069204258,-19,-6,-1,6,-6,4,14,10
1564164069218731,-8,4,6,4,-2,6,2,1
1564164069218731,-34,3,-5,16,13,5,1,-14
1564164069219230,6,-9,-6,-11,-2,-8,-4,3
1564164069219230,1,0,11,18,-2,0,10,2
1564164069249174,71,2,-6,-19,-10,-2,-17,5
1564164069249174,-13,4,8,9,-5,-5,6,-8
1564164069250176,57,17,-8,9,8,10,14,23
1564164069250176,-63,-10,5,-3,7,-4,-19,-18
1564164069263650,30,20,-3,-10,4,6,17,20
1564164069263650,70,-13,-2,-12,-8,2,0,26
1564164069264146,-76,-23,0,24,8,-7,-16,-33
1564164069264146,87,28,10,-7,8,11,25,40
1564164069278631,-14,-1,12,25,-4,-7,-12,-15
1564164069278631,-14,4,-18,-40,-14,-2,8,4
1564164069279119,7,-6,1,9,4,1,17,6
1564164069279119,0,6,-4,10,-8,-10,-34,-22
1564164069301596,-8,-6,4,-20,0,-1,3,2
1564164069301596,40,3,-3,-11,0,-1,1,19
1564164069302076,-40,0,-7,7,1,3,0,-22
1564164069302076,16,-14,2,-2,5,4,5,7
1564164069323537,-41,2,-13,-19,-20,-14,-13,-28
1564164069323537,-43,-15,-5,-7,-18,-13,-19,-24
1564164069324534,18,19,11,11,12,4,-11,17
1564164069324534,35,3,-22,-32,-14,-1,29,15
1564164069338528,-95,-7,6,27,16,1,-2,-26
1564164069338528,52,6,11,16,2,5,18,32
1564164069339506,38,-9,-11,-38,-16,-6,-5,-5
1564164069339506,12,-18,-12,12,-6,-9,-17,-5
1564164069360966,10,10,1,5,22,11,7,7
1564164069360966,-92,-20,-13,-23,-19,-11,6,-31
1564164069361964,87,19,15,-5,2,1,-1,25
1564164069361964,22,6,-1,23,3,-6,-16,-9
1564164069384921,-49,-12,-4,-10,-15,-2,10,-7
1564164069384921,75,30,14,22,26,13,-6,16
1564164069385920,-58,-34,-13,-15,-13,-1,7,-2
1564164069385920,-78,-12,-5,-8,-2,4,11,-15
1564164069398416,87,27,8,0,-1,-8,-23,18
1564164069398416,-19,4,6,-1,-4,4,5,-12
1564164069399399,39,23,-14,-1,5,1,2,1
1564164069399399,-23,-19,5,-3,1,6,13,4
1564164069420875,-23,-26,-6,0,-11,-8,-9,-15
1564164069420875,-8,-2,1,-15,2,2,2,4
1564164069421854,8,-2,-9,-38,-20,-8,-7,3
1564164069421854,-45,-7,8,65,30,5,-13,-14
1564164069443317,34,33,1,-11,-12,-5,0,9
1564164069443317,3,-11,1,12,5,8,9,9
1564164069444312,-47,-2,6,13,6,1,5,-12
1564164069444312,31,-1,-5,-28,-5,0,6,16
1564164069458785,-4,-15,-9,-23,-11,-3,1,1
1564164069458785,-17,3,4,24,0,-11,-17,-20
1564164069459288,43,14,5,10,-4,-3,0,5
1564164069459288,-53,-21,-12,-8,-1,0,-1,-22
1564164069481242,20,-9,-2,-23,3,1,-2,5
1564164069481242,-16,3,-8,-16,-7,-5,-13,-14
1564164069481743,20,2,6,48,2,0,17,20
1564164069481743,-61,10,1,-17,0,-2,-10,-20
1564164069503701,33,15,0,-2,-5,-2,4,6
1564164069503701,-35,-15,-9,-17,-11,-3,-11,-17
1564164069504201,-34,-22,-7,1,1,2,-2,-4
1564164069504201,87,31,8,0,-4,-5,-3,31
1564164069526661,-86,-24,-4,15,2,5,-12,-34
1564164069526661,23,9,11,16,16,7,22,21
1564164069527658,-9,2,1,-12,-5,-1,3,5
1564164069527658,-18,-7,1,-30,-16,-13,-24,-23
1564164069541131,25,-11,-5,9,7,3,11,14
1564164069541131,-32,-6,-2,18,14,11,29,16
1564164069541631,-1,9,3,-10,-4,0,-9,-5
1564164069541631,18,25,1,-14,-4,-5,-2,-3
1564164069563594,19,-16,3,6,-12,-6,-13,-6
1564164069563594,-7,-11,-4,-6,-4,-9,-4,-6
1564164069564089,-6,-2,-3,15,18,0,-8,2
1564164069564089,-31,-17,-4,-11,-12,0,8,1
1564164069577565,42,29,1,5,1,1,-1,6
1564164069577565,-6,-15,-3,-6,-6,-1,-1,-2
1564164069586051,-31,-2,3,-8,-4,-2,-4,-6
1564164069586051,32,7,4,3,-2,-7,-14,-9
1564164069601040,12,-2,0,30,18,5,0,11
1564164069601040,-67,-4,-6,-18,-4,-5,1,-16
1564164069601520,66,22,10,-3,-1,1,-7,5
1564164069601520,-60,-21,-5,-17,-2,-6,-8,-25
1564164069623479,24,1,-2,15,7,5,30,37
1564164069623479,56,18,3,2,-5,3,-6,9
1564164069624477,-43,-14,3,6,-4,-4,-8,-20
1564164069624477,20,-8,-10,2,3,3,13,10
1564164069637955,35,5,-8,-37,-12,-9,-18,-20
1564164069637955,-11,2,2,-6,-4,-3,-2,-10
1564164069646438,-30,-20,-4,20,2,-1,2,5
1564164069646438,32,-8,-3,18,13,5,-5,8
1564164069660909,0,4,5,-27,-21,-6,-1,-5
1564164069660909,15,15,-3,12,18,4,-4,-5
1564164069661910,3,3,-2,0,1,0,8,0
1564164069661910,30,-7,-2,-16,-7,-6,-4,17
1564164069684365,-58,-8,-4,10,-3,-2,-4,-14
1564164069684365,39,18,13,13,-6,-5,-17,-8
1564164069684865,-7,-5,-14,-25,-1,5,16,11
1564164069684865,11,3,12,31,12,11,20,19
1564164069697844,-19,-8,-12,-30,-5,-4,-1,-8
1564164069697844,33,8,1,11,-13,-10,-13,-4
1564164069705826,1,-5,-6,-11,1,-4,-6,-2
1564164069705826,21,27,5,8,-7,0,-2,-4
1564164069729284,-34,-18,6,18,15,8,4,-3
1564164069729284,13,-10,-5,-3,0,0,-1,10
1564164069730280,-46,1,-1,-14,-9,-5,-12,-28
1564164069730280,91,11,12,9,3,17,41,47
1564164069744255,-41,-6,-7,16,12,-5,-9,-14
1564164069744255,-35,-20,-2,-10,-5,-6,-20,-9
1564164069744754,36,17,9,-1,-1,6,15,12
1564164069744754,-2,1,-7,-7,-6,-10,-16,-11
1564164069757748,9,11,11,12,-2,3,13,13
1564164069757748,-20,-14,-10,-10,-1,-1,-1,-10
1564164069766213,-15,0,1,6,-1,1,0,1
1564164069766213,-4,-6,-7,1,13,3,-6,-6
1564164069781204,58,7,-1,-18,-7,-2,1,14
1564164069781204,-29,-16,-1,18,-3,-6,-5,-13
1564164069781687,39,9,5,-19,-4,-3,-12,9
1564164069781687,-104,0,-7,8,1,-1,4,-22
1564164069804146,7,3,0,-6,-5,-2,-5,-4
1564164069804146,-5,-7,-6,-12,-3,0,2,-3
1564164069805144,-11,-18,-7,0,-3,-6,-6,-5
1564164069805144,-36,-11,7,-3,-4,-3,-24,-15
1564164069817620,35,17,-2,12,5,2,21,18
1564164069817620,-23,7,8,5,3,6,5,0
1564164069826105,38,7,-5,-5,1,0,9,13
1564164069826105,-58,-14,-1,5,1,0,-2,-16
1564164069841094,12,5,8,0,-5,-3,-7,-2
1564164069841094,-2,1,1,-6,4,1,1,-8
1564164069841573,4,-2,-6,16,4,2,0,2
1564164069841573,13,-4,-2,-13,-13,-6,-10,-5
1564164069864051,23,6,10,0,-1,3,6,19
1564164069864051,-55,-21,-1,9,2,-2,-2,-22
1564164069865030,10,0,-11,-11,1,0,9,11
1564164069865030,22,7,5,-10,1,0,4,6
1564164069878005,-3,1,-11,7,-6,-11,-25,-13
1564164069878005,-4,0,-3,-12,0,0,1,7
1564164069886010,-36,-27,2,23,-1,-7,-4,-10
1564164069886010,-7,2,-3,-4,3,0,-1,-7
1564164069900982,-26,-26,0,5,9,5,-5,-1
1564164069900982,20,35,10,-7,-8,-6,1,3
1564164069901961,16,1,1,-1,2,6,7,11
1564164069901961,35,8,-4,-3,2,-3,-5,8
1564164069924921,-36,-5,4,4,3,5,11,-13
1564164069924921,-36,-16,-5,-14,-13,-5,-10,-2
1564164069925421,53,17,-5,14,15,4,2,4
1564164069925421,-29,-9,-6,-5,-4,-5,1,-6
1564164069946880,-2,1,-3,-16,-10,-9,-20,-17
1564164069946880,31,-1,0,5,5,7,21,16
1564164069947377,14,5,4,1,-2,-5,-12,2
1564164069947377,-7,-1,-5,-1,-3,1,5,-7
1564164069960853,-32,0,4,-5,-3,-1,-11,-12
1564164069960853,-25,-26,-11,-3,3,-3,-3,-7
1564164069961850,-5,2,2,-12,-8,-3,1,-3
1564164069961850,13,4,3,13,9,6,10,7
1564164069984308,7,3,1,-10,-14,-12,-17,-2
1564164069984308,29,4,-9,12,6,-1,19,10
1564164069984807,-39,-17,-2,-12,-4,0,-12,-11
1564164069984807,30,11,3,-1,8,0,4,6
1564164070006770,-29,-7,-6,10,2,2,3,-5
1564164070006770,42,28,12,1,-1,-3,-12,11
1564164070007266,-26,-16,-7,-4,0,3,12,-8
1564164070007266,25,0,5,11,-6,-5,-6,8
1564164070021239,-10,0,-5,-17,-5,0,-3,-6
1564164070021239,-4,-5,-15,-11,0,1,3,10
1564164070021739,10,7,8,2,2,5,6,6
1564164070021739,-28,1,2,0,-6,-7,-9,-16
1564164070044216,-44,9,9,4,0,2,16,-1
1564164070044216,28,-18,-8,2,-2,-3,-7,-1
1564164070045206,36,14,-2,-20,-9,-3,-12,3
1564164070045206,-63,-29,-7,-12,1,-4,-20,-17
1564164070066674,41,10,4,26,6,3,31,21
1564164070066674,-10,10,3,-12,-1,2,2,-2
1564164070067652,-6,-5,7,16,6,-4,-20,-6
1564164070067652,16,11,-9,-10,-9,-3,19,12
1564164070081630,-25,-7,-4,-6,-4,11,8,-5
1564164070081630,61,2,0,6,13,5,-7,12
1564164070082127,-35,-22,-5,-1,-9,-10,-8,-8
1564164070082127,-6,6,3,-3,-9,-6,-4,-4
1564164070104088,27,5,3,1,12,2,-3,2
1564164070104088,-20,-13,-2,-5,-2,1,3,-8
1564164070105087,21,16,3,-3,-1,0,-5,-3
1564164070105087,-10,1,1,23,3,1,-2,-3
1564164070134051,29,-12,-13,-14,-2,-1,3,8
1564164070134051,-18,0,5,8,1,0,-4,-7
1564164070135048,2,1,5,-9,-2,2,9,8
1564164070135048,33,12,6,8,1,-1,0,2
1564164070141020,-5,0,-3,-1,-2,-6,-10,1
1564164070141020,-32,-7,-4,-2,-4,-5,-11,-16
1564164070142015,-38,-9,-2,2,2,1,0,-11
1564164070142015,12,11,-4,-10,-2,7,7,-2
1564164070163977,-44,-16,-5,-12,-15,-12,-28,-16
1564164070163977,24,6,8,26,18,4,16,14
1564164070164973,-6,12,5,2,-5,4,10,-1
1564164070164973,19,-4,-3,-1,8,2,-1,6
1564164070186934,-7,-5,-3,-10,0,-2,-5,-6
1564164070186934,-15,-5,3,-4,-14,-8,-16,-15
1564164070187434,3,-1,-12,-7,0,1,2,6
1564164070187434,2,-7,9,9,4,5,1,4
1564164070200925,-9,-1,-5,4,-3,-6,-6,-10
1564164070200925,42,17,-5,5,1,1,9,19
1564164070208391,-8,-1,3,2,2,-2,0,-8
1564164070208391,22,9,2,1,0,-3,-9,2
1564164070224361,-18,-12,-7,-2,8,6,13,-3
1564164070224361,-27,-9,-4,-16,-14,-3,-3,-6
1564164070224861,-31,7,3,4,-2,-1,1,-13
1564164070224861,29,-4,-4,-18,-9,-6,-5,14
1564164070246822,0,-5,-1,21,8,-5,-2,-3
1564164070246822,2,-3,5,6,6,6,12,9
1564164070247320,-15,-8,-4,-14,-9,-8,-23,-10
1564164070247320,-19,8,4,-3,-3,-5,3,-17
1564164070260813,65,3,-10,-4,2,7,15,37
1564164070260813,3,4,2,-3,-5,0,-4,-7
1564164070261796,-49,-14,0,7,0,3,8,-2
1564164070261796,9,12,4,5,-2,-1,-4,-10
1564164070284270,-8,-10,-2,-16,-3,-2,-3,4
1564164070284270,40,8,-5,15,5,1,0,3
1564164070285248,-18,3,2,-3,6,2,2,-4
1564164070285248,-27,-23,-3,8,6,5,4,-3
1564164070306709,35,32,9,-9,-4,-8,-3,2
1564164070306709,-7,2,1,8,-5,-2,-10,-1
1564164070307707,3,-2,-6,-7,-4,-1,5,1
1564164070307707,15,-1,-3,-3,-2,0,10,15
1564164070321181,-53,-20,-3,2,-5,-2,-6,-21
1564164070321181,14,24,12,9,14,7,10,9
1564164070321684,46,2,-5,-12,-4,-3,-4,8
1564164070321684,7,-3,-4,2,2,1,-5,6
1564164070344160,-29,-13,-5,-3,-5,-5,-20,-22
1564164070344160,2,-5,0,-11,-8,-5,8,-1
1564164070345157,16,4,0,9,1,2,9,10
1564164070345157,12,5,0,-7,-8,0,5,10
1564164070366601,5,6,4,4,10,2,-5,-4
1564164070366601,-8,-4,-4,-1,-2,4,0,-6
1564164070367599,0,-10,-8,-3,-3,-9,-14,-12
1564164070367599,-1,4,1,-9,-3,-3,0,2
1564164070381072,-3,-16,4,11,-1,2,5,0
1564164070381072,1,9,0,-9,-3,-3,-5,1
1564164070381570,27,14,2,7,0,8,9,12
1564164070381570,-56,-6,-2,6,-9,-10,-12,-24
1564164070404048,17,6,2,9,14,4,6,14
1564164070404048,-9,-24,-9,-23,-8,-2,-7,-5
1564164070404530,-12,-2,-8,0,-4,-7,-13,-14
1564164070404530,30,6,7,6,2,7,9,12
1564164070426505,-2,17,-14,-14,1,5,11,0
1564164070426505,-6,-1,3,6,-6,-5,-6,-8
1564164070427485,-35,-4,1,5,7,0,-6,-15
1564164070427485,-27,-14,3,4,4,3,-6,-7
1564164070440979,18,0,0,-4,-7,-5,5,12
1564164070440979,15,5,-6,-21,-11,-7,-3,9
1564164070441957,19,9,8,15,6,2,3,1
1564164070441957,6,-8,-4,0,7,3,7,2
1564164070464419,-7,1,3,3,-5,-2,-4,-2
1564164070464419,-13,7,6,-18,-8,-2,-6,-8
1564164070464915,-10,-17,-8,5,-1,-10,-8,-5
1564164070464915,4,6,-6,-6,-4,-1,-3,3
1564164070486873,5,-3,4,-1,-6,1,4,4
1564164070486873,-24,-6,5,8,3,0,-4,-6
1564164070488375,20,4,-2,-4,1,3,3,5
1564164070488375,-7,-13,-8,-7,-4,-1,-2,-1
1564164070510334,-4,7,-1,-3,-3,-2,0,-3
1564164070510334,1,-4,0,4,1,-3,-2,0
1564164070512328,6,2,1,-6,-1,0,4,5
1564164070512328,-2,-3,-6,-3,1,-4,-2,3
1564164070524305,1,-7,-5,-4,-4,3,6,5
1564164070524305,-6,2,14,6,2,-4,-11,-11
1564164070525802,12,5,1,-2,-5,-8,8,20
1564164070525802,4,-6,-14,-2,5,15,12,10
1564164070546783,0,3,15,6,4,4,0,-8
1564164070546783,-9,-9,-26,-5,-2,0,5,5
1564164070548264,-3,0,7,-2,-2,-5,-2,-8
1564164070548264,2,-3,4,-2,-8,-20,-11,2
1564164070560238,2,5,3,5,1,-5,-4,1
1564164070560238,-7,0,11,2,6,5,2,-4
1564164070569241,3,-12,-24,-14,-4,-1,-19,8
1564164070569241,-4,3,-15,-9,-5,-9,7,-3
1564164070584212,11,0,16,8,6,21,24,7
1564164070584212,-6,-1,-1,1,-3,-31,-11,-7
1564164070585691,-1,2,6,2,2,12,-16,-2
1564164070585691,3,5,6,0,1,-16,-38,8
1564164070606652,-5,-6,-20,-6,-2,-2,-13,-8
1564164070606652,13,5,-12,-2,-4,-5,-6,17
1564164070608149,-2,6,19,10,7,7,26,-12
1564164070608149,-3,4,21,3,2,13,-20,-19
1564164070620126,-3,-9,-3,-4,-5,-11,-8,1
1564164070620126,-2,-7,-14,-2,0,3,-2,1
1564164070636599,6,-13,-55,-19,-8,-8,-2,-4
1564164070636599,-7,4,46,9,-2,-9,-8,-2
1564164070644085,-9,-11,-21,-16,-11,-11,-2,-3
1564164070644085,-9,-9,-14,-3,-1,14,12,-7
1564164070645579,-2,2,-3,1,3,-1,2,2
1564164070645579,-1,-18,-10,-1,1,14,12,-6
1564164070666560,-6,-4,-12,-1,-1,-4,2,-4
1564164070666560,3,10,22,2,-6,-3,-4,1
1564164070668540,0,-5,-2,-2,-3,0,0,-1
1564164070668540,3,13,-13,0,3,0,2,-6
1564164070689018,9,24,39,13,9,-1,-4,2
1564164070689018,-17,-34,-50,-13,-5,-1,-6,-6
1564164070690995,7,27,42,18,7,8,14,8
1564164070690995,-14,-27,-23,-35,-20,-16,-10,-19
1564164070703990,0,-21,-47,-10,-8,-3,0,11
1564164070703990,14,23,2,4,7,9,3,8
1564164070705475,-12,-14,36,0,-10,-6,-3,-6
1564164070705475,3,20,14,13,9,2,5,-8
1564164070727926,-7,-8,-18,-23,-5,2,0,-5
1564164070727926,-1,4,15,2,3,3,12,2
1564164070729922,6,-7,-40,3,5,-1,0,7
1564164070729922,-14,4,27,17,8,8,8,0
1564164070740406,-1,2,-2,-6,-1,-4,-1,5
1564164070740406,-4,-3,15,-2,-3,-2,-3,-17
1564164070749387,-13,-19,-8,-4,-7,-5,-4,-4
1564164070749387,23,24,-4,-8,-4,0,9,9
1564164070764358,-9,-2,-6,23,7,2,-3,-10
1564164070764358,1,-11,-21,-8,0,1,0,5
1564164070765859,-6,-12,13,2,6,4,-2,-2
1564164070765859,5,1,-5,0,-3,-3,-4,-1
1564164070786822,12,17,16,3,1,2,-5,2
1564164070786822,-6,-21,-27,-6,-5,-2,0,-4
1564164070788314,0,3,12,3,-3,-5,-3,-6
1564164070788314,-13,-17,-12,2,0,0,7,-11
1564164070800793,9,21,1,5,4,3,-5,-3
1564164070800793,-1,-5,-7,-9,-6,0,6,18
1564164070809275,-3,0,16,-8,-5,-1,-8,-13
1564164070809275,7,4,-4,14,4,-2,2,2
1564164070824247,-2,-17,-21,-13,-6,-8,-9,-5
1564164070824247,-12,-8,9,5,2,7,-3,-11
1564164070825744,9,23,-17,2,3,2,3,9
1564164070825744,-6,-15,14,-7,-4,-3,-3,3
1564164070846725,6,26,28,10,2,1,3,-1
1564164070846725,7,2,-9,-7,-5,-7,-5,5
1564164070848203,-2,-4,4,0,-3,-1,4,10
1564164070848203,5,9,3,2,4,1,-11,-19
1564164070870680,-13,-40,-3,0,-3,-4,-3,-2
1564164070870680,-1,17,6,-8,-1,0,-1,-4
1564164070872159,3,13,-11,-6,-2,1,1,0
1564164070872159,-4,-16,-4,12,3,-1,3,8
1564164070884136,-4,5,12,-9,-2,1,-5,-2
1564164070884136,11,25,26,14,8,0,-2,-2
1564164070885637,-4,-8,5,-7,-6,0,-1,-3
1564164070885637,6,-11,-35,-9,-2,0,6,11
1564164070914084,0,1,3,3,0,-1,3,1
1564164070914084,3,-4,0,7,-3,-3,-6,-12
1564164070915580,11,19,14,13,3,1,4,17
1564164070915580,-4,-16,-29,-19,-5,2,3,2
1564164070929072,-4,0,23,8,-1,2,-3,-19
1564164070929072,1,-4,-10,-6,-1,-3,-1,1
1564164070930553,-12,-21,-18,-6,-4,-5,-6,-20
1564164070930553,25,35,45,12,0,1,9,22
1564164070943529,2,-12,-14,-9,-1,6,-3,5
1564164070943529,-10,-12,0,7,-1,1,3,6
1564164070950512,-9,-4,-3,1,-1,-5,-5,-11
1564164070950512,-6,-2,-4,-16,-6,-1,-5,5
1564164070966486,8,19,-5,-2,-9,-7,3,10
1564164070966486,-11,-24,23,18,11,1,-4,-16
1564164070968479,7,3,-30,-13,-4,-1,1,5
1564164070968479,-6,0,-4,-2,-1,-4,-3,-9
1564164070989443,0,-4,15,6,1,-1,4,5
1564164070989443,17,14,-12,-5,-7,0,5,13
1564164070990937,-5,4,14,-1,0,-1,-3,-9
1564164070990937,3,-4,-15,-7,-8,-2,-2,6
1564164071002915,-2,-7,-4,2,1,-2,0,-3
1564164071002915,-5,4,31,8,0,-3,-3,-4
1564164071011899,6,11,10,0,-3,1,10,11
1564164071011899,-8,2,-10,2,0,1,-7,-12
1564164071026873,-3,-2,-2,6,17,7,7,2
1564164071026873,-13,-8,-3,-10,-6,-5,-12,-13
1564164071028368,-6,-11,-5,-5,-6,-1,-4,2
1564164071028368,-2,8,-1,4,2,2,0,-2
1564164071049332,9,26,12,-3,-5,-4,1,4
1564164071049332,-19,-42,-46,-18,-9,-4,-6,-3
1564164071050829,0,2,7,1,-5,-4,-4,3
1564164071050829,6,0,2,6,6,1,4,4
1564164071063306,-11,-6,1,4,4,0,-3,-11
1564164071063306,20,22,6,-9,0,1,3,7
1564164071070292,0,-8,0,-1,0,2,1,4
1564164071070292,-6,-1,-16,-2,-2,-3,-3,-3
1564164071086762,2,-4,5,6,-1,-2,-1,2
1564164071086762,1,16,17,4,2,4,8,10
1564164071088278,-2,-5,-5,-8,2,-1,-6,-9
1564164071088278,-1,-3,-7,-3,-1,-2,1,-3
1564164071116706,-26,-22,-10,-7,-3,5,11,0
1564164071116706,6,8,-4,14,1,-6,-11,-9
1564164071118201,-6,-3,7,-15,0,4,1,0
1564164071118201,-6,-8,-12,2,-3,-2,2,3
1564164071123690,4,0,3,4,1,-1,-1,0
1564164071123690,-5,0,-7,-5,-1,-1,2,0
1564164071130182,-7,-14,-6,3,4,2,-3,-7
1564164071130182,-1,10,10,-4,-1,3,3,-2
1564164071146648,-8,-17,19,14,-7,-8,-5,-4
1564164071146648,-5,1,-24,-18,-1,-1,-3,-1
1564164071148149,13,15,5,12,4,1,0,6
1564164071148149,-13,-12,0,-8,-4,-1,-4,-11
1564164071169106,10,21,-12,-11,-1,-1,-2,2
1564164071169106,-7,-11,22,16,8,4,0,-3
1564164071170607,-3,-5,-14,-9,-5,-4,-1,-3
1564164071170607,2,3,7,1,0,-1,1,5
1564164071183081,-1,-7,-12,-11,-9,-1,0,1
1564164071183081,4,9,7,-1,-4,-1,0,2
1564164071191565,-1,-5,-6,7,3,0,4,-1
1564164071191565,-2,4,12,0,-4,0,-5,-3
1564164071206537,10,-25,-40,-10,-4,-2,1,9
1564164071206537,-2,21,17,6,4,1,0,-10
1564164071208533,-5,-4,-4,-2,-1,-2,-1,-1
1564164071208533,-6,-4,7,0,-2,-4,-5,-9
1564164071229015,3,6,-12,-11,-4,-2,-1,6
1564164071229015,-6,-25,-5,0,1,2,3,1
1564164071230991,9,11,0,10,2,-3,-3,1
1564164071230991,0,9,-8,-8,-5,-5,-5,2
1564164071243487,7,-19,-21,2,-6,-9,-9,-7
1564164071243487,-7,0,-4,-19,-6,4,5,0
1564164071250454,-3,-7,-3,-2,-1,0,-5,-4
1564164071250454,-2,-5,-11,5,4,-2,4,2
1564164071266925,4,17,10,-4,-3,2,4,-1
1564164071266925,2,1,0,11,4,-4,-5,-6
1564164071268422,-6,-31,-9,0,0,-1,1,3
1564164071268422,12,30,2,-4,-2,0,3,5
1564164071289382,-9,6,11,2,0,-3,-5,-6
1564164071289382,4,-22,10,13,7,3,3,6
1564164071290880,-4,21,8,3,4,3,2,-5
1564164071290880,-3,-19,-10,-4,-6,-3,-4,-2
1564164071303376,-6,0,5,-1,0,3,6,3
1564164071303376,0,14,-7,-11,-7,-3,-5,-2
1564164071310343,6,-13,-4,1,-1,-2,-1,-2
1564164071310343,0,-1,18,2,1,-2,0,-2
1564164071326812,-3,-8,-30,-9,1,2,0,-6
1564164071326812,11,3,13,17,-7,-4,1,3
1564164071328311,3,14,4,-7,6,3,-2,-1
1564164071328311,-10,-18,-14,-5,0,1,2,2
1564164071349291,5,11,10,0,0,-1,-6,0
1564164071349291,-7,3,5,-2,-4,-5,-5,-13
1564164071350769,2,-3,-4,-5,-11,-6,-4,2
1564164071350769,0,-9,-7,-6,-4,-1,-1,2
1564164071362749,-2,0,2,2,6,1,-1,1
1564164071362749,1,-4,-1,3,-1,-2,-2,1
1564164071371749,-10,-6,-17,-14,-12,-6,-5,-7
1564164071371749,0,-1,1,1,2,-1,0,-2
1564164071394207,0,6,4,4,-3,-2,-2,-5
1564164071394207,-4,-8,-1,-8,-1,3,7,12
1564164071395686,-4,5,24,7,1,-3,-7,-6
1564164071395686,1,12,-2,5,0,3,3,-2
1564164071409160,0,-21,-5,-5,-6,-5,-1,-3
1564164071409160,0,3,1,-7,3,2,5,8
1564164071410657,1,4,13,18,18,4,5,8
1564164071410657,4,-15,-10,-1,-4,-2,-3,-3
1564164071422638,-8,13,23,11,4,1,0,-4
1564164071422638,2,3,-13,-4,-5,-3,-3,-9
1564164071431618,4,3,-1,-5,0,3,0,0
1564164071431618,1,-9,-19,-12,-6,-2,-2,-2
1564164071446593,0,-2,9,-4,0,0,-3,-1
1564164071446593,0,2,-4,0,-3,0,0,12
1564164071448090,-4,-1,-4,6,-3,-5,-5,-14
1564164071448090,-3,-11,12,7,7,5,-6,1
1564164071469567,6,28,5,-10,-5,-3,-4,-5
1564164071469567,-11,-13,-14,2,-3,0,-3,-3
1564164071471048,-2,0,3,-8,-6,-3,-1,3
1564164071471048,-12,-20,-33,-14,-3,-5,-2,-4
1564164071483022,3,4,21,11,5,1,-1,-3
1564164071483022,3,1,-1,2,4,-1,-1,5
1564164071492006,-7,-8,-11,-11,-9,-3,-3,-1
1564164071492006,-1,13,11,10,1,-1,0,0
1564164071506480,-6,-12,-14,-1,-1,1,-1,2
1564164071506480,13,18,2,-8,-5,-2,-3,-3
1564164071508476,5,-15,-14,-5,-2,-1,1,6
1564164071508476,1,7,15,3,3,2,0,-1
1564164071528942,-11,-15,-3,8,1,-4,-3,-4
1564164071528942,1,-10,-4,-10,-5,0,-2,-7
1564164071530934,-1,15,-1,-7,-5,0,8,11
1564164071530934,11,5,9,13,4,0,-3,2
1564164071542931,-1,2,-4,-6,-4,-2,-4,-12
1564164071542931,-7,-6,0,2,-2,-2,-2,-5
1564164071551899,-5,-12,-1,3,-4,-1,2,-3
1564164071551899,0,11,17,9,10,5,2,5
1564164071566867,2,-10,-44,-20,-7,-7,-4,3
1564164071566867,1,7,27,8,6,1,0,1
1564164071568365,-1,5,-11,0,1,1,-3,-6
1564164071568365,-7,-9,1,-2,-8,-3,-3,-6
1564164071589327,7,3,11,4,1,2,2,3
1564164071589327,-1,1,-12,4,-2,-4,-1,-3
1564164071590824,0,5,8,-15,-6,-4,-2,-4
1564164071590824,-1,-12,-14,0,5,-1,1,0
1564164071602819,-2,3,8,-1,1,-1,2,2
1564164071602819,0,0,-6,-1,3,2,-2,-5
1564164071611784,2,9,11,7,2,1,5,6
1564164071611784,-2,-7,6,4,0,1,-1,-6
1564164071626776,-2,3,-7,-6,-2,1,1,1
1564164071626776,-4,-14,-2,3,-6,-3,-2,-4
1564164071628253,10,8,-9,-7,1,-1,-2,1
1564164071628253,2,16,8,-11,-6,-1,0,3
1564164071649217,-5,7,10,8,8,-1,-1,0
1564164071649217,-4,-10,-23,2,2,1,-1,-3
1564164071650714,4,3,10,-1,-6,-2,-1,1
1564164071650714,0,-10,-1,4,0,0,0,6
1564164071671672,-5,-9,0,-7,-5,-1,-3,-6
1564164071671672,-3,9,-4,-7,-3,0,0,2
1564164071673170,-7,-21,-4,4,5,1,-1,0
1564164071673170,3,10,6,1,-3,-4,-5,-9
1564164071686666,-13,-3,-7,-3,-3,-1,5,4
1564164071686666,-3,-5,0,-1,0,-2,-9,-15
1564164071688142,-3,-7,2,2,-1,1,2,-2
1564164071688142,7,13,-7,-13,-6,-2,0,2
1564164071709122,0,-15,2,7,-1,-1,-1,3
1564164071709122,3,18,1,-13,3,2,4,1
1564164071710600,-5,-9,3,1,-1,-1,-2,-4
1564164071710600,-6,-10,1,6,-1,0,0,-3
1564164071722597,11,1,-4,4,0,2,-3,3
1564164071722597,4,3,-1,-1,-6,-2,3,6
1564164071731564,5,19,23,-2,3,2,0,-1
1564164071731564,-12,-20,-36,-11,-7,-4,-1,-4
1564164071747051,3,0,3,-5,-5,-1,2,-3
1564164071747051,-2,-4,18,2,-3,-3,-3,-1
1564164071748550,2,5,-1,9,3,1,-1,1
1564164071748550,1,-6,9,8,9,2,-2,-2
1564164071768994,-2,4,-8,-4,0,-1,3,2
1564164071768994,0,-6,-12,-7,-4,-3,-2,2
1564164071770987,-2,-1,-4,1,-1,-2,-1,-3
1564164071770987,1,0,0,-5,-3,-2,2,1
1564164071782980,-1,2,4,1,1,1,-5,-5
1564164071782980,-4,-3,-10,0,-1,-2,-1,-5
1564164071797957,-7,-4,-6,-2,1,-4,-3,3
1564164071797957,-3,4,2,-2,-3,4,4,-3
1564164071806423,9,-4,11,0,0,1,6,2
1564164071806423,-4,7,-1,0,-1,1,0,2
1564164071808419,1,-22,-10,4,0,0,1,2
1564164071808419,-6,5,-4,0,-2,-5,-9,-9
1564164071829379,2,2,6,-5,-4,0,-3,-1
1564164071829379,2,7,-3,2,-1,0,1,0
1564164071830877,-2,-8,-24,-2,3,-1,-2,-2
1564164071830877,-1,-2,10,-14,-5,0,3,3
1564164071851837,5,7,3,8,-6,-4,-1,1
1564164071851837,-5,-2,13,7,12,2,-2,-6
1564164071853335,1,7,-5,-1,-4,-1,-3,-4
1564164071853335,2,-2,4,0,-1,-2,-3,1
1564164071865811,-3,23,-8,-4,1,2,-2,-3
1564164071865811,-10,-19,4,0,-1,-1,0,4
1564164071872798,2,3,9,-1,-5,-3,-5,-4
1564164071872798,4,5,1,9,8,1,1,2
1564164071889271,-9,-9,-5,-3,-5,-3,1,-4
1564164071889271,3,-6,-2,-5,-1,-2,-2,3
1564164071890765,4,17,2,6,4,2,-1,-3
1564164071890765,-1,0,9,5,-1,-1,2,3
1564164071911746,4,4,-14,0,2,0,0,4
1564164071911746,-8,-1,1,-4,-4,-3,-1,-8
1564164071913224,2,-8,-15,-6,-3,0,4,13
1564164071913224,-4,-16,16,5,-4,-1,-6,-9
1564164071926718,-2,19,-7,9,4,0,1,2
1564164071926718,-6,-25,-4,-7,-4,-1,-3,-6
1564164071928196,-4,-2,-14,-12,-5,0,1,-3
1564164071928196,-1,3,-4,-1,-1,-1,-1,3
1564164071949176,-6,-24,1,-4,2,1,-1,-4
1564164071949176,9,19,-6,-1,-3,-1,0,5
1564164071950654,-1,0,1,-3,-2,-1,-2,-2
1564164071950654,-2,-10,-18,-4,0,-4,-1,0
1564164071971614,-3,-14,5,-3,-6,-2,-5,-7
1564164071971614,3,7,-10,-1,2,1,2,1
1564164071973112,-1,-3,26,10,0,1,0,-2
1564164071973112,5,8,-26,-15,-6,0,2,3
1564164071986108,-13,-15,-2,-8,-3,-4,-2,-1
1564164071986108,10,14,5,3,1,-1,-8,-6
1564164071993080,-6,-20,5,-6,-7,-4,-4,-5
1564164071993080,9,32,17,11,1,-1,1,-3
1564164072009064,-6,-21,-25,-8,1,0,-1,-6
1564164072009064,3,13,-2,-3,-4,-4,-2,5
1564164072010543,-3,-6,-21,1,-1,-2,-1,-3
1564164072010543,-5,-18,-12,-9,-4,-2,-3,-7
1564164072031523,3,7,18,2,0,-2,0,2
1564164072031523,-1,-7,5,1,-2,-8,1,2
1564164072033500,3,9,9,10,-3,6,-3,-1
1564164072033500,1,-1,-8,-13,2,-1,-2,3
1564164072045977,7,7,-4,0,2,3,-1,0
1564164072045977,-7,-4,5,8,2,0,2,0
1564164072052966,-4,-2,-5,-9,-3,-5,-2,-3
1564164072052966,9,0,-1,6,2,-2,-1,1
1564164072076439,-1,-12,3,5,-2,1,-2,-2
1564164072076439,9,20,7,-4,0,-1,3,3
1564164072078417,-8,-1,11,4,3,0,-2,-2
1564164072078417,-3,-17,-1,7,5,4,2,1
1564164072091891,2,27,16,-8,-9,-7,-2,1
1564164072091891,-11,-35,-19,0,1,3,0,-2
1564164072093388,13,17,-5,1,-2,-2,1,1
1564164072093388,-14,-5,7,-2,0,0,-1,-4
1564164072105869,10,5,-18,-5,-2,-2,-1,5
1564164072105869,2,-1,-1,-10,-6,-2,-1,0
1564164072112872,-12,-5,2,1,2,4,-1,-7
1564164072112872,1,6,7,4,-3,-1,-1,-1
1564164072129321,-2,-3,2,2,2,-1,-1,-1
1564164072129321,-3,8,11,6,0,0,-1,0
1564164072130823,6,-7,-14,-6,2,-3,0,1
1564164072130823,-12,1,-1,-6,-8,-4,-1,0
1564164072151783,13,-5,0,4,1,-7,-3,1
1564164072151783,-24,-10,-12,-1,6,15,5,-1
1564164072153281,5,-3,6,-2,-5,-4,-7,-7
1564164072153281,-2,3,4,6,-2,-2,-4,-4
1564164072166253,8,-9,3,-11,-3,2,1,-2
1564164072166253,-5,5,-3,-5,-3,-6,-2,-2
1564164072172741,-19,10,-12,0,3,0,1,-1
1564164072172741,14,4,-9,-8,-4,-1,0,2
1564164072189213,-15,17,52,20,1,0,-3,-4
1564164072189213,9,-36,-13,3,1,-2,-1,-1
1564164072190708,3,6,-1,-10,-6,-1,0,1
1564164072190708,-6,-7,-10,-3,-7,-5,-1,0
1564164072211688,-4,-7,-4,-1,4,4,1,-3
1564164072211688,-1,14,20,15,6,1,0,1
1564164072213169,1,-1,-4,-7,0,0,2,2
1564164072213169,0,-8,4,3,1,0,1,3
1564164072226142,-7,-3,-26,-15,-8,-1,-2,-2
1564164072226142,0,-13,-2,-6,-2,-2,-1,-1
1564164072232630,1,12,3,13,6,2,1,2
1564164072232630,16,8,3,0,-2,-1,-2,2
1564164072249100,-13,1,-12,-8,-4,-2,-1,-6
1564164072249100,13,6,5,7,1,0,-1,3
1564164072250597,-1,-2,10,-4,-9,-5,1,2
1564164072250597,-8,-7,-5,3,1,-2,-1,-2
1564164072271576,1,-3,-7,-1,3,1,1,1
1564164072271576,-4,0,-6,-12,-7,-1,0,-4
1564164072273055,0,-10,22,20,10,4,-2,0
1564164072273055,-5,-4,-13,-4,1,1,2,1
1564164072286031,8,5,2,-3,-6,-5,-1,4
1564164072286031,7,2,-23,-10,-7,-4,-3,-2
1564164072300503,-7,-22,-3,19,5,0,0,0
1564164072300503,-5,2,7,2,4,1,-2,-2
1564164072309007,10,8,2,-1,7,1,0,2
1564164072309007,0,19,11,-11,-16,-7,-1,3
1564164072310984,5,-1,-11,7,11,-1,-1,-2
1564164072310984,-30,-30,4,11,-7,0,-3,-6
1564164072331449,8,11,-12,4,10,1,-3,-4
1564164072331449,-8,-3,3,-17,1,0,2,3
1564164072333442,-16,9,-13,0,-10,-2,-1,-1
1564164072333442,27,1,15,-11,-7,-3,-1,3
1564164072354403,-17,-4,1,14,0,0,0,-5
1564164072354403,5,-5,-6,-2,-6,-2,1,-3
1564164072355900,14,3,1,-4,-4,-2,-1,3
1564164072355900,2,20,1,-14,-4,-1,-3,2
1564164072369375,-10,-13,0,12,3,2,2,-3
1564164072369375,9,1,-1,0,3,-1,-2,-2
1564164072370873,-9,-9,-9,-17,-10,-5,-1,-5
1564164072370873,-3,11,11,-4,3,2,1,-2
1564164072391833,5,-2,5,14,6,0,0,2
1564164072391833,-9,-3,-6,8,8,2,-2,-1
1564164072393332,4,0,2,-3,1,1,8,1
1564164072393332,1,1,-7,-23,-6,-3,1,-3
1564164072405330,-5,-10,-11,7,-3,-1,-13,-1
1564164072405330,6,8,14,16,6,3,0,2
1564164072414294,-15,-3,0,-16,-2,-4,-10,-9
1564164072414294,1,-9,-17,11,-2,-3,9,1
1564164072429265,1,-1,1,-12,-3,-2,-2,-2
1564164072429265,-4,3,6,-1,-4,2,2,-1
1564164072430762,13,2,4,-5,-1,0,4,5
1564164072430762,-18,-1,-7,11,1,-5,-12,-5
1564164072451743,-12,-15,-3,-23,-7,-5,-4,-8
1564164072451743,15,2,-12,-1,-7,-6,-6,-3
1564164072453221,-22,-12,2,-9,2,4,4,0
1564164072453221,19,26,6,12,13,6,5,4
1564164072465201,7,-4,-1,1,1,1,-4,0
1564164072465201,-8,-1,-2,-2,9,1,4,1
1564164072474181,-1,-9,3,9,-1,-2,-8,-2
1564164072474181,-17,-5,-3,-7,-9,-5,1,-5
1564164072489155,17,15,7,2,-3,1,6,7
1564164072489155,21,-8,-9,-8,-1,1,-2,0
1564164072490651,-24,-6,-17,-9,-7,-2,5,2
1564164072490651,6,-8,-3,1,1,-1,-8,0
1564164072511614,-9,4,-1,14,7,1,-1,-2
1564164072511614,34,15,9,-9,-8,-3,0,8
1564164072513109,-13,6,1,9,-3,-4,-4,-1
1564164072513109,1,-14,-4,3,1,0,0,-1
1564164072525585,-6,-5,-8,-16,-2,1,3,-5
1564164072525585,-40,-11,2,-6,4,1,-8,-14
1564164072534073,32,10,2,6,3,4,10,5
1564164072534073,-5,7,5,-1,-4,0,-2,4
1564164072549061,8,-2,-12,-9,-10,-13,-9,1
1564164072549061,-24,-16,-4,9,2,-2,-2,-10
1564164072550539,-10,0,12,-10,-2,-5,-12,-10
1564164072550539,9,0,0,0,-2,1,1,3
1564164072579007,3,-1,1,3,-2,5,8,13
1564164072579007,2,6,0,-1,0,-2,1,1
1564164072580982,23,14,13,4,0,0,5,3
1564164072580982,12,-16,-34,0,0,-4,-9,2
1564164072585473,-36,-23,-10,-10,-5,-9,-10,-16
1564164072585473,-2,3,6,4,-3,5,2,-9
1564164072594458,-5,-6,-10,-4,-4,-4,-4,-3
1564164072594458,28,16,22,-3,6,5,10,14
1564164072609430,-13,1,-11,4,-5,-2,-1,-6
1564164072609430,-13,-10,-5,-2,-3,-5,2,4
1564164072610927,9,1,-5,-16,-13,-7,-8,-8
1564164072610927,10,10,-2,13,4,0,-6,-3
1564164072631888,12,13,13,3,9,7,11,15
1564164072631888,-9,-20,-13,3,6,-5,-9,0
1564164072633884,-33,-11,0,-6,-13,-9,-7,-16
1564164072633884,11,6,-5,-3,-1,-2,1,-3
1564164072645382,-6,10,11,-9,-1,2,0,-4
1564164072645382,34,14,3,8,-4,2,7,22
1564164072654350,-8,-23,-26,-7,9,1,-1,4
1564164072654350,-51,-2,24,-9,-4,-2,3,-8
1564164072669318,43,1,3,31,6,4,-1,2
1564164072669318,3,8,-6,-4,2,0,2,4
1564164072670819,-24,-5,-15,-18,-3,-5,-11,0
1564164072670819,-28,-9,-2,10,2,-1,-2,-18
1564164072691779,29,-3,6,-11,-3,-1,3,10
1564164072691779,-31,3,-12,-13,-12,-5,-4,-13
1564164072693274,44,23,23,30,17,11,10,15
1564164072693274,-34,-14,-17,-13,-1,-3,-3,-21
1564164072705272,-23,-11,-3,-1,-9,-4,-2,6
1564164072705272,26,0,7,28,9,2,-1,1
1564164072714255,-17,2,-11,-32,-7,2,12,10
1564164072714255,32,8,10,25,3,1,-2,11
1564164072729210,-27,-2,-8,-19,-13,-6,-4,-22
1564164072729210,34,-1,1,-5,13,6,3,8
1564164072730707,0,1,7,4,-7,-2,-1,-4
1564164072730707,23,-8,-12,-6,0,5,-2,4
1564164072751685,-31,-1,-5,3,2,-6,-3,2
1564164072751685,16,9,-3,-39,-21,-12,-3,8
1564164072753182,-36,-13,0,45,12,6,7,-11
1564164072753182,-38,-16,3,-12,-9,-5,-13,-24
1564164072774143,10,0,-6,1,10,6,8,20
1564164072774143,-37,2,12,4,-6,-5,7,-8
1564164072775624,-15,7,-13,-18,-4,-8,-22,-8
1564164072775624,-2,0,-3,-7,-11,0,7,-8
1564164072789100,26,-12,-4,-5,0,-5,-5,-3
1564164072789100,-13,0,6,-2,-4,-2,-1,10
1564164072790593,34,1,-2,12,10,3,-15,9
1564164072790593,-11,-4,5,18,10,4,9,-8
1564164072811557,-42,2,3,-23,-14,5,17,-5
1564164072811557,-31,-25,-5,-3,0,-1,-2,-2
1564164072813071,-13,9,0,-1,-5,-5,-24,-18
1564164072813071,-6,5,2,14,-2,-5,18,13
1564164072834031,127,29,19,23,9,5,9,33
1564164072834031,-52,-29,-22,-31,-11,-9,0,-9
1564164072836008,97,4,8,3,7,8,17,9
1564164072836008,40,3,-12,-18,-12,-9,-17,-5
1564164072856474,-88,-11,-13,-35,-7,-2,-6,-25
1564164072856474,43,4,12,58,7,3,-3,13
1564164072858466,4,1,4,15,5,2,0,3
1564164072858466,-24,0,0,-22,2,6,0,1
1564164072872941,-34,14,3,22,3,-1,-2,1
1564164072872941,70,0,-9,-17,-12,-9,-6,-11
1564164072874936,-68,-12,-2,-19,-8,-3,8,-6
1564164072874936,19,0,4,3,-3,-3,-8,13
1564164072893920,-27,3,3,19,7,2,5,-11
1564164072893920,59,9,4,-12,4,7,-1,3
1564164072895898,-23,-6,-14,9,-3,-7,12,-2
1564164072895898,-3,6,10,-2,1,2,11,16
1564164072908394,4,-35,-16,-16,6,-3,-14,-11
1564164072908394,-40,21,5,26,3,3,-6,-17
1564164072915381,49,-17,-2,-7,-10,-6,-6,13
1564164072915381,69,3,-5,-9,-2,-6,-7,36
1564164072931830,-82,-12,10,0,2,-1,8,-59
1564164072931830,57,21,-5,-2,0,-1,8,9
1564164072933331,-62,-9,9,2,-14,-3,-2,1
1564164072933331,-22,-17,-25,7,12,0,-7,-18
1564164072954308,-42,8,-4,-19,-10,-5,8,7
1564164072954308,-18,0,17,19,-8,4,-3,13
1564164072955786,-28,-26,-22,-10,7,-6,-10,-16
1564164072955786,6,16,-1,-9,-9,-1,-1,-13
1564164072968762,22,-11,0,-16,-8,-4,-15,11
1564164072968762,-11,-4,-1,16,9,4,17,-13
1564164072975253,13,23,14,-24,-17,-14,-18,-9
1564164072975253,60,14,7,15,28,11,9,31
1564164072991739,0,-20,-18,-9,-10,-10,-15,-6
1564164072991739,-36,15,5,25,-5,-8,0,5
1564164072993217,12,-16,0,-4,21,13,15,5
1564164072993217,-20,-19,-8,-30,-22,-14,-21,-32
1564164073014197,44,25,5,55,25,12,38,27
1564164073014197,-11,-4,-8,-37,-13,-3,-9,-2
1564164073015675,14,13,7,-1,-3,3,2,6
1564164073015675,-55,13,3,-38,-12,-3,-13,-15
1564164073028653,114,24,22,68,18,6,-2,35
1564164073028653,-116,-13,-7,-24,8,5,6,-32
1564164073035158,-6,-26,-7,10,-13,-6,-10,-17
1564164073035158,-36,-2,6,-1,10,1,3,5
1564164073059094,-18,-36,-11,-30,-14,-2,7,-3
1564164073059094,-6,13,8,2,6,-1,-31,-15
1564164073060591,71,25,0,-1,-2,-6,3,10
1564164073060591,53,2,-6,-20,-26,-7,-2,-9
1564164073074069,-67,-38,-14,2,17,-6,-28,-35
1564164073074069,44,9,1,25,2,0,8,13
1564164073075564,21,-10,-14,-12,8,9,9,4
1564164073075564,5,-11,16,30,4,11,13,19
1564164073088559,76,14,-3,1,3,-10,-28,15
1564164073088559,8,-12,-4,-27,-12,-4,20,-14
1564164073095526,19,4,-4,-22,-23,-16,-10,5
1564164073095526,-56,-4,-9,31,10,4,23,-3
1564164073111516,56,13,5,-18,3,8,-21,-8
1564164073111516,-68,-40,-14,20,-3,0,2,-11
1564164073113492,-13,5,3,-13,-7,-7,4,1
1564164073113492,-32,-15,-10,2,12,-13,-23,-17
1564164073134457,12,31,5,-1,-8,4,9,11
1564164073134457,23,-11,0,-14,-9,2,1,4
1564164073136450,6,20,2,26,2,-1,-1,5
1564164073136450,-38,-16,-10,-11,-10,-8,2,-5
1564164073148447,52,-5,-11,-18,-10,-3,-6,9
1564164073148447,30,15,9,25,26,16,12,1
1564164073155418,-30,-12,-5,-16,-12,-6,-7,15
1564164073155418,33,20,8,2,2,1,4,4
1564164073171888,-28,-9,-8,25,12,-5,-2,-7
1564164073171888,-26,-11,-4,-23,-13,-8,-21,-11
1564164073173382,51,24,0,9,13,8,16,1
1564164073173382,-47,-30,6,28,10,8,9,-6
1564164073194342,8,18,2,-43,-18,-4,0,15
1564164073194342,-27,-17,10,38,7,-5,-25,-9
1564164073195840,73,22,-4,-1,8,9,21,14
1564164073195840,16,10,0,-14,-4,-2,1,4
1564164073208336,-43,-8,7,4,-5,-3,2,-11
1564164073208336,59,6,-14,-21,-7,-2,10,24
1564164073215323,-82,-22,5,-13,-2,1,-16,-38
1564164073215323,-8,11,16,38,5,5,3,3
1564164073231793,28,15,-3,-21,-4,-2,4,24
1564164073231793,25,-3,-9,-10,2,-6,-4,0
1564164073233271,-67,-1,-2,-1,2,1,-12,-18
1564164073233271,37,-14,-16,-20,-3,-2,17,10
1564164073254251,-14,11,18,20,-6,-6,-10,-10
1564164073254251,14,-10,-5,1,14,5,3,8
1564164073255728,8,3,-4,2,0,2,4,0
1564164073255728,23,13,1,-13,1,-1,-4,17
1564164073267725,-27,-22,-5,0,-7,-3,-2,-19
1564164073267725,9,26,0,-1,-4,-7,-17,-3
1564164073276690,14,-16,10,-1,-1,8,9,11
1564164073276690,-1,7,6,32,16,11,9,-1
1564164073291662,-32,-17,-9,-3,-5,1,8,-7
1564164073291662,28,12,-2,1,-2,-1,-2,2
1564164073293160,-18,15,9,-2,-3,-5,-17,-17
1564164073293160,0,3,-4,-10,-6,-1,-4,-9
1564164073314120,-19,-31,-5,19,5,6,15,3
1564164073314120,-13,5,-6,-36,-6,0,-3,-10
1564164073315618,1,-16,2,19,0,-13,-10,5
1564164073315618,21,2,-5,-13,-5,-1,-8,-5
1564164073327614,-35,20,3,-3,2,5,-4,-13
1564164073327614,-5,-3,-3,-15,-14,-9,-2,2
1564164073336581,-3,0,-3,17,8,0,-6,-4
1564164073336581,-19,-12,4,-34,-19,-6,11,-1
1564164073351570,1,0,-4,30,24,3,-19,-20
1564164073351570,13,-1,6,2,3,4,13,12
1564164073353049,-7,10,-2,20,7,4,0,4
1564164073353049,-1,-1,-11,-22,-10,-4,-22,-15
1564164073374028,-11,-7,-9,-22,-15,-6,11,13
1564164073374028,16,3,13,26,2,-6,-9,1
1564164073375506,23,9,-1,-12,8,4,14,2
1564164073375506,9,6,-6,6,2,6,2,3
1564164073387983,40,-18,-5,-9,-5,0,-1,8
1564164073387983,-86,-3,1,5,-6,-14,0,-10
1564164073396966,-25,-9,3,3,6,-1,-6,-5
1564164073396966,28,-5,1,4,0,-3,-1,5
1564164073411958,-12,1,3,1,-6,3,-3,-5
1564164073411958,-3,11,-5,-15,-5,6,8,3
1564164073413440,50,6,-2,14,3,-2,0,14
1564164073413440,-23,-12,-13,-21,-5,1,1,-4
1564164073434396,-28,-1,15,24,5,7,12,-8
1564164073434396,-32,-17,-10,-4,-3,-9,-17,-15
1564164073435894,-2,13,7,-3,-2,2,6,4
1564164073435894,41,1,0,-2,-5,-9,-13,10
1564164073447871,4,8,-10,-31,-8,-12,-33,-14
1564164073447871,29,-5,15,33,14,8,20,14
1564164073456855,-75,-9,-4,11,2,7,17,-9
1564164073456855,16,2,-8,-23,-4,-3,-4,-2
1564164073471347,-24,11,10,16,1,-4,-6,-5
1564164073471347,46,-11,-9,-22,-4,5,8,12
1564164073478315,24,0,-2,0,4,-1,-4,1
1564164073478315,-32,9,14,27,7,1,2,-4
1564164073493787,20,1,-10,-24,-4,-6,-4,5
1564164073493787,-42,-7,-8,-4,3,2,0,-12
1564164073494285,-21,-14,-10,-18,-7,-1,3,-5
1564164073494285,46,-4,2,5,-7,-3,0,5
1564164073515746,-17,5,3,8,3,1,4,-1
1564164073515746,13,7,6,-16,2,3,4,-1
1564164073516744,-15,-19,0,15,-6,-2,-4,0
1564164073516744,-14,21,6,29,22,4,-2,0
1564164073531216,-37,-13,-1,-5,-8,-6,-6,-11
1564164073531216,25,4,-4,-17,-5,0,5,8
1564164073531720,30,0,-3,-14,-5,-2,2,-1
1564164073531720,4,1,1,6,-9,-5,-8,3
1564164073553674,2,-2,-2,-5,7,11,15,8
1564164073553674,-19,2,3,13,0,-2,-12,-15
1564164073554175,13,-1,-1,-4,-7,-4,5,7
1564164073554175,-26,-10,-8,0,2,0,-3,-9
1564164073576132,25,1,-8,-8,1,0,3,1
1564164073576132,-9,-4,4,12,-2,-4,-12,-6
1564164073576633,16,4,2,-19,-2,-2,-3,6
1564164073576633,-40,-5,-1,13,2,-5,-6,-9
1564164073591125,40,0,-5,-8,-8,4,8,9
1564164073591125,-2,1,3,10,7,8,20,11
1564164073591605,-9,-4,-6,6,7,-2,-7,-4
1564164073591605,-11,5,-1,-14,-8,0,-2,-2
1564164073613583,24,-7,-4,-6,-8,-8,-14,0
1564164073613583,-21,8,10,8,4,5,8,-3
1564164073614063,-28,11,6,5,4,6,12,3
1564164073614063,37,2,-2,-15,-1,-2,11,15
1564164073636041,3,-3,3,20,10,-2,-8,-1
1564164073636041,20,-1,-4,-12,-6,0,0,5
1564164073636521,-8,-12,-6,-17,-11,-5,-16,-11
1564164073636521,-22,3,1,9,0,-2,-9,-13
1564164073650994,17,6,3,-9,-12,-5,9,10
1564164073650994,-3,5,-3,12,13,2,-2,-3
1564164073651992,-25,-15,1,-13,0,4,-1,-12
1564164073651992,6,-9,-7,6,10,-1,1,9
1564164073673472,11,6,7,16,0,-5,-1,-1
1564164073673472,-26,-3,-5,-7,-5,-1,-9,-3
1564164073674450,19,-2,-5,0,-3,0,3,2
1564164073674450,-8,-17,-3,-8,-4,-2,-13,-13
1564164073695911,-33,18,3,-24,-11,-12,-10,-24
1564164073695911,19,-5,7,31,9,11,20,32
1564164073696910,50,6,-14,-6,-3,-5,-1,10
1564164073696910,-15,2,4,2,-3,3,4,-5
1564164073710882,-16,-6,-5,-11,-4,-1,6,-7
1564164073710882,17,8,1,4,1,-8,-20,2
1564164073711884,-7,-1,10,7,6,3,9,3
1564164073711884,30,4,-7,6,-4,-5,-12,1
1564164073741825,-66,-25,-8,2,1,-1,-2,-17
1564164073741825,-8,-6,-3,-11,-4,-2,-4,-12
1564164073742324,-21,-4,1,0,-10,-2,-4,-6
1564164073742324,-30,-10,4,-3,-15,-7,-7,-8
1564164073756797,50,15,-16,-18,5,10,22,20
1564164073756797,-27,-21,-4,8,-3,-6,-8,-10
1564164073757297,2,21,2,2,2,-5,-14,-10
1564164073757297,-34,-8,5,-14,-9,-6,-16,-11
1564164073770778,46,11,2,33,13,14,38,30
1564164073770778,0,-1,-4,-18,-10,-9,-16,-12
1564164073771789,-12,-11,-10,-5,-5,-2,10,4
1564164073771789,29,10,-2,-11,0,2,4,5
1564164073793230,-23,-16,9,11,2,-1,-13,5
1564164073793230,-7,5,-5,-19,-10,-6,-6,-16
1564164073794228,-20,1,9,12,5,-1,-11,-3
1564164073794228,23,-20,-11,10,8,5,14,10
1564164073816686,7,5,6,-18,-13,-3,-12,-6
1564164073816686,-16,-7,-3,27,15,3,-6,-8
1564164073817684,6,-1,-11,-35,-8,2,11,0
1564164073817684,-8,24,6,5,1,-5,-5,-7
1564164073831159,16,-14,-6,-2,1,-1,3,11
1564164073831159,-15,-8,-3,-14,-13,-5,-11,2
1564164073831661,-36,-11,9,24,7,5,-3,-24
1564164073831661,23,5,-4,-12,1,0,8,8
1564164073853623,-17,-1,2,9,-3,-1,-2,-8
1564164073853623,42,15,-7,-21,-12,-4,8,14
1564164073854117,-10,7,3,-1,-3,-7,-16,-10
1564164073854117,-25,-17,2,4,1,7,17,10
1564164073876599,14,-6,-5,-3,5,0,-7,-6
1564164073876599,28,-1,2,-24,-1,3,9,9
1564164073877593,0,14,-2,31,9,1,1,-2
1564164073877593,-25,-23,5,10,1,-3,-7,-2
1564164073891068,4,29,2,-11,-19,-12,-9,-4
1564164073891068,-72,-34,-10,-3,10,4,6,-25
1564164073891548,-23,-7,-9,11,8,-7,-9,-7
1564164073891548,20,12,4,-4,-7,-1,5,0
1564164073913526,21,4,1,-6,-2,4,6,13
1564164073913526,48,24,-1,-9,-13,-13,-12,-2
1564164073914005,-18,-10,-7,-18,-4,0,-5,4
1564164073914005,-20,-15,0,25,9,3,5,-11
1564164073936464,-33,-8,2,0,-2,-1,0,-8
1564164073936464,35,14,-2,-4,-2,0,1,13
1564164073937462,3,-8,3,6,0,4,3,-1
1564164073937462,-34,2,0,-29,-9,-6,-12,-13
1564164073950957,66,-1,-13,15,5,-4,-11,17
1564164073950957,-65,-14,1,9,-3,-1,1,-29
1564164073951934,21,12,-5,-23,-3,1,2,9
1564164073951934,25,7,0,8,0,1,13,15
1564164073973395,-15,0,2,6,8,-3,-9,-13
1564164073973395,-5,3,8,9,-1,-2,5,14
1564164073974393,45,6,-3,8,2,6,10,16
1564164073974393,-36,-9,-7,-10,1,0,-14,-24
1564164073996851,20,1,5,-16,-7,-1,-2,-3
1564164073996851,36,-3,1,17,9,10,18,25
1564164073997351,-16,8,6,-3,0,-2,1,-5
1564164073997351,8,-6,-1,1,2,-1,0,0
1564164074019309,-36,6,-3,4,-5,-2,-5,-16
1564164074019309,27,-9,4,-9,4,2,4,17
1564164074019809,-9,9,5,5,5,2,1,-6
1564164074019809,14,-3,-2,13,5,-2,-2,9
1564164074033315,-43,-4,-2,-10,-2,-1,-3,-17
1564164074033315,-35,-1,-5,-6,-12,-3,-1,-10
1564164074034285,37,3,7,2,-3,2,-2,4
1564164074034285,18,-6,-5,4,-3,-9,-13,-3
1564164074056740,-37,-5,5,0,0,5,9,3
1564164074056740,20,2,-12,-6,-3,-8,-10,-2
1564164074057239,12,9,-3,5,-6,-2,-3,3
1564164074057239,-35,-7,-2,-20,-3,-1,1,-10
1564164074071212,51,-22,-8,3,2,5,6,27
1564164074071212,4,16,2,-6,1,-5,-11,-15
1564164074071712,22,-10,-6,-15,-7,-3,0,5
1564164074071712,-7,7,4,25,11,3,-3,-15
1564164074093671,-53,-14,-2,4,-3,-6,-8,-15
1564164074093671,31,10,0,-10,-9,2,3,19
1564164074094171,-7,-25,-2,16,9,1,3,-3
1564164074094171,9,12,-6,-9,0,1,1,7
1564164074116629,-24,10,5,-2,1,0,-4,-16
1564164074116629,6,0,-9,-12,-9,-7,-11,-13
1564164074117627,-2,-3,5,-10,-14,-5,-3,3
1564164074117627,33,-1,1,8,-3,-1,5,14
1564164074131139,-10,-10,-12,-6,2,-1,0,-8
1564164074131139,0,7,11,16,16,3,0,0
1564164074131602,-27,-9,-3,7,-1,-3,-2,-4
1564164074131602,13,10,1,-9,-2,0,-1,2
1564164074153561,26,8,1,-9,-6,-2,-1,4
1564164074153561,-28,-13,0,11,4,2,-3,-9
1564164074154059,9,-5,-2,-3,-2,-8,-2,-4
1564164074154059,-3,3,-3,-11,-9,-7,-13,-3
1564164074176537,-34,4,0,-3,-7,-13,-10,-31
1564164074176537,16,-17,-2,15,19,30,40,62
1564164074177533,40,18,3,-9,-4,-6,-16,4
1564164074177533,15,-3,-2,-8,-8,-6,-6,6
1564164074191010,-16,-10,-4,6,0,-3,31,-5
1564164074191010,-14,17,4,1,-2,-13,-41,-21
1564164074191491,1,-1,-3,-3,5,33,32,10
1564164074191491,-32,-12,-6,1,1,4,9,11
1564164074213469,43,-4,-1,-8,-3,-2,-17,5
1564164074213469,-45,6,2,4,-3,-12,-3,-21
1564164074214447,0,-9,5,4,5,-6,1,1
1564164074214447,-18,-4,-4,-3,-7,-6,-11,-14
1564164074235906,6,11,12,-3,-13,-2,-3,7
1564164074235906,40,-5,-14,-1,19,9,14,16
1564164074243405,-38,-10,-12,4,-2,-8,-19,-24
1564164074243405,16,8,6,10,11,7,12,8
1564164074250898,5,1,1,-27,-15,-5,-6,6
1564164074250898,1,5,8,34,10,-1,1,-3
1564164074251878,12,-2,-13,-8,-4,-1,-2,8
1564164074251878,-8,0,-1,-6,-5,-6,-1,-7
1564164074273349,12,-1,3,2,2,2,2,9
1564164074273349,-25,-6,6,-11,-10,-7,-11,-19
1564164074274336,-2,-8,-15,-8,-3,-9,1,-1
1564164074274336,10,-1,-1,-3,-4,2,3,2
1564164074296805,3,15,10,14,10,18,11,13
1564164074296805,-18,-17,-19,-19,-13,-7,-4,-19
1564164074297296,-7,-1,5,0,-6,-7,-6,-3
1564164074297296,0,8,2,-5,-5,-9,-14,-7
1564164074310289,-27,-7,5,18,16,5,3,1
1564164074310289,24,-4,1,-5,-4,0,5,13
1564164074318753,7,10,7,-1,-2,-2,5,6
1564164074318753,-27,-9,-10,-6,-3,-1,-6,-11
1564164074333226,-3,2,0,1,-1,-3,-7,0
1564164074333226,25,-15,-2,1,0,9,10,6
1564164074334224,-34,-2,5,5,9,-4,-6,-10
1564164074334224,19,5,-7,-4,-1,3,9,10
1564164074357184,-24,8,6,1,6,0,-7,-13
1564164074357184,1,8,2,-10,-16,-6,0,-3
1564164074357681,-19,-13,-4,-7,-6,-1,-2,-2
1564164074357681,-15,-9,1,5,13,5,3,-5
1564164074370177,26,2,-9,6,-3,-1,2,9
1564164074370177,-16,-3,-1,0,0,-2,-6,-7
1564164074378641,11,5,10,-2,-1,0,0,5
1564164074378641,1,-4,-14,-1,-5,-5,-4,-4
1564164074395114,-9,-10,-5,-2,1,4,7,0
1564164074395114,3,7,6,-2,0,-1,-2,-1
1564164074395611,-8,-4,-4,3,-2,-7,-3,-9
1564164074395611,-6,-1,8,-1,0,6,-2,8
1564164074416571,21,2,-1,1,1,-3,-9,-1
1564164074416571,-77,3,-5,-21,-9,-7,-12,-34
1564164074417569,94,2,8,6,-1,8,18,36
1564164074417569,-17,-14,-4,10,2,-3,-4,-3
1564164074430545,9,1,-12,-13,0,1,2,7
1564164074430545,-64,-6,4,7,5,3,0,-13
1564164074446036,56,5,1,-6,-11,-8,-11,2
1564164074446036,-47,13,1,-10,-6,3,6,-13
1564164074453505,-6,-8,-1,7,8,3,1,-3
1564164074453505,16,2,-3,-1,-3,-3,2,4
1564164074454006,-23,0,0,-1,0,1,-1,-2
1564164074454006,27,0,-7,2,-5,-1,1,7
1564164074476460,-2,0,12,-5,-4,-6,-2,-3
1564164074476460,6,-1,-2,-2,-2,-5,-7,3
1564164074477458,-24,3,11,2,-1,0,1,-2
1564164074477458,19,-7,-13,-11,-4,-3,0,7
1564164074490454,0,-3,-11,3,-1,3,4,2
1564164074490454,15,-3,9,8,4,-4,-11,-25
1564164074498422,-18,-1,4,3,4,4,19,16
1564164074498422,3,9,22,7,3,7,11,-8
1564164074513391,-6,-6,-7,2,-1,0,9,2
1564164074513391,30,12,7,-4,-9,-21,-8,31
1564164074520878,-20,8,23,-4,7,25,-2,-56
1564164074520878,7,-3,-20,4,7,9,-4,52
1564164074536848,10,-11,-24,-6,-4,-18,-11,-10
1564164074536848,-3,5,12,5,-11,-40,-6,-27
1564164074537347,-19,-7,-8,5,15,32,-6,0
1564164074537347,5,-25,-13,-30,-8,32,-23,-6
1564164074550323,11,32,13,10,-10,-14,11,10
1564164074550323,14,-3,-10,-5,15,40,17,23
1564164074558310,-7,-3,-21,-6,-5,-31,-16,13
1564164074558310,-21,-36,4,1,-15,-34,-32,-45
1564164074573280,1,-2,-2,10,5,19,13,9
1564164074573280,-15,1,10,-5,-19,-40,-34,-35
1564164074574281,15,19,-9,0,14,33,57,12
1564164074574281,9,16,-10,4,4,-7,26,15
1564164074596737,-3,0,33,6,-3,-9,-1,9
1564164074596737,2,-31,-35,-1,0,7,-11,9
1564164074597236,-16,7,30,-10,-15,-15,-33,-42
1564164074597236,4,-12,-38,6,3,-1,-2,-8
1564164074619214,0,6,21,4,-2,-7,-12,-10
1564164074619214,10,-16,-38,-22,-1,15,5,17
1564164074620193,-3,-5,-35,-15,-10,-13,0,9
1564164074620193,7,18,34,12,7,-1,-4,1
1564164074633667,-7,-11,-20,-10,1,-3,-16,-8
1564164074633667,13,18,45,20,7,18,24,22
1564164074634170,-22,-22,-51,-12,-8,-13,-23,-20
1564164074634170,-2,6,41,1,-5,-10,6,-10
1564164074656645,-5,-20,-14,-1,13,14,-1,-10
1564164074656645,2,17,8,5,3,6,4,11
1564164074657623,-9,-20,-8,-2,-10,-25,-7,2
1564164074657623,4,-1,-12,-4,-1,11,7,-4
1564164074680593,-5,-2,-9,-4,3,6,-1,0
1564164074680593,15,11,4,-1,-2,1,11,1
1564164074681578,10,1,-8,7,0,-5,-9,16
1564164074681578,1,7,19,-3,2,0,3,-11
1564164074693576,2,-6,-25,-10,-5,-1,4,11
1564164074693576,-5,-9,-26,-13,-5,-1,6,1
1564164074694056,-9,-12,13,17,6,1,0,4
1564164074694056,10,22,16,3,0,-2,1,5
1564164074716514,7,6,7,3,0,1,1,-1
1564164074716514,-6,-4,18,14,2,1,-1,0
1564164074717513,-15,-25,-48,-45,-21,-18,-28,-20
1564164074717513,5,0,-9,12,8,12,32,14
1564164074738975,4,12,-6,2,4,1,-5,6
1564164074738975,-13,-12,12,4,-1,2,1,-12
1564164074739971,9,28,23,4,-1,-3,1,3
1564164074739971,-4,-9,-25,-12,-11,-11,-7,-1
1564164074753446,0,-4,8,1,-2,3,-1,-3
1564164074753446,2,4,-18,-10,4,4,5,5
1564164074754443,-4,-19,15,19,11,7,7,9
1564164074754443,-11,-8,3,-11,-3,-4,-6,-6
1564164074776402,3,18,29,11,0,0,2,9
1564164074776402,0,-1,0,-1,-5,-3,-4,-8
1564164074777401,2,-1,15,2,-1,2,-2,-4
1564164074777401,9,10,-27,-5,1,1,1,5
1564164074799859,-1,-3,11,8,1,-4,-1,1
1564164074799859,-6,-10,-5,-8,-3,-3,-11,-14
1564164074800361,6,30,51,22,3,3,8,12
1564164074800361,-6,-28,-44,-17,-6,-7,-6,-4
1564164074813338,3,16,3,-8,-6,-6,-1,2
1564164074813338,14,7,-10,3,7,7,0,9
1564164074814333,-8,-1,10,-1,-2,1,0,-1
1564164074814333,-4,-11,8,-7,-9,-8,-9,-3
1564164074838287,-2,-11,-20,-4,0,-4,-3,-3
1564164074838287,1,5,8,2,4,6,13,12
1564164074839786,7,-7,1,10,2,-3,-3,4
1564164074839786,-7,14,17,2,-2,-8,-11,-19
1564164074859252,-17,7,-6,-11,-2,5,0,-4
1564164074859252,3,22,23,3,-4,-1,-5,-11
1564164074860247,-4,-44,-29,-13,1,4,11,11
1564164074860247,6,37,34,10,8,4,-4,-8
1564164074873242,1,-19,-16,6,-1,-4,1,-2
1564164074873242,2,21,9,0,-6,-6,-2,2
1564164074874221,-7,4,1,3,-5,4,6,-1
1564164074874221,3,1,8,-6,1,1,3,14
1564164074896683,5,-16,-1,-5,0,-2,-8,-11
1564164074896683,-1,-9,-18,3,0,-2,0,-2
1564164074897678,8,10,-12,-1,3,0,4,9
1564164074897678,6,11,11,9,1,2,11,18
1564164074919137,-5,-2,8,-3,-6,0,-14,-27
1564164074919137,-5,-9,-14,-7,0,-4,1,-6
1564164074926624,-3,9,-8,-6,-2,-1,2,-2
1564164074926624,6,-2,8,5,0,-6,-12,5
1564164074932613,-3,2,14,-2,1,6,18,16
1564164074932613,-2,-26,-25,-1,-9,-15,-18,-8
1564164074941596,-2,8,-27,-17,0,8,9,-17
1564164074941596,-8,-23,8,16,9,8,6,-4
1564164074956572,-9,-20,3,-14,-14,-11,-8,-4
1564164074956572,-23,19,-6,-3,1,-1,0,-16
1564164074958065,2,-3,5,5,-1,-4,-8,1
1564164074958065,7,8,15,-8,-6,-3,1,1
1564164074979026,-7,-7,-31,-2,1,0,0,-2
1564164074979026,-6,-14,10,3,3,3,0,-6
1564164074985514,-5,-6,5,7,-3,-5,-6,2
1564164074985514,-2,15,-8,-3,1,3,-4,-9
1564164075001484,3,-12,2,2,1,-6,-4,5
1564164075001484,7,10,1,-8,-1,4,3,-4
1564164075003481,8,17,27,7,-1,-9,-2,7
1564164075003481,-4,-16,-32,-2,-3,5,13,16
1564164075016456,0,12,10,-5,-1,-8,-26,-24
1564164075016456,-2,-3,1,3,5,16,20,3
1564164075018453,-8,-13,13,4,-4,-6,-12,-10
1564164075018453,8,-10,-19,-17,-3,-3,-2,-3
1564164075038915,6,14,-7,1,-6,-6,3,9
1564164075038915,4,-10,17,-1,-3,-1,3,17
1564164075040912,-1,9,-20,-4,1,2,-8,-8
1564164075040912,0,7,12,0,-5,-2,0,-5
1564164075053388,11,7,5,1,4,8,8,5
1564164075053388,3,-22,7,6,8,-5,-5,3
1564164075060376,20,41,-1,-11,-7,1,10,13
1564164075060376,-15,-25,-20,6,3,-3,-10,-11
1564164075077346,9,25,23,2,3,0,5,1
1564164075077346,-18,-45,-10,3,-2,3,2,-2
1564164075078842,4,4,-30,-10,0,3,4,8
1564164075078842,-6,8,15,11,1,-2,6,2
1564164075099306,3,3,4,3,-1,-1,-7,-16
1564164075099306,0,10,-27,-12,-4,-4,-4,-1
1564164075100801,-11,-23,31,12,0,-3,-8,-19
1564164075100801,8,7,-31,-15,-3,2,12,25
1564164075112797,7,-14,-21,3,2,7,2,-6
1564164075112797,0,19,24,3,2,-2,-4,-1
1564164075121766,-1,-7,7,-4,-1,-2,-4,-7
1564164075121766,-15,-5,15,19,4,-1,-2,-7
1564164075136736,-8,-13,-33,-10,-3,-2,4,1
1564164075136736,2,2,-25,-21,-7,-4,-7,2
1564164075138231,2,8,33,17,3,2,1,1
1564164075138231,2,-20,-36,-10,11,0,-7,-2
1564164075159211,5,9,56,27,-4,2,15,14
1564164075159211,2,10,-21,-20,-10,-3,-1,1
1564164075160690,1,-1,-7,-3,3,1,3,2
1564164075160690,7,7,-12,-5,-6,-6,-9,-10
1564164075174164,-11,-20,-2,2,-4,0,5,3
1564164075174164,5,3,16,16,5,3,5,5
1564164075181650,-2,-20,-34,-7,-3,-6,-12,-7
1564164075181650,11,27,19,-3,-1,8,11,1
1564164075196622,-6,-2,-12,-9,0,-4,-7,-3
1564164075196622,2,-15,3,7,1,4,5,-5
1564164075198119,2,3,-9,-2,-3,-10,-1,4
1564164075198119,-10,-12,33,12,-6,3,-4,-13
1564164075219099,8,8,-42,-38,-8,-6,-7,8
1564164075219099,-16,-4,32,20,22,13,13,3
1564164075220577,8,17,-7,1,5,2,3,3
1564164075220577,-1,3,16,12,-3,-6,-3,1
1564164075232554,-3,10,3,-21,-13,-2,1,4
1564164075232554,3,-2,-5,13,-2,-4,-2,-1
1564164075248026,-7,-7,25,2,-4,0,-10,-15
1564164075248026,1,7,3,1,4,-3,1,4
1564164075256514,-6,-11,-22,1,6,4,-2,-4
1564164075256514,2,18,13,-5,-5,-5,-5,-1
1564164075258008,-13,-35,-23,-15,-5,-9,-12,-2
1564164075258008,4,-6,3,-1,-2,11,17,16
1564164075278968,-2,-2,12,16,-1,-4,4,-1
1564164075278968,4,4,-18,-19,0,2,-3,-10
1564164075280964,13,30,30,15,5,5,7,19
1564164075280964,-3,-18,-6,-13,1,-2,-9,-10
1564164075292942,-14,-16,-2,-3,-8,-7,-9,-12
1564164075292942,8,-4,-8,-1,-7,-7,-5,4
1564164075301926,-12,24,7,2,2,8,13,-7
1564164075301926,0,-13,-24,-19,-5,-5,-4,-2
1564164075316399,-1,-7,-6,15,8,5,1,11
1564164075316399,-23,-13,-10,-5,-7,-4,-4,-14
1564164075318396,-4,-4,4,-19,-7,-3,-9,-6
1564164075318396,5,4,-6,0,3,-3,-2,-1
1564164075339356,-4,1,20,6,0,2,-3,3
1564164075339356,5,15,-5,0,3,-3,0,6
1564164075340856,-5,-21,-21,-7,-1,1,3,1
1564164075340856,-1,17,14,-4,-5,-2,-2,-2
1564164075352835,9,9,-1,-1,3,1,-7,-2
1564164075352835,0,-7,2,0,-2,-1,-2,1
1564164075361815,-5,-11,24,9,-2,-6,0,-2
1564164075361815,-2,-4,-25,-11,-4,5,5,-6
1564164075376787,9,7,1,11,2,2,7,14
1564164075376787,-9,-17,-16,-15,-9,-6,-6,-13
1564164075378285,3,-1,-15,-3,4,3,2,0
1564164075378285,-13,-5,6,-3,-3,-7,-17,-13
1564164075406736,-3,-2,-7,-9,1,2,5,-3
1564164075406736,10,2,5,1,-7,-4,0,12
1564164075408229,-3,10,2,5,-3,-5,-8,-1
1564164075408229,3,-9,-11,5,0,2,-3,-2
1564164075412720,-7,5,-1,-3,-1,5,11,-4
1564164075412720,6,-1,8,4,1,-3,-5,1
1564164075421704,5,10,-8,-5,0,5,4,0
1564164075421704,1,-5,19,8,-1,-9,-5,8
1564164075436696,-6,6,9,6,1,3,-2,-6
1564164075436696,-8,-5,-9,-9,-3,0,-2,-15
1564164075438177,5,-9,-15,0,-2,1,-2,3
1564164075438177,1,0,-8,3,1,-5,-5,2
1564164075459171,2,0,-4,-6,-4,-1,2,0
1564164075459171,1,5,15,17,4,3,0,-2
1564164075460631,-4,-13,-25,-19,-9,-3,5,19
1564164075460631,4,5,-5,8,4,-2,-2,-9
1564164075473108,0,1,19,-2,0,-3,-3,-1
1564164075473108,-10,-25,-21,-10,-4,-4,-6,-4
1564164075481592,-10,10,-3,-4,3,2,6,1
1564164075481592,-11,-14,6,6,0,5,12,-6
1564164075496584,2,11,-11,-6,-2,-4,-16,-1
1564164075496584,5,16,5,6,-3,0,-4,7
1564164075498062,-4,-27,13,2,0,-2,-5,-12
1564164075498062,-1,19,-6,-3,2,-4,-2,-4
1564164075519042,-2,-11,-1,-3,-2,0,0,3
1564164075519042,3,0,3,-4,-3,-9,-4,-5
1564164075520520,3,-3,11,10,1,2,7,9
1564164075520520,9,-6,-15,-10,-5,4,1,3
1564164075532999,-14,2,-2,0,-1,-2,-8,-15
1564164075532999,6,21,20,-3,-5,-2,0,7
1564164075541980,0,-1,-18,8,11,1,-5,-13
1564164075541980,0,1,24,6,-8,-5,-5,2
1564164075556955,3,3,7,4,9,2,7,2
1564164075556955,-4,-31,-22,-3,-4,3,0,1
1564164075558948,7,16,8,6,3,4,3,-2
1564164075558948,8,12,-5,-8,-11,-8,-10,2
1564164075578911,-10,-24,-20,-13,-6,-3,-5,-5
1564164075578911,-1,9,18,6,5,3,1,-1
1564164075580927,4,-4,0,1,5,0,1,2
1564164075580927,-7,4,-5,0,-2,0,-3,-4
1564164075603368,2,-6,-2,0,-2,-4,-1,-1
1564164075603368,-1,6,9,0,-1,-3,2,2
1564164075604865,8,5,-6,-3,-3,2,4,5
1564164075604865,-6,-5,9,3,6,3,7,0
1564164075616840,1,-1,-10,-5,-1,-2,-2,-2
1564164075616840,4,5,-16,-4,1,-1,1,2
1564164075618338,-6,-8,-6,-8,-4,-1,3,0
1564164075618338,-2,-2,3,2,4,-1,-6,2
1564164075639337,9,13,7,4,0,2,11,8
1564164075639337,-5,-26,-25,-7,-6,-5,-16,-3
1564164075640796,-7,9,-4,-13,-9,-11,-9,-15
1564164075640796,5,-1,-3,4,4,11,12,5
1564164075661796,-1,-9,14,13,2,-6,-14,-5
1564164075661796,7,16,11,1,2,-2,2,10
1564164075663255,7,1,-6,-7,-3,5,5,-10
1564164075663255,-6,2,1,2,-4,-4,-2,-2
1564164075684235,-10,-7,-18,-15,-3,-4,4,-4
1564164075684235,0,2,22,12,5,6,9,3
1564164075685715,1,-2,-6,10,-2,-2,-5,1
1564164075685715,3,-1,-18,-18,1,-1,-1,3
1564164075699246,-1,-13,3,2,2,-1,-4,0
1564164075699246,-8,10,0,-7,1,0,-3,-6
1564164075700687,-2,-8,-2,6,-4,-2,-3,-1
1564164075700687,-5,-18,-1,4,-3,-4,2,0
1564164075721646,0,10,-9,-2,-6,-4,-8,-8
1564164075721646,-4,-7,10,6,8,0,0,-1
1564164075723143,0,1,7,-12,4,3,1,-5
1564164075723143,1,-11,-15,-3,-9,-6,-7,-5
1564164075736656,5,4,-4,-4,1,0,4,11
1564164075736656,2,-1,-9,8,0,3,11,4
1564164075738116,-10,-1,1,-6,-1,3,5,7
1564164075738116,-7,-3,8,-8,-1,-2,2,1
1564164075759137,0,8,3,-5,-4,-3,-5,-13
1564164075759137,5,-6,-8,-1,-2,-10,-14,-4
1564164075760574,9,1,-9,6,2,4,10,10
1564164075760574,-9,-1,3,3,4,-1,-7,-11
1564164075781573,-4,-6,-3,2,1,2,5,4
1564164075781573,-8,-14,-9,-7,-2,1,-1,-8
1564164075783534,8,1,-5,-2,-8,-7,-4,3
1564164075783534,5,23,24,7,1,1,4,5
1564164075796045,9,-1,18,-7,-2,0,-11,-1
1564164075796045,-2,-2,-30,-11,-3,-3,-1,-2
1564164075802995,0,4,4,17,5,-3,-3,-2
1564164075802995,-2,3,-2,-10,-6,0,2,0
1564164075819467,4,-12,-10,1,0,0,2,8
1564164075819467,0,2,10,-2,-5,2,4,-3
1564164075820962,-6,1,5,3,7,-4,-10,-5
1564164075820962,9,3,-6,-3,-4,0,-3,3
1564164075841926,-10,-3,3,6,0,-1,-2,2
1564164075841926,6,12,-2,-4,-1,7,6,1
1564164075843422,5,-16,5,6,3,-4,-4,-5
1564164075843422,12,13,-7,-6,1,2,-2,-3
1564164075855898,-15,-5,-8,-12,-7,-2,2,7
1564164075855898,-46,-22,-4,-3,-7,-3,1,-11
1564164075862922,9,6,7,-1,-2,-4,-3,-4
1564164075862922,18,3,-5,12,6,1,3,8
1564164075879362,16,14,21,0,-2,-2,2,-1
1564164075879362,-3,0,-17,-4,-3,-2,-1,-2
1564164075880858,-2,5,12,-12,-7,-1,2,8
1564164075880858,-2,4,24,14,0,-3,-5,-9
1564164075909298,3,-5,-26,-2,2,2,-1,-5
1564164075909298,11,8,12,5,6,0,-5,-1
1564164075910796,-16,-5,-1,-7,-5,-2,-2,-3
1564164075910796,-7,-15,0,3,4,6,10,1
1564164075916286,-4,-3,-1,3,-1,-9,-6,-7
1564164075916286,2,7,6,3,1,-4,4,5
1564164075922774,6,-14,-20,-4,-2,16,12,6
1564164075922774,-3,2,-1,-8,-10,-7,-5,2
1564164075939244,-12,-1,-4,-2,2,-2,0,-5
1564164075939244,17,8,10,5,5,1,4,3
1564164075940742,-7,-4,-4,2,1,-1,3,1
1564164075940742,-22,17,17,5,4,-3,-14,-13
1564164075961703,4,-13,-32,-2,-4,2,3,2
1564164075961703,7,3,2,-7,-4,-1,-3,0
1564164075963200,4,11,19,-2,2,0,-5,1
1564164075963200,-24,-42,-40,-27,-16,-9,-3,-6
1564164075976215,13,18,13,-7,-11,-2,-2,5
1564164075976215,13,8,11,27,13,4,-5,3
1564164075982663,-20,-26,-14,13,8,-4,-2,-9
1564164075982663,4,16,-7,-17,-1,1,0,0
1564164075999132,-7,-6,-2,0,-4,-3,-3,-5
1564164075999132,3,-10,-14,-14,-7,-1,5,7
1564164076000629,-4,11,6,-9,-7,-2,-9,-8
1564164076000629,3,-9,0,9,5,-3,-10,3
1564164076021610,1,1,-1,0,4,-1,8,0
1564164076021610,-6,10,8,1,4,16,0,-3
1564164076023089,3,-9,-4,-4,0,-4,2,7
1564164076023089,-6,-5,-5,1,-2,-5,-5,-3
1564164076036069,-11,1,19,7,0,-1,3,-7
1564164076036069,-1,-14,-20,-12,-6,-7,-2,-3
1564164076043050,-4,13,15,10,6,1,-2,-4
1564164076043050,-7,-7,-8,-4,-1,0,-1,-2
1564164076059058,-5,-5,6,15,3,3,-1,0
1564164076059058,-2,1,10,-12,-8,-4,-3,0
1564164076061018,-7,0,-11,-2,-5,-3,-6,-11
1564164076061018,19,22,16,3,2,2,7,6
1564164076081980,-15,-16,-4,14,14,5,2,-2
1564164076081980,-9,-14,7,6,-5,-5,-7,-8
1564164076083475,9,12,-8,-9,-4,1,9,4
1564164076083475,-10,-11,-1,-3,4,5,3,-8
1564164076095473,3,3,0,-4,-6,-4,-8,-1
1564164076095473,6,1,-11,1,-9,-6,-4,-1
1564164076110466,-3,-4,-5,-13,3,-3,-5,-2
1564164076110466,-8,-21,-1,25,11,-3,4,0
1564164076119408,14,6,1,-6,4,11,4,3
1564164076119408,-11,-1,-10,-4,-4,-3,-4,-8
1564164076120915,8,-1,4,-5,-10,-7,-4,5
1564164076120915,-5,-1,-9,2,-1,-2,-1,1
1564164076141866,-8,5,13,1,-3,-3,-4,-10
1564164076141866,13,-9,-10,-4,3,0,5,7
1564164076143364,-6,18,20,2,-1,2,0,1
1564164076143364,-3,1,2,-1,-1,-3,-7,1
1564164076155344,-2,-14,-20,5,-1,2,3,-1
1564164076155344,4,26,40,-4,1,-1,-1,-1
1564164076164325,1,-4,-26,-6,-5,-2,0,-4
1564164076164325,2,-13,4,-3,-7,-2,-7,-1
1564164076178337,2,-9,0,-4,-2,-4,-6,-2
1564164076178337,1,12,-1,8,8,5,3,3
1564164076186785,1,-9,-7,2,-1,0,-1,-1
1564164076186785,18,14,-3,-2,-7,-3,5,8
1564164076201758,2,6,8,2,3,1,1,-4
1564164076201758,-13,-13,-7,-5,1,-7,-11,-4
1564164076203253,10,-4,-5,4,3,7,11,3
1564164076203253,-1,5,2,-8,-6,-2,-4,-6
1564164076215232,11,2,-6,-4,-3,-6,-2,2
1564164076215232,-3,8,7,3,2,-3,-4,-1
1564164076224216,-9,-9,-11,4,0,10,14,4
1564164076224216,0,-3,22,0,-2,0,-1,-7
1564164076239722,-3,1,-16,-5,0,-5,-5,3
1564164076239722,0,-1,-7,0,-1,0,2,0
1564164076241183,-2,-10,-7,0,-2,-4,-7,-4
1564164076241183,3,0,-5,2,5,4,5,2
1564164076261683,-3,4,17,-2,-2,1,1,1
1564164076261683,6,9,-15,0,-4,-2,1,2
1564164076263143,-6,2,26,1,-4,-9,-9,-6
1564164076263143,1,0,-8,3,2,2,1,0
1564164076275622,-3,5,-1,-6,-4,-2,-3,-3
1564164076275622,-3,-12,-7,1,1,3,2,2
1564164076284109,3,3,6,-3,-2,-4,-3,-1
1564164076284109,-9,-6,-25,-8,-2,0,1,-3
1564164076299111,1,3,21,8,1,4,1,1
1564164076299111,-2,-7,-11,-4,1,0,3,0
1564164076301070,2,12,12,2,-1,-2,-5,-3
1564164076301070,-1,-17,2,-1,3,2,1,-1
1564164076322033,5,26,-7,-3,-1,1,2,4
1564164076322033,-8,-19,3,-5,-5,-4,-4,-3
1564164076323531,-2,10,6,-7,-1,-1,-3,-2
1564164076323531,-7,-19,-12,-1,-7,-3,-1,0
1564164076335515,0,-1,1,-15,-8,-3,-3,-2
1564164076335515,2,0,-4,10,12,5,5,1
1564164076344490,-6,-13,-16,8,-1,-1,0,-1
1564164076344490,11,12,3,-12,1,-1,-1,2
1564164076359001,-15,-4,21,15,-2,-1,-1,-3
1564164076359001,0,-1,-14,-24,-12,-5,-3,-1
1564164076360958,-3,-9,-10,5,-3,-2,-1,0
1564164076360958,2,13,15,-4,-5,-4,-2,2
1564164076389407,2,-8,-20,-9,-5,-3,0,1
1564164076389407,1,3,2,10,-1,1,1,-1
1564164076390904,-3,-1,11,11,7,1,0,-1
1564164076390904,-1,12,-6,-12,-4,-1,2,-2
1564164076395396,2,-9,-3,5,-5,-3,-4,-1
1564164076395396,-1,0,1,0,-3,2,0,-2
1564164076404380,4,2,-6,-11,6,1,1,0
1564164076404380,-3,-7,0,-12,-7,-2,-1,0
1564164076419350,1,-8,-10,14,8,2,2,2
1564164076419350,-3,-9,-2,-11,-10,-7,-3,-3
1564164076420848,-3,6,-4,-9,-8,-5,-3,-2
1564164076420848,0,4,7,8,1,0,-2,-3
1564164076441846,4,0,9,-3,13,6,2,-2
1564164076441846,-2,4,-9,24,13,0,-2,-2
1564164076443310,3,-9,-2,-7,1,3,3,5
1564164076443310,-8,0,-3,9,10,1,1,3
1564164076464309,-10,-8,-19,-14,-13,-7,-4,-5
1564164076464309,-4,4,11,16,2,-2,-1,-4
1564164076465766,-3,-6,-6,-11,-14,-5,-2,0
1564164076465766,5,6,16,20,15,6,1,1
1564164076479244,1,-5,-18,-10,-4,-6,-5,-3
1564164076479244,3,5,12,-5,0,0,0,0
1564164076480738,3,1,5,10,-3,-1,3,0
1564164076480738,5,2,2,-7,-4,-3,-3,-1
1564164076501736,-5,-5,-9,4,9,4,1,1
1564164076501736,-5,-6,-1,-23,-13,-4,-2,-3
1564164076503195,0,-2,3,25,10,-2,-3,-2
1564164076503195,-1,2,5,-1,-18,-2,-1,0
1564164076515708,-5,-4,-9,-7,11,2,1,2
1564164076515708,-1,-5,-1,-5,1,-1,1,3
1564164076524656,6,9,7,-5,-5,-1,-1,0
1564164076524656,0,-4,-12,-6,5,1,2,0
1564164076539128,-2,3,23,16,-5,-1,0,-2
1564164076539128,1,-4,-16,-30,-13,-2,1,0
1564164076540634,-1,4,0,4,2,-2,-3,-3
1564164076540634,3,-5,0,30,6,-2,0,0
1564164076561618,1,0,-9,-13,5,3,3,3
1564164076561618,-11,-2,5,5,-1,0,-2,-3
1564164076563583,-7,-11,-8,-25,-10,-4,-4,-5
1564164076563583,7,5,5,1,-4,-1,-2,1
1564164076584082,-18,-4,-7,-12,1,-2,0,-1
1564164076584082,26,1,4,12,-6,-3,-2,3
1564164076586047,-37,-12,-9,-8,6,1,-4,-16
1564164076586047,-7,-2,-6,-8,-2,-4,-3,-3
1564164076599024,4,1,7,26,10,2,-1,-2
1564164076599024,9,4,6,-8,-6,1,1,1
1564164076601013,29,4,-1,17,10,2,4,9
1564164076601013,-9,18,6,5,-1,-1,-1,-4
1564164076621976,-16,-25,-15,-14,-12,-4,-3,-3
1564164076621976,-8,-2,2,1,8,1,0,-5
1564164076623471,3,-3,2,2,-1,1,0,-1
1564164076623471,10,2,-5,-5,0,1,1,1
1564164076643933,10,13,2,-7,-20,-6,-3,2
1564164076643933,6,-7,-12,4,14,2,-2,0
1564164076645929,7,16,5,-10,-3,-1,1,6
1564164076645929,-21,-17,0,15,0,-4,-3,-8
1564164076666889,1,-15,-7,-1,4,-2,-5,-10
1564164076666889,-13,9,-3,-12,-10,-4,-3,-5
1564164076668387,-12,-20,-10,7,-5,-3,-3,-7
1564164076668387,-10,12,7,-10,-3,2,1,0
1564164076681862,15,3,8,5,-4,-2,0,8
1564164076681862,12,-3,-4,-16,-8,-1,0,5
1564164076683359,13,17,0,29,21,4,3,6
1564164076683359,-4,-18,-3,-19,-12,-2,-3,-2
1564164076704321,-11,5,12,8,1,-1,0,-3
1564164076704321,-10,-6,-21,-4,5,1,-1,-6
1564164076705819,-3,-3,1,-20,-10,-2,-1,-2
1564164076705819,4,-3,-2,10,1,-1,-1,-1
1564164076717857,9,12,3,-12,-4,-1,1,3
1564164076717857,-9,-2,7,11,3,0,1,1
1564164076726780,-3,-5,-2,-6,-5,-2,-2,0
1564164076726780,4,-2,-3,-2,4,1,-1,1
1564164076742262,0,2,-4,-10,-10,-3,-2,0
1564164076742262,-1,-3,-3,12,4,1,0,-2
1564164076743749,-6,-2,-5,-14,2,0,-2,-5
1564164076743749,7,-5,-9,7,3,1,1,1
1564164076764248,1,5,8,1,-5,-1,1,2
1564164076764248,-5,2,3,-1,-3,-3,-4,-1
1564164076765709,1,2,3,-1,0,0,0,-1
1564164076765709,-6,-10,-12,-13,-7,-6,-4,-2
1564164076778186,2,2,-7,-5,-1,-1,-1,-3
1564164076778186,-1,0,8,10,3,0,1,0
1564164076794239,-2,1,4,0,6,1,0,2
1564164076794239,3,-2,-7,15,4,0,0,-1
1564164076801724,1,0,-12,7,1,-1,-1,-2
1564164076801724,0,4,11,-6,0,2,-1,0
1564164076803214,3,-10,-5,-9,-11,-3,-5,0
1564164076803214,-4,5,3,-2,-1,2,-2,-2
1564164076824213,2,3,0,-10,-2,-2,-1,1
1564164076824213,1,-3,-12,-5,-7,-4,-2,-1
1564164076825671,-11,-14,-11,6,-7,-6,-3,-5
1564164076825671,7,1,7,-1,10,4,0,0
1564164076837651,-4,1,8,4,5,3,0,0
1564164076837651,1,0,-7,2,2,0,0,4
1564164076846632,2,4,-2,-4,-4,-2,0,3
1564164076846632,3,2,3,-18,-14,-6,-1,2
1564164076860606,-6,-14,-5,12,4,-1,-3,-8
1564164076860606,-5,-1,-5,-5,1,1,-2,-4
1564164076869090,3,2,-2,-8,-5,-4,-1,2
1564164076869090,-3,1,0,4,2,1,0,-1
1564164076884103,4,0,2,-1,-2,0,2,-1
1564164076884103,-2,-3,-1,4,-3,-2,0,0
1564164076885582,-2,-1,-5,-3,-2,-1,-2,-3
1564164076885582,2,2,7,-2,-5,-1,0,1
1564164076898039,-1,-3,-2,3,0,-2,1,2
1564164076898039,2,2,2,-8,-3,-2,-1,1
1564164076907023,-3,-1,-2,-3,-3,0,-1,-3
1564164076907023,-3,-3,1,5,1,-1,2,-2
1564164076921500,0,-2,-7,-11,3,0,0,0
1564164076921500,-3,-2,-1,9,0,-2,3,1
1564164076923493,0,0,2,-2,0,0,-3,-2
1564164076923493,6,7,-8,-3,2,0,-1,1
1564164076944490,5,1,3,-1,-1,0,-3,1
1564164076944490,-7,2,5,-3,-3,0,0,-4
1564164076946450,-3,-2,9,0,-6,-4,-1,-1
1564164076946450,-4,-5,-14,-3,4,0,-2,-3
1564164076957964,1,-4,-7,4,5,1,0,2
1564164076957964,0,0,4,-2,-4,-1,-2,2
1564164076966912,7,3,11,13,3,1,0,1
1564164076966912,-8,-5,-8,-14,-10,-5,-2,-3
1564164076981882,-12,-7,0,-9,-2,-1,-1,-3
1564164076981882,2,9,5,7,2,-1,-1,-1
1564164076983387,-4,-5,-13,-4,3,1,2,1
1564164076983387,6,2,5,8,-2,-1,1,2
1564164077004346,-1,1,-4,-3,-2,-2,-1,0
1564164077004346,1,-4,-2,6,-2,1,-2,-3
1564164077005838,-3,5,11,3,1,1,-1,-1
1564164077005838,-7,-6,-7,-5,1,0,-2,-2
1564164077017874,2,-1,-3,3,-4,-1,-1,-1
1564164077017874,0,-1,-2,6,1,-1,-2,-1
1564164077026807,3,3,2,-4,6,1,-1,-1
1564164077026807,-2,-2,9,6,3,0,1,1
1564164077041803,-1,0,-8,-13,-9,-3,0,-2
1564164077041803,3,-1,8,-7,-6,-3,-1,0
1564164077043270,0,-1,-8,3,-1,-1,-2,0
1564164077043270,2,1,-1,-2,-2,-1,-2,1
1564164077071746,-2,3,12,16,7,3,-1,2
1564164077071746,-1,-3,-2,-6,0,-1,1,0
1564164077073220,-5,-6,-5,23,3,2,-1,-2
1564164077073220,-11,-5,-9,-21,1,-1,-2,-6
1564164077077718,3,1,-2,4,-2,0,0,-1
1564164077077718,-1,2,8,-2,-7,-5,-3,-1
1564164077086688,0,0,-6,-17,-8,-5,-2,1
1564164077086688,3,-3,6,12,3,1,1,1
1564164077101697,-2,0,-7,-2,-1,1,-1,-2
1564164077101697,-4,-3,-2,3,14,5,3,-1
1564164077103157,0,3,8,-4,-7,-4,-2,0
1564164077103157,1,0,-2,0,-5,-3,-1,0
1564164077124157,13,0,-11,-11,-7,-5,-2,2
1564164077124157,-10,-2,-3,7,1,1,-1,-1
1564164077125622,-1,-1,-4,-10,-3,1,1,0
1564164077125622,-2,-3,2,17,5,-2,-3,0
1564164077138102,9,6,6,2,7,3,0,1
1564164077138102,-9,-4,-10,-8,-5,-4,-3,-4
1564164077147082,-4,-1,-3,-5,0,2,1,0
1564164077147082,2,-1,3,-4,-5,-2,2,1
1564164077161607,-4,-4,0,1,-3,-5,-2,-2
1564164077161607,3,-3,1,4,-4,-3,-1,1
1564164077163545,-4,0,-1,-9,-3,-3,-1,-2
1564164077163545,1,-1,-2,-9,-8,0,-2,-1
1564164077184513,-5,-3,-3,4,3,2,0,-2
1564164077184513,2,1,5,1,3,1,0,0
1564164077186009,0,0,-4,0,-3,-2,-1,-4
1564164077186009,0,0,-6,-9,-8,-3,-2,-1
1564164077198000,-4,0,1,-2,0,0,0,0
1564164077198000,-2,-4,-6,-1,-2,-3,-1,2
1564164077206972,2,2,-4,-6,-1,0,-2,-3
1564164077206972,-3,-1,8,17,5,1,-1,-4
1564164077221936,-6,-4,1,-2,4,0,1,0
1564164077221936,8,4,3,0,-5,-1,-1,3
1564164077223433,1,5,-8,-4,-5,-3,-2,-1
1564164077223433,-7,-13,-12,-4,-2,-2,-2,-2
1564164077244402,-11,-4,10,-6,-1,1,-2,-3
1564164077244402,0,-3,-15,-5,-4,0,-1,-1
1564164077245892,2,3,7,7,3,-1,0,2
1564164077245892,-3,6,-1,-10,-1,0,-1,-2
1564164077257869,0,-2,9,14,-4,-2,0,-1
1564164077257869,3,-3,-10,-8,4,1,1,-1
1564164077266852,-6,-3,2,0,1,2,0,-1
1564164077266852,5,2,2,1,-3,-1,1,2
1564164077281826,5,-2,-9,-13,-5,-3,-1,1
1564164077281826,-9,-1,4,3,1,0,-1,-3
1564164077283321,1,-7,-5,5,-1,-2,-3,-1
1564164077283321,1,9,4,-8,1,0,0,2
1564164077304342,-4,-2,-3,5,-4,-1,0,-1
1564164077304342,1,1,-1,5,4,1,-2,-2
1564164077305780,-9,-3,1,-8,0,1,-1,-3
1564164077305780,2,-3,-3,0,-1,0,2,0
1564164077317817,-6,1,-5,1,-3,-3,-3,-1
1564164077317817,2,-3,1,4,1,-1,0,-1
1564164077326756,0,-6,-5,-12,-4,-3,-2,0
1564164077326756,2,4,1,6,7,2,0,0
1564164077349262,-1,-2,-9,-4,1,-1,-2,0
1564164077349262,-3,-7,-3,-2,-7,-5,-4,-3
1564164077350697,3,0,5,-2,-3,-3,-1,-2
1564164077350697,-2,2,-6,-8,-5,-1,-1,-2
1564164077364211,2,3,9,-7,1,0,1,2
1564164077364211,8,4,0,-3,-2,0,0,2
1564164077365675,-8,-5,-1,8,6,2,2,-2
1564164077365675,-2,-5,-5,3,-5,-4,-3,-2
1564164077378157,1,2,3,-1,1,-1,0,-2
1564164077378157,1,2,-1,-8,0,0,-2,-1
1564164077386635,2,-1,-3,3,-4,0,-3,1
1564164077386635,-1,-1,6,4,3,-1,-1,0
1564164077401638,-8,-1,-2,-4,-2,0,-1,-5
1564164077401638,-1,-1,-4,-3,-5,-3,0,1
1564164077403099,8,2,5,6,8,1,0,1
1564164077403099,-6,-4,-1,8,4,2,1,0
1564164077424097,4,-2,-6,-4,-4,-3,-2,-1
1564164077424097,-8,2,2,1,3,1,-1,-3
1564164077426057,3,-10,-5,-9,-12,-6,-2,-1
1564164077426057,1,6,-2,1,4,-1,-2,-2
1564164077438036,0,1,7,7,6,4,1,0
1564164077438036,1,-4,-7,-2,-7,-4,0,-2
1564164077447023,3,6,1,2,6,3,2,3
1564164077447023,-6,-6,0,-1,-5,-4,-2,-1
1564164077461490,-3,-5,-9,-6,-7,-3,-2,-3
1564164077461490,-1,2,4,-4,0,0,0,-2
1564164077463487,-2,-4,-4,0,-1,-1,-1,-2
1564164077463487,1,-1,4,1,0,0,0,0
1564164077483956,-1,6,0,6,2,-1,1,0
1564164077483956,-1,-3,-12,-10,1,2,-1,0
1564164077485947,-14,1,5,10,1,-1,3,0
1564164077485947,1,-2,2,-5,0,0,-1,-1
1564164077506911,1,0,3,-3,-3,-2,0,0
1564164077506911,-1,-4,-5,-6,-5,-2,0,1
1564164077508404,1,6,3,6,7,2,-1,0
1564164077508404,-1,-9,-8,-10,-4,-4,-1,-1
1564164077520917,0,-2,-3,-3,0,0,1,-2
1564164077520917,-1,-4,-4,2,-5,-3,0,-1
1564164077527880,1,1,-3,0,-1,1,2,-1
1564164077527880,3,3,7,1,-5,-3,0,0
1564164077544343,2,0,-2,-5,2,-1,-2,1
1564164077544343,-3,2,5,4,4,2,-1,-2
1564164077545839,-12,-3,-6,-17,-4,-2,-3,-4
1564164077545839,1,1,8,15,0,0,0,-2
1564164077565829,-4,-5,1,4,1,0,1,0
1564164077565829,-9,-3,0,3,0,0,-1,0
1564164077574289,-1,-5,-6,-3,-5,-3,-4,-1
1564164077574289,-1,-3,-16,-15,-4,0,1,-1
1564164077581824,2,1,18,4,-2,-3,-3,0
1564164077581824,1,-1,2,5,2,-1,0,0
1564164077583271,4,3,-2,1,2,0,-2,0
1564164077583271,-5,-3,3,-1,-3,-3,0,0
1564164077604257,0,0,-13,-3,1,1,-2,1
1564164077604257,16,6,7,-5,-4,-3,-1,2
1564164077605723,-7,-5,2,0,-3,-1,-2,-4
1564164077605723,3,-5,-20,-6,-2,-1,-3,-1
1564164077626722,-4,-3,-10,-5,-2,0,-1,-1
1564164077626722,3,1,6,2,0,-1,-2,0
1564164077628188,2,0,-2,0,2,1,0,0
1564164077628188,-1,8,14,3,4,1,0,-1
1564164077641656,0,-9,-18,-7,-6,-4,-3,-2
1564164077641656,-3,-3,-6,-7,-4,-1,1,0
1564164077643153,5,3,-2,4,0,-1,-2,0
1564164077643153,-5,-3,2,-6,-1,0,0,-3
1564164077664151,1,-3,-6,3,1,-1,-1,0
1564164077664151,-4,1,10,8,3,0,0,-3
1564164077665612,-2,1,0,-9,-6,-2,1,1
1564164077665612,2,0,2,1,-3,-1,-4,-3
1564164077686580,-2,-7,-12,-7,3,0,-1,-1
1564164077686580,3,1,-4,-10,-3,-1,-1,-1
1564164077688071,1,1,4,14,0,-2,1,1
1564164077688071,8,2,-3,2,4,3,0,4
1564164077701077,-19,1,9,-7,-7,-3,-1,-7
1564164077701077,-5,-4,-1,9,8,1,-1,-2
1564164077708037,4,-1,-4,-11,-4,-1,-2,1
1564164077708037,-19,-2,3,6,3,2,3,-3
1564164077724510,2,2,2,4,0,0,-1,-1
1564164077724510,-2,-1,7,-1,-2,-2,0,-1
1564164077725501,-2,3,-6,-3,-2,-2,-1,-2
1564164077725501,6,-3,3,2,-2,-3,-2,0
1564164077746498,4,-1,-3,-9,-4,-2,-1,0
1564164077746498,-7,-3,4,9,4,1,-1,-3
1564164077748464,3,-3,-7,-4,-3,-3,-1,0
1564164077748464,-2,-2,3,4,2,-2,0,0
1564164077761434,4,4,6,1,-3,0,0,0
1564164077761434,1,1,-6,-7,-5,0,-2,0
1564164077767964,-1,-8,-6,4,3,1,-1,0
1564164077767964,-2,1,-5,-9,-5,-3,-3,-3
1564164077784478,1,3,9,7,4,1,0,-1
1564164077784478,-3,-4,-6,-1,-3,-2,-1,-2
1564164077785989,0,-2,4,-4,0,-1,-2,-1
1564164077785989,-2,-3,-7,-8,-6,-3,-3,-2
1564164077806923,6,0,-8,3,3,-1,0,2
1564164077806923,-2,3,4,1,-2,1,-1,-2
1564164077808420,1,1,0,-1,-1,0,1,1
1564164077808420,0,-7,1,-9,0,0,-1,-1
1564164077821399,0,2,-2,5,-1,-1,-2,1
1564164077821399,-1,-2,-1,-2,-3,-3,-3,-2
1564164077827925,-1,-4,-18,-5,0,-2,-2,0
1564164077827925,0,-1,0,1,-1,0,0,-2
1564164077843859,1,0,0,-4,-2,-1,-1,0
1564164077843859,0,0,1,1,1,-1,-1,0
1564164077850349,2,0,3,7,6,2,-1,-3
1564164077850349,0,1,-2,-2,-4,0,-1,1
1564164077866848,0,-2,4,-3,-6,-4,-2,-2
1564164077866848,-1,3,-6,-1,2,0,1,1
1564164077868310,-3,-5,8,0,-2,0,-1,-3
1564164077868310,3,1,3,7,5,1,1,0
1564164077881284,-6,-2,7,1,-3,0,1,0
1564164077881284,4,-2,-3,-7,-1,-2,-2,1
1564164077888274,-2,-5,-5,-14,-5,-2,1,1
1564164077888274,0,8,-17,12,2,0,-1,0
1564164077904305,0,-7,11,3,0,-1,-2,-2
1564164077904305,-7,5,-1,-2,-2,-3,-1,-3
1564164077905741,-3,1,11,-3,-2,1,-1,-1
1564164077905741,-3,-5,-13,-6,0,-1,0,-1
1564164077926740,0,-5,-3,-1,-3,-2,0,0
1564164077926740,0,-5,-5,0,0,-2,-2,1
1564164077928199,-1,1,-1,-2,-2,-1,0,-1
1564164077928199,-2,1,7,-1,-1,0,-3,-1
1564164077940175,0,4,-2,-1,3,0,-1,-4
1564164077940175,2,-5,1,-3,-3,0,0,1
1564164077949168,-1,6,5,1,-3,-2,-1,-2
1564164077949168,2,-2,-5,-1,0,-1,0,0
1564164077963632,-1,-3,-3,1,3,0,1,-1
1564164077963632,0,1,7,4,3,1,0,-1
1564164077964166,-1,-3,-15,-7,-6,-4,-1,-1
1564164077964166,-2,-1,14,3,0,-1,0,1
1564164077986151,0,-2,-6,-2,-3,0,-3,0
1564164077986151,5,9,25,3,-2,0,-1,0
1564164077986592,-1,-2,-18,0,4,1,0,-1
1564164077986592,-1,-6,4,-2,-3,-4,-1,-1
1564164078000563,-4,-4,-18,-11,-3,-1,0,-1
1564164078000563,0,0,10,7,-1,-3,0,-1
1564164078008550,-2,1,0,-2,1,0,-1,-2
1564164078008550,-3,-10,-9,-2,-1,0,-1,-3
1564164078023564,2,0,-6,-4,-1,-1,-2,1
1564164078023564,-2,-1,-6,-6,-3,-2,-2,-1
1564164078024519,0,-2,-6,-1,-2,-1,-3,0
1564164078024519,-2,3,7,-2,-3,-2,-1,2
1564164078045979,-1,-2,2,5,1,1,1,-5
1564164078045979,-2,-6,-6,-2,-1,-1,0,-1
1564164078053499,-2,-3,0,3,0,0,-2,-2
1564164078053499,0,3,3,1,-5,-2,-1,0
1564164078060485,-1,-1,-3,-3,1,-1,0,0
1564164078060485,-1,0,-9,-2,0,-1,-2,2
1564164078068440,0,0,-6,-6,-4,-3,-2,-1
1564164078068440,3,0,3,2,5,3,1,0
1564164078083433,0,5,11,2,0,0,-1,1
1564164078083433,-5,-7,-10,8,2,1,-1,-4
1564164078084408,-2,0,0,-6,0,-2,0,-1
1564164078084408,0,-7,-14,-3,-3,-2,-5,-2
1564164078105877,7,8,18,-1,2,2,-1,2
1564164078105877,-3,0,8,3,-4,-2,1,-1
1564164078106870,0,-11,-12,0,-3,-3,-1,-1
1564164078106870,4,-7,-11,-10,-7,-2,1,-1
1564164078129322,-7,10,0,0,0,-2,0,-2
1564164078129322,0,-2,-4,-4,-1,-2,0,-1
1564164078129823,0,0,9,6,1,-1,1,-1
1564164078129823,2,1,7,3,2,2,1,0
1564164078143297,-1,-8,-10,-5,-3,-2,-2,-1
1564164078143297,1,2,-6,-3,-3,-1,-1,-1
1564164078144296,-4,1,8,2,1,0,1,-1
1564164078144296,-2,2,2,-2,-4,-1,0,-1
1564164078165756,-3,0,-1,0,-2,-3,0,0
1564164078165756,0,-1,-3,-5,-3,-1,-1,-2
1564164078166753,2,-1,5,4,2,2,-3,-1
1564164078166753,-1,1,-3,6,7,2,-1,-1
1564164078180251,2,2,1,-3,-1,-1,-1,0
1564164078180251,-5,-8,-19,-7,-2,-2,-2,-3
1564164078188712,0,-2,5,0,-3,-2,-2,-1
1564164078188712,1,8,11,-7,-4,-3,-1,1
1564164078203688,-2,-7,-2,3,-5,-3,-2,-3
1564164078203688,-1,-7,-16,0,3,3,1,-1
1564164078204188,2,7,6,1,0,2,-1,0
1564164078204188,-5,4,5,0,-2,0,0,-2
1564164078226143,0,-7,-7,-2,2,2,-1,-2
1564164078226143,1,5,22,2,0,-1,-1,0
1564164078226646,-2,1,-2,3,1,0,0,-2
1564164078226646,-4,-6,-8,-4,-3,0,-1,-1
1564164078240117,-1,-4,-8,-3,-3,-3,0,-1
1564164078240117,-1,3,-3,-3,-3,-2,-2,0
1564164078248644,4,-8,-8,-8,-4,-2,0,1
1564164078248644,0,-6,4,2,1,-1,-2,0
1564164078263573,4,15,-1,-1,-2,-1,-1,1
1564164078263573,1,1,4,0,1,0,0,1
1564164078264073,1,2,-7,-1,-4,-1,-1,2
1564164078264073,-2,-1,-2,1,2,1,-2,-2
1564164078286032,-5,-4,6,-2,1,0,-2,-3
1564164078286032,3,-1,-2,0,-2,-3,-1,1
1564164078286531,-2,-1,1,-2,-1,-3,-2,-3
1564164078286531,0,1,-7,0,-3,-3,1,1
1564164078300505,-2,1,1,-5,0,1,-1,0
1564164078300505,-1,-1,6,2,0,-1,-3,-4
1564164078308490,-7,-7,-6,2,0,0,-2,-5
1564164078308490,0,1,3,1,0,-1,-1,-2
1564164078331449,2,0,-4,1,1,1,0,-1
1564164078331449,-2,1,-1,-1,1,2,2,1
1564164078332446,0,4,15,4,1,0,0,1
1564164078332446,2,-2,-18,-10,-9,-5,-3,-2
1564164078345921,0,0,2,4,0,0,-2,0
1564164078345921,-2,0,-2,-3,2,1,0,-1
1564164078346919,-4,-4,-3,3,1,0,0,-2
1564164078346919,-1,-2,-4,-7,-3,-4,-2,-1
1564164078360441,-2,-3,-4,-1,-2,-2,-1,-1
1564164078360441,0,-2,-8,2,-1,0,-1,-1
1564164078368420,4,0,6,2,3,2,1,0
1564164078368420,1,4,-3,-5,-3,-1,-2,-1
1564164078383355,-1,-11,0,3,-1,-1,0,-1
1564164078383355,-1,5,-7,-7,-2,-1,-3,0
1564164078384372,-1,-1,-9,-2,-3,-1,-1,0
1564164078384372,0,-1,3,0,3,1,1,-1
1564164078406308,-1,2,-1,-1,1,0,1,1
1564164078406308,-10,-6,0,-4,-5,-2,-1,-3
1564164078407312,1,0,9,-1,-2,-1,0,1
1564164078407312,-2,-1,-2,3,-1,0,-2,-1
1564164078420344,0,-6,-18,-4,0,-2,0,-1
1564164078420344,3,3,25,-2,-6,-3,0,0
1564164078428769,-1,-1,-5,4,6,2,0,-1
1564164078428769,-1,0,-2,-1,0,1,2,0
1564164078443741,-9,-3,2,-1,-2,1,-1,-4
1564164078443741,2,1,-2,-1,4,-1,-1,-1
1564164078444242,-2,-2,-2,2,-5,-3,-1,-2
1564164078444242,-2,-1,-7,-2,2,0,1,-2
1564164078466200,3,3,-3,1,-1,-1,-2,0
1564164078466200,-2,-6,-1,-2,-2,0,1,-1
1564164078466696,1,1,6,-8,-6,-5,-3,0
1564164078466696,2,1,2,-4,-3,-2,-2,2
1564164078489194,1,-3,-6,-2,-1,0,0,0
1564164078489194,-2,-5,-2,5,5,2,-1,-2
1564164078490153,0,7,6,-3,1,0,0,-1
1564164078490153,-1,0,-1,1,2,0,-1,-2
1564164078503627,1,0,0,-6,-5,-3,-2,-2
1564164078503627,0,2,6,3,0,0,0,1
1564164078504127,4,-1,0,-1,-2,0,-1,1
1564164078504127,-5,-7,0,1,0,0,0,0
1564164078526086,-1,5,3,5,4,1,-1,-3
1564164078526086,4,0,-12,-6,-2,-2,-1,0
1564164078526585,1,3,2,-5,-5,-3,-1,-1
1564164078526585,-9,-9,-6,1,1,-1,-3,-3
1564164078549084,0,-4,-2,-2,2,2,1,3
1564164078549084,8,2,-3,-3,-5,-4,-3,1
1564164078550065,-2,1,5,1,-3,-3,1,0
1564164078550065,3,-2,-2,3,7,1,0,-1
1564164078563561,0,3,-2,3,0,-1,-2,-2
1564164078563561,-8,-5,4,-5,-2,-2,-2,-1
1564164078564022,-1,-2,-11,-4,-2,-1,-1,-2
1564164078564022,0,1,5,2,-3,-3,0,-1
1564164078585998,3,-3,-1,-2,-3,0,0,1
1564164078585998,4,1,-4,-5,-3,1,-2,2
1564164078586973,0,-4,-9,1,-2,-3,-1,-2
1564164078586973,0,5,12,3,0,0,0,-2
1564164078609471,-3,-3,-3,1,4,1,0,0
1564164078609471,-1,-2,-10,0,-1,1,-1,1
1564164078610434,-2,4,8,-1,-1,-1,-1,1
1564164078610434,4,-2,-8,-3,-4,-2,-2,0
1564164078623445,4,2,4,0,-7,-6,-3,-2
1564164078623445,-5,-7,-5,6,4,2,2,-3
1564164078624427,-1,-1,-1,3,5,2,0,-1
1564164078624427,-1,2,5,0,-2,-1,-2,-1
1564164078645903,-2,-3,1,-3,-3,-1,-2,1
1564164078645903,8,-4,-15,-9,-9,-4,-3,1
1564164078646862,-4,-8,-6,2,3,0,-1,-2
1564164078646862,5,2,11,3,1,-1,-2,1
1564164078669319,-7,-1,-11,-7,-3,-1,1,-2
1564164078669319,-2,3,2,3,1,0,0,-2
1564164078669819,-1,2,5,1,2,2,0,3
1564164078669819,-1,-7,-10,-5,-2,-2,-2,0
1564164078683837,4,0,-4,-5,-6,-4,-2,0
1564164078683837,0,1,1,-1,0,0,1,-1
1564164078684796,-3,-1,-2,0,1,2,-1,-2
1564164078684796,-2,-4,-9,-1,-1,-1,1,0
1564164078705752,0,3,14,5,1,-1,-2,-1
1564164078705752,-3,-1,-1,0,-3,0,-3,-2
1564164078706751,-3,-7,0,-4,-2,-1,-1,-2
1564164078706751,2,5,-6,-7,-3,-3,-1,-1
1564164078729248,-4,-1,1,-1,1,-1,0,0
1564164078729248,-2,-4,0,1,0,-1,1,-1
1564164078729712,4,3,-8,-4,-1,2,2,2
1564164078729712,-4,-1,9,1,-3,1,-1,2
1564164078743681,0,-3,7,9,5,1,1,-2
1564164078743681,3,3,-4,-3,-1,-3,-1,1
1564164078744181,2,2,3,5,0,-3,-2,-4
1564164078744181,-3,0,-9,-9,-2,-1,-2,1
1564164078766176,-1,1,3,6,-3,-3,-3,-1
1564164078766176,-4,-1,3,2,3,1,-1,-2
1564164078766640,-4,-13,-12,-4,-8,-3,-3,0
1564164078766640,2,8,-2,-1,3,1,1,0
1564164078789099,2,7,3,-2,-6,-3,-3,-2
1564164078789099,-3,-7,-12,-4,-3,-1,-1,-1
1564164078790095,-3,0,5,-5,-3,-2,-1,-2
1564164078790095,-2,-4,-6,0,0,1,2,-2
1564164078811595,0,-10,-3,-4,-4,-1,0,-2
1564164078811595,1,3,-4,-5,-2,0,0,0
1564164078812558,2,4,3,1,1,-1,0,1
1564164078812558,-7,-13,-14,-5,-2,0,-2,-3
1564164078826029,0,1,-8,-7,-4,-1,0,-1
1564164078826029,-2,2,16,4,0,-2,-1,-2
1564164078826528,0,2,6,4,1,0,0,0
1564164078826528,3,-1,-9,-1,-2,-2,-1,-1
1564164078849026,-3,-4,-7,-8,-4,-3,0,2
1564164078849026,-2,-1,4,4,4,2,0,-1
1564164078849987,5,10,-2,-4,-1,-2,-1,1
1564164078849987,-12,-5,11,8,3,0,-2,-2
1564164078863500,-3,0,-1,0,4,3,1,1
1564164078863500,-1,-1,-2,-2,-3,-1,0,2
1564164078864456,-1,-6,-6,2,2,-1,-2,-4
1564164078864456,4,4,1,5,2,1,1,-1
1564164078886456,1,-10,-3,-2,3,1,-1,-1
1564164078886456,0,9,2,0,-6,-2,0,-2
1564164078887414,-4,-6,-10,-5,-5,-2,0,1
1564164078887414,0,5,9,2,0,-2,-2,-1
1564164078909373,-3,-1,1,-3,3,1,-2,-1
1564164078909373,0,-3,-4,-9,-6,-2,-2,-1
1564164078909874,-1,0,-12,3,-3,-1,-1,-1
1564164078909874,-2,-1,7,2,0,-2,0,-1
1564164078923389,-1,-1,6,3,-2,-2,0,1
1564164078923389,2,-3,-11,-11,-2,0,-1,0
1564164078924349,-1,0,3,-1,-2,1,-1,-1
1564164078924349,1,5,5,2,1,2,0,1
1564164078945830,2,3,0,-1,0,0,2,0
1564164078945830,-2,-7,-10,2,-3,-3,-1,-1
1564164078946805,3,-4,-5,-7,-1,-3,-2,-1
1564164078946805,-9,-1,2,1,2,0,0,-4
1564164078969295,-3,-1,-8,-9,-6,-1,-1,-3
1564164078969295,2,3,7,8,7,1,-2,0
1564164078969794,0,-5,-11,-3,-2,-1,1,0
1564164078969794,2,-5,-2,-1,-2,-2,-1,1
1564164078983737,1,5,9,0,-5,-3,1,-1
1564164078983737,-4,-8,-5,-5,-4,-2,-2,-3
1564164078984236,-4,4,4,10,7,4,1,-1
1564164078984236,-7,-6,8,-4,-5,-3,-2,-1
1564164079014218,3,9,-3,-3,-1,1,-2,2
1564164079014218,-4,-5,2,5,4,2,-2,-4
1564164079015178,-4,-6,-6,-10,-7,-4,-3,-3
1564164079015178,4,1,-2,-3,-6,-2,-1,0
1564164079029191,-3,-6,-8,4,2,-1,-2,-1
1564164079029191,0,0,-1,-1,-1,2,3,2
1564164079030150,-2,1,11,-3,0,-1,-2,-4
1564164079030150,1,0,6,0,-4,-1,-1,-1
1564164079043130,-1,0,7,-3,-2,-3,-3,-1
1564164079043130,2,2,-18,0,1,0,1,1
1564164079051146,-4,-5,2,1,2,0,-2,-3
1564164079051146,2,2,-4,-6,-3,-2,0,0
1564164079066121,0,0,2,5,3,2,1,0
1564164079066121,-3,2,12,-2,-2,-3,-4,-2
1564164079066616,3,2,0,2,-1,0,1,2
1564164079066616,2,-2,-9,-5,-3,-2,-2,-1
1564164079089040,3,6,3,1,-1,0,0,0
1564164079089040,-3,-3,-4,-1,0,1,0,1
1564164079090039,-8,4,6,1,3,1,-1,-3
1564164079090039,1,3,0,-4,-3,-1,-2,-1
1564164079103014,-4,-7,-1,2,0,-1,0,-1
1564164079103014,2,3,12,9,2,-1,0,-1
1564164079111007,2,-6,-12,-8,-4,-4,-1,0
1564164079111007,-7,3,4,0,-2,0,-1,1
1564164079126971,-5,-7,-14,-7,-3,-2,-2,-4
1564164079126971,-2,2,6,2,1,-1,0,-2
1564164079127471,0,-1,2,3,1,0,2,-1
1564164079127471,-1,-2,1,3,0,-1,0,-1
1564164079149430,4,6,-1,-4,-2,-2,0,2
1564164079149430,0,-3,-9,-6,-4,-2,-1,1
1564164079149930,-1,0,1,-1,-1,0,-2,1
1564164079149930,3,-6,-7,-1,3,2,-1,0
1564164079163446,-3,-2,2,1,-1,-1,-2,-1
1564164079163446,0,0,1,0,-2,-2,0,0
1564164079170889,-2,-4,-10,-7,-4,-2,0,1
1564164079170889,3,4,2,2,-1,-2,1,1
1564164079186863,3,-6,-16,-2,2,2,0,-1
1564164079186863,-2,-1,-2,-2,0,-2,0,-5
1564164079187392,0,2,5,-2,-2,0,-1,-1
1564164079187392,-3,-1,-3,2,-3,-3,-2,0
1564164079209316,1,2,-1,0,1,0,-1,0
1564164079209316,-1,-7,-3,-1,-2,0,-1,-1
1564164079209825,-2,1,-3,-1,0,1,0,-2
1564164079209825,3,2,8,3,0,-1,-1,-1
1564164079222824,-3,0,8,3,1,-2,0,1
1564164079222824,-2,-6,-15,-6,-1,-2,0,-3
1564164079238762,2,3,1,-1,-1,-1,-1,2
1564164079238762,-1,-2,-14,-7,-2,-1,-1,-2
1564164079246748,-2,2,11,0,-4,0,0,-1
1564164079246748,2,-5,-6,3,2,1,-2,-1
1564164079247255,-10,5,13,-1,0,0,0,-4
1564164079247255,-3,-5,-8,-6,1,1,-3,-1
1564164079269238,-2,-1,-8,-3,-2,-2,-2,-2
1564164079269238,3,5,11,1,-2,-1,0,2
1564164079270205,-2,-15,-2,3,-1,-2,-2,-4
1564164079270205,3,12,2,1,3,3,0,0
1564164079291668,-4,-6,-7,1,0,0,0,-2
1564164079291668,-2,3,20,4,4,1,2,1
1564164079292662,11,-2,-15,-1,-3,-3,-1,3
1564164079292662,-10,-3,8,-5,-3,-2,-2,-3
1564164079306637,-1,-2,-2,1,-1,1,-1,-2
1564164079306637,-5,-15,-10,-5,-5,-1,-2,-3
1564164079307634,1,15,10,3,2,2,-1,1
1564164079307634,0,-7,-17,-2,-3,-2,-2,-1
1564164079329096,-2,-2,-4,-9,-6,-3,-2,0
1564164079329096,-1,4,6,6,2,0,-1,1
1564164079330093,-4,-3,2,2,0,-1,0,-2
1564164079330093,2,-1,-4,-3,-2,-1,1,-1
1564164079343069,-1,0,8,2,1,0,0,0
1564164079343069,0,2,-2,-3,-1,-1,-2,-3
1564164079351054,0,-4,-5,-2,-5,-5,0,0
1564164079351054,0,-1,4,2,5,2,1,-2
1564164079366564,-1,-1,-3,-2,-4,-2,0,-1
1564164079366564,3,3,8,2,2,1,1,0
1564164079367524,-3,4,-8,-2,-1,-1,0,0
1564164079367524,-3,-4,4,1,0,0,0,-1
1564164079389482,-13,-15,-4,-1,0,0,-2,-3
1564164079389482,0,7,-2,-1,-1,-1,0,1
1564164079390980,1,1,-9,-5,-2,2,0,0
1564164079390980,2,2,6,2,1,-1,-2,-1
1564164079411442,4,0,-1,0,-1,0,-1,0
1564164079411442,6,2,-7,-5,-7,-5,-1,-1
1564164079413437,-2,-5,-3,-4,-2,-1,-1,-2
1564164079413437,1,-5,-4,2,2,3,1,0
1564164079425916,2,12,8,0,-1,-2,0,-1
1564164079425916,-5,-7,-9,-4,-3,-3,-2,0
1564164079440388,2,2,2,-2,-4,-4,-1,1
1564164079440388,3,-2,-1,3,-1,-1,-1,1
1564164079449371,1,-3,3,0,3,3,0,-1
1564164079449371,-2,7,-3,-3,-4,0,-2,-1
1564164079450872,-4,-4,1,0,-2,-1,-2,-3
1564164079450872,-1,5,3,-3,-4,-1,0,-1
1564164079471829,0,-2,0,1,-1,-1,-1,-1
1564164079471829,0,-5,-8,-2,2,0,-1,-1
1564164079473328,-4,-1,14,5,2,2,1,-2
1564164079473328,0,-5,-14,0,2,-1,0,1
1564164079486312,0,2,-7,-4,-3,-3,-2,0
1564164079486312,-2,-1,16,6,-2,-1,0,-1
1564164079492822,3,-3,-7,-4,1,1,-1,0
1564164079492822,-3,-1,0,-3,-2,0,-1,-2
1564164079516778,-3,-5,-3,-2,-3,-2,2,-2
1564164079516778,1,4,1,0,1,1,0,0
1564164079518246,-4,0,0,3,2,0,0,1
1564164079518246,-1,-2,2,-2,-7,-4,-4,-1
1564164079531721,-6,-2,2,6,9,5,1,1
1564164079531721,-1,-5,-4,0,-2,-2,-1,1
1564164079533218,0,-1,-5,-4,-2,0,0,0
1564164079533218,-5,-4,1,2,-1,-1,-1,-2
1564164079546190,5,3,-4,-4,-3,-4,-2,-1
1564164079546190,-7,5,2,-4,-4,-2,-3,-2
1564164079552678,-3,-1,1,4,2,0,-2,-2
1564164079552678,2,4,5,-4,-5,-3,0,0
1564164079570147,-2,-1,1,3,0,1,0,0
1564164079570147,2,-6,-12,-2,2,2,1,-2
1564164079571645,3,0,8,-2,-5,-3,-1,1
1564164079571645,-6,-4,-1,3,0,-1,-2,-2
1564164079591627,2,-1,-1,-2,-1,-1,-2,-1
1564164079591627,-1,2,-8,-12,-5,1,-1,0
1564164079593104,-1,-8,-18,-6,-4,1,-1,-2
1564164079593104,4,4,3,6,6,3,2,1
1564164079606101,-3,-5,-3,0,-4,-4,-4,-2
1564164079606101,-2,-4,10,5,5,3,-1,0
1564164079612566,3,10,6,0,-1,-1,-1,0
1564164079612566,0,0,-13,-10,-6,-4,-1,0
1564164079629039,2,-2,4,1,-5,-2,-2,-1
1564164079629039,-4,-1,-5,1,-2,-1,-1,-2
1564164079630533,-1,-5,-5,-4,1,-2,2,-2
1564164079630533,1,2,-3,-1,-4,-3,-1,0
1564164079651494,-9,0,3,4,4,3,2,-1
1564164079651494,4,-1,3,1,-1,-1,-1,1
1564164079652994,1,8,4,6,4,2,-1,0
1564164079652994,0,-4,3,-1,-3,0,-3,-1
1564164079666009,3,-4,-23,-10,-4,-4,-1,-1
1564164079666009,-1,-2,-7,0,-1,0,-1,0
1564164079672954,-3,-4,5,4,2,-2,-2,-1
1564164079672954,-3,-3,-4,-4,2,1,1,-1
1564164079688932,4,7,3,3,1,0,0,0
1564164079688932,3,0,4,0,-3,-2,-1,-2
1564164079690921,-2,-6,-15,-4,-1,0,-1,-1
1564164079690921,1,4,15,4,0,0,-1,-1
1564164079719368,-2,-6,-8,-4,-3,-2,-1,-3
1564164079719368,6,2,4,5,3,-1,1,3
1564164079720865,-1,-3,0,-3,-5,-2,-2,0
1564164079720865,0,2,-6,-7,-1,-1,0,2
1564164079725856,-2,-2,-3,1,0,2,1,0
1564164079725856,-2,2,4,-1,0,-1,-2,-2
1564164079732843,0,-7,-5,1,1,-1,-1,0
1564164079732843,-4,-15,-9,-2,-1,-1,0,-1
1564164079749312,4,12,5,-5,-5,-2,-2,0
1564164079749312,-5,-3,0,-5,-5,-4,-1,-2
1564164079750810,9,6,9,1,0,-1,0,-1
1564164079750810,-4,-10,-12,0,-1,-2,-3,-2
1564164079771771,7,8,5,2,2,2,1,3
1564164079771771,-4,-3,6,2,1,-1,-2,0
1564164079773269,0,3,-6,-3,-2,0,-1,-1
1564164079773269,1,-1,-15,1,-2,-3,-2,-1
1564164079794234,-3,-8,8,2,0,-1,1,-2
1564164079794234,1,2,-11,-3,0,0,0,0
1564164079795727,1,-3,3,0,-3,-2,1,2
1564164079795727,-3,6,1,-1,3,2,0,1
1564164079809245,-6,-5,6,0,-3,-2,-2,-2
1564164079809245,2,2,-3,-5,0,0,2,1
1564164079810699,-2,-1,-1,-2,-2,-1,0,-1
1564164079810699,0,5,5,-4,-5,-2,-1,-3
1564164079831701,0,1,4,1,-3,-1,-1,1
1564164079831701,-7,-9,-6,2,1,-1,-3,-4
1564164079833156,-2,-4,0,1,4,1,0,-2
1564164079833156,2,2,-1,4,2,2,-1,2
1564164079846632,-1,-3,-2,-1,0,-2,-1,1
1564164079846632,-1,0,-5,-4,-4,-3,0,-1
1564164079852633,-8,4,5,0,2,0,0,-3
1564164079852633,11,9,-5,0,3,0,-2,-1
1564164079869155,-8,-8,0,-6,-3,-1,-1,-2
1564164079869155,-3,3,-6,-2,-2,-2,-2,-2
1564164079870588,-4,-8,-12,2,0,0,-1,-1
1564164079870588,1,3,20,4,-3,-4,0,0
1564164079891609,-1,2,-5,-3,1,1,0,-1
1564164079891609,1,-2,7,0,-1,1,-2,2
1564164079893548,1,-2,-15,-7,-4,-2,0,3
1564164079893548,-7,-3,-3,-2,-1,-1,0,-3
1564164079905524,1,-6,-9,1,0,-2,-1,0
1564164079905524,-2,-1,1,1,-1,-1,0,-1
1564164079914507,-3,2,8,-1,-1,0,-2,-3
1564164079914507,-5,-6,-3,0,4,2,2,-1
1564164079929479,1,-4,-13,-7,-5,-3,-2,-1
1564164079929479,0,-4,0,1,2,-1,-1,0
1564164079930976,0,7,13,6,2,1,-1,-2
1564164079930976,-2,-2,-5,1,-5,0,-1,-2
1564164079951439,0,5,1,-4,-1,-2,-2,0
1564164079951439,0,-4,0,-6,-5,-1,-1,0
1564164079953434,0,-1,0,1,-4,-2,0,1
1564164079953434,-1,3,2,-2,0,0,0,-1
1564164079965412,-4,-6,-7,-1,-1,-2,-2,-2
1564164079965412,1,4,-1,-1,0,0,0,0
1564164079974396,1,1,4,4,2,0,0,-1
1564164079974396,-12,1,14,4,-2,2,0,-1
1564164079996853,-1,-1,-10,-5,-2,-1,0,-2
1564164079996853,-2,-4,2,1,-2,-2,0,-1
1564164079998352,-3,-3,2,-1,-2,-2,-3,-1
1564164079998352,3,1,1,-2,-3,-2,-1,1
1564164080011826,-1,-1,-8,0,2,2,-1,-3
1564164080011826,-3,-2,3,5,2,1,0,-2
1564164080013324,11,3,3,-1,-4,-2,0,1
1564164080013324,-2,-1,-6,-2,0,1,-1,-1
1564164080025308,5,5,10,2,-1,0,0,2
1564164080025308,-3,-3,-19,-2,-3,-2,-2,-4
1564164080034317,-5,-6,-5,0,0,0,-1,-2
1564164080034317,2,1,-1,-6,-5,-4,0,-1
1564164080049289,-1,2,8,8,5,1,1,2
1564164080049289,2,-1,2,0,-3,-1,-1,1
1564164080050755,-1,5,-4,-5,3,0,1,0
1564164080050755,-9,-11,-15,-6,-2,-3,-1,-3
1564164080072244,-2,2,6,-1,-4,-2,-1,-1
1564164080072244,-1,2,4,2,4,2,0,-2
1564164080073712,-3,-6,-6,-1,-4,-2,-3,-3
1564164080073712,2,-9,-5,0,0,1,-1,0
1564164080085228,2,14,5,-2,-4,0,-1,-1
1564164080085228,4,2,-3,-3,-4,1,0,3
1564164080094176,-9,-5,4,-1,-4,0,-2,-1
1564164080094176,1,-6,-1,-2,0,-1,-2,-2
1564164080109151,1,0,0,2,-4,0,0,-1
1564164080109151,-3,-4,2,-2,0,-1,-1,-3
1564164080110644,-1,-2,-9,-5,-2,-2,1,-3
1564164080110644,-1,3,1,-3,-3,-1,-1,1
1564164080131604,-3,-7,-8,-1,3,-1,-3,-3
1564164080131604,-2,-3,-4,-1,-1,0,-1,-2
1564164080133102,1,-7,-10,-2,-2,-2,-3,-1
1564164080133102,0,7,18,1,-1,-2,-2,-1
1564164080145577,-2,2,1,-1,-1,1,-1,-1
1564164080145577,-9,-4,0,1,2,0,-1,0
1564164080154061,0,-1,4,3,-4,-1,-2,-2
1564164080154061,3,5,-2,1,4,2,1,0
1564164080169037,-1,-6,1,0,1,0,1,-1
1564164080169037,2,2,-1,-3,-1,-1,-2,2
1564164080171030,-5,0,-1,-1,0,0,2,0
1564164080171030,-1,-7,-7,0,-1,-2,0,-2
1564164080192521,-3,-14,-6,-5,-5,-3,-2,0
1564164080192521,4,18,12,3,0,1,1,0
1564164080194005,5,3,1,-2,0,-2,1,2
1564164080194005,-6,-4,1,1,-1,0,-1,-4
1564164080205464,-2,3,7,1,-3,-1,-1,-1
1564164080205464,-1,-11,-11,-9,-4,-3,-2,-1
1564164080214448,-1,5,11,5,4,2,-2,-2
1564164080214448,3,3,-10,-8,-6,-3,0,-1
1564164080228987,-4,-8,-6,1,5,0,-1,-2
1564164080228987,-1,2,7,3,1,-2,0,-1
1564164080230484,3,-2,0,-3,-2,-1,-1,2
1564164080230484,3,4,-3,-3,2,0,-1,0
1564164080251946,-1,3,1,-2,-5,-2,-1,-1
1564164080251946,1,-4,-1,0,-2,0,1,-2
1564164080253444,-3,-3,-5,-3,1,0,1,-3
1564164080253444,1,1,1,6,1,1,-2,0
1564164080274406,-1,1,-1,-1,1,-2,-1,-2
1564164080274406,-1,3,-3,-2,-3,0,-1,1
1564164080275902,-2,-6,-1,-2,-1,0,0,0
1564164080275902,-1,0,-5,-2,-2,-2,-1,0
1564164080289378,1,-3,-5,-4,1,0,1,-1
1564164080289378,-1,-5,4,5,1,0,-2,-2
1564164080290876,0,-2,-9,-4,-1,0,0,-2
1564164080290876,1,-3,8,2,-1,-1,-3,1
1564164080311843,-18,8,12,2,2,1,-1,-4
1564164080311843,1,0,-4,0,0,-1,-1,0
1564164080313333,-5,-5,-1,-3,-3,-1,-1,-1
1564164080313333,-1,0,-4,1,4,1,1,1
1564164080325348,7,0,-2,2,-1,0,2,3
1564164080325348,-5,-3,3,3,1,1,-2,-3
1564164080334292,-2,1,-4,-4,-6,-3,-1,-1
1564164080334292,2,-1,5,6,0,0,-1,-2
1564164080349272,3,0,6,-3,-5,-3,-2,0
1564164080349272,0,-5,-25,-6,1,1,1,-1
1564164080355258,4,0,-2,-1,-1,-2,-2,-1
1564164080355258,-1,4,0,-7,-4,-2,1,0
1564164080371723,0,0,3,1,2,-2,1,0
1564164080371723,0,-7,-5,-2,0,0,-1,-2
1564164080373222,-1,-1,8,4,-3,-3,-2,-1
1564164080373222,1,3,-12,-4,2,-1,0,-1
1564164080401679,1,1,3,3,-1,0,-1,0
1564164080401679,-2,-1,-4,-4,-1,-1,0,0
1564164080403164,0,1,10,4,2,2,-1,-1
1564164080403164,-1,-3,2,0,-4,-2,-1,-1
1564164080409190,5,3,-7,-1,0,-1,-2,0
1564164080409190,-1,-3,-2,-4,-2,-2,-2,-2
1564164080410651,9,3,5,-1,-3,-1,0,2
1564164080410651,-8,-8,1,-2,-3,-2,0,-3
1564164080431614,0,3,-11,-1,0,0,0,0
1564164080431614,1,7,21,4,-1,-1,0,1
1564164080433110,1,-5,-18,-5,1,1,0,0
1564164080433110,0,-4,6,2,1,0,-2,0
1564164080454070,1,-2,-8,-9,-6,-2,-2,-1
1564164080454070,-1,0,-4,2,2,1,1,-1
1564164080455567,-4,-2,1,2,-2,-1,0,-2
1564164080455567,1,0,-6,-3,-2,-3,-1,1
1564164080469078,-3,-5,-1,1,0,0,-3,-2
1564164080469078,4,6,11,0,-5,-4,-1,2
1564164080470538,-3,-9,-10,1,4,1,0,-3
1564164080470538,0,6,7,-2,-2,0,-1,-2
1564164080491505,-3,-5,-16,-4,1,-1,-2,-3
1564164080491505,-3,-2,1,-1,-2,-3,0,-1
1564164080493495,-1,-3,5,1,-1,-2,0,0
1564164080493495,-1,4,-1,5,6,3,2,0
1564164080514464,0,-6,2,-3,0,0,0,1
1564164080514464,2,2,-1,-1,-2,-1,-1,0
1564164080515955,-4,-6,-14,-7,-6,-1,-1,-2
1564164080515955,0,-6,-8,-3,-1,0,0,-1
1564164080528468,-10,-3,8,4,1,0,-1,-2
1564164080528468,8,0,-11,-5,-4,-3,-2,1
1564164080535451,-8,1,1,-3,0,-2,-3,-2
1564164080535451,-1,2,5,3,3,2,0,0
1564164080551902,5,-1,-4,0,-3,-1,0,2
1564164080551902,-1,-1,3,-1,-3,-3,0,-1
1564164080553385,-2,3,0,0,-1,-1,1,-2
1564164080553385,-2,-2,-5,-5,-3,-2,0,-2
1564164080574351,1,1,12,3,-1,0,-1,-2
1564164080574351,-5,-17,-11,-1,1,0,-1,-2
1564164080575844,2,11,2,-4,1,-1,-1,1
1564164080575844,-1,-2,-1,-2,-2,-3,0,-1
1564164080588320,3,1,-4,-2,-2,-2,0,-2
1564164080588320,-5,-2,-2,-4,-3,0,-1,-1
1564164080595306,-2,0,8,3,-1,-3,-1,0
1564164080595306,-3,-6,-2,0,-1,-1,-3,-4
1564164080611780,1,4,3,-3,1,2,1,0
1564164080611780,1,-1,-10,-6,-3,0,-1,1
1564164080613273,0,-1,4,4,1,1,1,0
1564164080613273,-1,3,-13,-6,-4,-2,-1,1
1564164080634240,2,-4,1,4,0,0,-4,-1
1564164080634240,-3,-9,-8,-6,-1,-2,-1,-3
1564164080635731,4,9,10,0,-4,-2,-2,0
1564164080635731,1,-5,-3,-4,-2,-2,-2,-1
1564164080648715,-3,1,-4,-1,2,1,-1,-3
1564164080648715,5,6,2,-3,-4,-1,0,1
1564164080655695,-3,-2,-5,-2,-2,-1,0,1
1564164080655695,0,-2,2,2,-2,-1,-2,1
1564164080679152,-2,0,-2,-2,2,-1,0,0
1564164080679152,-3,2,11,7,4,0,-1,-3
1564164080680655,1,-4,-10,-6,0,-1,-2,0
1564164080680655,0,0,5,4,-3,-2,0,0
1564164080694164,-1,-4,-7,-5,-3,-3,0,2
1564164080694164,-4,-1,-2,1,-2,-1,-2,-2
1564164080695620,4,4,-2,0,1,1,-1,-2
1564164080695620,-10,-8,0,1,0,1,-2,-5
1564164080708634,-2,-4,-4,1,-3,-2,-1,-1
1564164080708634,-2,-2,1,-6,-3,-1,-2,0
1564164080715589,-7,-7,-6,-2,0,-1,-1,-1
1564164080715589,6,7,5,1,1,0,1,2
1564164080731614,1,1,17,6,1,1,2,1
1564164080731614,-7,-6,-20,-1,2,-1,-2,-2
1564164080733557,2,-1,3,1,-1,-1,0,1
1564164080733557,-2,-1,-3,-6,-4,-2,-2,-1
1564164080754020,2,-4,-6,-2,-5,-3,0,1
1564164080754020,3,7,10,3,4,1,1,-2
1564164080756009,0,0,0,-1,-2,-2,-3,-3
1564164080756009,-1,-1,2,0,-3,-2,0,-1
1564164080768524,-3,-2,-6,-2,1,1,0,-1
1564164080768524,3,-2,0,0,-1,0,-1,1
1564164080775477,-1,3,-8,-5,3,1,1,0
1564164080775477,-2,3,-1,-3,-2,-2,0,-2
1564164080791949,-1,1,2,-3,-3,-2,-1,-1
1564164080791949,-1,4,2,1,-3,-3,-1,-1
1564164080793438,-2,-7,4,6,1,-1,0,-1
1564164080793438,-2,-8,-24,-10,-1,1,0,-2
1564164080814407,0,3,2,-8,-6,-4,-2,-2
1564164080814407,-1,-5,3,1,2,2,0,0
1564164080815897,-1,-5,0,2,0,2,0,-1
1564164080815897,-4,-4,10,6,6,3,2,1
1564164080828382,1,11,-9,-1,-2,0,-1,-1
1564164080828382,-2,-4,-4,-7,-6,-3,0,-1
1564164080835420,1,1,1,-2,-3,0,0,1
1564164080835420,2,-1,1,2,2,0,-1,1
1564164080851837,-5,-8,-11,1,2,1,0,-4
1564164080851837,-4,-1,1,0,-2,-3,-1,0
1564164080853333,-1,1,-4,-7,-4,0,-1,0
1564164080853333,1,-1,7,-1,-5,-1,-2,0
1564164080874292,4,-2,6,-1,-1,-1,-1,1
1564164080874292,-10,1,-4,5,5,2,1,-4
1564164080875787,-4,-8,-3,1,2,1,-1,-3
1564164080875787,0,2,-1,-1,-2,-4,-1,-2
1564164080887765,-9,-5,7,-3,-2,-3,-2,-2
1564164080887765,4,0,-3,-9,-4,-1,-1,1
1564164080904236,-2,0,2,3,-5,-5,-2,0
1564164080904236,-2,5,3,2,2,1,-1,0
1564164080911778,3,-4,-5,1,4,1,-2,-1
1564164080911778,-2,-6,-13,-4,-2,-2,-2,-1
1564164080913222,-1,4,13,0,0,0,-1,-2
1564164080913222,3,4,2,1,-4,-2,-2,0
1564164080934236,0,-7,-12,-2,2,0,0,-1
1564164080934236,-2,6,4,-2,-3,0,1,1
1564164080935682,1,-1,-1,-3,-2,-1,0,1
1564164080935682,-1,-3,-8,-5,-6,-4,-1,0
1564164080947659,0,-3,0,3,2,2,1,0
1564164080947659,1,11,14,0,-1,-1,0,-2
1564164080956643,-3,-3,-8,1,0,1,-1,-2
1564164080956643,-2,-4,-8,-5,1,-1,-1,-1
1564164080971610,-2,-1,-4,-3,-3,-4,-2,-1
1564164080971610,1,-8,5,6,4,1,-1,-2
1564164080973106,1,5,0,-2,-3,-3,0,0
1564164080973106,1,-2,-1,-3,0,0,0,0
1564164080994072,-1,-7,2,3,0,1,0,1
1564164080994072,5,9,-1,-3,0,0,1,2
1564164080995564,10,0,-2,-1,-3,-2,-2,1
1564164080995564,-1,3,2,1,-1,-1,-2,0
1564164081008039,1,2,-3,-6,-5,-4,-3,0
1564164081008039,-4,-9,0,1,-3,-2,-2,0
1564164081017023,0,2,-7,-2,5,2,0,0
1564164081017023,2,0,-1,-1,0,0,-1,-1
1564164081031499,1,5,3,-3,-2,-3,1,-3
1564164081031499,1,1,-2,1,-1,-1,-2,-1
1564164081033500,-8,-10,-7,-4,-2,-3,-1,-4
1564164081033500,-2,1,0,2,-1,-1,0,-2
1564164081053952,-1,3,-3,-6,-2,-1,-1,-1
1564164081053952,0,-4,-2,-4,-7,-4,0,0
1564164081055950,1,-5,0,2,2,0,0,0
1564164081055950,-6,-3,-5,1,6,2,0,-4
1564164081067926,2,5,16,3,-1,0,0,0
1564164081067926,-2,-2,-14,-3,2,0,-1,0
1564164081076911,-5,-5,4,-3,-6,-2,-2,-1
1564164081076911,1,-2,-5,-1,-2,-2,-1,-3
1564164081091886,-4,0,6,-1,-1,0,0,-1
1564164081091886,-1,-8,0,-1,-1,-2,0,-2
1564164081093380,2,9,0,1,2,0,0,0
1564164081093380,-2,-3,-1,0,1,1,0,1
1564164081114350,-2,-2,1,-3,-4,-2,-2,-3
1564164081114350,-1,-3,5,8,3,2,2,-2
1564164081115845,-10,6,2,-1,-2,-1,-1,-3
1564164081115845,1,7,6,-3,-1,-1,-1,1
1564164081127823,-4,-13,-15,3,-1,-3,-3,-3
1564164081127823,0,2,0,-3,0,0,-2,0
1564164081136807,1,-10,-1,-1,1,-2,0,0
1564164081136807,-1,-2,-4,-2,-5,-4,-1,-2
1564164081151778,-1,1,5,4,2,1,0,-2
1564164081151778,-1,0,6,1,2,2,0,-1
1564164081153302,2,0,-12,-7,0,3,1,0
1564164081153302,0,-5,-1,1,-2,-2,-2,0
1564164081173233,0,3,-5,0,0,-2,0,-1
1564164081173233,1,3,6,3,-2,-1,-2,-2
1564164081181718,0,2,9,-2,-1,-1,-1,2
1564164081181718,-1,-8,-8,0,-4,-2,0,0
1564164081187705,-9,5,-4,2,6,3,0,-3
1564164081187705,-1,5,12,5,0,-1,-1,-1
1564164081196695,-4,-5,-9,-9,-5,-1,-2,-2
1564164081196695,-3,-8,-5,-2,-2,-2,-1,-1
1564164081211698,-2,-7,-3,-2,0,-1,-1,1
1564164081211698,-1,-2,-3,2,-2,-2,0,0
1564164081213159,-2,-7,-11,0,3,2,-2,-3
1564164081213159,-1,-4,1,-3,-3,1,-2,1
1564164081234624,10,20,10,-5,-3,-2,0,3
1564164081234624,-8,-10,-11,-5,-4,-3,-1,-4
1564164081236116,-5,-4,3,3,-2,-3,-2,-4
1564164081236116,1,2,3,1,1,-1,-1,-1
1564164081247595,1,-6,-9,1,0,0,-1,-1
1564164081247595,0,1,8,-3,-1,-1,-4,0
1564164081257077,3,6,7,1,-3,-1,1,1
1564164081257077,-4,-3,-10,-4,-7,-2,-1,0
1564164081271573,2,-3,-5,-5,0,-2,0,0
1564164081271573,1,3,1,1,2,1,0,0
1564164081273045,5,-5,-6,1,4,0,-1,2
1564164081273045,-2,13,21,5,2,2,2,-1
1564164081294047,-6,-3,-1,0,-1,0,0,-2
1564164081294047,-15,-12,-22,-9,-6,-4,-3,-6
1564164081295504,-2,0,5,2,-3,-2,-1,-1
1564164081295504,8,10,7,3,2,2,-1,3
1564164081316505,2,-4,10,7,1,0,-2,1
1564164081316505,4,7,-1,-4,-1,1,2,0
1564164081322961,-2,0,1,-1,0,0,-1,1
1564164081322961,-7,-8,-10,1,-1,-1,-1,-5
1564164081331482,-1,-5,-4,-1,-1,-1,-1,-1
1564164081331482,6,3,-1,-3,-2,-1,0,2
1564164081333437,0,-3,-3,-2,-5,-3,-2,0
1564164081333437,-1,-2,-4,-4,1,0,-1,-1
1564164081353901,-4,-5,-1,1,3,1,0,-1
1564164081353901,2,3,1,4,1,0,0,-2
1564164081355897,-2,-1,-2,-1,1,0,0,-2
1564164081355897,-5,-5,1,-4,-5,-3,-1,-4
1564164081376359,10,6,2,-6,-7,-3,-2,1
1564164081376359,-1,-5,3,3,0,-1,-1,1
1564164081382882,0,9,4,1,-3,-2,-2,0
1564164081382882,-3,-8,-13,-2,5,1,0,-1
1564164081391826,-1,1,12,-2,-1,2,0,-2
1564164081391826,1,2,0,-2,-1,2,1,0
1564164081393323,0,-4,-13,0,-1,-2,-1,1
1564164081393323,6,-6,-6,-3,-4,-4,-1,1
1564164081414294,-5,6,5,-1,-2,0,1,-2
1564164081414294,-2,-6,-5,-2,2,-1,0,1
1564164081415785,-4,3,10,4,4,2,0,-5
1564164081415785,1,-4,-5,-2,0,-2,-2,-2
1564164081436771,-3,-9,-8,3,1,-1,-1,0
1564164081436771,1,4,-5,-5,-3,0,1,-1
1564164081438239,0,-5,2,0,-3,-3,-1,0
1564164081438239,0,5,4,4,-1,2,1,-1
1564164081459238,-3,-3,-11,-6,-4,-4,-1,-1
1564164081459238,-1,0,3,-1,-5,-2,-2,0
1564164081460706,-2,4,-2,-2,1,-1,-2,-1
1564164081460706,-4,-1,3,2,1,1,-2,-1
1564164081474205,-1,0,-6,-2,2,0,-1,2
1564164081474205,-14,-2,20,11,5,2,-1,-2
1564164081475670,2,-2,-9,-6,-2,-1,0,0
