timestamp,emg1,emg2,emg3,emg4,emg5,emg6,emg7,emg8
1563815718732781,0,-1,0,0,0,1,-1,3
1563815718732781,0,-1,-3,-3,-3,-2,11,-1
1563815718736775,-2,-1,-2,0,-1,-1,-5,-2
1563815718736775,-2,-3,-4,-3,0,-9,3,-1
1563815718737774,0,0,1,2,2,6,-5,-1
1563815718737774,1,-1,3,2,2,-1,-2,1
1563815718738775,0,-2,-2,-1,-2,-2,4,1
1563815718738775,0,-2,-4,-3,-5,-7,9,2
1563815718743771,0,0,-4,-7,-4,1,-6,-3
1563815718743771,-1,-2,-3,-1,-1,0,-4,-1
1563815718758761,0,0,2,1,3,-4,-2,-1
1563815718758761,-2,0,2,3,5,7,-3,-1
1563815718764758,-1,-1,-4,-5,-8,-8,5,1
1563815718764758,0,0,0,2,-1,1,-13,-2
1563815718773753,-1,-2,-3,-3,-1,9,2,1
1563815718773753,-2,-2,0,-5,-6,-17,6,-3
1563815718788745,0,2,4,2,5,9,-24,-6
1563815718788745,-3,0,1,-1,0,1,2,-2
1563815718803735,0,-2,-3,-2,-2,-3,1,-1
1563815718803735,-1,-1,0,3,2,-1,-4,0
1563815718844712,2,1,0,-1,-1,3,7,4
1563815718844712,1,0,0,0,4,15,-6,-2
1563815718848712,-1,-1,0,-4,-4,-10,-6,-3
1563815718848712,0,-1,0,0,-3,-4,23,3
1563815718849709,-2,1,0,-1,1,-4,-11,-2
1563815718849709,0,1,1,3,1,4,-12,-2
1563815718849709,0,-1,-2,-1,2,6,2,-2
1563815718849709,0,-1,-2,-2,-1,-3,-1,-3
1563815718854706,0,-1,1,0,0,3,-1,-2
1563815718854706,-2,-1,-1,-3,-2,-9,8,3
1563815718863701,0,0,0,-1,-2,1,-2,1
1563815718863701,0,-1,-1,-3,-2,6,-13,-2
1563815718869698,1,0,-3,-2,-1,-1,5,-1
1563815718869698,0,0,1,-2,0,-4,-2,-4
1563815718885689,-2,0,-3,-3,-6,-4,12,1
1563815718885689,-3,-1,-3,-1,-3,-9,-18,-3
1563815718900681,-2,1,1,3,-1,3,2,-3
1563815718900681,-2,-3,-4,-2,-3,-10,-13,-3
1563815718915671,-1,0,-1,0,0,8,4,0
1563815718915671,-3,-2,-3,-3,-2,2,2,0
1563815718916671,-2,-2,1,-1,1,-1,-4,-2
1563815718916671,-1,0,1,2,0,2,2,1
1563815718930663,-1,-3,-3,-1,-2,0,1,-1
1563815718930663,0,-2,-3,-3,-2,-4,-7,1
1563815718930663,-3,-2,-3,-1,-1,1,-2,-2
1563815718930663,-1,-2,0,-1,-4,-12,22,5
1563815718953649,-2,-1,1,0,-3,-2,-9,-2
1563815718953649,-2,0,-2,-2,-3,-3,1,-2
1563815718954649,-2,-4,-4,-3,-6,-9,8,1
1563815718954649,-2,-2,-4,-1,-2,-5,-1,-2
1563815718975637,1,1,3,5,5,15,-15,-2
1563815718975637,-2,2,2,2,0,0,-2,-1
1563815718976636,2,-4,-4,-4,-4,-8,14,4
1563815718976636,0,1,0,-1,0,-5,-4,0
1563815718990630,-3,-3,-2,0,-2,-3,7,-1
1563815718990630,-1,-1,0,-3,0,5,-3,-2
1563815718990630,-3,-2,-2,-2,0,-9,-1,1
1563815718990630,-1,-1,-1,-2,-1,9,2,1
1563815719013615,1,-1,-1,-2,-2,-14,-1,1
1563815719013615,0,1,2,1,1,-6,3,-3
1563815719014615,-1,-1,0,0,-2,-1,-8,-4
1563815719014615,0,0,1,1,1,-5,0,0
1563815719035601,-1,-1,-1,0,2,0,3,1
1563815719035601,-1,-2,1,-4,-6,-1,12,3
1563815719036601,1,2,3,1,1,7,-16,-6
1563815719036601,-2,-4,-4,-2,-2,2,1,-2
1563815719050594,0,1,0,-3,0,-1,-6,-1
1563815719050594,0,1,3,5,3,-3,-1,-3
1563815719050594,-1,1,1,0,0,9,-16,-2
1563815719050594,-1,-1,-1,-5,-5,-3,-5,-1
1563815719080577,-2,-2,-2,0,-2,-2,3,0
1563815719080577,-1,-2,-5,-2,-1,-2,3,0
1563815719081576,-1,1,-1,-2,-2,-7,16,1
1563815719081576,-2,0,0,1,1,2,-1,-2
1563815719103563,0,1,0,-3,2,14,-27,-2
1563815719103563,-1,-2,0,1,0,-1,-2,1
1563815719104563,-1,-2,-2,3,-1,0,6,-1
1563815719104563,0,1,0,-1,1,17,-15,0
1563815719110559,-1,1,0,-1,-1,-9,17,1
1563815719110559,-1,0,-1,-2,-2,-7,0,3
1563815719110559,0,0,0,-3,3,23,-40,-8
1563815719110559,-1,-2,-1,-2,-4,-8,7,-3
1563815719133547,-1,1,0,2,-1,-5,-2,0
1563815719133547,0,-2,-4,-2,-1,9,-12,-3
1563815719134547,-2,-4,-2,-4,-4,-5,10,2
1563815719134547,0,1,0,0,-1,-3,6,0
1563815719155534,0,1,2,1,1,-2,-4,-3
1563815719155534,-1,-1,-3,2,-1,-5,2,1
1563815719156533,-2,-2,-5,-4,-2,-2,11,2
1563815719156533,-2,-2,-2,-2,-3,-6,6,3
1563815719170524,0,2,3,6,4,1,3,-1
1563815719170524,-1,-1,-1,0,-1,-7,9,0
1563815719171524,1,-1,2,-5,-3,12,-19,0
1563815719171524,0,-1,-5,-3,-3,-4,7,1
1563815719193512,-2,-5,-5,-7,-4,-11,10,4
1563815719193512,-2,-1,2,3,0,-5,-3,-2
1563815719194511,-1,2,0,3,3,-8,8,-4
1563815719194511,-1,-1,2,2,3,16,-3,-4
1563815719216499,1,0,-2,-2,-4,-7,-2,0
1563815719216499,-1,-2,-2,-2,1,11,-28,-6
1563815719216499,-1,1,0,0,-1,-14,7,1
1563815719216499,0,0,-2,-1,0,3,7,1
1563815719230490,-2,-2,-2,-1,-1,-3,-2,-2
1563815719230490,-2,-1,0,-1,2,4,6,3
1563815719231490,-1,-1,-1,0,-1,-2,5,-1
1563815719231490,1,1,-2,-1,-2,-5,-10,-3
1563815719261473,0,-2,-2,-4,-3,3,1,0
1563815719261473,-2,-1,-4,-5,-3,-10,12,2
1563815719261473,-1,2,5,9,4,4,-19,-7
1563815719261473,0,-2,-1,-2,-1,0,3,-1
1563815719276464,-2,-1,-4,-3,-5,-15,4,0
1563815719276464,0,-1,-1,-2,-1,1,-7,-4
1563815719276464,-2,-3,-3,-3,1,-10,11,5
1563815719276464,1,1,1,4,3,7,-18,0
1563815719289461,0,-3,-3,-3,1,16,-5,-4
1563815719289461,-1,-1,-2,1,2,3,1,-1
1563815719305448,-3,-3,-2,-5,-9,-12,30,7
1563815719305448,0,-1,1,1,0,-13,-30,-7
1563815719313443,0,3,3,3,5,12,7,0
1563815719313443,0,1,-1,-2,0,5,-5,-1
1563815719314443,0,-2,-2,1,-1,3,23,5
1563815719314443,-1,-3,-5,-4,-5,-15,5,1
1563815719336429,-1,-2,0,-1,-5,-15,3,-1
1563815719336429,0,0,1,-3,-3,-1,-1,-1
1563815719337429,0,0,0,0,1,9,-9,-4
1563815719337429,0,-3,0,-2,-1,3,9,3
1563815719358421,0,-1,-1,0,-1,-5,-14,-4
1563815719358421,-1,-1,1,0,-2,-1,6,0
1563815719360416,1,-2,-3,-1,-1,-9,-6,0
1563815719360416,-3,-1,1,-2,-3,-3,12,-3
1563815719381404,0,-2,0,-1,0,5,-6,3
1563815719381404,0,-2,0,1,1,-1,6,-1
1563815719382404,0,-1,-4,-2,-2,-2,-11,-1
1563815719382404,0,-1,-2,-1,0,9,-4,-1
1563815719396396,-3,2,-1,-2,1,1,-8,-2
1563815719396396,1,0,5,7,3,6,0,-2
1563815719397394,0,-1,-1,-3,-6,-8,-13,-4
1563815719397394,0,-2,-4,-2,-2,-4,7,2
1563815719409388,-2,0,-1,-4,-6,-4,1,0
1563815719409388,0,2,1,2,2,6,-2,-2
1563815719418383,-1,0,0,3,2,-1,-10,-4
1563815719418383,-2,-1,-3,-4,-4,-13,11,2
1563815719433375,1,-2,-1,-3,0,8,-1,-1
1563815719433375,-1,-1,-1,0,-2,0,6,0
1563815719435373,-1,0,-1,-3,-1,-8,-8,-3
1563815719435373,-1,-1,-1,-1,-1,6,0,-2
1563815719456361,1,0,-2,2,2,-8,13,2
1563815719456361,0,-1,-2,-6,-2,5,-17,-2
1563815719457362,0,1,-1,1,2,6,9,3
1563815719457362,-2,0,3,6,1,1,-8,-4
1563815719469354,-1,-2,-3,-4,-3,-4,-7,-4
1563815719469354,0,1,0,-1,-3,-13,10,0
1563815719478349,-2,-2,-2,-1,-3,-4,8,-1
1563815719478349,1,1,-3,-4,2,5,-8,1
1563815719493339,-1,1,2,5,1,3,1,0
1563815719493339,-3,0,2,1,-1,-1,-7,-2
1563815719495339,-1,-3,-4,-2,1,3,-2,-2
1563815719495339,0,0,0,0,0,3,9,1
1563815719516327,-1,-2,-1,-1,-6,-13,-9,-7
1563815719516327,-1,-3,-2,-3,0,-3,2,-1
1563815719517326,-2,1,4,-1,-1,-1,1,-2
1563815719517326,-1,-3,-4,-4,1,5,-12,-1
1563815719538314,-2,-3,-2,-2,-2,-1,-4,1
1563815719538314,-3,-3,-5,-5,-6,-5,-6,-1
1563815719554306,-1,-1,0,1,2,1,1,1
1563815719554306,-1,1,4,2,-3,-1,2,0
1563815719561301,0,1,0,-3,0,6,2,1
1563815719561301,2,-1,1,1,1,-4,-5,1
1563815719568296,0,-1,0,2,-1,-3,-10,-3
1563815719568296,0,-1,-2,-3,-3,0,9,0
1563815719576293,1,-1,-1,1,0,-1,6,4
1563815719576293,0,0,2,4,6,26,-59,-9
1563815719577292,-1,-1,-4,-8,-5,-3,-5,-3
1563815719577292,-1,0,0,3,0,-4,-4,-2
1563815719589285,-2,1,0,-1,-1,9,-6,-5
1563815719589285,0,-3,-5,-2,-4,-6,16,3
1563815719598279,1,-1,0,1,-4,-7,2,1
1563815719598279,1,-2,-2,0,1,18,-9,-1
1563815719613271,-1,-1,-1,0,-2,-3,9,1
1563815719613271,-1,-1,-1,-2,-5,-29,12,1
1563815719615270,1,0,-1,-2,1,13,-4,-1
1563815719615270,-2,0,-1,-3,-3,-11,1,-1
1563815719636258,1,-1,-1,-1,0,0,1,0
1563815719636258,-2,-3,-3,-2,-2,-5,10,2
1563815719637257,-2,0,1,0,4,8,-9,-3
1563815719637257,-1,0,2,4,2,0,-14,-1
1563815719649250,-1,-2,-2,-1,-1,-8,-10,-2
1563815719649250,-1,-1,0,-2,-3,-7,19,1
1563815719658246,-1,1,4,3,2,0,-8,-2
1563815719658246,-1,-2,-3,-6,-2,-2,8,2
1563815719673236,-2,-1,-3,-2,0,2,-6,-5
1563815719673236,0,2,3,3,1,3,2,-2
1563815719675235,-1,-2,-4,-2,-3,-4,7,1
1563815719675235,-2,-1,0,2,-1,-8,1,-1
1563815719696224,-1,-3,1,-2,-3,2,1,0
1563815719696224,-1,-2,-8,-4,0,0,-3,1
1563815719698223,0,0,-2,-1,-4,-12,8,1
1563815719698223,1,-1,0,0,0,3,-3,-1
1563815719718211,0,-2,-1,0,-2,-9,24,6
1563815719718211,1,2,2,2,4,9,-8,-2
1563815719720210,-2,-1,0,0,0,-4,-4,-1
1563815719720210,-2,-2,-3,-1,-6,-3,-1,-3
1563815719733202,-2,-2,-2,-3,1,0,1,-1
1563815719733202,-2,0,-4,-5,-7,-2,4,0
1563815719739199,1,0,-1,-1,-1,-4,-3,0
1563815719739199,-1,-2,-3,-2,0,-5,15,0
1563815719756189,-2,1,1,4,2,1,-7,-4
1563815719756189,-1,0,2,3,3,5,-7,-1
1563815719757189,0,-3,-2,-2,-1,-4,13,5
1563815719757189,-2,-1,-1,-3,-2,4,-22,-4
1563815719778176,-1,1,0,0,-4,-2,-15,-4
1563815719778176,0,-1,2,2,5,6,8,3
1563815719780176,0,-1,-2,-1,-2,11,0,1
1563815719780176,-2,-1,1,0,0,-7,3,1
1563815719793168,0,0,1,2,-2,0,-4,-1
1563815719793168,-1,-2,-7,-4,-6,-2,-1,0
1563815719795166,0,-1,-2,-2,2,3,0,2
1563815719795166,-1,-1,-1,-1,-1,3,-2,-1
1563815719814155,-1,0,-1,0,1,5,2,-1
1563815719814155,-1,-2,-1,-2,-1,-15,-4,-1
1563815719823150,0,0,-1,1,-2,2,1,-1
1563815719823150,-1,-2,-3,-1,0,-7,-1,-3
1563815719838142,1,1,3,1,4,8,-14,-4
1563815719838142,-1,0,3,1,0,10,-15,-6
1563815719840144,-2,1,1,1,-2,-8,-3,-1
1563815719840144,-2,1,1,0,2,20,-48,-13
1563815719861129,-2,-3,-5,-4,-5,-7,35,13
1563815719861129,3,2,1,3,5,10,-12,-3
1563815719862129,-1,-1,0,0,0,4,-11,-4
1563815719862129,-1,-1,-1,-2,-2,-13,16,3
1563815719874133,-2,-3,-6,-6,-4,-10,8,1
1563815719874133,0,-2,-2,0,3,6,3,1
1563815719884116,-1,0,-1,-1,-3,-7,7,1
1563815719884116,0,-1,0,3,0,-6,17,5
1563815719898109,2,0,-2,-2,0,0,-13,-5
1563815719898109,-1,0,-2,0,-3,-2,10,2
1563815719900107,0,-1,-2,-5,1,4,-8,-3
1563815719900107,-1,-1,-1,2,-1,-2,10,3
1563815719921096,-1,2,2,0,-2,-8,-17,-7
1563815719921096,-1,0,-2,-2,-4,-1,8,1
1563815719923095,0,1,-1,-1,1,-4,1,-1
1563815719923095,0,-3,-3,-3,-1,-2,1,1
1563815719935087,-1,-2,-3,-1,-2,2,2,-1
1563815719935087,-1,0,2,0,-2,-6,3,1
1563815719944081,0,-4,-3,-5,-8,-19,34,4
1563815719944081,2,2,2,-1,5,22,-15,-4
1563815719958074,-1,0,0,1,1,-2,4,1
1563815719958074,-1,-4,-5,-4,-3,-2,0,0
1563815719960072,-1,1,4,6,2,-4,2,-1
1563815719960072,-1,1,0,-2,-4,-11,14,2
1563815719981060,-2,-3,-2,-2,-1,2,-2,-1
1563815719981060,-2,-2,-1,2,3,0,3,-3
1563815719982060,1,-1,-1,2,4,8,-10,-2
1563815719982060,-1,1,-2,-3,-14,-14,3,2
1563815719995052,0,1,-2,-3,0,4,-8,0
1563815719995052,-1,-1,-1,-1,0,3,-13,-2
1563815720004047,-2,-4,-3,-1,1,4,-9,-3
1563815720004047,-1,-1,-1,-1,1,1,-5,-3
1563815720026034,-1,-2,-2,-2,-1,-2,2,3
1563815720026034,-2,0,2,2,1,-5,-3,-3
1563815720028033,-2,0,-2,-3,-1,6,5,2
1563815720028033,-1,0,1,1,1,8,-22,0
1563815720042036,-2,0,0,-4,-3,-10,-19,-5
1563815720042036,-1,-1,-2,-1,1,5,3,2
1563815720047023,-1,-1,-1,0,-3,-7,-6,-1
1563815720047023,1,-4,-5,-3,-1,2,17,2
1563815720055018,1,-1,2,5,3,2,-2,-5
1563815720055018,0,-1,0,-2,-2,2,3,0
1563815720064013,-1,1,-1,-3,-1,-3,-11,-2
1563815720064013,-2,-2,1,-1,0,-10,-3,-5
1563815720078005,-2,1,-2,-2,-2,2,0,-1
1563815720078005,-1,-1,-1,1,0,-5,-4,-1
1563815720080004,0,1,0,0,-1,2,-3,-2
1563815720080004,-2,-2,0,-4,-5,-9,9,4
1563815720100994,-1,-1,1,1,0,6,-3,-3
1563815720100994,0,-3,-4,-3,-5,-9,-2,1
1563815720102991,0,-2,-2,-1,2,3,-4,-1
1563815720102991,-1,0,0,0,2,-2,-2,-1
1563815720114983,-1,-2,-4,-2,-1,2,7,0
1563815720114983,-1,0,0,-3,0,9,-23,-3
1563815720123986,0,3,2,1,4,16,-21,-10
1563815720123986,-1,-2,-2,-1,-5,-30,12,1
1563815720138970,1,2,2,2,3,6,-7,0
1563815720138970,0,-2,0,0,2,-2,4,-4
1563815720139970,-1,-2,-2,-2,0,10,-11,-6
1563815720139970,-1,-2,-1,1,0,-1,-2,-4
1563815720160957,-2,-1,1,-1,0,-8,4,0
1563815720160957,0,2,1,-3,0,10,-11,-2
1563815720162956,-1,-2,-1,1,-3,-9,6,3
1563815720162956,1,0,0,-1,0,2,2,-1
1563815720174949,1,-2,-3,2,0,7,-7,1
1563815720174949,0,-1,-3,-4,-3,1,-8,1
1563815720190940,1,-2,0,-1,-3,-5,1,1
1563815720190940,-1,3,2,3,3,1,-9,-3
1563815720197936,1,-3,-3,-1,-1,1,7,2
1563815720197936,-1,0,0,0,-2,-7,19,2
1563815720205931,-1,0,-5,-5,-6,-10,12,0
1563815720205931,-2,-2,0,0,0,5,-2,-1
1563815720220922,-3,0,3,0,-3,-2,-1,-3
1563815720220922,-1,-2,-5,-2,-1,5,4,0
1563815720222922,-4,-2,0,2,1,-13,4,1
1563815720222922,-1,-2,-4,-3,-6,-22,17,3
1563815720243909,-2,-1,-3,-4,-6,-1,-8,-2
1563815720243909,-1,-1,1,-2,0,-5,8,0
1563815720244909,0,0,-1,-1,-2,4,-3,-1
1563815720244909,-3,0,-1,-2,-4,3,4,-1
1563815720258900,-2,-1,2,6,0,-5,3,-1
1563815720258900,-3,-3,-4,-4,-5,-16,8,0
1563815720259900,1,-1,-3,-2,0,7,-14,-3
1563815720259900,2,1,0,1,6,12,0,-1
1563815720280889,0,-2,-3,-3,-2,-5,-21,-2
1563815720280889,-2,-1,0,3,-1,-1,7,0
1563815720282888,-1,-1,-2,-1,-1,-5,4,1
1563815720282888,-1,-1,-3,-2,-3,-1,11,3
1563815720303875,-1,-1,1,-3,1,3,-7,-5
1563815720303875,0,1,2,0,-1,-3,3,-2
1563815720305873,0,-2,0,0,-2,-4,2,-1
1563815720305873,0,0,-2,3,3,9,-21,-2
1563815720318866,0,-2,-3,-4,-1,-3,14,2
1563815720318866,-2,-3,-4,-5,-6,-7,-1,-1
1563815720319866,-1,-1,-1,3,0,-5,3,0
1563815720319866,-1,-1,1,0,1,4,-4,-2
1563815720340854,1,-1,-2,-4,-5,-3,23,4
1563815720340854,0,-1,1,1,0,-1,-14,-3
1563815720342853,0,-1,0,2,2,3,0,2
1563815720342853,-3,-2,-3,-4,-6,-2,-4,-3
1563815720363841,-3,-3,-2,1,1,-8,-2,-2
1563815720363841,0,0,-1,0,1,2,8,2
1563815720364840,-2,-3,0,-1,-4,-17,21,5
1563815720364840,1,1,-1,-3,4,14,-16,-5
1563815720377832,1,-1,-2,-2,-2,1,12,3
1563815720377832,-2,-1,-1,2,0,-1,-11,-5
1563815720384829,-1,-2,-3,-3,-1,2,-4,-4
1563815720384829,0,-1,0,0,-3,-5,0,-1
1563815720400818,0,-1,-2,0,1,0,-5,0
1563815720400818,0,0,0,1,3,14,-18,-3
1563815720402819,-2,0,-2,-4,-4,0,-7,-3
1563815720402819,0,0,2,1,-4,-20,0,-3
1563815720423808,-1,-1,-3,-2,5,19,2,0
1563815720423808,-1,-3,-1,2,-1,-14,0,1
1563815720424805,1,0,-2,-5,-1,8,-2,-2
1563815720424805,0,-1,-2,-1,0,-10,12,1
1563815720437798,-2,-1,0,-1,-2,-12,1,-1
1563815720437798,1,0,-1,0,-1,-1,15,5
1563815720444794,-1,0,0,1,-2,0,-3,-3
1563815720444794,-2,-2,-5,-4,-1,3,3,0
1563815720459786,-2,-2,-2,-5,-7,-10,12,-3
1563815720459786,1,0,0,-5,-2,2,4,3
1563815720468780,-2,-1,0,-2,-5,-8,16,3
1563815720468780,1,-1,2,5,1,7,-10,-2
1563815720483772,1,0,-1,0,2,3,7,2
1563815720483772,-4,-2,-4,-5,-11,-22,-7,-5
1563815720490767,2,0,-1,2,5,7,-17,-3
1563815720490767,-1,-3,-1,-3,0,1,-3,-1
1563815720498764,-1,-1,-2,2,-2,-5,-9,-3
1563815720498764,1,1,2,4,6,13,5,1
1563815720504762,-2,0,0,1,0,3,7,1
1563815720504762,-2,0,0,1,0,8,-24,-5
1563815720520751,0,-1,-2,-2,1,7,-7,-1
1563815720520751,0,-1,-4,-5,-1,3,1,-2
1563815720522750,-1,1,1,3,2,11,-13,-5
1563815720522750,0,1,0,-3,-1,-11,-5,-2
1563815720543737,-1,0,1,1,0,1,1,-3
1563815720543737,-1,-2,-1,1,-2,2,2,-1
1563815720544737,0,-2,-2,-3,3,11,-24,-5
1563815720544737,-2,-2,-2,-2,-2,-2,7,0
1563815720557729,0,2,1,0,0,-6,-9,-3
1563815720557729,-2,-3,-2,-7,-2,-5,15,2
1563815720565725,1,-1,-3,2,0,-6,0,-2
1563815720565725,-1,-1,1,0,-2,-2,5,1
1563815720580717,-2,1,1,-1,-1,3,-10,-5
1563815720580717,-1,1,0,1,-2,0,-11,-3
1563815720582715,-1,-2,-2,-4,-2,-2,10,2
1563815720582715,0,0,-2,1,2,12,-3,1
1563815720603705,0,0,-1,0,-2,-18,-1,2
1563815720603705,-1,-1,-2,0,0,3,7,1
1563815720604701,0,-1,1,0,1,0,4,-1
1563815720604701,-2,-4,-7,-4,-4,-9,4,-1
1563815720617696,0,1,5,1,-2,8,-13,-1
1563815720617696,0,1,1,1,4,2,-24,-6
1563815720624691,-1,-1,0,1,0,-5,0,1
1563815720624691,0,-1,-1,-1,-1,2,3,1
1563815720640682,-1,-2,-3,0,2,9,-4,-3
1563815720640682,-1,-2,-3,-3,-4,-10,7,-1
1563815720646678,-2,-1,-2,-2,-2,-3,2,1
1563815720646678,1,0,2,1,1,0,2,0
1563815720663668,-1,-1,-1,1,0,-3,0,-1
1563815720663668,-2,-1,-2,-2,-2,0,1,-1
1563815720664670,-1,-1,2,4,-1,-2,2,1
1563815720664670,0,2,3,3,3,14,-20,-3
1563815720677660,-2,-1,1,0,-1,-9,-5,-8
1563815720677660,1,-2,-3,-1,4,10,-9,0
1563815720684656,0,-1,0,-2,-4,0,4,0
1563815720684656,-2,-1,-2,-2,-2,-10,-2,-2
1563815720700647,-2,-4,-4,-2,0,-3,6,2
1563815720700647,-2,1,2,2,1,-3,-13,-7
1563815720702648,0,0,-2,-5,-2,3,-5,-2
1563815720702648,0,-1,0,2,-1,-11,9,1
1563815720730629,0,0,-4,-4,0,4,2,2
1563815720730629,0,-1,-1,-3,-3,0,6,2
1563815720732629,0,-2,-3,-1,-2,2,6,0
1563815720732629,-2,-1,3,3,2,-6,-11,-3
1563815720745623,-3,-4,-4,-4,-3,-3,22,5
1563815720745623,-1,-3,-2,-2,-1,-2,-5,-1
1563815720747623,-2,0,0,-4,-2,-7,-4,-4
1563815720747623,0,-1,-3,-2,-2,2,1,2
1563815720768611,-3,-2,-2,1,-2,-15,27,2
1563815720768611,-1,1,-1,-3,-2,-2,-1,-3
1563815720770607,-2,-3,-1,-1,-5,-14,1,0
1563815720770607,-2,0,-3,-2,7,30,-2,1
1563815720784599,-2,-1,-2,-4,-8,-15,-6,1
1563815720784599,1,0,0,3,2,7,-10,-6
1563815720785598,0,-2,-2,-3,-1,-3,-2,2
1563815720785598,0,-1,-1,-2,-2,1,17,2
1563815720805590,1,1,0,0,4,4,-17,-2
1563815720805590,-2,-1,-1,0,0,-1,1,1
1563815720807590,-2,-1,-1,-3,-6,-1,-5,-1
1563815720807590,-2,-3,-1,-1,-4,-13,-3,-3
1563815720820597,0,0,0,0,2,17,3,1
1563815720820597,-1,0,-2,-4,-6,-18,17,0
1563815720822577,0,0,-2,4,5,6,-10,-2
1563815720822577,0,-1,-3,-2,-2,-2,11,1
1563815720843584,-1,0,1,3,-1,-1,-10,-1
1563815720843584,-1,-2,0,-2,-1,-1,-3,0
1563815720845564,-1,0,0,0,3,13,-14,-3
1563815720845564,-3,1,-1,-3,-2,-16,2,-2
1563815720857557,-2,2,2,2,0,2,-11,-5
1563815720857557,-1,0,-2,1,1,2,3,2
1563815720866552,-1,-2,-5,-4,-3,-13,18,1
1563815720866552,-1,-1,0,-1,-3,-6,-6,0
1563815720880547,0,1,0,1,3,22,-28,-9
1563815720880547,0,-1,0,1,-1,-7,0,-1
1563815720882544,1,-3,-2,-1,-2,-4,12,4
1563815720882544,-1,0,-2,0,1,2,-8,-2
1563815720903531,-1,-1,0,-1,-2,-2,13,5
1563815720903531,-1,1,1,2,3,8,-17,-2
1563815720905530,0,-5,-5,-6,-4,-1,4,3
1563815720905530,1,2,3,3,1,3,-4,-2
1563815720925538,0,-1,-3,0,-1,-4,6,-1
1563815720925538,-1,-2,0,1,-1,0,-12,-2
1563815720927517,-1,-1,-1,-1,-3,0,0,-1
1563815720927517,1,-1,-4,-3,-1,-1,2,1
1563815720940510,1,-1,0,-2,1,8,7,1
1563815720940510,0,1,-2,1,-2,0,-12,-3
1563815720948505,-1,1,0,0,1,11,-9,-1
1563815720948505,-2,-2,-1,0,-1,1,-1,-1
1563815720963496,-1,-2,-2,-3,-1,0,0,1
1563815720963496,-1,-2,-2,-3,-2,10,-12,-2
1563815720965497,0,1,2,1,-1,-3,-4,-1
1563815720965497,-1,2,4,3,0,4,0,-4
1563815720977489,0,1,-1,0,-1,-7,-5,0
1563815720977489,-1,-3,-4,-4,-2,-8,7,2
1563815720986484,-3,-1,-2,-3,-3,-3,-3,-3
1563815720986484,0,-1,-5,-3,-3,0,-4,-1
1563815721001476,-2,-2,1,1,-1,-1,5,0
1563815721001476,-1,-1,0,2,-2,1,13,3
1563815721002477,0,-2,-1,-2,1,-4,-4,-1
1563815721002477,0,-1,-1,-1,0,3,-4,-4
1563815721024465,-1,-3,-4,-1,-5,-19,-2,0
1563815721024465,-1,-1,-4,-2,-1,-2,7,-1
1563815721046449,-1,1,-1,-1,-2,1,2,-1
1563815721046449,0,-2,0,0,-2,-9,27,8
1563815721047448,2,1,2,1,5,22,-12,-1
1563815721047448,-3,-2,-2,0,0,-6,-1,0
1563815721049447,-1,0,0,0,-5,-4,-3,-2
1563815721049447,-1,-2,-2,-1,-3,-4,5,0
1563815721061440,-2,0,3,1,-2,-6,8,0
1563815721061440,-2,-1,1,0,3,9,-17,-4
1563815721062440,0,1,0,6,3,5,2,1
1563815721062440,-2,-4,-3,-3,-2,3,-8,-3
1563815721083431,-3,-2,-4,-2,-1,3,1,-2
1563815721083431,-2,0,1,0,-1,-12,1,0
1563815721085427,-2,-1,0,-3,0,-3,-8,-6
1563815721085427,1,0,-2,-3,1,1,-16,0
1563815721097423,0,-2,-1,-1,-1,2,4,0
1563815721097423,-1,-2,0,-1,-1,-3,5,-2
1563815721106414,-3,0,1,2,1,-5,-1,0
1563815721106414,0,-2,0,-2,2,3,13,1
1563815721121407,0,2,-2,-1,0,4,-47,-11
1563815721121407,0,1,0,-1,-3,2,-1,-2
1563815721122406,0,-2,1,0,5,11,-8,-1
1563815721122406,-1,-1,-1,-3,-5,0,-5,-3
1563815721143394,-1,-1,-2,-1,-1,-4,18,3
1563815721143394,-1,0,2,0,-1,-6,-17,-4
1563815721145393,0,-2,-2,-1,-1,0,-4,-1
1563815721145393,-1,-2,-2,-1,-1,-2,2,1
1563815721166382,-3,-1,0,0,-4,-17,7,0
1563815721166382,1,1,2,3,2,25,-2,-1
1563815721167381,0,0,1,2,2,-1,-19,-8
1563815721167381,0,-1,-4,-1,1,-1,-3,1
1563815721181371,-1,-2,0,-4,-5,-11,-1,0
1563815721181371,-1,-1,-2,-2,-5,-4,14,0
1563815721182371,0,-2,-1,0,-2,-4,4,2
1563815721182371,-2,2,2,2,2,3,-3,-5
1563815721204377,-1,0,-3,-1,1,-6,-4,-1
1563815721204377,-1,-2,-3,-3,-2,-3,13,3
1563815721205358,1,1,-2,-3,2,24,-23,-1
1563815721205358,-1,-1,1,2,-2,-10,-2,-1
1563815721226365,2,1,-1,-3,1,17,7,3
1563815721226365,-3,-2,0,2,0,-6,-11,-3
1563815721227344,-1,0,0,-1,-2,-9,12,-1
1563815721227344,-1,-3,-2,1,-3,1,-4,-2
1563815721248332,-1,-1,2,2,5,9,-2,-1
1563815721248332,1,-1,0,-1,-3,-6,7,1
1563815721250332,-4,-1,-1,-2,-6,-11,4,2
1563815721250332,-1,0,-2,-5,-4,-5,-2,-1
1563815721263343,1,-3,-4,-1,-4,-4,17,0
1563815721263343,-1,0,-2,-1,5,8,-19,-5
1563815721265323,0,-1,0,1,-1,-11,3,1
1563815721265323,-1,0,-1,2,0,-1,0,0
1563815721286330,-3,-4,-2,-2,-4,-17,20,2
1563815721286330,-2,-1,-1,-1,-1,1,4,-1
1563815721288310,-3,-2,-2,-2,0,-4,-3,-1
1563815721288310,-1,0,1,-1,-3,-4,-4,-3
1563815721300306,0,1,-1,-1,-1,2,2,0
1563815721300306,-3,-1,-2,-2,-6,-6,14,-2
1563815721331286,-2,0,-3,-2,-3,-7,-2,0
1563815721331286,-1,-2,0,0,1,-15,12,1
1563815721332292,1,-3,-2,-1,1,5,-15,-3
1563815721332292,0,-1,-3,-1,-2,-4,12,3
1563815721338281,-1,-2,0,0,0,4,2,0
1563815721338281,-2,0,1,-2,-2,-4,6,-1
1563815721346295,-1,0,1,-1,-3,-1,-8,-4
1563815721346295,-1,-1,-3,-2,-1,-2,-2,2
1563815721347280,-1,-2,-3,-1,-2,-7,6,-1
1563815721347280,0,0,-3,-1,3,17,0,0
1563815721360288,-3,-2,-3,-8,-6,-6,0,0
1563815721360288,0,-1,1,1,-1,0,6,0
1563815721367284,1,0,1,3,0,-9,1,1
1563815721367284,0,1,0,0,0,5,-16,-4
1563815721383274,0,1,-1,1,2,-2,-3,-2
1563815721383274,-2,-3,-3,-3,-4,1,0,0
1563815721385254,-1,-2,-3,-1,-2,-12,0,-1
1563815721385254,2,2,4,3,4,12,-23,-5
1563815721406243,-2,-2,-1,0,-1,1,-1,-1
1563815721406243,0,1,2,-1,0,1,8,1
1563815721407242,-1,-2,-1,-3,-5,8,-21,-3
1563815721407242,-3,-2,-4,-2,-1,1,5,0
1563815721420233,-1,-2,-5,-2,-2,-1,-10,-1
1563815721420233,-1,-1,0,2,2,2,1,0
1563815721427231,-1,1,-2,-1,1,7,8,3
1563815721427231,-2,0,-1,-2,-10,-9,0,-3
1563815721443220,-1,1,1,2,2,-1,-2,-1
1563815721443220,0,-2,-4,-1,1,-8,0,-2
1563815721445220,-1,2,2,0,3,8,-29,-17
1563815721445220,0,-2,-2,-2,-1,-7,2,0
1563815721466208,0,0,0,-1,-1,3,4,0
1563815721466208,0,1,0,1,1,2,-5,-2
1563815721472211,-1,-2,0,-2,-4,-9,6,1
1563815721472211,-1,-1,-2,-1,-2,-8,17,5
1563815721480204,1,0,0,3,2,3,-15,-1
1563815721480204,-2,-1,-2,-3,-3,-4,-9,1
1563815721487215,0,-2,-3,-1,0,-2,17,5
1563815721487215,-1,-2,-3,-4,-8,-5,8,1
1563815721503187,-4,-4,-4,-5,-9,-26,19,0
1563815721503187,1,0,2,2,0,2,1,1
1563815721505186,0,0,1,3,1,3,3,1
1563815721505186,0,-2,-1,1,5,1,-13,-3
1563815721526174,0,0,-1,-4,-7,0,5,-1
1563815721526174,-2,-1,-2,-3,-1,-5,-3,-1
1563815721527178,-2,0,0,3,0,2,11,0
1563815721527178,-1,-2,-1,0,3,1,8,1
1563815721541166,-1,1,2,2,3,9,-4,-3
1563815721541166,-2,-2,-2,-3,-3,-11,-4,-1
1563815721548161,-1,-3,-4,-6,-4,-10,5,3
1563815721548161,-1,0,-1,-1,2,12,-3,0
1563815721563153,1,-1,-3,2,-1,7,-10,-3
1563815721563153,-1,-1,-3,-1,-3,-8,-2,-1
1563815721565152,-1,0,2,1,1,2,8,-1
1563815721565152,0,-3,-2,0,-2,-1,-2,-1
1563815721585143,-1,-2,-3,-2,0,-8,14,6
1563815721585143,2,-1,0,-2,-1,2,6,1
1563815721586140,-2,-3,-2,-3,-6,-3,-3,-1
1563815721586140,0,-2,-1,-3,-4,0,-2,-2
1563815721601131,1,0,0,1,-2,-1,-6,-1
1563815721601131,-2,-2,-2,-2,1,-2,-7,-2
1563815721608128,0,-1,0,0,5,10,2,-1
1563815721608128,0,0,0,-2,-5,2,-4,-1
1563815721623119,0,-2,-1,-2,-3,-6,-7,-2
1563815721623119,2,0,-1,-2,1,1,7,2
1563815721623119,-2,-2,-3,-3,-3,3,-21,-4
1563815721623119,0,-2,-1,0,-2,-4,3,-1
1563815721645106,-1,-1,5,6,4,-6,3,-3
1563815721645106,0,1,1,0,0,4,-19,-6
1563815721646105,-2,0,1,0,2,8,12,-1
1563815721646105,0,0,-1,2,2,-2,-3,1
1563815721660097,-2,-2,-3,-4,-4,1,-3,-1
1563815721660097,-2,0,-2,-3,-3,-5,4,0
1563815721668092,-1,0,1,3,-1,-2,1,-2
1563815721668092,-2,-2,-2,-2,-2,-3,-1,-3
1563815721691082,-1,0,-2,-1,-2,-5,-13,2
1563815721691082,0,0,2,4,4,16,2,2
1563815721692081,0,-1,-2,-3,0,0,-12,-2
1563815721692081,-1,-1,-2,0,-1,-10,3,-2
1563815721705075,1,0,0,-2,0,5,7,2
1563815721705075,2,0,-2,0,0,2,-13,1
1563815721706070,0,-2,1,4,-1,-6,5,-1
1563815721706070,0,-1,-1,0,2,1,-7,-3
1563815721720062,-2,-1,-2,-3,1,0,-3,-3
1563815721720062,-1,-1,2,2,-2,0,12,2
1563815721728057,-1,-2,-5,-7,-5,-6,-5,0
1563815721728057,-1,-1,-1,-2,0,2,0,-1
1563815721743069,-1,-1,-1,-3,-6,1,-9,-1
1563815721743069,-2,-1,-1,-2,-3,-5,5,-1
1563815721743069,0,-2,-4,0,0,-4,9,3
1563815721743069,0,1,2,0,1,11,-1,0
1563815721765039,-1,1,1,0,-6,-17,2,1
1563815721765039,-1,-1,-5,-2,-2,-3,0,-3
1563815721766039,-2,0,0,-1,-2,-2,-5,0
1563815721766039,-1,0,-1,-3,-1,1,4,-1
1563815721780028,-1,-3,-4,-1,3,6,21,2
1563815721780028,-1,-1,-1,0,-3,-5,-5,-5
1563815721788024,-1,-4,-2,-2,-2,-21,7,-2
1563815721788024,0,0,2,1,1,7,-5,1
1563815721803016,1,1,1,1,1,2,3,0
1563815721803016,0,-1,-2,-1,2,3,6,2
1563815721804015,-1,0,0,1,-2,-2,-21,-4
1563815721804015,-3,0,0,0,-3,-2,-7,-5
1563815721825022,0,-2,-1,-4,-1,3,-9,-3
1563815721825022,-2,-1,-1,-1,4,0,0,0
1563815721826002,0,0,0,-2,-1,2,28,8
1563815721826002,0,-3,-4,-3,-3,-7,-12,-1
1563815721839994,-1,-1,-1,0,2,15,-1,-2
1563815721839994,-1,-1,-1,0,-4,-17,0,0
1563815721854990,0,0,1,0,-1,5,2,0
1563815721854990,-1,-2,0,-2,-2,-6,3,3
1563815721862984,-2,-1,-2,-1,1,-1,4,2
1563815721862984,0,0,0,-4,-3,1,7,-3
1563815721863980,-2,2,-1,0,0,3,-21,-4
1563815721863980,-1,0,-1,0,-1,-12,-3,-3
1563815721885972,1,0,0,2,4,20,-21,-4
1563815721885972,-1,-2,-3,-2,-2,4,1,0
1563815721892963,-1,0,-5,-5,-5,3,-1,-2
1563815721892963,-1,1,-2,-1,0,0,0,-2
1563815721899960,0,-1,-1,-1,-4,-11,-1,-1
1563815721899960,-1,0,3,4,2,7,1,-2
1563815721907955,1,-2,0,1,1,-1,-18,-1
1563815721907955,-2,-4,-5,-4,-1,-1,3,1
1563815721922947,-1,1,0,1,-1,-8,13,1
1563815721922947,-1,1,2,2,-1,-4,-11,-5
1563815721923946,1,-1,-2,-3,-1,6,9,1
1563815721923946,-1,0,-1,0,0,-1,0,0
1563815721944934,-2,1,0,-3,2,4,4,0
1563815721944934,-2,0,-2,0,-3,-8,-1,3
1563815721945933,-1,2,0,1,2,-4,4,-2
1563815721945933,-2,-1,0,-1,-2,-3,10,0
1563815721959925,1,0,0,2,1,0,-4,-3
1563815721959925,-1,-4,-3,-3,-8,1,2,2
1563815721967920,1,0,-1,-2,2,1,-4,-2
1563815721967920,1,0,-2,-1,-2,6,-12,0
1563815721982931,0,0,-1,-1,0,-5,0,0
1563815721982931,-2,-1,-3,-6,0,-5,6,-1
1563815721983930,-1,1,1,2,1,0,-12,-3
1563815721983930,0,1,0,2,-2,-3,1,-2
1563815722004900,-2,-4,-4,-4,-8,-16,19,1
1563815722004900,-1,-1,1,1,0,-6,-5,-2
1563815722005899,0,-1,-2,-1,-2,-1,7,2
1563815722005899,-1,1,3,0,1,-1,2,-2
1563815722019890,-1,-2,-3,3,2,6,-1,0
1563815722019890,0,-2,2,3,1,-5,-4,-2
1563815722027889,-1,-1,0,-1,-2,-1,1,0
1563815722027889,0,-2,-1,-1,-2,3,1,1
1563815722042878,-2,-2,-3,-4,-5,-3,18,3
1563815722042878,0,-1,-5,-5,-5,-4,9,1
1563815722043877,0,2,4,5,5,14,-27,-8
1563815722043877,-1,0,-1,0,0,1,-5,-2
1563815722064867,0,-1,1,0,0,2,-3,-1
1563815722064867,-2,0,-3,1,-1,-11,9,3
1563815722065866,1,-5,-3,-1,1,3,10,0
1563815722065866,-1,0,-2,-6,-8,-7,12,1
1563815722088853,-1,0,2,-1,-3,-6,-19,-5
1563815722088853,-1,-2,-2,-4,0,4,-6,-1
1563815722088853,-2,-1,-2,-1,-3,-6,9,0
1563815722088853,0,-2,0,1,1,2,-5,-3
1563815722102843,0,0,-2,-2,3,-1,-12,-1
1563815722102843,-2,-1,-1,-1,-1,8,-6,-2
1563815722109838,0,-1,-2,-3,-1,-7,13,3
1563815722109838,-1,1,2,3,1,-4,0,1
1563815722134823,-2,1,2,2,0,-3,10,-3
1563815722134823,0,1,1,-1,1,6,-11,-1
1563815722134823,-3,-3,-3,-1,-2,6,3,1
1563815722134823,-1,-3,-3,-3,-2,-14,0,0
1563815722157812,0,-2,0,-2,0,5,-7,-1
1563815722157812,-2,0,-1,-1,0,-1,-3,-3
1563815722157812,-1,1,1,0,-1,-3,1,0
1563815722157812,0,-2,-2,-2,-1,2,-1,-1
1563815722162812,0,-2,-1,-3,-3,2,-2,-2
1563815722162812,1,-2,-1,0,-2,-13,20,4
1563815722169804,-1,-2,-6,-4,-3,-7,7,1
1563815722169804,-2,0,-1,2,-1,-5,8,0
1563815722184796,-1,0,-2,-2,2,-4,-15,-2
1563815722184796,0,1,1,1,-2,9,5,0
1563815722185795,-1,-1,-1,-4,-3,-7,-1,-2
1563815722185795,0,0,-2,-1,-1,5,8,-1
1563815722208782,-1,-1,1,2,0,-14,-11,-2
1563815722208782,0,-1,-1,-2,2,7,-10,-3
1563815722208782,0,0,0,1,0,-4,3,1
1563815722208782,-1,-1,-3,-3,1,6,-5,1
1563815722222776,-2,1,-2,2,-2,6,1,0
1563815722222776,0,-2,-1,1,-1,2,-29,-5
1563815722223774,0,-1,0,-1,-2,6,1,-1
1563815722223774,0,-3,-2,-1,1,-4,-4,-2
1563815722244763,-2,2,1,1,1,5,0,-1
1563815722244763,0,-2,-1,-1,0,1,5,1
1563815722245761,1,-1,0,1,2,7,9,2
1563815722245761,0,2,2,-2,-3,-5,-13,-4
1563815722268768,0,-1,-2,-3,1,10,-14,-1
1563815722268768,-1,-1,-2,0,-2,-3,-7,0
1563815722269747,0,1,-2,-1,-1,-2,-4,-3
1563815722269747,-1,0,0,1,-1,-2,0,-4
1563815722282739,-1,-3,-2,-1,-2,0,9,-3
1563815722282739,-2,-3,-2,1,2,-8,11,1
1563815722283739,0,0,0,-3,-4,10,-9,1
1563815722283739,1,-2,-2,0,-1,1,2,2
1563815722305728,0,1,0,1,-1,-10,-4,-4
1563815722305728,-1,1,0,1,-1,1,-2,-1
1563815722305728,-3,-2,-3,-2,-1,-4,7,1
1563815722305728,-3,-2,-3,-2,-3,-8,-1,-2
1563815722328714,1,-3,-4,-6,-4,2,-1,2
1563815722328714,0,2,1,0,2,4,-3,-1
1563815722329712,-3,0,1,4,-4,-8,2,0
1563815722329712,0,-1,-2,-3,-2,-1,6,0
1563815722342706,0,-1,-1,-1,0,5,-8,0
1563815722342706,1,-3,-1,-3,-1,3,1,-1
1563815722343706,0,0,-1,1,4,6,3,0
1563815722343706,1,-1,1,0,-3,9,-21,-3
1563815722365694,-1,-1,-1,-2,0,-8,6,-1
1563815722365694,-1,-3,-4,-3,-2,-4,3,1
1563815722366692,-1,1,2,3,4,0,-6,-4
1563815722366692,-1,0,2,2,1,-5,10,0
1563815722388678,-2,-1,-1,-2,-2,7,-10,-3
1563815722388678,-1,1,-3,-1,-4,-9,2,-3
1563815722389678,0,-1,1,0,-1,0,-5,-1
1563815722389678,-2,-1,-4,-5,0,9,-5,-3
1563815722410667,-2,-1,0,4,2,-15,1,0
1563815722410667,0,-2,0,-1,1,2,5,0
1563815722411666,-1,-1,-1,-2,-1,-10,-10,-2
1563815722411666,-1,0,-2,-3,-5,-4,16,3
1563815722425658,0,-2,1,-1,0,10,4,2
1563815722425658,-1,0,-1,-2,1,4,-8,-3
1563815722425658,-2,-1,-4,-2,-5,-15,20,1
1563815722425658,-1,-3,-1,0,2,6,-3,-1
1563815722448646,1,-1,-1,0,0,-8,2,-1
1563815722448646,1,1,1,2,-2,-7,0,0
1563815722449643,0,-1,0,-1,0,9,-16,-1
1563815722449643,-2,-3,0,-1,-1,-6,-5,-2
1563815722463637,-1,-1,-8,-1,-1,-6,20,3
1563815722463637,-1,0,0,-2,-2,-3,-1,0
1563815722470633,-1,-2,-2,-4,-4,-10,-1,-1
1563815722470633,0,-2,-1,0,1,-7,-3,-2
1563815722485642,1,0,3,-1,1,18,4,-1
1563815722485642,0,-1,-1,1,0,-9,-8,-3
1563815722485642,0,-2,-3,-8,-12,-8,-4,2
1563815722485642,-2,0,-1,4,0,-3,-2,-1
1563815722508614,-3,1,0,1,2,0,-2,-2
1563815722508614,-1,-1,-3,-3,-4,5,2,0
1563815722509610,-2,-2,0,3,7,6,1,0
1563815722509610,0,0,-1,-3,-3,-2,4,1
1563815722523602,-1,-2,3,-1,-5,-5,-7,0
1563815722523602,-2,0,0,0,3,5,-3,-2
1563815722523602,0,-3,-2,-2,-1,-3,6,0
1563815722523602,0,0,1,-1,-1,4,-4,0
1563815722545590,-3,-2,-2,-1,0,-14,3,-2
1563815722545590,0,-1,-1,-2,-1,2,-10,-3
1563815722545590,-1,1,0,-1,-2,4,3,-1
1563815722545590,0,-2,-1,0,-3,-3,14,3
1563815722568575,-1,1,1,-1,-1,-1,4,3
1563815722568575,-1,-2,-3,-2,-3,-7,4,1
1563815722569575,0,-2,-1,0,3,10,-9,-4
1563815722569575,0,-1,-2,-1,3,8,-7,-2
1563815722582568,0,-1,-3,-1,-5,-16,-1,2
1563815722582568,-1,-1,2,1,-1,9,-2,-2
1563815722583574,-1,-1,-1,-1,-1,-4,-1,0
1563815722583574,-2,0,0,-2,-2,-3,-4,-6
1563815722605555,0,-2,-3,-2,-3,1,-1,-1
1563815722605555,0,0,-1,1,3,3,2,0
1563815722605555,0,-1,-1,-1,1,1,0,-3
1563815722605555,0,-2,0,2,3,0,-3,-2
1563815722635538,0,1,-1,-1,-6,11,-17,-1
1563815722635538,-1,0,-2,-2,-1,2,-7,-1
1563815722636538,-1,0,2,1,-2,-6,-5,0
1563815722636538,0,1,0,0,0,1,-1,-1
1563815722644532,-2,-1,-2,0,3,-2,1,-1
1563815722644532,-2,0,0,-1,-2,-2,0,0
1563815722645531,-1,1,-3,-3,0,12,-39,-12
1563815722645531,-3,-1,0,2,-1,9,-12,-5
1563815722665521,-1,-1,1,0,2,4,4,-1
1563815722665521,1,-1,-3,-5,-3,2,-5,-2
1563815722666520,0,0,-1,-4,2,12,-2,2
1563815722666520,-1,-1,1,4,1,-3,6,3
1563815722688509,-1,-1,0,1,2,3,-7,-3
1563815722688509,-1,-1,-3,-4,-7,-4,2,-1
1563815722689507,-2,-1,-2,1,-1,-7,11,2
1563815722689507,1,-1,-2,-2,0,-7,-12,1
1563815722711494,-1,-1,1,0,2,3,4,-1
1563815722711494,-1,-1,0,0,0,-6,5,0
1563815722712495,0,1,0,0,-4,-6,10,0
1563815722712495,-2,-3,-2,-4,-4,0,0,1
1563815722725485,-2,-1,-1,2,0,-3,-4,-3
1563815722725485,-1,0,0,-1,0,1,-2,-2
1563815722732482,-2,-1,-1,2,0,1,4,0
1563815722732482,1,2,4,1,3,2,-2,0
1563815722748473,0,0,-1,-8,-6,-8,-6,-2
1563815722748473,-2,-1,-1,-1,-1,0,1,1
1563815722749472,-3,-1,-4,0,0,-6,0,-1
1563815722749472,-2,0,-4,-3,-4,-13,14,0
1563815722762465,2,2,0,1,2,13,-18,-3
1563815722762465,0,-2,1,1,2,13,-11,-2
1563815722770461,-2,-4,-2,-2,1,6,17,4
1563815722770461,0,2,1,0,-3,-13,-2,-1
1563815722785453,-1,-1,-2,-1,-1,-10,20,2
1563815722785453,-2,-1,-2,-1,2,2,3,0
1563815722786451,-1,0,2,1,-3,-10,-11,-2
1563815722786451,1,-2,-2,0,0,9,4,-1
1563815722808440,-1,-3,-3,-3,-3,-7,7,2
1563815722808440,0,-1,0,1,-3,-6,0,0
1563815722809437,1,0,-1,1,3,-4,12,1
1563815722809437,-2,-3,-5,-2,-4,-3,-2,1
1563815722822438,-1,1,3,3,1,0,-7,-2
1563815722822438,-1,-1,0,0,1,-2,4,-1
1563815722830458,-1,0,-1,-1,1,-1,-7,-1
1563815722830458,0,-2,-2,-4,0,4,1,-3
1563815722846452,0,-4,-5,-5,-5,3,18,6
1563815722846452,-2,0,1,-1,1,7,-49,-10
1563815722846452,-1,-1,1,2,0,-4,-4,-4
1563815722846452,-1,-2,-1,0,3,13,-12,-2
1563815722868465,-2,-1,-1,-2,-3,-7,10,2
1563815722868465,3,0,0,-1,-2,-2,8,1
1563815722869405,-2,-1,0,1,-3,-9,-6,-1
1563815722869405,-2,1,1,-1,1,8,-2,-4
1563815722882404,-1,-1,0,0,0,-2,-6,-4
1563815722882404,-2,-2,-4,0,2,0,12,2
1563815722890433,-1,-1,0,-1,0,0,-3,-2
1563815722890433,0,-1,-1,-3,-11,-14,9,1
1563815722906384,1,2,-1,1,2,5,4,2
1563815722906384,-2,0,-3,-3,-1,-6,-10,-5
1563815722906384,0,-2,0,0,-4,1,9,1
1563815722906384,-3,1,0,-1,2,-5,-1,-1
1563815722928371,0,-3,-1,0,-1,0,0,-1
1563815722928371,-2,-2,-1,-4,-5,-6,8,0
1563815722929377,-1,-2,-4,-4,-3,-3,-3,-1
1563815722929377,0,-1,1,5,3,4,-5,-2
1563815722942362,-2,-1,-1,1,0,2,-4,-4
1563815722942362,-1,0,-1,-1,-2,-9,13,4
1563815722950400,-1,-1,0,-3,-3,1,-7,-5
1563815722950400,-1,1,1,-2,-1,0,3,-1
1563815722966348,-2,0,1,1,0,-8,-3,-3
1563815722966348,-1,-2,-2,0,4,9,0,1
1563815722966348,0,1,1,-2,-3,0,-2,1
1563815722966348,0,-2,-4,-5,-9,-7,5,-1
1563815722988395,0,0,3,4,2,1,-5,-1
1563815722988395,-1,-1,-3,-1,1,-7,5,0
1563815722989335,-1,-1,-3,-2,3,10,-3,-1
1563815722989335,-2,1,0,1,-5,-1,4,-1
1563815723011345,-1,-1,-2,-1,0,-3,-13,-3
1563815723011345,-1,-1,-1,0,-3,-1,4,2
1563815723011345,1,-2,-3,0,-3,-6,3,2
1563815723011345,1,-1,-3,0,4,6,2,2
1563815723024355,1,-2,-3,-9,-6,2,1,0
1563815723024355,-2,-1,1,0,6,4,-2,-4
1563815723034308,-2,-1,-1,0,0,-4,1,0
1563815723034308,-1,-1,1,-1,-6,0,-2,-3
1563815723048300,0,-1,-3,0,1,0,1,1
1563815723048300,1,1,2,0,0,-1,-4,-3
1563815723063295,0,-1,0,0,1,-2,0,-1
1563815723063295,-1,-1,-2,-4,-2,-1,-3,-1
1563815723070289,0,1,0,1,2,7,-21,-4
1563815723070289,-2,1,-1,-1,-3,1,5,0
1563815723078292,-2,1,2,1,0,-7,-9,-7
1563815723078292,-2,-1,-2,2,3,2,0,0
1563815723085283,-3,0,-2,-4,-2,3,-2,-1
1563815723085283,-1,0,1,3,1,-5,-6,-3
1563815723092276,-2,-2,-1,0,1,-4,7,0
1563815723092276,0,-1,3,2,4,7,-20,-2
1563815723116300,0,-1,-1,-3,-2,4,6,-1
1563815723116300,-2,-3,-4,-3,-7,-18,-4,-2
1563815723117265,0,-1,0,1,0,4,10,2
1563815723117265,-1,-2,-3,-6,-6,-12,-2,-1
1563815723131256,-1,0,0,1,1,4,6,0
1563815723131256,0,1,2,1,-2,-1,1,-1
1563815723132253,0,-1,-2,-2,-1,3,0,0
1563815723132253,1,-1,-1,3,4,3,3,0
1563815723146245,-4,0,-1,-4,-4,-12,-11,-6
1563815723146245,-1,-1,-3,0,2,11,7,1
1563815723147244,-2,-1,-1,-1,-5,-8,-2,-2
1563815723147244,1,0,-2,-4,-3,4,8,1
1563815723168234,0,-3,-1,0,-3,-16,23,3
1563815723168234,-2,-2,-5,-3,-1,4,-1,-2
1563815723170234,0,0,-1,0,3,6,3,1
1563815723170234,0,-2,-2,0,1,-4,-7,-2
1563815723191280,0,1,3,0,1,3,-4,0
1563815723191280,0,0,1,1,0,2,2,-1
1563815723197215,0,-1,0,1,-4,0,-2,0
1563815723197215,-1,0,0,-2,-3,-5,0,-1
1563815723205210,-1,0,-3,-3,-1,2,-2,-2
1563815723205210,0,-1,-1,-3,-6,-14,18,1
1563815723212246,-3,0,0,-2,-1,-5,1,-5
1563815723212246,-2,-1,-1,-2,-2,-1,2,-1
1563815723228211,-1,-1,-2,3,5,15,-9,-2
1563815723228211,0,0,1,-1,-5,-13,-12,-1
1563815723230217,-2,0,1,-2,0,1,8,0
1563815723230217,0,-1,-2,0,0,-6,-3,0
1563815723250225,-1,-1,-2,0,-2,7,12,1
1563815723250225,0,0,-2,1,0,1,-4,2
1563815723258224,0,1,-2,-1,5,7,-4,-1
1563815723258224,-1,-1,-1,0,-3,-10,-1,1
1563815723265236,1,-2,0,-2,-2,-3,-15,-3
1563815723265236,-1,-2,-3,-4,-4,-4,3,-1
1563815723272171,-1,-1,-1,1,1,10,-13,-1
1563815723272171,0,-1,-2,0,6,4,4,0
1563815723288167,-1,-3,-2,0,-6,-12,0,-1
1563815723288167,0,-2,2,0,4,8,-6,-1
1563815723290162,-1,0,3,-2,-4,-4,-1,-3
1563815723290162,-1,-1,-6,-7,-6,1,1,0
1563815723326146,-3,0,1,1,1,-3,-7,-1
1563815723326146,0,1,1,0,3,1,0,-3
1563815723335136,0,-2,-1,4,1,0,1,3
1563815723335136,-1,-1,0,0,-1,-4,-5,-3
1563815723336136,-1,-1,-1,-4,-3,-7,5,-1
1563815723336136,0,-2,0,1,3,15,-17,-4
1563815723339134,1,0,-2,-3,0,4,-16,-4
1563815723339134,0,1,2,0,0,22,-11,-3
1563815723348189,-2,0,-1,0,2,-9,-3,-3
1563815723348189,-2,-2,-1,0,-2,-2,4,1
1563815723350130,-1,-1,-1,-2,-3,-6,-3,0
1563815723350130,2,-2,2,0,3,-1,2,2
1563815723371176,0,-1,-1,-1,-2,6,3,3
1563815723371176,-1,-1,-2,-2,-1,-1,3,1
1563815723372119,-2,-5,-4,-4,-11,-24,16,2
1563815723372119,-2,0,-1,2,4,0,8,-2
1563815723385168,-1,-2,-2,0,1,-5,3,0
1563815723385168,-1,-2,-1,-3,-3,9,-6,-3
1563815723392105,0,0,-2,-5,-2,0,3,0
1563815723392105,0,-2,-2,-4,-6,-4,-9,0
1563815723409095,0,-1,-1,0,2,3,-7,-1
1563815723409095,-1,-2,-4,0,-3,-9,4,0
1563815723416091,0,1,0,4,3,8,1,-1
1563815723416091,0,-1,4,2,3,4,4,0
1563815723431086,0,1,-2,-2,-3,-16,-13,-3
1563815723431086,0,-1,1,1,-1,0,5,1
1563815723432083,-2,-1,-3,-4,1,0,-3,-3
1563815723432083,1,-1,2,2,0,3,-10,-1
1563815723445134,0,-2,0,-1,-3,2,4,-1
1563815723445134,-2,-2,-4,-2,1,2,2,-1
1563815723452129,0,-3,-3,-2,-2,-7,-13,-1
1563815723452129,-2,-2,-2,-1,-1,-5,6,-1
1563815723469101,0,0,0,1,0,10,-2,2
1563815723469101,-1,0,-1,-2,-4,3,-12,-3
1563815723471060,-1,-3,-3,-4,1,1,5,0
1563815723471060,-2,0,-1,-1,-4,-11,-5,-1
1563815723491049,-2,0,-2,-1,0,-3,2,0
1563815723491049,-2,0,0,1,2,-6,7,0
1563815723493048,0,-1,2,3,3,11,-7,0
1563815723493048,0,-2,0,-1,-1,-6,3,0
1563815723505041,-2,0,2,3,2,3,2,-1
1563815723505041,1,-1,-3,-3,-1,-8,-1,0
1563815723520032,-1,0,0,1,1,2,-1,-1
1563815723520032,-2,0,1,0,-1,2,-25,-4
1563815723528026,1,0,-3,-2,-1,0,1,-2
1563815723528026,-1,0,-1,-2,-1,0,0,0
1563815723530025,0,-1,0,-1,0,1,1,0
1563815723530025,0,-1,-3,-2,-2,0,6,1
1563815723551036,-1,-2,-2,-1,0,0,0,0
1563815723551036,-1,0,1,5,5,2,-1,-3
1563815723553012,1,-2,-2,-6,-8,-7,-1,-1
1563815723553012,-2,0,-2,-1,-1,-11,18,0
1563815723565065,1,1,2,-2,0,11,-9,-4
1563815723565065,-1,0,-3,-4,-11,-12,-17,-3
1563815723581003,-2,0,-2,-2,-1,-4,-1,2
1563815723581003,0,-1,0,5,4,0,20,2
1563815723588052,0,-2,-1,1,0,3,-2,0
1563815723588052,1,0,2,0,3,6,7,3
1563815723589994,-1,0,0,2,0,-8,-9,-4
1563815723589994,-3,-2,-3,-6,-5,-4,-2,0
1563815723612000,-1,0,4,2,3,9,-7,-3
1563815723612000,0,-3,-3,-4,-3,4,3,1
1563815723618977,-1,-2,0,-2,-1,1,5,0
1563815723618977,-1,0,1,3,2,0,1,0
1563815723641022,-4,-1,1,-1,-5,-18,-4,-2
1563815723641022,-1,1,1,-1,2,2,-18,-7
1563815723642960,-1,-1,-1,-1,-1,4,4,1
1563815723642960,0,-2,-2,-3,-3,4,-3,-1
1563815723655993,1,-1,-3,-1,0,-2,8,0
1563815723655993,-3,-2,0,0,-5,-10,3,1
1563815723657952,0,-1,-4,-1,-1,-3,-2,-2
1563815723657952,0,0,-1,-2,1,9,-15,-3
1563815723671005,-1,-2,-3,-4,-1,2,6,1
1563815723671005,-1,-1,0,3,-1,-9,0,-2
1563815723672943,0,1,3,3,3,5,-10,-5
1563815723672943,0,-2,0,-1,-3,-12,12,1
1563815723684998,0,-2,-2,2,3,5,-14,-1
1563815723684998,-2,-1,-3,0,1,3,9,3
1563815723693932,-2,-1,0,0,-1,-4,3,2
1563815723693932,-2,-2,0,-4,-7,-19,11,-2
1563815723708924,0,1,-1,1,4,4,2,1
1563815723708924,2,-1,-2,-2,-4,1,2,0
1563815723709930,0,-2,-4,-2,-1,-2,-3,1
1563815723709930,-1,-1,-1,1,2,7,1,0
1563815723730910,0,-2,-2,-3,-3,-17,-4,-2
1563815723730910,-1,-1,-4,-2,-6,-3,1,1
1563815723732911,-2,0,-1,-2,-1,4,-4,-2
1563815723732911,-1,0,0,2,3,11,-2,0
1563815723744902,-1,-3,-1,-4,-5,-8,0,-1
1563815723744902,0,-3,-2,0,4,9,0,0
1563815723753897,0,-1,-1,-2,-1,-1,7,0
1563815723753897,0,0,0,0,0,-2,-11,-3
1563815723768893,-2,-1,-3,-5,-5,-2,13,5
1563815723768893,-1,0,0,0,-1,-9,2,1
1563815723769887,-3,-3,-2,-3,-7,0,2,-2
1563815723769887,-1,-1,-1,-2,-1,3,0,2
1563815723798876,0,-1,2,2,-1,-7,-3,-2
1563815723798876,0,-2,-2,-1,-2,0,3,-1
1563815723799870,-2,0,-2,-1,-1,-8,8,0
1563815723799870,-1,-1,1,1,0,-1,-8,0
1563815723804871,0,0,-1,-4,0,14,-4,2
1563815723804871,-1,0,1,1,2,2,-2,-1
1563815723813862,0,-1,-2,-3,-1,0,-5,-2
1563815723813862,-1,1,-2,2,-4,-1,-13,-3
1563815723828866,0,2,-1,-2,1,1,4,-1
1563815723828866,-2,-1,1,3,-1,-8,1,0
1563815723829853,0,1,0,-1,2,16,-21,-1
1563815723829853,-2,-3,-3,-2,0,8,1,0
1563815723849847,-1,-2,-1,-3,-2,-4,2,-2
1563815723849847,-1,-1,0,-2,2,7,-23,-4
1563815723858836,-2,-3,0,-1,-2,-7,10,0
1563815723858836,-2,1,1,3,2,2,1,-1
1563815723864873,-1,-1,-4,-1,-4,-1,-6,-3
1563815723864873,-2,-2,-1,-1,0,-3,8,0
1563815723873831,-1,1,0,0,0,-4,-3,-2
1563815723873831,-1,1,-1,-1,0,-4,-8,-5
1563815723888819,-1,-2,-3,-2,-4,-1,6,0
1563815723888819,0,0,1,-2,1,2,1,-3
1563815723889826,0,0,1,2,1,3,5,0
1563815723889826,-1,-3,-4,-5,-7,-19,-9,-1
1563815723910845,0,0,-2,0,1,0,1,0
1563815723910845,-2,-2,-1,-3,-4,-4,5,0
1563815723912827,0,0,1,1,2,1,15,3
1563815723912827,1,-3,-4,-4,-6,-7,2,0
1563815723933792,-1,0,0,1,0,-3,-4,-3
1563815723933792,0,1,0,0,0,3,1,-1
1563815723935791,-1,-1,-1,-1,-2,-11,2,0
1563815723935791,0,-2,-1,1,4,11,-3,1
1563815723948784,0,-2,-2,-3,-3,-6,1,-1
1563815723948784,1,0,0,1,-1,3,2,2
1563815723950784,-2,-1,-2,-2,-3,-5,-2,-2
1563815723950784,-1,0,1,0,1,0,5,0
1563815723970774,-2,0,2,3,3,4,-13,-5
1563815723970774,-1,1,-5,-6,-2,2,1,-1
1563815723972770,0,-3,-1,1,-3,-4,-11,-3
1563815723972770,-2,-1,1,0,-1,-8,3,1
1563815723993815,0,-1,0,-1,1,12,-3,-2
1563815723993815,-1,-1,-1,-2,-2,-6,2,-1
1563815723994761,-2,-2,-2,-1,-2,1,-4,-2
1563815723994761,1,-1,-2,-1,6,6,6,0
1563815724008807,0,0,2,1,-2,-10,4,0
1563815724008807,-1,-2,-3,-6,-12,-4,-2,0
1563815724009752,1,-1,0,0,7,27,0,3
1563815724009752,-1,0,1,-1,-4,-23,-25,-6
1563815724030740,0,-1,-2,-2,2,3,2,1
1563815724030740,1,-1,1,3,2,-2,-5,0
1563815724032738,-1,0,-1,-1,-1,-3,5,0
1563815724032738,-2,1,0,-1,-1,-6,17,2
1563815724053784,-2,0,0,-1,0,7,-13,-2
1563815724053784,-2,-2,-2,-1,-2,-10,13,1
1563815724054727,0,-2,-1,0,-1,-3,-7,-1
1563815724054727,-1,0,0,-1,0,4,1,0
1563815724075772,1,-2,-5,-2,-8,-13,1,-2
1563815724075772,0,0,-1,1,4,8,-3,0
1563815724077712,-2,0,-1,1,-2,-15,11,0
1563815724077712,1,1,-1,-6,-2,8,-5,-4
1563815724098712,0,-2,0,-2,2,-5,-2,-1
1563815724098712,1,-1,3,2,0,8,-7,-2
1563815724099699,1,-2,-1,-2,-7,-7,-4,-2
1563815724099699,-2,-1,-3,-1,-1,6,0,1
1563815724113692,-2,-3,-3,-2,0,7,8,-1
1563815724113692,0,-1,1,-1,0,-17,-7,-2
1563815724114691,-2,0,0,-1,1,-1,-3,0
1563815724114691,-1,-3,1,3,-2,-8,2,-2
1563815724127714,2,-1,-3,-6,-3,0,2,1
1563815724127714,-1,-1,0,1,0,-2,-6,-1
1563815724134710,1,1,2,1,0,6,-2,-3
1563815724134710,-1,0,-3,0,-2,7,0,0
1563815724150673,-1,1,1,1,1,-5,3,0
1563815724150673,0,-1,-2,-2,-2,0,1,-1
1563815724152667,0,0,0,0,1,12,-13,-1
1563815724152667,-1,0,1,1,1,0,1,-1
1563815724173658,-1,-1,-3,-2,-4,-2,-1,-1
1563815724173658,0,-1,-2,-2,0,2,1,-1
1563815724174655,-2,0,-2,-1,2,-4,-1,-1
1563815724174655,0,-1,-2,0,-6,-1,0,-1
1563815724187670,-1,-1,0,-1,-4,2,-1,0
1563815724187670,-1,-3,-2,-4,-2,-1,-4,-1
1563815724194684,0,-2,0,-4,-1,3,7,0
1563815724194684,0,0,2,5,5,1,-4,-1
1563815724211673,-1,-2,-1,1,0,-8,-1,-1
1563815724211673,-2,-1,-3,-4,-5,-1,-2,0
1563815724216630,-1,-1,0,-1,-1,-3,3,0
1563815724216630,0,0,0,-2,0,6,1,-1
1563815724234620,-2,1,2,3,0,1,-5,-1
1563815724234620,-2,-1,-2,-3,-1,-12,0,-1
1563815724235621,0,-3,-4,-3,-2,-3,-1,0
1563815724235621,0,-1,1,-3,-2,1,1,0
1563815724247673,-1,0,2,4,5,12,10,2
1563815724247673,-1,-2,-2,1,-1,-8,-11,0
1563815724255611,-1,0,0,-4,-2,-5,2,-2
1563815724255611,0,-2,-5,0,4,-1,-1,2
1563815724270601,0,-2,0,-4,-8,-4,0,0
1563815724270601,-1,-1,-2,0,-2,6,5,0
1563815724272601,-2,-2,-2,3,-4,-3,-1,-2
1563815724272601,-2,-1,-2,-3,3,-3,-8,-2
1563815724300643,0,0,0,-2,2,-2,-2,-2
1563815724300643,-1,1,1,0,0,4,-1,-2
1563815724302583,-1,-1,0,-2,-2,-5,-3,0
1563815724302583,0,0,1,2,-1,3,5,-1
1563815724307587,0,-1,0,2,2,6,-16,-4
1563815724307587,0,-2,-1,0,-2,-4,-1,0
1563815724314612,-1,-2,-2,-5,-5,0,2,-1
1563815724314612,-1,0,2,2,0,0,-5,-3
1563815724331566,-2,-2,-3,-1,-4,-17,8,1
1563815724331566,0,-1,0,0,4,8,0,1
1563815724337562,0,-1,-1,1,5,1,-6,-2
1563815724337562,1,0,1,0,-4,-6,2,2
1563815724353552,-2,-1,-2,-3,-8,-13,7,-1
1563815724353552,-2,-1,-3,1,-1,16,-7,-2
1563815724355551,1,1,1,0,0,-13,-7,0
1563815724355551,-1,-2,-4,0,0,6,2,-1
1563815724367545,0,-1,-3,-1,4,2,-6,-1
1563815724367545,-2,1,1,0,0,2,7,-2
1563815724374542,0,-1,0,-1,-1,6,5,0
1563815724374542,0,-1,-1,-1,-4,-4,-7,-3
1563815724390554,0,0,2,3,4,0,1,2
1563815724390554,0,-3,-4,-4,-2,-8,2,0
1563815724392530,-2,-1,0,-1,-2,-3,-2,-3
1563815724392530,0,-2,-1,-1,-1,-2,7,-1
1563815724414516,-1,0,-3,-1,-1,0,-4,-2
1563815724414516,-2,-1,0,-1,2,0,1,-1
1563815724415517,-1,2,-1,1,-4,-2,-3,-1
1563815724415517,-1,-2,-2,-5,-8,5,3,-1
1563815724428509,0,-1,-2,-1,-2,-12,-5,0
1563815724428509,-1,0,0,0,1,9,-13,-1
1563815724436504,-2,2,2,4,3,1,-1,0
1563815724436504,-3,-1,-2,0,5,3,4,-1
1563815724451503,-2,-1,-2,-5,-7,-4,-8,-3
1563815724451503,1,1,0,1,-7,-6,5,1
1563815724452495,0,-1,0,1,0,1,-1,0
1563815724452495,0,-2,-2,-4,1,-1,4,2
1563815724473483,0,-1,-3,-2,0,1,-1,-2
1563815724473483,-1,-1,-2,-2,-1,-15,8,-1
1563815724475482,0,-2,-3,0,1,0,-4,-1
1563815724475482,-2,-2,-1,-2,-3,1,2,1
1563815724487536,-1,0,2,2,1,4,5,-1
1563815724487536,-1,1,0,-4,-9,-10,-4,-1
1563815724496473,-1,-3,-2,-2,0,1,1,2
1563815724496473,0,-1,-1,-3,-1,-3,-3,-1
1563815724518471,0,-2,-2,-1,4,5,-1,-1
1563815724518471,0,0,0,-1,1,5,-3,-2
1563815724520480,-1,-1,0,-1,-4,-4,2,-1
1563815724520480,-1,0,1,4,6,3,-4,-1
1563815724541446,1,-1,0,1,-7,-2,0,1
1563815724541446,-2,-2,-4,-4,2,1,-1,-2
1563815724542444,-1,-2,-3,2,0,6,2,-2
1563815724542444,0,0,3,4,-14,-4,0,1
1563815724547443,-3,0,-3,-6,-1,-1,-1,1
1563815724547443,-2,-4,-5,-3,24,4,-3,-4
1563815724556438,0,1,1,2,2,6,3,3
1563815724556438,-8,0,1,7,-19,-8,-3,-6
1563815724570438,6,-4,-4,-4,5,-1,-4,-1
1563815724570438,-4,-3,-8,-13,-19,-16,-7,-2
1563815724577426,-2,-1,-1,-2,-1,-5,-3,-2
1563815724577426,3,-1,-2,-3,-6,-7,-1,2
1563815724601421,-5,-1,1,5,-5,5,4,0
1563815724601421,1,2,5,6,1,4,1,-1
1563815724602413,2,2,3,3,6,5,1,0
1563815724602413,-4,-2,-4,-4,-1,-2,-3,-3
1563815724607407,-2,-1,-5,-3,-5,-2,1,-1
1563815724607407,2,3,2,8,12,10,4,1
1563815724616403,-3,1,1,-4,-13,-7,-7,-3
1563815724616403,1,1,-1,-3,6,-1,-4,-1
1563815724639396,-1,-3,-4,-4,5,0,3,0
1563815724639396,0,0,-1,1,-6,7,3,3
1563815724640388,-2,-3,-1,0,-2,1,2,-2
1563815724640388,0,0,-1,-6,2,-14,-8,-4
1563815724653414,1,-1,3,7,3,-4,-1,2
1563815724653414,0,-1,-1,2,-3,10,10,-1
1563815724655382,-3,-5,-6,-8,-5,-10,-8,-2
1563815724655382,-1,-1,-2,0,7,-4,9,-2
1563815724667412,0,1,1,1,-8,-2,-2,-5
1563815724667412,1,0,3,-2,-3,-8,-6,-1
1563815724676368,-1,-1,-3,1,5,1,12,3
1563815724676368,0,-2,0,-2,3,7,0,-2
1563815724691391,-1,0,2,-1,-8,-11,3,1
1563815724691391,-3,-2,0,-2,-3,2,-9,-2
1563815724692360,1,-1,-3,1,2,-3,1,0
1563815724692360,1,0,-2,0,1,7,3,5
1563815724713347,-4,1,3,0,2,1,-4,-12
1563815724713347,-2,-2,-2,-1,-1,-3,-20,-6
1563815724715346,-1,-1,-3,0,0,-1,16,9
1563815724715346,1,0,-1,-1,2,-1,-20,-4
1563815724727398,1,1,1,3,5,9,17,4
1563815724727398,0,-1,-2,-1,-4,-1,2,7
1563815724742330,-2,0,0,-2,-4,-16,-30,-20
1563815724742330,-2,-2,-5,-2,2,9,2,0
1563815724751325,1,0,-3,-3,-6,-2,8,6
1563815724751325,-1,-2,-3,-3,-5,-12,13,13
1563815724752326,-2,-1,0,-2,0,5,-6,-22
1563815724752326,-2,-2,1,-1,1,-7,-9,3
1563815724773313,0,-2,-2,-1,7,17,5,5
1563815724773313,1,1,3,-2,-3,-7,14,-9
1563815724775312,0,-1,-2,-1,-5,1,-21,25
1563815724775312,1,1,1,1,-1,-3,11,-2
1563815724787307,-4,1,1,0,-1,-7,-6,-15
1563815724787307,-6,-1,-2,-3,1,3,-12,-8
1563815724796306,-3,-2,-3,-3,8,7,-11,-9
1563815724796306,1,2,5,10,-1,-8,16,6
1563815724811351,-3,-4,-4,-3,-8,-12,-21,12
1563815724811351,1,-4,-6,-5,-4,1,17,-3
1563815724812294,5,4,6,2,5,16,4,-7
1563815724812294,2,1,-3,1,8,17,20,7
1563815724833298,-5,-4,-1,-4,-11,-29,-50,-2
1563815724833298,-4,-1,-3,4,-1,-6,4,-13
1563815724835282,-2,-1,0,-1,1,-1,32,29
1563815724835282,0,-4,-7,-13,-9,-3,31,-6
1563815724847329,3,4,5,7,7,3,-12,-1
1563815724847329,8,2,2,3,12,22,-24,35
1563815724856264,-6,-1,0,-1,-9,-4,32,2
1563815724856264,-5,-1,-2,-4,6,7,-21,-23
1563815724871298,-12,-6,-7,-9,-11,-12,-8,-45
1563815724871298,-10,-6,-4,0,-4,-11,-69,-16
1563815724872255,1,3,4,7,9,-1,-23,-25
1563815724872255,2,0,-3,-2,-4,-3,16,15
1563815724893243,-1,0,-4,-3,-1,3,9,-3
1563815724893243,3,-2,-1,-4,-8,-5,40,14
1563815724895242,8,2,0,-1,-4,-2,-8,17
1563815724895242,-15,-5,-1,1,-1,-5,-49,-42
1563815724907235,5,0,-2,-3,3,3,0,19
1563815724907235,0,1,0,2,1,3,2,-20
1563815724916245,3,-1,-3,-4,-5,-1,16,31
1563815724916245,-1,1,2,3,3,14,-23,0
1563815724931254,3,3,2,5,5,3,32,18
1563815724931254,-3,-2,0,-3,0,11,-21,-30
1563815724932226,-4,-3,-4,2,4,0,22,-26
1563815724932226,19,6,3,1,-2,-18,-31,51
1563815724953268,-6,-2,4,-5,-14,-4,7,-14
1563815724953268,4,3,2,7,0,-7,17,23
1563815724955209,-15,-9,-9,-7,-3,1,3,-43
1563815724955209,7,3,7,14,13,3,46,14
1563815724976199,1,0,-7,-11,0,5,-55,-6
1563815724976199,-4,-5,-4,-5,-6,-14,21,5
1563815724977196,-4,2,2,6,3,-3,-5,-12
1563815724977196,5,-6,-9,9,8,-6,18,28
1563815724992187,1,0,7,6,9,4,48,-3
1563815724992187,5,2,-1,-5,-5,7,-6,21
1563815724998184,3,0,-1,-12,-23,-16,30,25
1563815724998184,-10,-9,-8,3,-6,-20,-5,3
1563815725013183,2,-1,1,7,14,16,27,20
1563815725013183,-12,-8,-10,-20,-17,2,22,2
1563815725015173,7,7,5,5,3,-31,-60,-26
1563815725015173,-6,0,-1,-10,-11,2,-19,-13
1563815725036162,0,-1,-6,6,4,-1,-27,-16
1563815725036162,-7,-1,5,14,11,-6,3,1
1563815725038161,2,-2,-2,-8,2,27,34,19
1563815725038161,12,3,-1,-6,-3,-9,-43,21
1563815725051184,-10,-4,-1,-6,-1,11,9,-36
1563815725051184,-2,3,-2,2,6,2,-27,-31
1563815725052152,3,2,9,12,7,-9,-42,3
1563815725052152,0,2,-2,-14,-21,0,-1,-52
1563815725073141,4,-3,-4,1,-1,0,37,48
1563815725073141,-5,-2,-1,2,5,2,-3,-3
1563815725075140,-8,-5,-5,1,0,0,-21,-23
1563815725075140,-2,1,3,10,8,-3,6,25
1563815725096127,7,5,4,3,8,-5,35,-22
1563815725096127,1,1,3,2,-2,14,-39,-27
1563815725097128,1,-5,-11,-16,-9,-5,4,15
1563815725097128,-12,-4,-1,-1,-1,24,60,5
1563815725110120,-8,-8,-7,-10,-12,-32,-96,-27
1563815725110120,5,3,6,3,7,1,52,29
1563815725117117,-5,-4,0,0,-7,-7,-33,-21
1563815725117117,-4,-4,-5,-3,2,0,3,-16
1563815725133110,4,1,0,8,8,14,43,31
1563815725133110,-10,-6,-6,-2,-1,-9,-12,-33
1563815725135107,15,5,1,2,4,14,61,42
1563815725135107,0,-1,-1,-5,-2,-12,-61,20
1563815725156092,2,-1,-2,-9,-12,-5,20,26
1563815725156092,-4,-1,-1,-6,-5,-8,-17,1
1563815725162092,-8,-2,-4,-4,1,2,26,-1
1563815725162092,1,-1,0,-2,2,13,46,-23
1563815725170106,0,2,1,3,5,8,-31,-16
1563815725170106,4,1,-1,-2,-6,-10,-16,11
1563815725177081,3,0,1,6,8,19,36,25
1563815725177081,-4,1,2,-2,-2,-9,-23,-18
1563815725193071,-3,-1,-2,-4,-4,-2,-21,-4
1563815725193071,3,-1,-1,3,1,1,40,19
1563815725195070,1,0,-1,-2,0,-2,-20,2
1563815725195070,-1,1,1,-3,-2,2,-24,-20
1563815725216099,-2,-2,-5,-3,-6,-7,7,-1
1563815725216099,4,-1,-2,-2,1,-1,-13,-7
1563815725217057,-9,-1,-1,-2,-4,-17,-4,-19
1563815725217057,4,2,2,0,2,10,27,24
1563815725246040,-10,-4,0,3,-1,-4,-52,-36
1563815725246040,-4,-2,-4,-6,-4,-3,-4,-7
1563815725248039,-2,-4,-3,-2,-7,-7,2,5
1563815725248039,-6,0,1,4,3,-3,0,-17
1563815725253058,-1,1,-1,-1,0,0,15,4
1563815725253058,4,-2,-1,-5,-3,-3,-14,3
1563815725255040,-6,-6,-2,3,1,-1,19,-5
1563815725255040,1,-1,-1,0,6,8,-19,11
1563815725276045,-3,2,2,5,-2,-2,-36,-24
1563815725276045,4,-1,-2,-8,-4,11,28,0
1563815725278022,1,2,4,9,1,-5,-28,-4
1563815725278022,-5,-4,-4,-8,-7,-6,10,1
1563815725290019,0,-1,-2,-1,1,2,15,14
1563815725290019,-1,0,-1,3,4,2,9,6
1563815725297033,0,-1,-1,-2,0,0,-16,-5
1563815725297033,-2,-2,-2,0,-2,-8,-7,-5
1563815725313011,1,-2,-2,-5,-4,-2,6,-1
1563815725313011,0,-1,1,3,3,-3,9,2
1563815725315002,-2,-1,-5,-2,4,12,13,8
1563815725315002,-1,0,1,5,-5,-8,-11,-14
1563815725335989,2,-4,-8,-18,-12,0,10,20
1563815725335989,-5,-1,-2,5,4,3,0,-1
1563815725337988,-2,2,5,4,2,-7,-25,-27
1563815725337988,-1,-1,-3,-6,-3,0,6,-4
1563815725349981,1,0,6,9,8,8,50,7
1563815725349981,-4,-3,-4,0,1,5,-3,-17
1563815725357009,6,1,4,2,-7,-21,-45,24
1563815725357009,-8,-2,-2,1,-6,-7,-7,-16
1563815725373969,7,4,2,0,3,25,5,17
1563815725373969,-1,-4,-5,-5,-3,-10,29,19
1563815725374968,-1,4,5,14,11,6,-24,-29
1563815725374968,-1,-1,0,-4,4,0,13,0
1563815725395961,1,-2,-2,-4,-11,-12,-16,4
1563815725395961,2,1,0,2,3,-2,2,6
1563815725397954,-2,-2,-2,-5,-6,3,11,-7
1563815725397954,-1,0,-2,-5,-5,-8,-15,-1
1563815725409947,-6,-3,-2,1,6,0,7,-12
1563815725409947,1,2,0,-5,-6,0,-9,-1
1563815725424940,-2,-2,-2,-2,-3,-5,7,-2
1563815725424940,-2,-3,-2,-3,-2,-2,-13,4
1563815725433932,-2,0,0,2,7,6,16,0
1563815725433932,10,3,6,6,0,2,5,17
1563815725434933,-4,-7,-11,-17,-10,1,-13,-8
1563815725434933,0,-1,-1,5,4,-10,-5,-8
1563815725454924,2,0,-1,-4,-4,-2,-5,11
1563815725454924,-3,2,2,-1,-5,-8,-13,-14
1563815725463915,-1,-2,0,0,5,23,48,10
1563815725463915,4,4,4,2,4,11,-40,-10
1563815725469912,-7,-6,-7,-2,-8,-21,30,5
1563815725469912,-2,0,1,3,1,6,-4,-15
1563815725484904,8,-2,-3,-6,-6,-11,-11,26
1563815725484904,4,1,1,-3,-3,16,41,16
1563815725493901,-1,2,2,3,4,-4,-53,-9
1563815725493901,-6,0,-3,-1,-3,-10,-7,-19
1563815725494901,-6,-2,-2,1,0,-4,3,-3
1563815725494901,5,0,-1,-3,4,8,48,16
1563815725523894,-2,-1,3,3,-1,-6,-55,-7
1563815725523894,0,1,1,-4,-10,-5,-1,1
1563815725524880,-2,0,-2,-2,-1,-8,-29,-9
1563815725524880,-6,-3,-3,0,-1,9,24,5
1563815725529898,4,0,-2,-2,2,4,24,9
1563815725529898,-4,-1,-2,1,4,-4,-22,-18
1563815725538873,1,-1,-2,-3,-3,2,25,13
1563815725538873,2,-2,-2,-1,-4,-4,6,2
1563815725560859,-4,-1,-1,-3,-4,2,-11,-11
1563815725560859,-3,-2,-1,6,2,-13,13,5
1563815725562858,6,0,-1,-6,1,8,-15,0
1563815725562858,-7,-6,-9,-9,-1,-1,-3,-4
1563815725575874,6,2,1,3,2,9,-14,-5
1563815725575874,-9,-4,-1,-2,-13,-10,-13,-12
1563815725577854,-5,0,0,1,3,1,15,-5
1563815725577854,-4,0,0,4,4,-6,-5,-5
1563815725589849,5,1,-2,-2,0,-2,17,2
1563815725589849,-4,-4,-3,-2,6,0,-26,-8
1563815725598838,4,1,1,-3,-8,-10,-9,7
1563815725598838,-1,-3,0,-2,-7,-6,0,-1
1563815725613851,-2,-2,-2,4,1,7,32,11
1563815725613851,3,1,1,-4,0,-3,-5,5
1563815725614829,-6,-4,-6,-7,-6,-7,-8,-16
1563815725614829,2,0,1,1,0,-7,-5,-1
1563815725635816,-4,-1,-2,-6,1,4,17,2
1563815725635816,5,0,-4,-3,-2,4,3,21
1563815725637816,-2,-2,1,3,-4,-6,2,-1
1563815725637816,-6,-1,-2,-3,2,0,-14,-17
1563815725649815,-3,-1,-1,4,0,-7,-6,8
1563815725649815,0,1,3,2,2,0,-8,-2
1563815725665799,-6,-5,-6,-8,-10,-8,25,1
1563815725665799,1,0,1,7,9,15,-9,-11
1563815725673816,3,0,3,6,0,-19,-10,8
1563815725673816,-1,-2,-7,-8,-11,0,16,6
1563815725674794,-2,1,-1,1,4,1,-1,-3
1563815725674794,-3,-2,-1,-1,-6,-17,1,-2
1563815725695803,-2,-1,-1,1,5,11,-3,-9
1563815725695803,2,-1,1,-1,4,1,29,9
1563815725697802,1,0,-1,0,-1,0,-15,2
1563815725697802,2,0,-1,-4,1,3,1,6
1563815725709775,-7,-4,-3,1,-6,-13,-7,-17
1563815725709775,-1,-1,-2,-1,-5,-5,-16,-5
1563815725718771,-4,-3,0,-3,2,4,12,-2
1563815725718771,1,3,2,2,2,1,13,7
1563815725740758,-1,1,0,0,-2,7,0,2
1563815725740758,6,2,3,2,4,1,-9,11
1563815725742757,3,1,-2,-1,4,1,-9,8
1563815725742757,-5,-5,-2,-2,-8,-12,-8,-12
1563815725755757,-2,2,1,2,2,7,11,-14
1563815725755757,4,1,-1,-7,0,12,11,24
1563815725757748,-2,3,1,7,4,6,-23,-33
1563815725757748,9,2,0,-6,-9,-13,2,42
1563815725778766,-5,-4,-6,-11,-7,-1,-12,-14
1563815725778766,0,-2,0,6,5,3,-6,1
1563815725779736,-3,-2,0,0,0,-4,4,-8
1563815725779736,-2,-1,-1,3,4,8,-5,-9
1563815725792727,6,1,1,-1,6,3,26,28
1563815725792727,-1,-2,1,5,1,-5,-15,-20
1563815725800729,-6,-3,-4,-10,-13,-4,11,-2
1563815725800729,0,0,-2,1,0,2,-8,-7
1563815725815715,0,0,-2,-6,-7,-9,-9,5
1563815725815715,-3,1,-1,-3,1,8,24,-2
1563815725817713,5,1,4,8,5,-5,21,16
1563815725817713,-5,-1,0,-1,0,0,-32,-15
1563815725829711,-1,-1,-1,-3,-2,-5,10,1
1563815725829711,1,-1,-1,-1,-3,1,12,12
1563815725838706,-3,-3,-1,-4,-6,-4,-18,-14
1563815725838706,1,-2,-1,-1,-1,0,10,1
1563815725854692,2,-2,0,3,2,5,15,12
1563815725854692,0,1,-1,1,3,5,-40,-31
1563815725866684,-2,-1,-2,-11,-5,5,-11,13
1563815725866684,0,-1,0,3,3,17,19,2
1563815725883680,-3,-2,-6,-15,-17,-15,-29,1
1563815725883680,-1,-1,-2,1,0,-3,42,2
1563815725884677,9,5,4,7,8,-1,-34,11
1563815725884677,-7,-4,-4,-7,-14,-11,-5,-8
1563815725898665,3,1,4,6,6,7,8,2
1563815725898665,-5,-3,-3,-6,-5,-5,-7,-6
1563815725899665,2,0,-1,7,8,3,0,-2
1563815725899665,3,1,2,0,1,-6,12,9
1563815725913679,-4,-2,0,1,1,0,-4,-12
1563815725913679,-1,-1,0,-10,-7,-4,-1,3
1563815725914664,-1,-1,0,3,4,13,5,-3
1563815725914664,-1,0,-1,-2,-4,-18,13,13
1563815725935667,0,-1,-1,0,-1,12,-25,-23
1563815725935667,-3,-1,-2,3,6,1,5,8
1563815725937652,-2,-2,-1,1,-2,-2,15,-13
1563815725937652,-1,0,-2,-2,-2,3,-18,3
1563815725965650,0,-2,1,-1,-1,-6,4,5
1563815725965650,0,-1,0,0,-1,-1,-13,-6
1563815725973623,0,0,0,1,-1,9,-14,8
1563815725973623,-3,-2,-2,0,2,5,5,-11
1563815725974621,0,1,2,1,2,-5,-27,-3
1563815725974621,-4,-3,-3,-3,-6,0,20,5
1563815725976625,-1,-2,-1,-2,-1,-2,23,10
1563815725976625,1,1,1,4,5,-10,-31,-11
1563815725995609,2,0,-1,-1,-4,-20,54,17
1563815725995609,1,-1,0,3,3,10,-41,-8
1563815725997610,-4,-1,-1,0,2,0,-3,-23
1563815725997610,-5,-1,1,-1,0,-3,0,-6
1563815726026595,-2,-4,-2,-1,-1,-8,-4,4
1563815726026595,1,-1,1,1,-1,1,28,2
1563815726028592,3,1,1,-4,1,11,-29,3
1563815726028592,0,0,0,1,2,8,6,5
1563815726032591,-6,-3,-2,-3,-7,-12,-2,-17
1563815726032591,0,1,1,2,1,-3,-4,6
1563815726039586,-4,-1,-2,-1,-2,-7,-18,-16
1563815726039586,-2,-2,-4,-3,-5,-2,18,-1
1563815726055598,2,0,2,2,2,7,-1,10
1563815726055598,0,-1,0,0,0,14,-9,-6
1563815726057575,-2,-3,-4,-6,-7,-33,-2,-8
1563815726057575,0,-1,-1,1,1,3,-12,-5
1563815726078585,0,0,-2,1,2,3,-9,0
1563815726078585,0,-2,-1,4,1,-5,13,1
1563815726079562,-3,-2,-2,-4,-6,0,-2,-2
1563815726079562,3,-1,-3,-3,-3,-6,8,5
1563815726093555,-3,-2,-3,-3,-1,18,-3,-6
1563815726093555,-2,1,0,2,2,-6,-20,-8
1563815726100550,2,-1,-2,-1,2,-3,18,17
1563815726100550,-4,-3,1,5,1,-2,-6,-13
1563815726115544,1,1,-5,1,0,3,-13,-8
1563815726115544,-2,-2,0,-1,-1,-9,16,9
1563815726115544,-6,-4,-6,-10,-11,-13,4,-5
1563815726115544,1,0,-2,-6,1,1,-12,-10
1563815726137529,1,0,2,2,-1,9,2,4
1563815726137529,-2,-2,0,1,0,-16,7,-1
1563815726138528,5,1,4,4,4,17,-15,13
1563815726138528,1,-1,-3,-3,-3,-10,8,0
1563815726160538,-2,1,2,-2,4,19,-14,-9
1563815726160538,-1,-1,-5,-1,1,-15,3,6
1563815726161517,0,1,1,-1,1,1,18,-1
1563815726161517,-1,-1,-1,0,-3,5,-3,-2
1563815726183525,3,2,7,15,6,-15,0,0
1563815726183525,1,-1,-4,-16,-9,8,6,6
1563815726184502,-1,-1,-1,-4,-3,-18,-4,5
1563815726184502,-5,-3,-2,-1,-3,5,4,-10
1563815726197517,3,1,-7,-13,-7,-18,-3,4
1563815726197517,0,1,5,9,3,13,-20,-14
1563815726198494,-2,2,3,3,-1,6,-8,-8
1563815726198494,5,2,2,-2,2,-8,12,22
1563815726213484,-1,-3,-2,4,1,2,-15,3
1563815726213484,-2,-1,-4,-10,-11,-11,-17,-9
1563815726220503,-1,-1,-6,-4,-2,0,23,1
1563815726220503,-2,-3,-2,1,-3,-16,-12,0
1563815726235476,-2,-1,1,0,5,13,16,1
1563815726235476,2,0,1,3,7,7,-9,-4
1563815726236472,0,0,3,8,5,4,1,-1
1563815726236472,0,0,0,2,2,-12,6,6
1563815726257463,-1,-4,-9,-12,-6,7,14,6
1563815726257463,-6,-4,-2,1,-4,-11,-12,-10
1563815726258459,4,1,3,2,-1,-16,1,4
1563815726258459,-5,-1,-4,-6,-3,16,25,-3
1563815726272458,1,1,2,-3,-6,-10,-8,-3
1563815726272458,4,0,-4,-4,-4,8,7,13
1563815726280448,-10,-5,-7,-2,-3,-13,-46,-30
1563815726280448,-4,1,2,5,6,2,-27,-7
1563815726295443,4,-1,-2,-2,3,15,19,2
1563815726295443,1,0,3,-1,-1,-16,6,1
1563815726296438,2,2,6,12,8,26,17,0
1563815726296438,7,3,-2,-5,-5,-12,-3,13
1563815726317447,-3,-1,3,4,4,8,-19,-11
1563815726317447,1,-1,-1,-1,-1,-16,7,2
1563815726318424,-2,-8,-10,-6,2,8,-24,-3
1563815726318424,-2,3,5,19,13,5,22,-4
1563815726332418,4,0,-3,-4,-3,-6,3,16
1563815726332418,-5,-5,-5,-12,-20,-13,2,-4
1563815726340417,-1,1,3,-7,-6,12,-3,-6
1563815726340417,2,-1,-1,-2,-1,12,0,-4
1563815726355409,-5,-2,-3,3,3,-7,17,-10
1563815726355409,0,-1,-1,1,9,4,-32,-5
1563815726356413,-3,-2,-1,4,3,-8,22,11
1563815726356413,-2,-1,0,-6,-10,-13,-43,-15
1563815726377392,3,0,3,5,4,14,23,14
1563815726377392,-7,0,1,-1,-4,5,-19,-31
1563815726378413,1,-4,-7,-7,-8,-11,12,8
1563815726378413,3,-3,-1,1,1,2,-16,5
1563815726392382,-8,-2,3,1,-2,-1,-2,-19
1563815726392382,6,3,2,-3,-3,-5,26,19
1563815726400400,2,2,-2,-4,-2,-6,12,5
1563815726400400,-2,-3,-6,-9,-3,7,9,2
1563815726415393,-1,-2,-6,-5,-3,-22,-4,-2
1563815726415393,0,0,5,10,6,9,-6,-2
1563815726416371,0,2,-3,-6,-6,4,12,1
1563815726416371,-1,-3,-5,-12,-8,-6,-1,-1
1563815726437357,-2,-1,1,-1,-2,-3,3,-2
1563815726437357,-4,0,2,12,6,-12,-13,-8
1563815726438357,3,0,0,-1,4,21,38,18
1563815726438357,0,-2,-2,-5,-7,-24,-47,-10
1563815726452349,-3,1,2,0,-3,-5,-15,-6
1563815726452349,0,-3,-6,-5,-1,7,18,4
1563815726460344,-3,-3,0,4,2,-12,-17,-2
1563815726460344,2,-2,3,8,10,41,36,2
1563815726475338,-1,1,2,-3,-1,14,-40,-5
1563815726475338,0,-1,-4,-8,-6,-7,-11,8
1563815726476335,0,2,4,9,7,7,5,-6
1563815726476335,-1,0,5,12,7,-13,29,6
1563815726497353,-2,-3,-6,-10,-5,5,-5,-3
1563815726497353,2,1,0,-2,0,12,6,2
1563815726498321,1,-4,-2,-3,-3,-14,6,7
1563815726498321,-4,0,1,2,0,2,-11,-5
1563815726512343,-1,-3,-2,4,2,-12,12,12
1563815726512343,-3,-3,-1,3,6,14,16,-18
1563815726520339,-1,2,2,-4,-7,-8,-39,-1
1563815726520339,-1,0,1,-3,-3,-4,-5,-3
1563815726535331,0,0,1,2,0,1,-1,2
1563815726535331,-4,-4,-5,-6,-3,8,3,1
1563815726536318,2,1,1,1,3,-9,2,-2
1563815726536318,-3,-5,-7,-8,-4,0,-12,-7
1563815726557291,-1,-1,-1,5,1,-9,4,-2
1563815726557291,1,1,-1,-4,-7,15,-3,2
1563815726558287,3,2,4,6,7,2,-15,2
1563815726558287,-1,-1,-4,-10,-8,-4,9,2
1563815726572281,-3,-1,-2,-8,-7,-7,4,-6
1563815726572281,-2,-2,-3,1,1,-9,11,5
1563815726580305,-1,-3,-7,-1,1,6,9,2
1563815726580305,4,2,2,6,4,22,-15,6
1563815726595271,-2,0,2,2,1,-9,2,-2
1563815726595271,1,1,2,-4,-3,-6,1,-1
1563815726596266,-1,-1,-2,-4,-5,3,3,-2
1563815726596266,-2,-2,0,3,2,-11,21,4
1563815726618252,-3,2,8,6,2,-4,-33,-21
1563815726618252,3,0,0,-1,0,0,-1,7
1563815726618252,-2,-2,-5,0,5,3,17,0
1563815726618252,-2,-1,-4,-9,-4,9,-11,-4
1563815726633244,1,-2,-2,-2,-5,-14,-7,3
1563815726633244,-3,-2,-2,-3,-1,-14,-4,3
1563815726640240,-1,-1,1,0,-1,1,-3,-6
1563815726640240,-5,-2,1,1,-3,-8,6,-1
1563815726655233,2,-3,-4,-7,-5,13,15,4
1563815726655233,-2,1,2,5,1,-19,-15,-4
1563815726656239,1,-2,-2,-9,-10,1,19,3
1563815726656239,-2,-1,1,3,-2,-16,-21,-8
1563815726677219,-1,-2,-6,-6,3,8,6,-2
1563815726677219,3,2,0,0,2,0,16,9
1563815726685218,-4,-3,3,1,-2,2,-24,-6
1563815726685218,1,-1,-1,0,1,8,18,3
1563815726692213,-3,-2,-2,-1,-5,-18,5,-2
1563815726692213,3,0,1,1,7,17,6,12
1563815726700208,-6,-1,-4,-4,-3,-22,-23,-29
1563815726700208,-1,-1,-3,-3,-2,1,2,-5
1563815726715227,1,0,-2,-2,0,-10,2,5
1563815726715227,-2,-1,1,-2,-5,5,10,-5
1563815726716199,1,1,0,5,2,6,8,11
1563815726716199,1,-1,-1,0,2,2,-12,-3
1563815726738184,-5,-4,-4,0,-6,-14,-25,-8
1563815726738184,0,-1,-2,-2,-1,4,-2,-1
1563815726738184,1,-1,1,-3,-1,1,3,3
1563815726738184,1,-1,4,1,1,0,5,-2
1563815726752177,0,-1,-3,-2,4,11,17,6
1563815726752177,1,0,0,3,5,6,-7,-5
1563815726760201,1,-1,-1,5,0,-1,-20,-4
1563815726760201,0,1,-2,-4,0,5,31,15
1563815726775168,1,0,0,-8,-10,-2,-15,2
1563815726775168,-5,-4,-6,0,-1,-14,-26,-10
1563815726776162,1,0,-1,-5,-3,2,11,5
1563815726776162,4,3,1,6,7,-4,1,5
1563815726798153,-9,-3,0,3,4,10,0,-19
1563815726798153,1,-1,-6,-3,-2,-2,2,-9
1563815726799149,-1,-2,1,-4,-10,-5,-14,-5
1563815726799149,1,0,-2,-2,-7,1,3,9
1563815726812171,1,-3,-1,3,2,-2,13,8
1563815726812171,-1,-1,-1,0,2,5,0,3
1563815726820156,0,0,-4,0,4,-2,12,3
1563815726820156,-3,-2,0,-4,-4,-3,3,-4
1563815726835158,4,2,-2,-2,-7,5,11,10
1563815726835158,-2,-2,-1,0,-2,-7,-29,-10
1563815726836127,-1,-4,-1,1,1,1,9,-6
1563815726836127,1,1,1,0,0,-2,2,-1
1563815726858145,-3,-3,-3,-4,2,-1,-14,0
1563815726858145,-2,0,-1,0,-4,1,5,2
1563815726859114,-2,0,0,-2,-1,0,5,7
1563815726859114,0,1,1,-1,-2,0,-9,-13
1563815726881103,2,2,1,6,3,8,3,-3
1563815726881103,-1,-1,-3,-3,-2,-2,-4,10
1563815726882102,-2,1,3,-1,1,1,-6,-5
1563815726882102,0,0,-2,-1,-1,-6,-2,0
1563815726895097,-3,-3,0,3,0,-6,10,-9
1563815726895097,-5,-1,-1,-10,-9,3,-6,-4
1563815726896097,2,4,2,6,4,4,0,1
1563815726896097,1,-1,-3,-5,-1,1,3,6
1563815726918081,1,-1,-3,2,2,-7,-7,5
1563815726918081,-1,0,7,12,8,-6,6,2
1563815726919080,-2,-2,-6,-3,0,13,16,-4
1563815726919080,-2,-1,0,-4,-7,0,-19,-1
1563815726941067,-2,-1,1,-2,0,-1,-9,-5
1563815726941067,-1,-4,-4,-3,-3,-5,3,6
1563815726942078,3,0,-2,3,2,4,12,9
1563815726942078,-5,-2,0,4,3,-1,-25,-13
1563815726955059,0,-1,-2,3,1,-1,6,1
1563815726955059,2,-3,-2,-2,-2,-3,6,2
1563815726963055,1,-2,-3,-4,-5,1,12,12
1563815726963055,1,0,-3,2,3,3,3,3
1563815726978076,0,4,2,-1,-1,-4,-17,-6
1563815726978076,1,2,3,0,-1,-7,6,2
1563815726979047,0,0,1,-1,2,1,-1,2
1563815726979047,-3,-2,-3,-7,-10,2,-11,-4
1563815727001032,1,2,1,4,5,13,-12,-9
1563815727001032,0,0,-1,-2,-1,-6,4,-2
1563815727002033,-1,-2,-2,-7,-1,-6,-17,0
1563815727002033,-1,0,3,6,1,2,6,0
1563815727015044,-1,-3,-3,-6,-5,-1,3,3
1563815727015044,-4,2,4,5,2,6,6,-9
1563815727016025,-2,-4,-6,-5,-6,-12,-12,-12
1563815727016025,-1,-3,-1,0,4,-5,18,13
1563815727039015,-3,0,0,-7,-6,-1,-11,-4
1563815727039015,-1,1,-2,-1,-4,-4,-1,-2
1563815727039015,-3,-1,-3,2,0,-6,-2,-5
1563815727039015,-1,0,0,-5,1,9,4,1
1563815727061005,1,0,4,15,7,5,-5,3
1563815727061005,-1,-4,-2,-3,4,-8,-9,0
1563815727062000,-1,-1,0,-7,-10,3,2,-5
1563815727062000,1,-1,-4,-6,-3,-3,-2,7
1563815727075991,-2,-3,-2,-5,-3,3,9,-2
1563815727075991,-2,-2,-8,-1,0,-12,-2,-5
1563815727076992,0,4,6,5,5,-3,-16,-4
1563815727076992,0,-2,-5,-4,-7,-6,5,-3
1563815727098979,0,-1,-5,-5,-2,0,7,6
1563815727098979,1,0,-1,-4,0,7,3,-2
1563815727098979,-1,-1,2,6,4,14,-14,6
1563815727098979,-4,-1,-2,-2,-7,-5,-3,-4
1563815727119966,0,0,-5,-10,-4,-8,-10,-1
1563815727119966,1,1,6,15,6,9,3,0
1563815727127965,2,2,2,-1,4,-1,11,-1
1563815727127965,-3,-2,-2,-7,-13,-8,-32,-10
1563815727134956,-1,-1,-1,-4,-4,-8,0,-2
1563815727134956,-1,-4,-4,-8,-5,3,0,4
1563815727135957,-1,-1,0,0,1,-1,-2,1
1563815727135957,0,-1,-2,4,6,-2,10,-5
1563815727158942,1,2,2,2,0,-12,7,0
1563815727158942,1,0,-2,1,-1,0,-11,-1
1563815727158942,-1,-2,-3,-5,-5,0,2,-1
1563815727158942,0,3,6,6,2,-12,7,4
1563815727180935,0,1,-3,-3,-5,-1,-5,0
1563815727180935,1,0,-2,-2,1,2,3,3
1563815727181938,-2,-2,-2,1,1,1,5,0
1563815727181938,0,-3,-3,5,0,-6,-4,2
1563815727194931,1,-2,-2,-6,-8,2,-8,-11
1563815727194931,2,2,2,7,0,5,10,3
1563815727195923,-2,-1,-2,-4,-2,-9,-7,1
1563815727195923,-1,-3,-2,1,3,4,-11,-6
1563815727218942,-4,-2,1,-1,0,8,21,-2
1563815727218942,0,-4,-6,-11,-7,-4,-1,11
1563815727218942,-4,-2,1,4,1,-2,3,-9
1563815727218942,1,2,-2,-1,3,5,-2,4
1563815727240929,-1,-4,-3,0,-2,-4,-4,4
1563815727240929,-2,0,0,-1,-1,0,3,-5
1563815727241902,-4,-1,0,6,4,9,-21,-5
1563815727241902,0,1,-4,-4,-1,-1,16,0
1563815727254890,2,-2,2,-2,-4,-3,21,13
1563815727254890,-1,1,5,3,5,3,-44,-7
1563815727255904,-1,-1,-3,-6,-8,-6,-7,-4
1563815727255904,-4,-3,-5,-7,-1,6,-4,-17
1563815727278875,-1,-3,-1,7,5,8,2,6
1563815727278875,-1,-1,1,-1,-1,0,20,4
1563815727278875,2,1,-1,4,5,2,2,4
1563815727278875,-1,-1,3,2,5,2,-6,-1
1563815727300864,-3,-3,0,-11,-11,-9,-11,-1
1563815727300864,-3,-1,-1,4,-2,-1,8,-7
1563815727301864,1,-3,-4,-4,-2,-6,3,9
1563815727301864,-1,-3,0,-1,2,-2,7,2
1563815727314862,-1,1,1,8,5,-4,-9,-1
1563815727314862,0,0,2,-1,-1,2,-1,-5
1563815727315854,-3,-5,-1,-3,-5,-5,2,-6
1563815727315854,-1,-2,-5,-7,-4,-6,-1,0
1563815727338840,2,2,1,8,2,-1,-6,-3
1563815727338840,-2,-2,-1,-1,0,10,5,-4
1563815727338840,3,0,-2,-1,-4,-14,-3,3
1563815727338840,-2,0,1,-2,-4,3,21,5
1563815727368823,1,1,-3,-3,-3,-2,-8,-6
1563815727368823,-4,-2,0,3,3,-5,-8,-7
1563815727368823,3,3,3,1,1,2,12,3
1563815727368823,-2,-4,-4,0,3,7,-4,3
1563815727374821,-2,-1,-3,-10,-7,-12,-3,-5
1563815727374821,1,-2,-3,-7,-6,7,-6,6
1563815727375820,-3,-2,-2,-2,-3,2,0,-8
1563815727375820,-3,0,-2,-4,-1,-4,-7,-4
1563815727405802,1,1,5,19,14,13,-2,4
1563815727405802,-2,0,-3,-6,-5,-10,-5,-4
1563815727406804,-3,-4,-5,-1,-3,6,5,-4
1563815727406804,2,0,-1,1,-3,-7,-4,1
1563815727420799,-1,2,3,2,3,-10,-7,-1
1563815727420799,0,-2,-5,-6,-9,-5,-2,-1
1563815727421794,-3,-1,-2,-3,2,14,9,2
1563815727421794,1,2,1,5,-2,-5,-2,-3
1563815727434786,0,-1,5,-3,-2,-5,-26,-8
1563815727434786,-5,-1,-3,0,1,-7,10,-5
1563815727443782,2,3,1,0,-1,3,6,5
1563815727443782,-1,-5,-5,-5,-3,-10,7,6
1563815727457774,-1,0,-5,-9,-4,2,3,-8
1563815727457774,5,0,4,14,5,-1,-10,14
1563815727465768,-3,-2,-1,0,-2,-11,-9,-18
1563815727465768,1,2,-2,-8,-9,-1,-16,0
1563815727480791,-1,-2,-3,-1,-1,-1,8,2
1563815727480791,0,-1,-4,-11,-3,-4,1,5
1563815727481759,-2,-4,0,1,-2,-7,8,3
1563815727481759,-3,-1,3,5,4,4,11,-6
1563815727494759,-1,0,-5,-2,0,-4,-5,1
1563815727494759,-3,-4,-1,1,3,3,-2,-4
1563815727502748,0,2,6,8,4,2,-3,-2
1563815727502748,-2,1,3,-4,-4,-7,-19,-8
1563815727518739,-1,-6,-2,-1,-2,5,18,7
1563815727518739,0,2,-1,1,0,-3,-21,-15
1563815727519738,0,-1,-1,-6,-8,-9,6,13
1563815727519738,-1,-2,-1,-1,3,5,0,-5
1563815727540733,-1,-1,-2,10,4,-4,-3,-7
1563815727540733,1,-1,1,-3,-4,3,3,-8
1563815727542726,-1,-2,-4,-5,1,5,-7,-1
1563815727542726,-3,-2,-1,0,-1,2,-1,2
1563815727554718,1,0,-2,-1,-1,2,16,9
1563815727554718,0,-3,-4,-3,0,-6,9,-3
1563815727563715,-2,0,0,2,-1,6,-20,-8
1563815727563715,3,0,1,3,2,-4,6,5
1563815727578704,-1,-2,-3,-4,4,11,2,3
1563815727578704,-3,-1,-2,-7,-10,-11,26,5
1563815727579703,-1,-3,-2,3,-2,-18,-15,-8
1563815727579703,2,-1,0,3,0,6,14,12
1563815727600690,3,4,-2,-8,-6,-3,-12,2
1563815727600690,-2,1,4,10,2,3,-14,-9
1563815727602688,1,-4,-6,-6,0,-12,18,9
1563815727602688,0,2,2,7,-2,0,-10,-6
1563815727614682,-5,-8,-8,-6,1,-1,18,-1
1563815727614682,2,1,0,-6,-5,-3,-13,12
1563815727623678,-9,-5,-1,-2,-1,3,-4,-30
1563815727623678,0,-3,-2,-2,-2,0,-12,-6
1563815727638671,-1,1,4,7,3,4,10,-2
1563815727638671,-1,-3,-7,-8,-3,-5,-8,2
1563815727639668,0,3,1,5,2,2,-3,4
1563815727639668,0,4,5,2,4,17,-10,-3
1563815727660689,1,0,0,1,-1,-3,-9,-2
1563815727660689,0,2,-1,6,7,14,15,-2
1563815727662656,0,0,-3,-12,-11,-20,-16,6
1563815727662656,0,0,0,2,-2,-4,1,-3
1563815727674653,0,2,4,3,-1,1,7,5
1563815727674653,-1,-6,-2,2,2,1,5,8
1563815727700634,-1,-1,-4,-3,4,18,-1,-7
1563815727700634,-3,-1,0,0,-3,-19,-12,-3
1563815727701634,-2,-3,-3,-1,-3,-5,0,-1
1563815727701634,3,1,0,-4,1,3,6,4
1563815727704632,-1,-3,-1,0,-4,-4,1,-5
1563815727704632,-4,-2,-2,-1,0,8,-3,-7
1563815727720621,1,-1,-7,-4,-3,-7,4,7
1563815727720621,2,2,1,4,4,9,3,-5
1563815727722621,0,-1,1,3,3,6,-13,7
1563815727722621,0,-1,0,-5,-3,0,7,-4
1563815727743610,-1,0,-2,-2,0,8,0,8
1563815727743610,-3,-1,-1,0,2,-6,-10,-13
1563815727744609,-1,-1,0,-3,-3,-7,11,8
1563815727744609,3,-1,-6,-4,-11,-8,-5,-3
1563815727758601,-5,1,1,-2,-3,-1,-11,-1
1563815727758601,-2,-2,-3,3,-2,-3,5,0
1563815727759599,0,-2,-4,-1,4,8,5,3
1563815727759599,0,-2,0,-1,0,1,3,-5
1563815727780608,0,-2,-2,-7,-5,-7,-4,1
1563815727780608,-4,-1,0,2,-1,-7,5,-4
1563815727782585,1,1,2,3,-1,-8,1,2
1563815727782585,0,0,-3,-6,-2,12,14,9
1563815727803577,0,-2,-1,0,-2,-6,-13,-10
1563815727803577,-3,-4,-1,-4,-4,-2,-11,-6
1563815727804573,0,2,-2,-5,0,5,-8,-5
1563815727804573,-2,-3,-2,2,0,-4,-3,0
1563815727818586,-1,1,0,1,-4,-1,3,-2
1563815727818586,0,-2,-1,-6,-5,5,-4,5
1563815727819585,0,1,-3,-3,-5,-5,1,-1
1563815727819585,1,2,5,3,5,6,1,7
1563815727840552,0,1,-1,-1,3,-2,-10,-11
1563815727840552,-1,-1,-2,-4,-2,-3,3,-3
1563815727842551,-2,-1,3,4,1,10,9,3
1563815727842551,1,-2,-3,-3,-1,-13,-2,3
1563815727863560,-3,0,1,0,0,-4,-9,-4
1563815727863560,4,0,1,1,-4,8,2,8
1563815727865537,-3,-1,-1,-2,-1,-8,-12,-15
1563815727865537,-1,1,-1,2,1,-11,19,4
1563815727878534,5,0,-2,6,6,14,13,8
1563815727878534,-1,2,2,-2,2,-2,-6,-1
1563815727879530,-2,-2,-4,-5,-12,-5,2,-9
1563815727879530,0,-1,-1,-5,-1,-5,11,0
1563815727900517,1,0,-2,-1,0,6,-14,-4
1563815727900517,-2,1,1,2,6,6,-4,-4
1563815727902516,-1,-3,-3,1,1,1,7,20
1563815727902516,-5,-5,-5,-8,-6,-9,-12,-5
1563815727923509,-2,-3,0,1,-2,-3,11,1
1563815727923509,-1,-3,-2,-1,-2,0,1,-2
1563815727925505,2,4,7,5,5,1,0,1
1563815727925505,-4,-4,-6,-7,-7,8,-7,-10
1563815727937501,2,-2,-3,-3,-4,-12,-14,6
1563815727937501,-1,-1,0,-2,-3,-4,11,1
1563815727944493,-3,-5,-3,2,-3,-7,-4,-6
1563815727944493,1,2,1,2,7,7,8,2
1563815727961482,2,-1,2,2,4,7,8,-1
1563815727961482,1,1,-1,2,-1,-11,-11,3
1563815727963481,2,-2,-4,-10,-16,-11,-4,-1
1563815727963481,-3,-2,0,1,2,7,1,0
1563815727983470,-8,-2,-4,-3,-3,-1,4,-8
1563815727983470,4,0,-1,7,5,-6,14,13
1563815727985469,1,1,2,1,3,3,-15,-2
1563815727985469,1,0,-2,-4,-8,-6,-12,6
1563815727997481,-3,-3,-5,-6,-3,2,9,-5
1563815727997481,-2,3,3,4,4,11,-11,1
1563815728004458,-1,0,1,5,4,-1,0,-2
1563815728004458,2,1,2,0,2,2,1,5
1563815728021448,-1,0,0,-6,-6,1,6,-3
1563815728021448,-4,-4,-5,-7,-3,-10,-2,-7
1563815728023446,3,2,4,9,5,8,19,12
1563815728023446,0,-1,-3,-4,-3,-9,-28,-25
1563815728043435,-2,-2,-1,-3,-2,-1,-2,0
1563815728043435,-2,-2,-2,1,-6,-5,1,-5
1563815728045434,1,2,2,-2,2,25,5,-2
1563815728045434,0,-1,-2,2,1,-15,-1,3
1563815728057428,-1,-3,0,1,-1,0,-2,4
1563815728057428,-3,-3,-2,-5,-1,-4,-15,-21
1563815728064428,0,-2,-4,-1,1,-3,12,10
1563815728064428,-5,0,3,6,4,1,4,-8
1563815728081418,4,0,-3,-6,-6,0,-12,0
1563815728081418,2,0,1,4,0,-2,7,13
1563815728082414,-3,-3,-1,2,2,-3,-7,-5
1563815728082414,4,0,0,-6,-5,6,-1,4
1563815728103401,-3,0,1,0,-3,-6,5,-8
1563815728103401,-3,-3,0,-1,-6,-7,-9,-2
1563815728105400,0,-3,-10,-11,-5,-8,0,-1
1563815728105400,-2,-2,-2,5,0,5,11,11
1563815728117412,-1,0,3,0,2,1,-11,-9
1563815728117412,-2,-1,-2,-3,0,-2,0,-6
1563815728124409,4,3,3,2,7,8,-1,7
1563815728124409,-5,-1,-2,1,0,0,-15,-15
1563815728141379,-3,-2,-2,-1,-1,3,19,7
1563815728141379,-4,1,1,-5,-3,-9,-7,-9
1563815728142379,0,-4,-4,-2,-4,-17,1,7
1563815728142379,1,3,2,2,1,8,-3,-4
1563815728163366,-1,1,2,5,4,0,-1,5
1563815728163366,-3,-2,-1,-3,3,2,-6,-9
1563815728165385,-3,-3,-1,-2,-4,1,4,6
1563815728165385,-1,-5,-5,-3,-4,1,1,6
1563815728186354,-1,1,3,-5,-8,-1,-2,-9
1563815728186354,2,0,-3,0,-2,1,3,15
1563815728187373,-2,-1,3,-5,1,-15,-18,-12
1563815728187373,-2,-7,-3,7,4,-1,6,6
1563815728201344,0,0,-4,-4,-2,-3,-1,-2
1563815728201344,3,-1,-3,-2,2,14,20,7
1563815728202344,-1,2,2,4,-2,-2,1,-5
1563815728202344,-5,-3,-3,-7,-4,-12,-16,-12
1563815728223332,1,1,1,4,5,6,-1,6
1563815728223332,-1,-3,-2,1,-3,-1,8,8
1563815728225332,-4,-4,-3,-5,-3,-3,-8,-13
1563815728225332,5,3,5,7,5,5,14,9
1563815728238324,-2,-2,-4,-4,-4,-7,-17,-16
1563815728238324,-2,-1,-3,-10,-10,-6,-8,0
1563815728244320,-2,0,0,8,6,4,9,-4
1563815728244320,0,4,3,-5,0,12,-33,5
1563815728261311,-2,-3,-2,1,4,0,0,-3
1563815728261311,-1,-3,-2,1,-3,0,-5,-7
1563815728262310,1,-5,-6,-6,-6,-3,-1,0
1563815728262310,-2,1,3,6,3,1,19,-1
1563815728283299,3,5,3,2,4,-5,2,13
1563815728283299,-1,1,0,-2,-3,-11,0,-3
1563815728285297,-1,-2,-3,-1,1,17,-11,-10
1563815728285297,0,-2,-4,1,1,-2,14,2
1563815728297290,1,0,5,3,1,2,-6,-4
1563815728297290,-1,-2,2,0,0,-2,2,2
1563815728306286,2,-1,0,-4,0,0,-2,9
1563815728306286,-5,-4,-4,1,-8,-22,2,-12
1563815728321276,-3,-2,-3,3,4,-4,-2,-3
1563815728321276,5,2,2,-2,-2,7,6,9
1563815728322276,-1,1,1,1,1,4,-10,-7
1563815728322276,-2,-3,-1,-5,-3,-2,-1,3
1563815728351260,-3,-4,-2,-3,-4,-6,-3,-6
1563815728351260,-1,-3,0,8,5,6,2,-5
1563815728352259,0,-2,-2,-4,-4,-6,-7,0
1563815728352259,4,1,-1,-7,1,-3,-1,8
1563815728357257,-3,0,1,5,1,-1,0,-4
1563815728357257,0,1,2,-1,1,-6,3,0
1563815728366253,2,1,-3,-5,-6,-5,5,5
1563815728366253,6,7,6,7,8,20,-6,3
1563815728381241,-2,-5,-3,-3,-2,-2,5,2
1563815728381241,-2,-1,-1,1,2,4,-7,-6
1563815728382241,0,2,1,-6,-9,-6,-10,3
1563815728382241,-3,-5,-8,-3,0,-2,2,-5
1563815728404228,0,1,3,-9,-10,-6,-8,-4
1563815728404228,2,0,1,6,0,5,0,7
1563815728409228,-5,0,1,-4,-2,-1,4,-9
1563815728409228,0,-4,-1,0,0,0,-3,-2
1563815728433212,1,-3,-3,-3,-2,-16,19,9
1563815728433212,-3,-2,-1,1,4,1,1,-7
1563815728435210,0,-3,-4,-4,-7,-7,5,11
1563815728435210,-2,1,0,-3,0,2,-5,-7
1563815728441208,1,-1,-4,0,-2,5,-2,-3
1563815728441208,-2,-2,1,-5,-4,-2,0,-3
1563815728442207,-2,-2,-2,7,9,3,7,2
1563815728442207,3,3,6,7,0,-6,-7,-4
1563815728463194,-2,0,-5,-9,-9,4,10,4
1563815728463194,2,-2,-5,-3,-2,2,-12,8
1563815728465195,-4,-2,3,5,3,2,-13,-6
1563815728465195,1,-1,-2,-2,1,7,-7,-3
1563815728477188,3,1,5,4,3,13,-4,3
1563815728477188,-4,-4,-4,-5,-3,-16,-6,-5
1563815728486181,1,0,0,0,-4,0,6,4
1563815728486181,-3,-1,2,6,5,2,-11,-10
1563815728501173,0,-4,-1,0,2,4,3,7
1563815728501173,-3,-5,-7,-8,-4,-1,-2,0
1563815728502172,-2,-1,1,4,5,6,-3,-6
1563815728502172,-1,-2,-3,-7,-8,-2,11,6
1563815728523179,-1,1,-2,-3,-1,-7,-6,-1
1563815728523179,-1,-1,-1,4,1,12,-5,-17
1563815728525159,5,5,3,2,1,-14,4,11
1563815728525159,-4,-3,0,2,-2,-10,-8,-6
1563815728537152,-1,0,-1,-8,-11,1,16,0
1563815728537152,-1,0,-2,-1,0,6,-3,3
1563815728546166,-3,-5,-3,-1,0,-2,8,1
1563815728546166,-1,-2,-3,-1,4,-2,9,2
1563815728561137,-2,-1,1,0,1,-6,-32,-7
1563815728561137,0,2,3,2,1,5,6,-1
1563815728562138,-1,0,-3,-3,-4,0,-12,-10
1563815728562138,2,-2,1,0,-1,-3,13,10
1563815728583126,-4,-3,-4,-3,1,5,-22,-8
1563815728583126,0,0,3,1,1,-3,-5,-1
1563815728585124,1,0,1,-3,4,5,5,-1
1563815728585124,1,-2,-2,-2,-3,-3,8,9
1563815728597118,-3,-4,-4,5,6,0,1,-8
1563815728597118,-4,-2,-4,-9,-10,-15,4,-5
1563815728606114,-2,2,1,-1,-3,2,2,-4
1563815728606114,1,1,0,1,-1,3,0,4
1563815728621105,2,1,0,1,0,-7,8,0
1563815728621105,0,-1,-2,2,1,4,-1,4
1563815728627119,-1,-1,2,2,2,-1,4,1
1563815728627119,-2,-2,-3,-4,-1,2,3,-4
1563815728643092,-3,-2,-2,1,0,-4,-6,0
1563815728643092,-2,2,1,-6,-9,-12,11,-2
1563815728645091,0,-3,-9,-1,0,10,0,0
1563815728645091,-1,0,0,-4,-1,-6,-12,-9
1563815728657083,2,-1,1,6,0,-2,3,10
1563815728657083,-1,-1,-4,-5,-6,-9,0,3
1563815728666078,-2,-1,0,3,1,1,-4,-6
1563815728666078,0,2,1,-2,-1,-6,6,8
1563815728681069,-4,-4,1,7,5,10,-2,-14
1563815728681069,-1,-2,0,-3,-2,6,1,0
1563815728682069,1,-1,-3,-8,-6,-6,-6,0
1563815728682069,-2,-4,-5,-3,-1,1,-5,-5
1563815728703061,2,-1,-4,-4,-2,-2,8,12
1563815728703061,-4,0,7,9,5,5,-11,-9
1563815728705057,-3,-4,-2,-1,1,-4,7,2
1563815728705057,-3,-3,-2,-2,-4,-2,0,-3
1563815728717050,1,3,-4,-10,-6,-3,-6,1
1563815728717050,1,0,3,8,5,-7,-6,1
1563815728726044,-2,0,-1,-6,-3,18,12,0
1563815728726044,-4,-1,-3,-1,-3,-10,-17,-9
1563815728741035,0,0,0,0,-1,10,-1,0
1563815728741035,0,1,1,0,5,-3,-8,-2
1563815728742037,0,-1,2,5,-1,-6,-3,-3
1563815728742037,4,-1,-2,-1,1,7,8,12
1563815728763041,-2,0,-4,-1,-4,-10,-14,-2
1563815728763041,-3,-4,-6,-9,-7,-3,1,-8
1563815728765021,1,-2,0,-6,-7,-7,7,8
1563815728765021,1,2,2,3,4,11,9,-5
1563815728793010,0,1,3,4,1,3,-8,-7
1563815728793010,1,-1,-5,-2,-2,-1,-5,9
1563815728795004,-3,-2,1,1,1,-8,-2,-13
1563815728795004,3,2,2,1,-1,10,11,13
1563815728801004,-1,-3,2,-1,-2,-14,2,-3
1563815728801004,-1,-3,-6,1,0,3,6,-2
1563815728803000,2,2,2,-3,1,0,-16,6
1563815728803000,-4,-1,-4,-6,-8,-2,-4,-3
1563815728823008,-4,-1,1,2,0,-2,0,-4
1563815728823008,0,-1,-2,0,0,0,10,5
1563815728824987,0,-1,2,7,5,3,-4,0
1563815728824987,-2,-3,0,-1,-1,1,-4,-10
1563815728845995,-2,-4,-6,-4,-2,-13,-12,-1
1563815728845995,-1,0,-2,-9,-4,0,9,1
1563815728847976,1,0,1,-7,-6,-1,-17,-4
1563815728847976,-2,-1,-4,1,-1,0,9,3
1563815728860985,0,-3,1,0,2,1,9,0
1563815728860985,0,-2,-3,0,1,1,-13,-2
1563815728862964,-2,-2,-4,3,-2,-13,5,0
1563815728862964,-3,1,1,-2,-4,-4,-5,-7
1563815728882973,3,0,1,2,4,6,18,9
1563815728882973,1,2,4,2,1,6,-17,-6
1563815728884954,-1,-4,-5,-4,-2,-3,6,-1
1563815728884954,-3,-4,-5,-3,-4,-10,-23,-13
1563815728905941,1,0,0,2,-2,3,16,13
1563815728905941,0,-1,0,-3,0,-1,4,-2
1563815728907939,1,2,4,4,1,1,7,3
1563815728907939,-5,-4,-5,-3,0,-12,2,-8
1563815728919933,-3,-4,-2,-6,-3,2,-5,-11
1563815728919933,0,-1,-4,-1,-1,-3,0,3
1563815728926948,-1,1,1,8,2,2,1,-1
1563815728926948,0,-2,3,0,1,-2,5,7
1563815728943919,-1,0,-4,-3,2,7,11,-7
1563815728943919,1,-1,-3,-3,-4,-7,-21,5
1563815728944919,-5,-5,-2,-5,-2,-4,10,-4
1563815728944919,0,0,3,8,4,11,1,-2
1563815728965906,4,2,2,1,1,1,15,17
1563815728965906,0,-1,-6,-6,-7,12,1,-9
1563815728967906,-1,1,0,-2,-2,-15,-22,-4
1563815728967906,0,-3,-5,-6,-5,-7,1,0
1563815728979903,-2,-4,-5,-3,0,0,5,0
1563815728979903,-2,1,6,6,-2,-7,-9,-1
1563815728986894,-1,-1,-3,-8,-4,6,-1,3
1563815728986894,-3,0,3,2,-1,-14,-5,-14
1563815729003885,1,0,-1,-4,0,6,-6,0
1563815729003885,-2,-3,-3,-3,0,1,5,1
1563815729004884,-1,1,0,-1,1,3,5,-6
1563815729004884,2,0,1,2,-1,-7,-7,9
1563815729025929,-2,-3,1,2,3,-1,-5,-7
1563815729025929,0,2,-5,-8,-6,-3,12,4
1563815729027870,0,1,1,4,0,1,-3,2
1563815729027870,0,-1,-2,-4,-3,4,11,8
1563815729039867,-2,-1,2,5,0,2,-17,-9
1563815729039867,4,0,1,-6,-5,-11,10,9
1563815729046863,-7,-7,-10,-3,-5,4,6,-19
1563815729046863,1,-2,-4,-3,1,-3,-6,1
1563815729062860,-3,0,1,-2,-8,-6,-8,-1
1563815729062860,-2,-4,3,1,2,-7,5,1
1563815729069879,4,0,2,-3,3,19,15,6
1563815729069879,-4,-1,2,7,0,0,-23,-7
1563815729085839,-2,-4,-8,-9,-2,-6,3,5
1563815729085839,-2,-2,3,5,3,2,-3,-11
1563815729087843,1,1,-6,-6,-1,-7,-3,3
1563815729087843,2,-1,-1,0,0,6,13,6
1563815729100830,-1,1,-3,-6,-7,-2,-13,3
1563815729100830,-5,-2,1,5,-1,-6,6,-3
1563815729106827,2,0,1,-3,0,-7,-6,-6
1563815729106827,-1,0,0,1,1,5,10,4
1563815729123817,0,0,1,6,-1,-1,-8,-3
1563815729123817,-2,0,0,-5,-1,6,6,3
1563815729124818,-2,-2,-5,1,-1,-3,-6,-7
1563815729124818,4,2,6,-1,-1,-7,-2,8
1563815729145804,-1,2,4,-3,-2,2,6,-7
1563815729145804,-3,-2,-2,2,5,4,-9,-11
1563815729147808,0,0,0,1,3,5,6,4
1563815729147808,-1,2,-1,-5,-3,-1,-16,-4
1563815729159804,1,-1,-6,-5,-3,-4,-3,5
1563815729159804,0,-2,1,7,-1,-2,0,8
1563815729166792,1,2,4,6,4,-7,-6,-4
1563815729166792,0,-3,-9,-10,-4,9,-5,-4
1563815729183809,-3,-3,2,-5,0,2,2,-2
1563815729183809,3,0,-2,3,0,5,-10,-1
1563815729184783,2,-4,-3,-4,-2,-4,-6,8
1563815729184783,-6,-3,2,-1,-3,2,8,-3
1563815729205770,-1,1,0,6,6,-2,-10,-9
1563815729205770,0,2,0,0,7,10,-2,2
1563815729207769,-4,-3,0,-2,-8,-7,-9,-1
1563815729207769,1,5,4,1,-1,7,-15,-8
1563815729220760,-2,-6,-2,1,4,5,12,1
1563815729220760,-2,-2,-2,-1,-2,-11,-3,-2
1563815729226760,-1,-4,-3,-4,4,11,-3,4
1563815729226760,-4,-2,0,8,5,-3,10,-1
1563815729243751,1,-1,-2,-5,-10,-11,-13,4
1563815729243751,0,0,-1,5,3,3,-4,-2
1563815729244746,-1,-2,-5,-11,-10,-5,-1,0
1563815729244746,-4,-2,-6,-4,-2,-3,-9,-8
1563815729265739,-4,-2,3,2,1,1,16,5
1563815729265739,-1,-1,-1,1,0,-3,-3,-9
1563815729267734,-1,1,3,-1,2,-4,3,3
1563815729267734,1,-4,-4,-1,-2,1,10,10
1563815729279728,1,2,-1,1,1,-1,-2,-5
1563815729279728,-1,1,2,0,1,-5,1,4
1563815729295716,1,0,-2,-5,-11,-7,-10,-3
1563815729295716,2,-1,-2,-2,0,0,6,5
1563815729303713,-3,-2,0,-7,-1,2,-3,-7
1563815729303713,0,-1,1,2,-2,2,2,1
1563815729304712,-1,0,0,6,5,8,1,-6
1563815729304712,1,-1,-1,0,0,-6,-8,11
1563815729325700,0,5,1,1,0,1,0,-6
1563815729325700,-2,1,-2,-7,-4,3,12,1
1563815729327698,0,0,-4,0,-1,-3,-3,1
1563815729327698,-4,-1,-1,-3,-1,6,-2,-15
1563815729348692,1,0,-2,0,0,7,0,9
1563815729348692,-2,2,2,1,-1,-5,-7,-9
1563815729349686,0,-2,1,5,1,-2,-2,5
1563815729349686,3,-1,4,2,3,-2,-1,0
1563815729363680,0,-1,-1,0,1,1,10,0
1563815729363680,-1,-3,-3,-4,-4,-6,-5,4
1563815729364679,1,1,-1,-2,1,0,3,1
1563815729364679,-5,-4,1,2,-6,3,-10,-3
1563815729385689,-1,-3,-4,-6,-3,-1,2,-3
1563815729385689,2,-4,-5,1,-1,-2,-1,-1
1563815729387665,-2,-1,3,4,3,-5,-10,-9
1563815729387665,-1,0,-2,-8,-6,-3,8,5
1563815729408652,1,-2,-2,-2,-4,-7,1,3
1563815729408652,1,-3,-2,-1,1,18,5,5
1563815729410652,-1,1,2,1,1,-6,1,-3
1563815729410652,-1,2,-3,-5,-5,-9,-9,-7
1563815729423648,1,-3,-3,0,0,8,9,12
1563815729423648,-1,0,0,-2,-1,-9,-7,-14
1563815729424643,1,0,-1,-1,0,2,-3,0
1563815729424643,-3,-4,-4,-3,0,-5,6,2
1563815729445637,-4,-1,1,2,-1,-6,-10,-13
1563815729445637,1,-1,0,8,5,2,10,8
1563815729447633,-4,-1,-3,-11,-8,2,-4,-5
1563815729447633,-1,-1,-2,-1,-4,-12,-7,-2
1563815729459623,1,2,-4,2,4,10,-10,-5
1563815729459623,0,-1,-2,-5,-3,1,20,14
1563815729468618,-4,-3,-2,-3,-2,-4,0,-6
1563815729468618,-5,-4,-2,-2,-5,-10,-10,-9
1563815729483610,0,0,3,5,4,10,7,5
1563815729483610,-2,0,3,-1,-2,-3,-19,-10
1563815729484610,1,1,-1,5,1,-13,-3,4
1563815729484610,-1,-2,-5,-10,-4,1,19,-3
1563815729505598,-4,-3,1,3,0,-6,-1,-4
1563815729505598,1,1,-1,-6,-2,4,4,2
1563815729507597,0,-2,-2,0,-2,1,10,6
1563815729507597,-1,3,3,7,4,8,-17,-13
1563815729519592,-3,-1,-3,-5,-4,-15,-2,1
1563815729519592,-2,-5,-4,-2,1,2,2,-2
1563815729528584,-1,-2,1,3,3,-1,-1,-2
1563815729528584,4,3,2,-2,-5,2,10,14
1563815729543576,-2,-2,-3,-3,-4,-4,-3,-9
1563815729543576,-3,0,1,0,0,0,-9,-7
1563815729544575,2,1,-2,3,1,2,3,-3
1563815729544575,2,-2,-3,0,1,5,5,6
1563815729565563,-1,-1,-1,-4,-3,-5,2,9
1563815729565563,1,-1,1,2,-1,-1,5,2
1563815729572558,0,0,3,5,0,11,-10,-5
1563815729572558,0,0,-2,-2,3,11,8,-1
1563815729579560,-1,-2,0,3,-7,-21,-24,-6
1563815729579560,-1,-2,-2,-8,-3,-4,10,6
1563815729594546,-2,-1,-3,-3,-6,2,-2,-7
1563815729594546,0,-1,1,4,4,-5,-1,4
1563815729603541,0,0,0,3,3,4,-1,-3
1563815729603541,0,1,-2,3,-1,-3,2,1
1563815729604541,-1,-5,-3,-6,-5,-3,-3,0
1563815729604541,-2,-3,-5,-5,-3,-3,1,-7
1563815729626528,0,3,0,-5,-4,2,4,-2
1563815729626528,0,0,0,3,3,11,-6,6
1563815729627527,-2,0,-2,-1,-2,-8,-1,4
1563815729627527,-1,-2,-1,-1,3,5,-3,-2
1563815729648515,0,-2,-1,3,2,0,17,0
1563815729648515,-1,0,-1,-4,-4,-8,-15,-6
1563815729649515,1,2,6,3,6,4,10,4
1563815729649515,1,1,2,2,-4,-3,2,5
1563815729663506,-1,-1,-4,-10,-10,-8,2,3
1563815729663506,-5,-1,-7,-6,-4,12,-3,-14
1563815729664506,0,0,-3,-2,-2,-17,-7,3
1563815729664506,-3,0,3,6,4,-2,-2,-3
1563815729685495,2,5,5,-3,-2,4,-7,2
1563815729685495,-5,-4,-3,3,-3,-13,-4,-2
1563815729687492,3,-3,0,1,4,13,6,12
1563815729687492,-4,-3,-4,-6,-3,0,-11,-8
1563815729708480,-1,0,0,-1,-6,-10,-15,-2
1563815729708480,1,-1,2,-2,-2,3,-9,0
1563815729710479,0,0,1,1,0,0,0,3
1563815729710479,-1,-2,-3,0,2,-6,4,-9
1563815729723471,1,-2,1,-2,3,4,-4,6
1563815729723471,0,-2,-4,2,-3,-4,3,4
1563815729725470,-1,-1,-3,3,0,-3,-7,-14
1563815729725470,2,2,1,-3,-4,-4,2,8
1563815729745460,-4,-2,0,7,5,6,-3,-17
1563815729745460,-2,1,0,-2,-2,-16,5,-2
1563815729747458,0,-2,-6,-12,-8,3,15,7
1563815729747458,1,0,0,-3,-4,4,-25,-6
1563815729768449,-1,-4,-7,-1,-4,-16,3,6
1563815729768449,1,0,4,1,0,2,11,4
1563815729770444,-2,2,1,3,1,0,-16,-6
1563815729770444,1,-2,-1,0,0,-3,0,0
1563815729783437,-2,-2,1,1,2,6,4,1
1563815729783437,-2,-2,-3,-3,1,-6,-9,-3
1563815729785436,0,-1,-1,-3,-8,5,1,-2
1563815729785436,-2,-1,1,-2,-1,2,3,2
1563815729806424,-4,2,0,2,1,-1,-4,3
1563815729806424,1,0,0,5,7,4,1,-2
1563815729807423,-2,1,3,0,2,-4,-2,1
1563815729807423,-1,-2,-1,4,-2,-8,8,2
1563815729828412,2,1,3,-4,-1,4,7,1
1563815729828412,-1,-3,-1,-2,-3,-5,-13,2
1563815729830410,0,-3,-2,-4,2,8,15,8
1563815729830410,1,-1,-5,-3,-6,-1,-4,-6
1563815729851398,-4,-2,-2,0,-2,-4,-12,-12
1563815729851398,-1,1,2,-2,2,6,10,-2
1563815729852397,-2,-2,-2,2,1,-5,9,2
1563815729852397,-3,-5,-4,-5,-2,-7,11,9
1563815729866389,1,1,-2,-1,1,3,6,1
1563815729866389,-1,0,-1,-3,-8,-3,0,-6
1563815729868388,-1,2,1,5,2,0,-12,-4
1563815729868388,-2,1,4,5,4,-4,7,0
1563815729888377,2,-2,-1,-1,0,16,-3,-1
1563815729888377,-4,-4,-1,0,0,-4,-7,-2
1563815729890376,0,-2,-4,0,1,2,10,-4
1563815729890376,-1,-1,-3,-3,1,1,-15,-4
1563815729903368,-2,-4,-3,-1,-5,-9,3,1
1563815729903368,0,0,1,2,0,9,5,-3
1563815729909370,-1,-4,-2,-6,-10,-10,-10,3
1563815729909370,-2,1,-1,1,3,0,-6,-10
1563815729926356,-1,-2,-2,1,4,7,-4,1
1563815729926356,1,-3,-6,-2,1,13,9,2
1563815729927356,1,1,4,1,-3,-12,-9,4
1563815729927356,-2,-5,-2,2,1,4,4,0
1563815729948376,2,4,2,3,1,5,6,1
1563815729948376,-1,-1,-2,-8,-4,-11,1,7
1563815729950347,-1,1,2,4,3,4,-17,-7
1563815729950347,2,2,-2,-4,-1,-3,5,8
1563815729963335,-2,-2,0,0,0,8,-1,-5
1563815729963335,-6,-3,-3,-3,-4,-8,-12,-21
1563815729969333,0,-2,-2,-3,-2,1,7,4
1563815729969333,0,2,2,-4,-1,4,4,2
1563815729986329,-1,0,1,11,4,-10,-6,-1
1563815729986329,1,5,-3,-13,-9,-5,-7,1
1563815729987322,-2,-1,-4,-2,-4,1,-4,-4
1563815729987322,0,-1,-3,-1,4,15,-25,0
1563815730007316,0,0,-2,-2,-3,0,11,9
1563815730007316,1,0,2,5,3,-1,-5,-1
1563815730016306,-2,-2,-2,-1,3,4,13,-4
1563815730016306,-2,-4,-1,-2,-9,-16,-7,-10
1563815730022301,-2,-5,-7,-6,-4,-9,6,7
1563815730022301,1,-2,2,3,2,2,12,9
1563815730029298,-1,1,1,-1,2,0,-14,-9
1563815730029298,1,0,-4,-1,-2,-9,14,3
1563815730046288,0,-2,1,6,7,1,6,-5
1563815730046288,0,-1,-3,-4,-3,-1,-5,11
1563815730047287,-6,-5,-1,-5,-12,-10,-9,-17
1563815730047287,-1,0,-1,-2,-5,-8,18,4
1563815730068283,-6,-2,-1,0,2,-3,-24,-8
1563815730068283,5,1,1,1,5,2,21,11
1563815730070275,-4,-2,-3,-4,-3,-9,-30,-15
1563815730070275,-2,-1,0,-1,0,4,2,-2
1563815730082267,-1,0,-2,-1,-1,-3,4,0
1563815730082267,2,1,2,6,9,7,9,14
1563815730089263,2,4,0,-2,0,5,7,2
1563815730089263,-2,-3,-1,-2,-3,3,5,2
1563815730106275,0,0,1,1,-2,-18,-18,-14
1563815730106275,-3,-4,-2,-1,-5,-5,8,-4
1563815730107252,3,0,-3,1,1,2,-4,7
1563815730107252,0,1,1,4,6,10,-1,-1
1563815730128265,-1,0,2,-6,-3,9,0,-3
1563815730128265,-7,-5,-2,4,-4,-7,-12,-7
1563815730130239,2,-1,-1,1,3,-3,-1,6
1563815730130239,-3,0,1,-1,-6,-8,-11,-6
1563815730143239,1,-2,-5,-11,-8,5,7,5
1563815730143239,-4,-1,0,1,-2,-18,-24,-17
1563815730149290,-2,-4,-4,-3,-2,7,16,7
1563815730149290,-2,2,4,5,7,7,4,0
1563815730166219,-2,1,-2,-3,1,0,4,-5
1563815730166219,1,1,0,-3,-5,-2,-15,1
1563815730167221,-3,-2,1,-1,-2,-5,9,1
1563815730167221,-3,-3,-4,-4,0,1,-5,-8
1563815730188243,3,2,2,-3,-3,1,7,7
1563815730188243,2,2,4,2,1,10,10,5
1563815730190207,-1,-1,0,-3,-1,-11,-10,-2
1563815730190207,-2,-2,-4,-2,-3,-2,-1,-8
1563815730202229,0,-3,-2,0,1,1,-4,0
1563815730202229,1,0,-3,-4,-2,0,-13,-8
1563815730211194,-2,1,5,7,2,8,19,-1
1563815730211194,1,-4,-3,-6,0,-7,-10,7
1563815730226184,-1,-2,-4,-2,-1,-3,-8,0
1563815730226184,2,4,2,4,1,-9,-8,-5
1563815730227185,-1,2,0,-6,-3,13,0,-4
1563815730227185,0,2,2,5,0,-1,0,4
1563815730256168,1,-5,-1,-2,1,8,7,4
1563815730256168,-2,-1,-2,1,-3,-1,1,0
1563815730257168,1,0,-1,1,5,-4,3,1
1563815730257168,0,0,-1,5,4,5,7,5
1563815730262206,-2,-2,3,-3,-6,-2,0,-6
1563815730262206,0,-1,-5,-8,-8,0,3,-1
1563815730271162,0,-3,-1,2,1,-3,-2,5
1563815730271162,1,3,1,0,2,11,-6,-1
1563815730293205,0,1,1,3,3,1,5,5
1563815730293205,-3,-2,-1,9,8,2,3,-7
1563815730295145,-3,-2,-1,-5,-2,-2,1,-4
1563815730295145,1,-1,-3,-10,-11,-6,0,0
1563815730308145,1,2,2,7,-1,-3,13,7
1563815730308145,0,-3,-3,-2,2,4,-15,0
1563815730310138,-2,-1,-2,-2,-2,-5,-1,4
1563815730310138,-2,-1,-2,5,2,0,2,-5
1563815730322161,4,6,3,4,-2,-8,-12,4
1563815730322161,-2,-3,-1,-3,2,6,10,-4
1563815730331158,0,0,0,-1,2,4,-9,-10
1563815730331158,2,-2,-1,-2,-4,-2,12,12
1563815730347123,-1,1,0,-2,-2,-6,-12,-8
1563815730347123,-1,-1,-1,-4,2,1,0,1
1563815730348115,-3,-4,-7,-6,-10,-10,2,-2
1563815730348115,-3,0,-2,2,0,1,-5,-7
1563815730368103,1,1,1,5,4,5,-1,1
1563815730368103,0,1,-1,-8,-5,5,8,-1
1563815730370103,-2,-4,-2,2,-1,-14,1,12
1563815730370103,-2,1,-3,-5,-1,-6,-14,-17
1563815730382096,-3,-6,-1,5,2,-2,-15,-7
1563815730382096,-1,0,0,-5,-7,-4,-1,2
1563815730391091,2,-1,-2,-4,-3,11,15,5
1563815730391091,-4,-4,-5,-5,1,-11,-18,-3
1563815730406083,-4,1,0,-3,-10,-13,14,-1
1563815730406083,-3,-3,-2,1,-1,-1,-14,0
1563815730408081,0,-2,2,3,3,0,-2,-1
1563815730408081,2,1,2,-1,-1,1,4,0
1563815730428070,-2,-2,-2,-2,2,5,2,-4
1563815730428070,-2,-2,0,-6,-7,-18,3,1
1563815730430069,1,3,1,3,1,-6,4,3
1563815730430069,-2,-3,-1,2,0,6,-2,-10
1563815730442060,-1,-3,-7,-6,-4,-6,-8,0
1563815730442060,0,-2,-4,-5,-2,-2,12,3
1563815730458051,-2,-1,2,8,5,6,-13,-3
1563815730458051,-1,0,-1,-4,2,4,7,-2
1563815730466068,2,0,2,6,1,-7,4,3
1563815730466068,1,2,-1,-1,1,7,14,2
1563815730467046,1,-1,-3,-8,-5,-9,-22,-8
1563815730467046,-1,-2,-1,4,-4,3,6,11
1563815730488032,-7,-3,0,-3,-1,0,-12,-15
1563815730488032,0,3,-2,1,3,6,-2,-3
1563815730490032,3,0,-3,-3,2,3,8,8
1563815730490032,-3,0,2,4,1,-2,-2,-1
1563815730502026,-3,-1,-4,-13,-8,3,3,-10
1563815730502026,0,2,4,1,4,0,-9,-5
1563815730511020,-1,3,1,3,-6,-8,-5,-5
1563815730511020,2,-1,-1,1,2,-1,2,6
1563815730526011,-2,-2,-4,-6,-2,-5,6,2
1563815730526011,-1,-2,-2,2,0,0,-7,-1
1563815730527014,0,0,-1,-4,3,15,12,1
1563815730527014,-1,-4,-2,-2,-4,-7,-3,1
1563815730548000,-1,0,3,3,0,6,-7,-3
1563815730548000,0,-1,-4,0,-2,-8,6,8
1563815730550003,-6,-1,2,1,-3,-9,-18,-17
1563815730550003,2,2,2,1,5,4,19,2
1563815730561990,-1,-5,-9,-7,-9,-2,-13,4
1563815730561990,-2,-1,0,0,-5,-2,0,-5
1563815730570986,2,-1,1,3,4,-1,17,6
1563815730570986,1,0,-1,-2,-1,-2,-3,-12
1563815730584981,3,3,6,-1,4,5,-3,11
1563815730584981,-6,-3,-3,11,5,-1,-7,-12
1563815730585979,-1,1,1,3,3,2,21,2
1563815730585979,-5,-4,-2,-1,-4,-3,-25,-1
1563815730607964,-2,-2,-2,-1,1,1,8,-6
1563815730607964,1,-2,-4,-10,-2,0,7,4
1563815730607964,-1,0,4,3,0,-1,-11,-8
1563815730607964,-2,-2,-6,-5,-3,-3,-3,0
1563815730629955,0,0,0,1,2,4,0,0
1563815730629955,-1,3,2,2,0,5,-7,0
1563815730630952,-2,-1,-4,-7,-5,-16,1,0
1563815730630952,-2,0,0,-11,-11,-6,0,6
1563815730644944,0,-3,-1,-1,2,-5,0,0
1563815730644944,0,2,4,3,1,3,6,1
1563815730645943,-1,-2,0,0,1,7,-5,-1
1563815730645943,-1,-1,-1,-1,1,-8,-1,1
1563815730667949,-1,-4,-3,-4,-2,4,2,1
1563815730667949,-3,3,4,5,1,-16,-6,-1
1563815730668932,-1,-2,-1,0,0,15,-13,-7
1563815730668932,-2,0,-1,3,-4,-10,-14,-3
1563815730689923,0,3,3,2,7,12,2,4
1563815730689923,1,-3,1,-2,2,3,-2,0
1563815730690917,-3,-5,-9,-6,-8,-1,5,-4
1563815730690917,3,0,3,3,6,10,1,8
1563815730704913,-1,-4,-5,0,-4,-4,7,3
1563815730704913,2,4,3,0,-4,-9,7,5
1563815730705908,0,1,0,-3,-4,-9,-7,-5
1563815730705908,0,-2,-6,-7,-4,-6,3,-3
1563815730743890,0,2,-1,7,0,0,-3,-4
1563815730743890,-2,-5,-5,-7,-6,-2,-1,-2
1563815730743890,-1,-1,-2,3,4,1,7,3
1563815730743890,-1,0,2,-3,-1,4,4,-4
1563815730749883,4,4,6,10,-1,-9,-3,4
1563815730749883,0,-4,-4,-3,-1,-2,6,0
1563815730750883,0,-2,-1,-2,2,2,3,8
1563815730750883,-2,3,1,2,4,5,-11,-9
1563815730764877,-2,-3,-2,-3,-3,-5,-2,-8
1563815730764877,1,-2,-2,-5,-4,-1,-4,2
1563815730765874,-1,-2,-3,0,1,4,2,8
1563815730765874,-1,0,3,4,2,-2,12,-2
1563815730787881,-5,-3,-4,-11,-9,-4,-9,-3
1563815730787881,-4,-3,-3,0,1,-4,-5,-8
1563815730794914,-1,-2,-2,-1,-2,-6,-1,-3
1563815730794914,0,0,1,0,-3,11,-2,8
1563815730809871,-5,-4,-7,-9,-2,-12,-10,-12
1563815730809871,2,0,0,-3,-3,-3,-2,1
1563815730810848,1,3,3,2,6,8,2,1
1563815730810848,0,-1,-2,1,0,5,7,0
1563815730824885,1,-1,-1,-2,2,2,5,6
1563815730824885,-5,0,2,6,1,1,-8,-8
1563815730825840,1,-1,-1,-1,0,-5,-5,2
1563815730825840,2,-1,2,-2,-2,3,4,0
1563815730847849,0,-1,-2,-4,-2,0,0,4
1563815730847849,-2,-1,-1,2,1,5,0,0
1563815730848849,-3,-3,-3,-2,-3,-8,-11,-5
1563815730848849,1,0,-1,-4,-2,1,7,8
1563815730869822,-1,-1,-5,-2,3,4,0,-3
1563815730869822,2,0,2,0,1,0,4,6
1563815730870817,-4,0,1,3,1,5,11,3
1563815730870817,-3,-4,-3,0,3,3,-29,-12
1563815730884807,-2,-3,0,-2,-11,-6,1,-3
1563815730884807,1,-1,4,3,-1,8,2,2
1563815730885805,-3,-1,-6,-7,-1,-6,-17,-4
1563815730885805,-3,0,1,3,4,-6,12,0
1563815730907854,-2,2,3,6,5,0,-6,-4
1563815730907854,-4,-3,-4,-4,1,0,-6,-4
1563815730908814,2,0,0,-7,-10,2,-2,2
1563815730908814,2,1,0,-1,0,4,11,11
1563815730929814,0,-1,-1,0,-2,-3,-21,-14
1563815730929814,-2,-3,-4,-3,-1,-1,9,2
1563815730930788,1,1,-1,2,1,-5,-6,-2
1563815730930788,1,3,1,0,-3,-5,1,2
1563815730944781,0,-2,-1,-1,2,10,16,8
1563815730944781,1,0,-5,-1,2,1,-7,2
1563815730945772,-2,2,6,2,0,4,2,-8
1563815730945772,-2,-5,-5,-1,-5,-7,-6,-4
1563815730967791,4,4,-1,0,7,5,15,11
1563815730967791,-1,0,2,-6,-11,-5,-24,-8
1563815730968758,0,-3,-3,-1,1,3,12,3
1563815730968758,0,-1,3,3,4,-4,3,-2
1563815730990747,-1,-2,-2,-9,-6,-6,-12,-3
1563815730990747,-1,0,-1,2,3,3,7,-6
1563815730990747,0,-3,-3,-2,-1,-10,-3,4
1563815730990747,4,3,3,1,0,15,-1,2
1563815731004739,0,-2,-3,2,3,-2,2,4
1563815731004739,0,2,2,2,1,8,-2,3
1563815731012736,-2,-2,-3,-6,-7,-3,-5,-7
1563815731012736,-1,-3,-5,5,2,-12,-3,-6
1563815731027725,-1,0,-1,-4,-3,3,2,-2
1563815731027725,2,2,4,2,-2,-6,-15,-2
1563815731028725,1,2,2,0,4,4,9,2
1563815731028725,-2,-5,-2,-4,-7,0,-2,-2
1563815731050713,0,-1,-1,-1,-1,-5,-1,-4
1563815731050713,-4,-6,-2,-4,1,-3,0,-6
1563815731051713,0,0,0,2,0,4,5,-1
1563815731051713,-4,-1,-5,-14,-9,-5,-16,7
1563815731073706,1,3,5,8,4,7,2,1
1563815731073706,-1,-4,-6,-5,-2,-6,6,0
1563815731074699,1,-2,0,2,2,3,10,1
1563815731074699,-4,-1,-7,-7,-5,-10,-2,-2
1563815731088690,-1,0,0,1,-2,0,-11,3
1563815731088690,2,2,5,7,6,4,5,0
1563815731095685,-2,-3,3,-3,-3,-3,-13,-5
1563815731095685,-2,-2,1,4,3,-3,9,-4
1563815731110682,2,0,-2,-3,3,8,7,0
1563815731110682,2,2,2,1,-2,-6,-1,6
1563815731111677,-4,1,0,0,0,2,-7,-3
1563815731111677,1,2,0,0,0,-1,0,1
1563815731125670,-2,-3,0,2,6,3,26,14
1563815731125670,-2,0,-1,-5,-9,-5,-27,-21
1563815731125670,-3,-4,-5,-3,-2,-1,3,0
1563815731125670,0,-4,-1,-4,-3,-2,0,-1
1563815731147695,1,1,3,-1,-3,1,-3,1
1563815731147695,-2,-1,-1,-3,-1,1,25,6
1563815731148656,2,0,-2,1,1,-7,-19,-4
1563815731148656,1,0,1,2,6,7,1,3
1563815731170644,0,3,4,-3,-3,-4,0,-7
1563815731170644,-2,-3,-6,1,2,-4,-11,4
1563815731171646,-4,-2,-3,-3,-3,0,-1,-4
1563815731171646,0,-3,-5,-3,-5,-2,11,3
1563815731185642,-4,-3,0,0,-2,-5,-10,-9
1563815731185642,-1,0,-3,-1,1,4,6,1
1563815731185642,0,2,3,2,2,-6,8,0
1563815731185642,0,0,0,3,1,0,-5,-1
1563815731207642,-2,-3,-3,-9,-12,-16,-32,-7
1563815731207642,-3,-3,-2,-2,0,5,7,-1
1563815731208621,-1,-3,0,1,-1,-3,6,4
1563815731208621,-2,0,1,-1,1,1,5,-5
1563815731238663,-2,-1,0,0,-2,2,2,-1
1563815731238663,2,0,-1,1,2,-9,-1,0
1563815731239604,-9,-2,1,1,-1,8,3,-5
1563815731239604,11,2,2,1,-4,-8,-6,-3
1563815731244601,-5,-4,-4,-1,0,-4,-2,0
1563815731244601,0,0,1,-2,-3,1,-1,3
1563815731252636,0,1,-3,-5,-2,-7,-1,-2
1563815731252636,-5,1,1,2,-6,-8,-8,-5
1563815731267587,0,1,0,-4,-5,3,4,-1
1563815731267587,-2,-1,-4,0,2,4,-1,-2
1563815731268588,2,1,0,2,4,10,-4,-5
1563815731268588,-6,-1,1,3,11,2,-6,-5
1563815731290574,3,4,5,7,-1,7,8,2
1563815731290574,19,-1,-3,-7,-16,-20,-11,8
1563815731291574,-19,-7,-6,-11,-16,-17,-6,-2
1563815731291574,-6,-4,-6,-4,-7,-4,-3,-6
1563815731304567,3,1,-1,1,5,1,1,-6
1563815731304567,-13,-3,2,3,-5,4,6,0
1563815731312566,9,2,2,5,-3,-5,0,4
1563815731312566,1,4,4,4,22,17,6,0
1563815731327555,-4,1,0,5,28,13,6,1
1563815731327555,4,0,1,-2,-8,-14,-10,3
1563815731328551,-7,-6,-10,-19,-47,-26,-4,13
1563815731328551,-3,-3,-6,-7,-13,-5,-3,-19
1563815731350543,-28,-5,3,4,4,0,-2,-24
1563815731350543,-1,-1,-2,6,34,33,12,3
1563815731351543,5,0,1,3,-9,-9,-3,2
1563815731351543,-1,-5,-3,-7,-15,-25,-14,2
1563815731364535,3,-4,-6,-8,-14,-11,-1,4
1563815731364535,-8,0,4,2,3,4,-3,-5
1563815731372525,0,-1,2,11,34,33,7,-6
1563815731372525,2,1,1,2,1,7,6,7
1563815731387555,8,0,2,7,7,-2,-1,5
1563815731387555,-11,-4,0,-10,-37,-36,-9,-8
1563815731388522,5,-3,-4,4,22,13,4,1
1563815731388522,-1,-1,-5,-3,-3,-3,1,1
1563815731410512,3,0,2,-9,-9,5,5,8
1563815731410512,5,4,0,-2,0,5,-1,1
1563815731411512,1,1,3,5,0,5,1,-3
1563815731411512,-3,-4,0,6,11,-6,-6,0
1563815731424556,3,3,-2,10,3,-1,3,1
1563815731424556,-1,-1,-2,-2,5,4,22,3
1563815731432530,3,1,4,0,-2,-7,-15,-3
1563815731432530,-8,-4,-5,-6,-5,-9,-16,-11
1563815731447484,-1,-2,-5,0,-10,-4,9,4
1563815731447484,-1,1,-1,-15,-12,-6,-14,-2
1563815731448484,-3,-6,-12,-3,5,12,23,5
1563815731448484,1,1,-4,-12,-18,-4,0,1
1563815731470478,-1,0,5,6,1,-13,-26,-10
1563815731470478,-3,-2,1,13,15,0,3,-2
1563815731471472,2,2,2,4,15,14,11,3
1563815731471472,6,0,-3,-1,-5,3,24,25
1563815731484469,-6,0,-4,-13,-12,-7,-16,-24
1563815731484469,-3,-2,-2,1,4,0,-12,-1
1563815731492463,2,3,5,4,-5,-8,-14,-7
1563815731492463,1,-1,-5,-3,3,1,0,-1
1563815731507482,2,-2,2,6,3,3,23,15
1563815731507482,0,-1,1,0,2,7,-7,-8
1563815731508456,0,1,-4,3,0,-13,-17,-9
1563815731508456,-4,0,2,-5,0,11,10,2
1563815731530435,0,-3,-4,-11,-11,0,11,0
1563815731530435,-3,-6,-5,-3,-8,-8,-21,-3
1563815731531435,-2,-3,0,-6,3,-1,3,-6
1563815731531435,-1,0,0,6,1,0,-13,-7
1563815731544428,1,-4,-4,-10,-8,-5,-8,5
1563815731544428,0,2,1,4,11,13,19,7
1563815731552464,2,2,2,-2,-2,-2,-4,6
1563815731552464,-1,2,3,2,-5,0,1,-5
1563815731568476,3,-1,1,1,2,-2,5,4
1563815731568476,2,0,0,6,7,6,7,-1
1563815731569415,-2,-2,-3,-8,-2,1,-24,-4
1563815731569415,-1,0,4,-1,-8,-7,2,2
1563815731591404,-3,-3,-6,0,2,-12,6,-7
1563815731591404,1,1,-3,-3,-5,-1,4,10
1563815731591404,-7,0,3,0,1,2,-1,-16
1563815731591404,5,-2,-3,-1,2,5,3,5
1563815731613429,2,0,-2,-2,-3,-12,0,0
1563815731613429,0,1,2,2,2,0,6,6
1563815731614387,1,-1,0,-2,-4,0,20,1
1563815731614387,-6,-6,-3,-1,-5,-14,-27,-5
1563815731627422,3,1,-1,0,4,9,16,15
1563815731627422,1,-2,1,0,-3,-3,-3,-4
1563815731628381,-2,-1,0,1,-1,3,14,-1
1563815731628381,-4,-2,1,-1,0,-2,-2,1
1563815731651366,-1,1,-1,-1,-1,-1,-12,0
1563815731651366,0,-2,-5,-7,-7,0,-10,-2
1563815731651366,3,1,0,4,-5,-5,4,5
1563815731651366,1,2,2,4,10,18,11,4
1563815731681351,-1,-1,-1,-2,-3,1,-18,-5
1563815731681351,-2,-1,-3,-4,-5,-3,7,-7
1563815731681351,0,0,-2,-1,-2,-4,-7,1
1563815731681351,2,2,1,4,4,9,5,-3
1563815731687346,-2,-1,0,1,-4,14,-11,0
1563815731687346,-1,0,2,4,4,-6,-21,-7
1563815731688346,0,-2,-1,-6,-7,-6,0,1
1563815731688346,-1,-3,0,1,2,-3,-8,-1
1563815731711337,-2,0,0,1,5,4,3,-5
1563815731711337,-1,-2,-4,-2,-4,-10,11,0
1563815731711337,-3,0,0,-3,-1,11,-3,4
1563815731711337,-6,-6,-3,2,-2,-13,-7,-13
1563815731733384,-1,1,1,0,-1,-3,0,1
1563815731733384,-3,-1,-3,-3,-5,-2,4,-2
1563815731734348,0,0,0,-1,-1,-4,-1,4
1563815731734348,0,0,0,1,1,-4,3,3
1563815731747316,3,-1,0,2,2,13,9,6
1563815731747316,-3,-3,-4,-4,-5,-5,-13,-9
1563815731748314,-3,-3,-6,1,2,-2,0,-1
1563815731748314,0,3,2,-3,0,1,-5,-1
1563815731771298,2,2,-2,-2,0,18,-31,4
1563815731771298,-2,-1,0,3,0,0,4,-8
1563815731771298,-3,-3,-3,-4,-2,-4,-21,-6
1563815731771298,0,1,0,2,-2,-7,0,0
1563815731793318,-1,-2,0,-1,0,-9,7,-2
1563815731793318,1,-1,1,-2,-2,0,6,5
1563815731794286,-1,-1,2,5,1,4,-1,0
1563815731794286,-3,0,-1,0,-2,-5,4,-4
1563815731807310,6,0,-1,-2,-2,-4,14,10
1563815731807310,-2,-1,-2,0,-1,4,-2,-2
1563815731808277,0,-2,-1,0,-1,-9,4,-1
1563815731808277,-4,1,-2,-3,-1,3,2,0
1563815731831325,-5,0,-1,1,-3,-8,-4,-8
1563815731831325,-1,1,-2,0,1,-1,0,0
1563815731831325,-2,-1,1,-3,-3,-2,-3,0
1563815731831325,1,-3,-2,-3,0,5,4,-4
1563815731853253,-2,-2,-2,0,1,-8,0,-4
1563815731853253,1,2,2,0,1,1,-7,2
1563815731854253,-2,0,-2,-4,-2,-10,18,1
1563815731854253,0,-1,-1,-1,-2,-1,9,0
1563815731868244,-1,-2,0,1,-6,-12,13,-2
1563815731868244,-1,-1,-2,-5,-1,5,-4,5
1563815731868244,-1,-3,0,1,-3,1,10,-4
1563815731868244,2,1,-1,0,-1,-5,-17,-2
1563815731891250,-4,-1,-2,-1,3,12,-36,-6
1563815731891250,0,-1,-2,-2,-6,-9,11,5
1563815731891250,1,0,1,2,0,6,-5,1
1563815731891250,-1,-2,-4,-6,-3,4,24,6
1563815731913221,0,-1,1,0,0,4,8,0
1563815731913221,-1,2,-1,2,2,-5,-17,-5
1563815731914215,2,2,1,1,1,3,-7,-3
1563815731914215,0,-2,1,0,0,3,-8,-3
1563815731927208,-5,-2,1,1,0,-15,10,-4
1563815731927208,0,-3,-2,-3,-2,8,-19,-8
1563815731928207,1,2,1,1,6,18,-18,2
1563815731928207,1,2,0,1,0,8,-19,0
1563815731950217,-1,0,0,-1,-6,-2,0,4
1563815731950217,-2,-4,-3,-1,2,0,7,-9
1563815731951193,-1,-2,-1,-1,-3,-1,-10,-4
1563815731951193,2,-1,-2,-1,-1,-13,-6,1
1563815731973182,1,-1,-3,-4,-2,4,-3,-2
1563815731973182,0,0,0,2,2,7,7,4
1563815731974214,0,1,0,-4,2,4,-32,-6
1563815731974214,-2,-2,0,1,-1,1,5,2
1563815731988180,-2,-2,1,3,0,-8,9,-6
1563815731988180,-4,0,1,1,4,-1,1,2
1563815731988180,-2,-1,-4,-7,-11,-13,2,2
1563815731988180,1,1,0,1,0,12,-6,2
1563815732011181,0,-3,-3,-3,-5,-11,14,1
1563815732011181,0,-2,1,1,-1,2,-4,-1
1563815732012160,1,-1,1,-1,0,0,15,3
1563815732012160,-1,1,0,-1,1,9,-28,-8
1563815732033169,-2,-2,-2,-2,0,-4,8,2
1563815732033169,-9,-2,1,1,1,0,-1,-8
1563815732035168,12,1,-3,-2,-3,-12,17,15
1563815732035168,-2,-2,1,-4,-3,-12,21,0
1563815732047161,3,1,-1,1,2,12,-23,-4
1563815732047161,-6,-2,-2,-2,-5,-4,3,-3
1563815732056137,-3,-3,-2,-2,-3,-5,7,4
1563815732056137,-1,1,1,5,7,-7,1,-10
1563815732071128,-2,-3,-1,-3,-6,-2,-12,-1
1563815732071128,5,-1,-4,-5,-9,-10,9,4
1563815732072125,-4,-1,1,3,6,24,-54,-6
1563815732072125,2,-1,-2,1,4,3,28,11
1563815732093113,-4,-1,0,-2,-1,-2,-6,-5
1563815732093113,0,1,1,1,-8,-11,-7,-1
1563815732095112,1,-2,-2,-3,-4,-2,19,1
1563815732095112,-2,0,-1,1,0,-4,-7,-3
1563815732107105,0,0,-1,-1,5,7,-9,-3
1563815732107105,1,-2,0,-3,-2,3,13,4
1563815732123095,-3,-2,-3,-5,-5,-7,10,-3
1563815732123095,-1,-2,0,4,1,0,0,0
1563815732138109,-1,-3,-3,-1,-3,-11,16,3
1563815732138109,1,-1,-2,-1,0,2,-15,-4
1563815732140085,-19,-2,-1,0,-2,-5,-2,-14
1563815732140085,18,1,-1,0,-1,4,8,12
1563815732153101,2,3,1,1,-1,0,-4,13
1563815732153101,-6,-4,-1,-1,-1,-5,20,-7
1563815732155084,-1,-1,-1,0,2,0,-15,-7
1563815732155084,-7,-4,-3,-4,-1,-2,-7,-4
1563815732167092,-1,0,-4,-3,-2,-14,18,1
1563815732167092,4,0,2,3,2,1,-8,6
1563815732184070,-1,-2,0,0,-10,-28,32,3
1563815732184070,-3,0,-1,-2,1,19,12,2
1563815732191061,1,0,0,2,8,-8,-13,-7
1563815732191061,1,-1,-1,-2,-11,-5,-8,1
1563815732192062,0,-4,-4,-3,11,20,11,0
1563815732192062,-3,1,0,-2,-4,-19,-15,-5
1563815732213066,-3,0,0,-1,-2,8,-3,1
1563815732213066,-1,0,-3,-2,0,-10,4,-1
1563815732215045,3,-1,0,1,-6,-5,0,3
1563815732215045,-2,-1,-1,-3,-4,9,-20,-5
1563815732236030,-1,-2,-2,0,0,2,11,0
1563815732236030,0,0,-3,-1,-2,-5,1,2
1563815732252043,2,-1,0,2,0,1,13,6
1563815732252043,-3,0,-2,-3,-4,4,-13,-10
1563815732253021,-7,-1,1,1,1,6,-14,-8
1563815732253021,4,-1,1,-1,4,9,-8,0
1563815732255022,3,1,1,0,-4,-5,0,-4
1563815732255022,-3,-3,-4,-4,-6,-9,-5,3
1563815732273009,4,-1,-2,-3,-4,-7,7,0
1563815732273009,-6,-1,-2,-2,7,7,0,0
1563815732275017,0,-1,2,3,5,0,-2,-1
1563815732275017,-4,-4,-2,-2,-9,-9,7,-5
1563815732287024,-9,-2,0,1,-2,-1,1,-7
1563815732287024,-1,1,0,0,5,8,-9,-8
1563815732296000,7,-2,-5,-3,-8,-12,-7,9
1563815732296000,0,1,0,-1,-4,8,5,1
1563815732310010,-1,-2,-2,-2,-4,-5,4,2
1563815732310010,-2,-2,-2,-1,-1,-13,24,6
1563815732316985,-11,-2,2,1,5,16,-2,-11
1563815732316985,7,1,1,1,3,-8,-8,4
1563815732332978,0,-1,-2,0,0,4,0,0
1563815732332978,1,-1,0,1,2,16,-24,-4
1563815732334976,-3,-1,-1,-1,-3,4,10,0
1563815732334976,-4,-1,-2,2,2,-10,11,-1
1563815732346967,3,2,1,3,1,19,-18,1
1563815732346967,0,1,-1,-4,-2,12,-19,-1
1563815732355961,0,0,-2,-2,2,10,-21,-5
1563815732355961,-1,-1,1,1,6,11,-4,-2
1563815732370953,3,-1,0,0,-6,-1,3,1
1563815732370953,1,-1,-3,0,5,-4,-2,-6
1563815732372952,-7,-4,-3,-3,-14,-14,-3,-3
1563815732372952,-14,0,-2,-1,0,-2,12,-10
1563815732400956,21,0,-2,0,4,8,-5,19
1563815732400956,-2,-1,1,0,-3,-13,14,-1
1563815732402935,-7,-1,0,-1,3,-6,-5,-12
1563815732402935,4,-1,-3,-4,-11,-13,1,4
1563815732415928,-7,-1,-2,-1,-1,-14,21,-4
1563815732415928,0,0,0,0,3,10,1,2
1563815732417927,6,1,0,2,-1,-8,-1,3
1563815732417927,-6,-2,-1,3,1,6,-37,-11
1563815732429938,-4,1,0,-1,2,7,-30,-14
1563815732429938,3,-1,-1,-2,-3,-4,6,8
1563815732436919,-4,0,-3,0,2,7,8,1
1563815732436919,4,-2,-1,2,2,-8,23,10
1563815732460910,-1,0,-1,-3,-4,-2,-3,-4
1563815732460910,-4,-2,-3,-1,-4,-14,5,-4
1563815732462920,-1,-1,-2,-4,3,-3,-14,-2
1563815732462920,1,-1,2,2,-2,7,4,4
1563815732466902,-3,-1,-2,-4,-3,0,8,-2
1563815732466902,-3,1,4,2,3,22,-26,-8
1563815732475902,4,1,1,2,-5,-22,2,0
1563815732475902,2,-1,-5,-6,-4,-5,1,2
1563815732489915,-6,0,0,0,-1,-2,-1,-4
1563815732489915,0,-1,-2,-3,2,11,7,5
1563815732496911,1,0,4,3,1,-6,-6,1
1563815732496911,-1,-2,2,-1,-4,-33,37,4
1563815732512890,3,-1,-1,0,1,19,1,8
1563815732512890,-4,-2,-2,0,-3,-22,7,-6
1563815732514871,-2,-3,-4,-3,4,9,-10,-8
1563815732514871,-1,-1,-3,-2,-1,-1,6,0
1563815732535861,-15,-2,0,-3,-9,-12,0,-9
1563815732535861,23,2,-1,0,-3,-1,9,17
1563815732537864,-1,-1,-1,-4,-2,-1,11,1
1563815732537864,1,0,-1,-3,2,19,-22,-5
1563815732549881,-2,0,0,3,6,-3,4,4
1563815732549881,-3,-1,1,4,4,19,-36,-13
1563815732556866,-2,2,-1,-1,-5,5,-2,2
1563815732556866,-1,-2,-1,-1,1,-7,-16,-2
1563815732573837,0,-1,-2,-1,2,16,-12,-5
1563815732573837,-3,-2,-2,-3,-5,-1,25,2
1563815732574839,9,0,-2,0,-8,-3,8,13
1563815732574839,-3,2,2,0,2,9,-15,-3
1563815732596854,-5,0,-1,-3,-12,-12,6,-10
1563815732596854,-3,-3,-5,-4,-1,-6,-4,3
1563815732598822,1,-1,0,0,8,7,8,3
1563815732598822,0,1,2,3,6,1,5,0
1563815732609835,-11,-3,0,-3,-4,3,-8,-7
1563815732609835,18,0,-1,-1,-1,2,8,21
1563815732616813,-11,-4,0,-1,-2,-12,-15,-16
1563815732616813,-8,-2,-1,-1,1,12,-4,-13
1563815732633802,6,-3,-1,-1,-3,-15,-7,4
1563815732633802,-9,-2,-3,-4,-5,-8,8,-4
1563815732634805,3,2,-1,1,2,9,-15,1
1563815732634805,1,0,0,-1,-2,-2,6,0
1563815732655789,0,0,-1,-1,-2,-10,18,4
1563815732655789,-4,-2,-2,0,2,-5,1,-1
1563815732657788,3,1,-1,-3,-8,-8,7,5
1563815732657788,-2,0,1,-1,3,14,-2,-4
1563815732678790,4,0,0,3,5,1,-7,2
1563815732678790,-3,0,2,0,-2,7,-31,-8
1563815732679788,-3,0,-1,1,3,-11,25,0
1563815732679788,0,-1,-2,0,-7,-5,0,2
1563815732700783,3,0,-2,-6,0,6,-6,1
1563815732700783,-4,-1,0,0,2,-6,9,0
1563815732702763,-3,-3,-3,4,0,-10,2,-3
1563815732702763,3,1,2,3,-2,-9,-7,-4
1563815732715785,2,-1,2,4,1,-3,4,1
1563815732715785,-6,-1,-2,-6,-5,-4,4,-8
1563815732717756,0,-2,-4,-14,-8,11,-22,-3
1563815732717756,1,-1,-2,5,4,4,10,4
1563815732729752,-1,1,0,-1,-4,-9,-19,-1
1563815732729752,-3,-3,-1,6,2,-11,-12,-3
1563815732737748,0,-1,-1,-3,1,12,3,0
1563815732737748,-2,-1,-1,2,3,6,-37,-6
1563815732753734,0,0,0,-3,-4,0,4,-1
1563815732753734,-3,0,0,-1,-3,-5,5,-5
1563815732754739,1,-1,-2,0,1,-4,4,-1
1563815732754739,0,-3,-3,-7,-5,-10,9,0
1563815732775721,0,1,0,4,7,3,2,2
1563815732775721,-1,-1,-1,-3,0,11,-7,-3
1563815732777720,2,0,3,0,0,1,3,2
1563815732777720,1,-2,-6,-6,-4,-7,25,5
1563815732789717,0,-3,-2,0,-7,-7,1,3
1563815732789717,-3,-1,-1,-4,-5,5,-16,-8
1563815732798708,-1,1,4,4,1,-2,-10,-2
1563815732798708,1,0,-2,-3,-6,-2,11,3
1563815732813729,-1,-2,-3,-1,1,-9,14,2
1563815732813729,-2,-1,-4,4,3,-6,13,0
1563815732814703,-1,-1,-1,-4,-1,9,0,0
1563815732814703,0,0,2,-3,-3,5,-25,-6
1563815732843702,-1,-1,0,2,1,3,-6,-2
1563815732843702,0,0,0,0,-2,-15,12,3
1563815732845680,-2,0,-1,2,2,1,-9,-3
1563815732845680,-4,-1,-1,-3,-3,4,14,-1
1563815732849708,4,-4,-4,-6,-6,-22,27,8
1563815732849708,0,1,2,0,-2,-1,1,1
1563815732882660,0,-1,-2,-3,-6,-19,10,1
1563815732882660,0,-2,-3,0,-1,8,-8,0
1563815732882660,-4,1,-2,-1,0,16,-38,-9
1563815732882660,0,-2,0,0,3,-5,-4,0
1563815732887662,3,1,1,-1,-4,7,-8,-2
1563815732887662,-3,-3,-2,0,0,-11,7,1
1563815732895682,-1,0,-3,-1,-1,-2,-4,-3
1563815732895682,-2,0,-1,0,-3,3,15,5
1563815732897669,-3,-3,-2,0,-3,7,-6,-3
1563815732897669,2,0,1,0,-1,-6,-1,0
1563815732909673,2,-2,-2,-3,0,-5,15,0
1563815732909673,1,0,-1,-2,-3,-4,-2,-3
1563815732918638,-2,-2,-2,0,0,-9,20,3
1563815732918638,1,-1,-1,0,1,9,-10,-3
1563815732933630,-2,-1,0,-2,2,1,8,0
1563815732933630,-2,-2,-3,-2,-1,2,4,2
1563815732935632,-1,0,-1,1,2,9,-6,-2
1563815732935632,1,1,0,-1,0,-1,-7,0
1563815732956617,-3,-2,-2,1,1,-9,15,4
1563815732956617,-2,-1,1,1,1,-3,-4,-1
1563815732957624,0,-2,-1,-3,1,9,-13,-3
1563815732957624,-10,-2,0,1,-1,-6,3,-8
1563815732969610,11,2,-1,-1,1,4,-2,7
1563815732969610,3,1,0,1,-1,-4,-9,1
1563815732978623,2,-1,0,0,-2,-12,13,4
1563815732978623,-2,-5,-3,-3,0,-5,14,-1
1563815732993597,-9,0,-1,-2,-1,9,-19,-13
1563815732993597,1,2,2,-2,-2,7,1,-1
1563815732995596,3,-2,-4,1,-3,-26,-1,4
1563815732995596,-10,-2,-2,-1,-3,14,-6,-7
1563815733016584,-1,-1,-1,-2,1,19,-7,-3
1563815733016584,1,0,-1,-3,-3,-10,-36,-2
1563815733022587,-4,-2,-1,-1,1,1,4,-5
1563815733022587,6,-1,-3,-2,0,-9,2,5
1563815733029577,-7,-1,-2,-1,-1,-7,5,-5
1563815733029577,-1,-3,-4,-2,-4,-18,40,6
1563815733038571,0,1,2,-3,-3,22,-35,0
1563815733038571,3,0,-2,-2,-3,-18,-6,0
1563815733053563,0,0,1,1,-2,4,-4,-1
1563815733053563,-5,-2,-1,-3,-4,-25,28,-5
1563815733054563,-2,-2,-4,-1,-2,-17,7,-1
1563815733054563,-1,0,-2,-1,-2,1,10,1
1563815733075584,-12,-3,0,2,0,-13,2,-14
1563815733075584,4,0,1,-1,-1,4,-1,7
1563815733077549,-2,0,-1,-1,1,2,-5,-3
1563815733077549,-2,-4,-2,-3,-7,-49,35,8
1563815733098567,5,-1,-2,-3,1,6,5,1
1563815733098567,-11,-4,0,2,2,13,-7,-5
1563815733100537,-1,-1,0,0,1,14,-4,-14
1563815733100537,6,2,1,-4,-4,-14,-11,-1
1563815733120526,-2,0,0,0,1,6,-22,-7
1563815733120526,-5,-1,0,0,1,8,-14,-8
1563815733122524,2,-1,-2,-2,-1,-11,14,8
1563815733122524,16,3,1,-2,0,26,-11,16
1563815733135517,-2,1,3,0,0,-2,-9,-1
1563815733135517,7,0,-2,-1,1,18,-12,11
1563815733137515,-9,0,0,-1,-3,-2,0,-4
1563815733137515,-2,2,0,1,3,9,3,-2
1563815733149511,-4,-2,-2,-3,-2,6,-6,-3
1563815733149511,-4,-1,1,0,-1,-4,-6,-11
1563815733158502,3,-3,-3,-1,-2,-2,-4,0
1563815733158502,2,-2,-4,0,1,-2,18,7
1563815733179491,0,1,0,0,0,13,-2,-1
1563815733179491,0,-3,-4,-1,-1,-6,2,0
1563815733188488,0,0,-1,1,3,-4,4,-9
1563815733188488,2,2,5,7,16,48,-31,-3
1563815733195480,10,0,0,-1,-8,-20,10,15
1563815733195480,-1,1,0,-2,-9,-13,8,-7
1563815733197484,10,5,3,0,2,41,-7,10
1563815733197484,-7,-4,-4,-2,7,17,1,-3
1563815733209473,-4,-4,-4,0,-4,-17,-5,-5
1563815733209473,-4,-5,-5,-10,-13,26,-31,-12
1563815733218486,-18,2,2,5,-6,-7,2,-22
1563815733218486,8,1,2,1,15,-3,0,4
1563815733233481,19,6,-2,-1,-1,13,3,16
1563815733233481,-1,1,0,-4,-17,-8,-9,3
1563815733235457,-18,-5,-5,-3,15,4,-1,-15
1563815733235457,-6,-6,-4,-3,-20,-23,-14,-8
1563815733255468,-7,-8,0,3,3,-7,4,-2
1563815733255468,-7,2,-2,2,8,-6,3,-7
1563815733257449,11,-3,5,10,36,17,23,24
1563815733257449,-6,-2,0,2,-10,13,-27,-22
1563815733269438,7,0,-7,-18,-48,-23,2,16
1563815733269438,-5,3,2,0,-8,-9,5,-21
1563815733278433,12,-1,-2,3,-3,-3,-1,43
1563815733278433,-12,-1,1,2,40,10,17,-25
1563815733293446,0,-3,1,6,15,4,-5,4
1563815733293446,-4,7,2,0,-16,-10,-18,4
1563815733295423,19,1,2,-5,11,4,8,24
1563815733295423,-20,-10,-11,-11,-66,-57,-15,1
1563815733316415,-17,-6,-1,-1,-12,6,-3,-35
1563815733316415,11,5,4,4,15,6,15,13
1563815733317410,-10,3,-7,-5,-18,-9,-7,-6
1563815733317410,5,-5,-4,-1,10,-9,21,22
1563815733329404,-4,-6,-3,-2,21,0,3,-9
1563815733329404,2,-12,-3,0,-4,9,8,17
1563815733338406,-10,3,6,-4,-23,-37,-14,-22
1563815733338406,-10,1,-2,-5,-1,0,-9,-30
1563815733353392,2,6,1,3,0,-10,1,-3
1563815733353392,8,1,5,8,21,35,-6,-13
1563815733355389,12,-2,-4,-5,-18,-19,0,25
1563815733355389,-11,4,0,-8,-38,-11,-32,-31
1563815733376376,28,5,3,-1,10,14,9,44
1563815733376376,-22,-4,-2,-1,-11,-40,3,-4
1563815733377376,2,-6,-7,-7,-3,-8,-14,-6
1563815733377376,9,0,2,8,29,11,15,11
1563815733389372,-21,-1,0,0,4,-9,-8,-38
1563815733389372,8,-2,-3,0,21,18,3,15
1563815733398364,-7,-2,0,2,1,-14,5,-11
1563815733398364,10,2,6,2,-12,16,4,-1
1563815733412355,-18,-2,-3,-3,0,4,-6,-15
1563815733412355,19,3,-1,-2,4,10,14,28
1563815733419374,2,-1,-4,-3,15,12,-4,6
1563815733419374,0,-2,-3,-3,-11,-11,0,10
1563815733436343,-9,2,2,3,1,5,18,-18
1563815733436343,-5,-8,-8,-9,-5,-32,6,0
1563815733437354,15,1,2,2,1,5,-23,-3
1563815733437354,-5,2,1,-1,11,5,6,-5
1563815733449356,14,-1,-3,-4,-27,-11,2,23
1563815733449356,-8,-1,2,9,28,-3,11,-12
1563815733458329,-4,-1,-1,-5,-20,-1,-14,-11
1563815733458329,9,-3,-2,0,6,-6,3,15
1563815733473325,1,-3,0,2,24,-1,6,26
1563815733473325,-3,-4,-5,-7,-5,-8,6,-6
1563815733488319,-11,0,1,3,5,7,1,-20
1563815733488319,15,4,3,5,13,13,7,17
1563815733496311,-30,-5,-3,-9,-34,-15,-1,-13
1563815733496311,26,0,-1,2,3,4,6,26
1563815733497306,-4,-2,-4,-5,-8,-8,0,7
1563815733497306,-7,0,0,1,4,-15,-13,-18
1563815733518317,0,-2,-4,0,4,-18,23,6
1563815733518317,-13,-1,0,-1,-11,22,-8,-18
1563815733520299,4,0,-1,-1,-3,-8,13,9
1563815733520299,3,1,-1,-1,5,22,8,4
1563815733532319,4,3,3,2,-2,5,-31,-8
1563815733532319,-10,1,4,4,1,1,-3,-15
1563815733539284,-5,1,-1,0,8,16,23,23
1563815733539284,19,-4,-5,-3,6,-13,-2,4
1563815733563272,11,-3,-5,-1,13,16,36,31
1563815733563272,-31,-3,-2,-7,-9,-16,-45,-48
1563815733565270,2,-1,0,-1,-11,22,0,-7
1563815733565270,-7,1,1,-3,-20,-18,-2,6
1563815733578262,8,0,2,2,3,7,-9,-1
1563815733578262,10,1,0,3,12,7,12,8
1563815733580261,-18,-3,-4,-6,-16,-11,-17,-35
1563815733580261,1,-2,-1,1,9,8,3,29
1563815733592254,4,3,-1,-4,-8,-10,-15,-22
1563815733592254,1,-3,-4,-5,-7,1,24,13
1563815733599249,-17,0,3,4,8,6,-10,-30
1563815733599249,15,0,-1,-4,-6,-4,-3,18
1563815733623257,1,-1,1,7,21,17,-4,12
1563815733623257,6,0,0,-2,-11,-3,-4,9
1563815733625233,3,-1,-1,0,7,-6,8,-2
1563815733625233,-15,0,1,-2,-11,4,-32,-38
1563815733638244,-2,1,0,2,11,12,-2,-7
1563815733638244,9,1,-2,-2,-16,-9,-8,-4
1563815733640225,4,-1,3,2,6,9,0,8
1563815733640225,-3,-1,-2,3,13,19,16,8
1563815733653218,-12,1,-3,-9,-2,-10,-30,-37
1563815733653218,3,-4,-5,-4,-19,-17,-10,26
1563815733659216,3,-1,-3,0,7,-2,12,0
1563815733659216,-16,-4,-4,-6,-13,-5,1,-6
1563815733677227,-1,-1,0,1,1,-1,4,3
1563815733677227,-6,1,3,0,1,12,-24,-18
1563815733678205,2,-2,-1,1,-5,-2,0,8
1563815733678205,12,2,-3,-3,3,-5,7,15
1563815733698192,-17,-3,1,4,-9,-13,1,-20
1563815733698192,8,-5,-4,-2,5,1,12,14
1563815733700195,-2,-5,-2,-3,-12,-8,0,1
1563815733700195,-1,0,1,-1,2,2,-2,-1
1563815733713184,5,-1,-1,-2,-5,-6,6,8
1563815733713184,2,2,2,2,8,4,4,0
1563815733719204,-4,0,-2,-2,-1,-5,-1,-4
1563815733719204,-6,-3,-1,-1,-5,-5,6,-5
1563815733736170,6,1,0,1,5,5,4,8
1563815733736170,-3,-3,-2,-4,-16,-5,-7,-6
1563815733742168,-2,-2,-2,-4,0,10,-1,-7
1563815733742168,-3,-4,0,1,0,-25,-1,-6
1563815733766153,12,3,1,2,0,17,-12,20
1563815733766153,0,1,0,0,2,-4,-7,4
1563815733767155,-5,-1,-1,-1,9,-1,9,-3
1563815733767155,-2,0,-3,-3,-11,-10,-6,-7
1563815733772152,0,-2,-3,-2,0,-9,-8,-2
1563815733772152,-6,2,1,-1,-2,16,-10,-2
1563815733788197,0,-3,-5,-4,0,-9,-12,-13
1563815733788197,7,-1,-1,-3,4,17,14,10
1563815733803136,-2,1,2,1,-2,14,-26,1
1563815733803136,-3,-1,0,2,12,10,2,-4
1563815733805131,1,-1,-2,-2,-10,-12,0,5
1563815733805131,1,2,1,1,5,23,-8,-9
1563815733818123,3,-4,-1,-5,-6,-8,4,14
1563815733818123,5,-1,1,3,8,4,9,0
1563815733820123,-2,2,2,1,1,1,5,3
1563815733820123,-8,-3,-3,-2,-6,-11,11,-9
1563815733842112,5,-3,-3,0,-4,-20,28,19
1563815733842112,-4,-1,-2,-3,2,-2,1,-8
1563815733843109,3,1,1,1,-5,-4,-3,-8
1563815733843109,-3,-2,1,0,-3,-8,-8,16
1563815733857142,-5,0,-2,0,1,-3,9,-11
1563815733857142,-1,-1,0,0,2,-3,5,-1
1563815733859099,2,-2,-1,-1,-5,-12,20,7
1563815733859099,-3,-1,-3,-1,7,13,4,-7
1563815733878149,-3,0,-2,-1,-5,-6,-8,-8
1563815733878149,1,-1,-2,0,-13,-4,6,6
1563815733880090,-2,0,0,1,2,-24,3,0
1563815733880090,-9,-1,-2,0,12,13,-13,-17
1563815733902077,8,-2,-2,-3,-8,-5,6,17
1563815733902077,-3,2,1,-1,0,-4,3,-7
1563815733903077,1,0,2,1,-4,-3,4,2
1563815733903077,-3,-1,-2,-1,5,-1,-3,0
1563815733916080,-5,-3,-3,-2,3,12,-4,-9
1563815733916080,1,-3,-4,-3,-3,-4,1,0
1563815733917067,-1,3,8,9,-2,12,-11,-5
1563815733917067,0,0,3,1,0,-8,-1,0
1563815733938094,-4,0,-1,0,2,10,7,-11
1563815733938094,-1,-4,-5,-6,-4,-5,-6,2
1563815733940056,-1,-2,-3,-1,3,9,-10,4
1563815733940056,0,0,2,4,-4,-11,9,1
1563815733952055,-1,1,3,2,0,1,6,-1
1563815733952055,-1,-2,0,-12,-6,15,-21,-6
1563815733961050,3,0,-9,-4,7,0,-7,1
1563815733961050,1,-2,-3,-2,-17,-7,6,4
1563815733983037,-6,-2,-4,0,-1,-5,5,-6
1563815733983037,0,2,3,8,4,-8,-1,4
1563815733985031,-2,-2,-5,-6,2,5,-7,-3
1563815733985031,1,0,-3,-6,-2,8,-3,2
1563815733998023,-2,-2,2,3,3,-1,-2,-1
1563815733998023,0,-2,-4,-6,-8,-22,-10,-3
1563815734000021,1,4,7,8,7,13,18,3
1563815734000021,-11,-1,-2,-3,-17,-12,-6,-10
1563815734012051,12,3,-1,-4,-1,2,5,6
1563815734012051,-1,3,4,4,13,19,-5,-4
1563815734021007,-2,-7,-4,-4,-6,-12,15,4
1563815734021007,0,4,2,3,6,1,-10,-2
1563815734035999,-7,-5,-5,-2,-7,-9,-8,-5
1563815734035999,1,-2,-1,0,-1,5,22,3
1563815734036998,-2,1,2,8,-1,-13,-19,-5
1563815734036998,3,1,-1,-11,-13,1,4,0
1563815734058049,-3,-1,-1,-6,-3,-20,-9,-5
1563815734058049,0,-4,-6,-7,-6,16,-18,-2
1563815734059984,-5,-5,-6,-6,1,5,-5,-1
1563815734059984,0,-2,4,5,5,-5,2,3
1563815734071977,-2,3,6,2,-1,12,-33,-10
1563815734071977,-5,-2,-3,0,2,-9,13,0
1563815734080972,1,-3,-4,2,2,4,-10,0
1563815734080972,1,-3,-5,-15,-10,-1,-8,0
1563815734095966,-5,-2,2,2,4,5,10,-2
1563815734095966,0,-3,2,7,2,-3,-4,-3
1563815734097963,0,0,0,-4,-3,0,16,5
1563815734097963,-2,-4,-9,-5,2,2,19,-1
1563815734125947,-3,-2,0,-1,-5,-13,-7,-5
1563815734125947,1,5,4,3,-3,-9,-1,-2
1563815734142937,2,-3,-4,-2,-4,-5,0,1
1563815734142937,-2,-1,-1,1,5,2,-3,1
1563815734143937,1,3,5,1,0,7,5,-1
1563815734143937,-1,-1,-4,0,3,-9,7,2
1563815734148933,1,4,3,4,4,29,-24,-2
1563815734148933,4,1,-2,-8,-3,-6,-3,1
1563815734163924,-2,-1,3,16,6,0,6,-1
1563815734163924,-1,1,3,1,9,3,2,-2
1563815734164929,1,-2,-1,-8,-16,-8,1,-1
1563815734164929,1,3,4,7,10,2,-6,-1
1563815734179920,2,-1,-1,-2,2,0,5,3
1563815734179920,-3,-4,-6,0,-4,0,14,1
1563815734181934,-2,-1,-6,-11,-7,-14,-12,-1
1563815734181934,0,0,2,-1,-2,-4,4,1
1563815734191909,-1,1,2,0,1,-2,-8,-3
1563815734191909,1,1,7,15,5,-3,9,2
1563815734200904,-1,-2,-5,-4,3,-2,-6,-4
1563815734200904,0,-5,-5,-3,-10,5,2,0
1563815734215899,-4,-4,-6,3,1,-2,-15,-2
1563815734215899,0,-1,-4,-16,-20,-3,-2,2
1563815734217894,-2,0,1,-1,-5,1,5,-1
1563815734217894,1,7,8,7,4,-10,-15,-6
1563815734237883,-2,-10,-8,-3,8,3,13,1
1563815734237883,-2,-4,1,-9,-13,-1,-7,-1
1563815734245881,2,2,4,5,5,1,7,1
1563815734245881,-3,-5,-4,1,1,6,5,2
1563815734260888,2,1,0,9,1,8,-2,0
1563815734260888,-2,-4,-5,-1,3,-16,-6,1
1563815734262869,0,-1,2,8,13,12,11,0
1563815734262869,-1,0,-5,-4,-5,-5,-9,-2
1563815734275860,1,2,-7,-23,-16,-2,5,1
1563815734275860,-1,-1,0,6,0,-9,16,-1
1563815734277860,-2,0,-1,-6,-11,-15,12,-1
1563815734277860,0,0,4,16,23,6,6,1
1563815734298847,-1,-4,-8,-15,-13,-7,1,-1
1563815734298847,-2,1,-5,-5,3,1,-3,-2
1563815734299847,1,0,2,7,3,7,1,2
1563815734299847,-2,-4,-4,-4,-8,-7,1,2
1563815734311848,0,4,4,-5,-11,-18,-11,-4
1563815734311848,0,0,0,7,7,8,1,-2
1563815734321839,-4,-3,0,4,7,-1,-6,-2
1563815734321839,1,0,0,-5,0,11,-6,2
1563815734350847,1,3,4,7,-1,7,6,0
1563815734350847,1,1,-2,-4,4,-8,-15,0
1563815734352817,-2,-5,-6,-6,-6,8,9,1
1563815734352817,1,-2,-4,-9,-12,-16,17,5
1563815734357817,-4,-4,-6,-6,-5,-4,14,2
1563815734357817,-2,-1,-1,1,5,11,-8,-2
1563815734365808,1,1,1,-1,2,-2,-8,-2
1563815734365808,-1,-1,4,7,8,8,6,1
1563815734371814,1,0,1,0,-1,-10,-5,-1
1563815734371814,-1,0,-2,-3,-5,-1,2,-1
1563815734380800,-3,-4,-2,-5,-9,-11,-12,-3
1563815734380800,-1,-3,-5,-3,-6,-6,9,-3
1563815734394791,0,1,2,5,13,15,-19,-6
1563815734394791,-2,-1,0,-1,-2,-1,-9,-2
1563815734401790,2,2,0,-3,-6,-16,23,3
1563815734401790,-2,-2,-1,0,3,14,-10,-4
1563815734418782,1,0,-2,-2,1,-3,-10,-1
1563815734418782,-4,-5,-3,-3,0,1,4,-1
1563815734419780,-5,-3,2,0,-6,-8,-3,-4
1563815734419780,-1,1,1,5,2,-5,-4,-2
1563815734440779,1,0,-4,-2,0,-1,5,3
1563815734440779,-1,-2,2,-2,0,5,2,0
1563815734442784,-1,4,-2,-2,-5,-2,-10,0
1563815734442784,-1,-2,-1,1,0,-5,-6,-1
1563815734455766,-3,-3,-3,-4,-6,4,3,1
1563815734455766,-2,-2,-5,-3,-4,-6,-1,-1
1563815734461766,-1,-5,-2,-1,3,-1,5,2
1563815734461766,1,3,5,8,3,5,-12,-3
1563815734478744,-1,2,3,3,4,-2,5,0
1563815734478744,2,1,-1,-1,-4,-1,10,2
1563815734479744,0,3,-1,-3,1,-4,-11,-5
1563815734479744,0,-4,-4,-4,-4,0,-1,0
1563815734500761,-1,0,-1,-2,-3,0,1,1
1563815734500761,-1,-1,0,2,-1,2,1,1
1563815734502730,0,1,1,-2,-2,2,-9,-2
1563815734502730,-1,0,-1,-1,-1,-4,-1,-2
1563815734514737,-2,-3,-4,-3,-1,-7,23,2
1563815734514737,-2,0,2,3,3,7,-7,-3
1563815734521738,4,2,2,2,-1,7,0,-2
1563815734521738,-3,-3,-3,-1,0,-10,-8,-3
1563815734538721,-1,0,1,-2,-3,4,1,1
1563815734538721,-1,-2,-3,0,-1,-14,3,0
1563815734539711,-3,-4,-5,-1,5,7,-3,0
1563815734539711,1,3,-2,-4,-1,-3,-2,-1
1563815734560698,-2,0,0,-2,-7,0,-7,-4
1563815734560698,1,1,1,2,2,2,-4,-2
1563815734562696,-2,-2,-5,-3,-2,2,-9,-2
1563815734562696,-1,0,1,0,3,11,-17,0
1563815734575692,-1,1,-1,3,5,1,-3,-1
1563815734575692,-1,4,4,5,2,-1,-2,-2
1563815734581690,0,1,7,6,1,-4,-1,0
1563815734581690,-1,0,-1,-5,-5,-4,8,0
1563815734598677,1,-2,-4,-5,-1,0,-1,1
1563815734598677,-1,-1,-1,-4,-8,-7,-2,1
1563815734599675,0,1,-4,0,6,13,-11,-2
1563815734599675,-3,-6,-5,-8,-7,2,7,1
1563815734621675,0,4,5,1,-1,0,-9,-3
1563815734621675,0,-3,-8,-6,0,-2,3,-1
1563815734622662,-2,-3,1,-3,-4,-7,4,3
1563815734622662,1,2,2,1,0,-4,-1,-3
1563815734635654,0,0,-1,0,2,2,5,5
1563815734635654,-1,0,1,0,7,1,12,-1
1563815734642651,0,-2,-4,-8,-14,-6,-14,-2
1563815734642651,-4,-3,-1,-2,-3,1,4,0
1563815734658641,-1,-1,2,5,1,0,2,-1
1563815734658641,-1,-2,-1,-1,1,3,0,-1
1563815734659641,0,4,8,9,4,-8,3,-2
1563815734659641,-1,0,1,-1,0,0,5,2
1563815734680650,-1,-2,-1,1,-1,7,-1,-2
1563815734680650,-1,-2,-1,-1,-3,-15,-20,-2
1563815734682649,-1,-3,-3,-1,1,1,2,-2
1563815734682649,-2,-1,-2,4,5,0,-1,-4
1563815734695624,-2,-2,-3,-10,-9,-7,1,-1
1563815734695624,-1,-2,-1,6,-2,6,-1,-1
1563815734701621,1,-2,-2,-3,-6,-2,4,1
1563815734701621,0,3,2,6,6,-7,-1,-1
1563815734718630,0,-2,-5,-4,0,1,0,1
1563815734718630,-2,-2,1,1,-1,4,-2,-2
1563815734719608,-1,-1,-3,-7,-6,-6,-3,-3
1563815734719608,0,-1,-2,-3,-3,-1,20,5
1563815734740594,0,-1,0,3,7,2,-8,-3
1563815734740594,0,3,1,2,-5,-4,-2,-2
1563815734742593,-1,-2,0,-1,0,5,0,0
1563815734742593,0,-2,-1,-1,1,0,0,0
1563815734755585,-4,-3,-4,-2,-3,-9,-1,-1
1563815734755585,-2,-1,-1,3,-3,0,1,-1
1563815734761604,-1,-1,-3,-1,3,3,-2,0
1563815734761604,1,-2,-7,-8,-5,-5,-6,-5
1563815734778595,0,1,3,6,5,1,-14,-5
1563815734778595,-2,3,0,3,4,4,-2,-1
1563815734779574,-1,1,4,-1,-10,-6,0,-1
1563815734779574,-1,-3,-4,-1,-2,1,-6,0
1563815734800560,1,1,2,-3,-4,-5,4,1
1563815734800560,-1,-5,-5,-5,-1,-3,5,-1
1563815734807557,0,-1,0,5,7,3,3,3
1563815734807557,-1,0,2,-2,0,-1,-1,-1
1563815734815555,-3,-3,-1,3,0,-4,-2,-1
1563815734815555,2,2,-2,-3,-1,1,-1,-1
1563815734821566,0,2,1,3,3,3,3,1
1563815734821566,0,-1,2,0,-2,-6,-6,-2
1563815734838548,0,-1,-4,-6,-7,-5,-1,-1
1563815734838548,0,-4,-3,-3,4,11,-1,1
1563815734839549,-2,-2,-3,-2,4,2,5,-1
1563815734839549,-3,1,3,0,-8,-9,-6,-1
1563815734860525,1,1,1,7,5,6,1,2
1563815734860525,-2,1,-1,-4,-3,11,-33,-7
1563815734862525,0,-1,-5,-3,0,5,5,-1
1563815734862525,-3,-3,-1,0,1,-2,-3,2
1563815734875547,-1,-2,-4,-5,-1,2,-4,0
1563815734875547,0,-3,0,4,0,-23,37,3
1563815734882532,0,-1,-2,-9,-5,-1,-11,-4
1563815734882532,0,0,2,2,-1,7,-3,-2
1563815734898503,-3,-3,-5,-3,-3,-11,-2,-2
1563815734898503,-1,-1,-1,-6,-3,4,13,3
1563815734900502,0,0,1,5,2,-8,-2,-1
1563815734900502,-1,-4,-4,-5,-2,-2,6,0
1563815734920524,0,0,2,7,4,0,5,2
1563815734920524,-2,-1,-3,-3,-5,-1,-3,2
1563815734922490,-2,-4,0,4,-4,1,-1,1
1563815734922490,0,5,3,3,0,3,-8,-2
1563815734934485,1,-1,-1,-6,1,3,0,0
1563815734934485,-1,-2,0,-1,1,-2,-7,-1
1563815734943477,1,3,4,5,6,-2,-2,-1
1563815734943477,0,-2,-4,-4,-9,-4,13,4
1563815734958488,-3,-3,-2,-3,2,2,-3,-1
1563815734958488,-1,-3,-2,-2,-3,-2,-2,-1
1563815734960468,-3,-2,-7,-8,-1,-4,2,-1
1563815734960468,-3,-1,1,8,5,-5,9,-1
1563815734980486,-1,-1,-1,-6,-10,-5,5,3
1563815734980486,1,2,0,-1,2,5,-7,-2
1563815734982456,-1,-2,-4,-9,-4,-2,1,0
1563815734982456,0,0,-2,4,5,-2,-4,-2
1563815734994467,-1,-3,-2,-6,-5,-13,23,3
1563815734994467,0,2,2,2,-2,-8,-10,-4
1563815735011445,-2,-3,-4,3,0,10,11,1
1563815735011445,-2,2,3,6,6,-2,-31,-6
1563815735025450,-2,-1,1,-10,-14,-3,-2,-4
1563815735025450,0,0,1,0,-1,-5,13,4
1563815735027430,-1,0,-1,-4,-3,-6,-2,-1
1563815735027430,-2,-3,1,2,2,6,5,0
1563815735040451,0,2,4,8,8,7,-11,-3
1563815735040451,-1,-1,-5,-9,-2,1,-3,-1
1563815735042421,0,-2,1,-1,-1,0,-2,1
1563815735042421,-1,-4,-6,-8,-6,-4,-3,-3
1563815735054420,-2,2,4,2,3,-3,-5,-3
1563815735054420,0,-2,-1,-5,-5,-1,3,-2
1563815735063421,0,0,-3,-3,-6,-6,-1,-2
1563815735063421,1,0,-7,-9,-2,1,6,1
1563815735077458,0,-1,1,2,-1,1,-6,1
1563815735077458,-3,-1,1,7,3,1,-5,-1
1563815735078399,-3,-3,0,2,6,1,-1,-2
1563815735078399,0,2,2,-5,-4,0,-2,-2
1563815735100398,0,-1,1,8,2,4,4,2
1563815735100398,-1,-2,-3,-6,-2,-3,-4,-1
1563815735101425,0,0,0,-3,-3,-4,-3,0
1563815735101425,-2,-1,-3,2,3,4,-1,-1
1563815735123374,-2,1,0,0,5,-2,-3,-1
1563815735123374,-1,-1,0,-2,-2,3,-1,0
1563815735130389,0,0,2,7,2,1,-6,-4
1563815735130389,-3,-3,1,0,1,-4,2,-2
1563815735137405,-2,0,-5,-4,-2,2,6,0
1563815735137405,-1,2,2,4,4,0,-2,0
1563815735138365,-1,0,-2,-9,-8,0,-5,-3
1563815735138365,1,0,1,-1,-3,-4,-3,0
1563815735160410,0,-4,-6,2,5,7,3,0
1563815735160410,0,0,4,3,-2,-1,-3,0
1563815735161373,0,-3,1,-1,1,-5,16,2
1563815735161373,0,-3,-5,-7,-6,-3,2,-1
1563815735183397,-2,-1,-5,-4,-4,-3,-7,-2
1563815735183397,-2,-1,0,3,1,-3,-4,-1
1563815735184340,-1,-1,3,8,5,0,-3,1
1563815735184340,-2,1,0,1,-3,-3,13,6
1563815735197337,1,-3,-1,-2,1,3,-1,1
1563815735197337,0,-2,-6,-11,-6,-2,3,-1
1563815735198331,0,1,0,-3,-1,-3,-4,-1
1563815735198331,1,4,3,7,3,3,0,0
1563815735221318,-1,-2,1,1,0,-5,-5,-4
1563815735221318,-1,-1,-3,1,1,11,0,-2
1563815735221318,-3,-6,-8,-11,-9,-2,-1,-1
1563815735221318,0,-2,-2,-3,2,-5,5,0
1563815735243363,1,3,4,4,-4,-2,-8,-4
1563815735243363,-1,-2,1,1,3,-5,0,-2
1563815735244309,-3,1,-3,-9,-10,-3,-3,0
1563815735244309,-2,-3,-2,-3,-7,0,-2,-1
1563815735258354,0,1,2,-2,-2,-16,15,0
1563815735258354,1,0,-2,-2,2,7,-13,-1
1563815735259296,1,1,0,8,5,0,0,-1
1563815735259296,-2,1,6,4,2,-1,-6,-3
1563815735280341,-2,-2,-2,-2,-2,1,-5,0
1563815735280341,0,1,-2,1,3,0,9,1
1563815735287314,0,0,-2,-3,2,3,-12,-3
1563815735287314,0,-2,-5,-1,-4,6,-4,-2
1563815735303278,-1,0,0,0,-1,1,-5,-2
1563815735303278,-1,0,4,-4,-2,-4,4,0
1563815735304270,-1,-3,2,4,-1,-6,-4,-1
1563815735304270,0,-1,-3,-2,3,9,4,1
1563815735317321,-2,-1,-5,-3,2,3,-7,-1
1563815735317321,0,2,-1,0,-8,-6,-3,-2
1563815735318266,1,1,-2,3,3,1,7,4
1563815735318266,-2,1,5,-5,-6,-8,7,0
1563815735340283,1,-1,-1,-5,4,13,-9,-2
1563815735340283,0,-2,1,7,4,4,4,-1
1563815735341251,-1,-3,-4,-8,-3,-7,-17,-2
1563815735341251,-1,-2,-4,-1,3,0,3,-1
1563815735364297,-2,-2,-4,-5,-5,-3,3,1
1563815735364297,0,2,9,6,0,-2,-12,-6
1563815735365238,-1,1,1,2,5,5,2,-2
1563815735365238,-1,-3,-5,-1,-2,-13,17,1
1563815735378245,1,1,-1,1,1,2,-14,-2
1563815735378245,-3,-4,-8,-9,-5,-2,6,2
1563815735378245,0,0,0,0,-2,-2,2,0
1563815735378245,0,1,1,1,1,-5,-8,-3
1563815735400216,-1,0,2,7,1,1,9,-1
1563815735400216,1,-1,-2,-4,0,-8,-2,0
1563815735401218,0,0,2,4,6,10,4,1
1563815735401218,0,-2,-3,-7,-7,4,-9,-1
1563815735423227,-1,0,-1,-7,-4,-5,-3,-2
1563815735423227,0,0,2,8,4,0,-5,1
1563815735424203,-1,1,2,-5,-7,-3,0,-2
1563815735424203,-1,-1,-2,3,5,7,-9,-2
1563815735438196,-1,0,-2,-3,1,-2,2,2
1563815735438196,-1,-4,-3,-1,-6,-4,0,-1
1563815735438196,-2,-1,-4,-2,2,-1,3,0
1563815735438196,0,0,-1,-1,0,1,-3,-1
1563815735460204,0,-3,0,-2,-5,5,-2,-1
1563815735460204,1,2,1,1,2,-2,-4,0
1563815735461181,0,-3,-3,-6,-6,-5,0,1
1563815735461181,1,1,2,2,4,11,-18,-2
1563815735483191,-1,-2,-2,-4,-2,-5,-1,-2
1563815735483191,-3,-4,-3,0,2,4,1,0
1563815735484167,-1,5,9,10,7,4,-1,-3
1563815735484167,0,-1,-5,-4,-2,-8,-1,0
1563815735498163,-1,1,0,-1,-1,2,9,3
1563815735498163,-2,-4,-6,-4,-5,4,-7,-2
1563815735498163,-1,0,1,2,1,11,-27,-4
1563815735498163,-1,1,0,-3,-1,-2,2,-1
1563815735520160,0,-1,2,0,-4,-7,-3,0
1563815735520160,-2,-1,-3,-5,0,-1,2,-1
1563815735521147,-1,-2,-2,1,2,1,15,1
1563815735521147,0,-2,-2,1,1,-2,-10,-2
1563815735543195,-2,0,4,4,4,2,-4,-4
1563815735543195,-1,0,-4,-10,-10,-8,4,0
1563815735544133,0,-4,-4,-3,-4,-7,10,5
1563815735544133,-1,0,4,3,2,3,7,1
1563815735566182,0,-3,-7,-6,-4,2,-3,-1
1563815735566182,1,0,2,3,3,-2,-3,0
1563815735567123,-3,-1,-2,-2,-7,-14,0,-3
1563815735567123,-2,-4,-2,-1,-3,-6,8,-2
1563815735580122,0,-2,-3,0,-2,1,-3,0
1563815735580122,-1,0,6,8,6,4,4,1
1563815735581113,-1,-4,-6,-6,-9,-3,-9,-3
1563815735581113,1,-1,0,-9,-14,-5,3,1
1563815735603103,1,0,1,6,10,-4,-9,-1
1563815735603103,1,2,6,3,-6,-1,3,-3
1563815735604100,-2,-3,-5,-6,1,6,-12,0
1563815735604100,-2,-1,-1,1,-3,0,-10,-5
1563815735618091,-1,1,-1,-2,-1,-8,2,-2
1563815735618091,-2,-1,-1,-7,-4,-7,18,1
1563815735618091,-1,3,1,5,2,0,3,-4
1563815735618091,-1,-3,-3,-7,-4,1,0,1
1563815735640080,-2,-2,-1,0,0,4,-7,0
1563815735640080,-1,0,1,0,2,-3,-1,-3
1563815735641080,-1,-1,0,3,-1,-4,7,1
1563815735641080,0,0,0,0,3,5,0,2
1563815735663071,-1,3,1,4,1,0,-1,-4
1563815735663071,-1,0,-3,-7,-5,-6,-6,1
1563815735664064,-1,-3,-5,-6,-3,6,5,0
1563815735664064,0,-3,-1,4,4,-4,-4,0
1563815735679056,0,0,2,0,2,5,7,-2
1563815735679056,-1,-1,-4,-8,-7,-11,7,0
1563815735685074,-1,-2,-1,2,-3,-7,-6,0
1563815735685074,-3,2,0,2,4,2,-4,-4
1563815735700065,-2,-6,-7,-5,-6,-7,2,0
1563815735700065,-3,2,0,9,9,5,-1,-1
1563815735701043,-1,-1,3,-6,-12,-8,8,2
1563815735701043,0,-1,0,-1,-3,0,-1,2
1563815735731086,-1,-1,0,0,1,5,-5,2
1563815735731086,0,0,-2,-2,-3,2,-11,-2
1563815735732026,0,-3,-3,2,8,5,1,-1
1563815735732026,-1,-1,1,-4,-2,0,-2,-2
1563815735738082,0,1,-1,1,-7,-4,-2,-2
1563815735738082,-1,-4,-4,-6,-4,1,-3,-2
1563815735738082,0,0,-2,2,2,-4,0,-1
1563815735738082,-3,-1,-1,2,0,-1,14,2
1563815735761044,0,2,1,-4,-4,-3,-1,-1
1563815735761044,-3,2,-2,1,2,2,-3,-3
1563815735761044,-1,0,1,1,0,-2,1,-2
1563815735761044,-2,-3,-3,-2,-3,-7,-1,-1
1563815735791052,-1,0,-1,-1,1,0,6,0
1563815735791052,-2,-2,0,-1,-2,4,-10,-1
1563815735792013,1,4,1,-4,2,5,-2,-1
1563815735792013,0,2,0,6,2,-2,0,1
1563815735798050,-1,-4,0,-3,-7,-5,6,1
1563815735798050,2,-3,-1,-4,-4,7,-4,1
1563815735798050,1,1,-3,0,0,-3,0,-2
1563815735798050,0,-2,1,2,1,4,0,-2
1563815735819976,-2,-3,-2,-3,-1,-5,4,3
1563815735819976,1,-3,-3,3,0,-7,1,0
1563815735820975,0,-1,-3,-3,-5,-1,-3,-2
1563815735820975,-3,0,0,-6,-5,0,-5,-1
1563815735842967,0,0,-2,2,1,2,0,-1
1563815735842967,0,0,2,5,5,-3,4,-1
1563815735843962,-1,0,4,3,1,2,-9,-2
1563815735843962,-1,-2,-5,-4,-6,1,3,-2
1563815735857953,-2,-3,-2,-8,-6,-8,-9,-3
1563815735857953,-3,-4,-3,-4,-5,0,6,-1
1563815735857953,0,0,1,8,7,0,3,0
1563815735857953,2,-1,-2,-1,3,8,-14,-2
1563815735879944,0,2,3,2,2,4,-1,1
1563815735879944,1,-2,-2,-3,1,6,-20,-6
1563815735880943,-2,-2,-1,-1,-1,2,7,0
1563815735880943,-2,-2,0,2,-1,-3,-3,-4
1563815735910983,0,0,-1,-1,-1,-2,-5,-2
1563815735910983,-2,-1,-1,0,-2,1,1,-1
1563815735911926,-1,-2,-3,-9,-10,1,-2,2
1563815735911926,-1,0,-3,0,-1,-5,0,1
1563815735917959,1,2,-3,-1,-2,-5,5,1
1563815735917959,-1,-3,-2,2,2,3,3,1
1563815735918920,2,1,4,8,2,2,1,-3
1563815735918920,0,1,0,-5,-2,-4,1,0
1563815735939914,-1,-3,-2,-1,-2,-1,-1,-3
1563815735939914,1,1,-2,-2,-4,-7,2,2
1563815735940907,0,-4,-2,1,2,0,-7,-1
1563815735940907,0,-1,-2,0,5,3,3,1
1563815735963901,0,-1,0,0,-2,0,2,-1
1563815735963901,-2,-4,-6,-6,-3,6,-15,-1
1563815735963901,-2,-5,-1,0,-3,-9,-1,-2
1563815735963901,0,2,5,6,2,-3,-4,-3
1563815735976892,-2,-3,-2,-3,3,5,-1,1
1563815735976892,0,0,-3,-5,-4,-6,5,-1
1563815735984913,-1,0,-1,0,0,0,-2,-2
1563815735984913,-1,-2,-3,-6,-3,-2,-3,-2
1563815735999873,-1,0,2,4,2,-2,7,-3
1563815735999873,-3,-2,-2,1,3,6,2,0
1563815736000873,0,3,0,-2,2,-3,-1,0
1563815736000873,1,0,4,0,-3,-1,2,-1
1563815736023866,-2,-1,-2,0,2,-1,0,1
1563815736023866,1,1,0,3,-5,-13,9,-1
1563815736023866,1,-2,4,2,4,9,-22,-3
1563815736023866,1,-1,-6,-10,-6,2,3,0
1563815736037859,-2,0,2,3,1,7,-2,0
1563815736037859,0,-1,0,0,3,-10,-3,-2
1563815736044851,-2,-3,-7,-4,1,-3,5,-1
1563815736044851,0,0,3,5,1,6,9,0
1563815736068835,-1,-1,-2,-5,-6,-14,-15,-1
1563815736068835,-1,1,0,1,1,10,6,0
1563815736068835,-1,0,-3,-3,-3,-3,5,0
1563815736068835,1,1,-3,1,2,-1,-3,-1
1563815736083826,-1,1,-1,-1,-7,-4,5,1
1563815736083826,0,-3,-2,-3,-1,3,2,-1
1563815736083826,-1,0,-2,-3,-6,-14,10,2
1563815736083826,-3,-2,2,6,1,3,0,-1
1563815736096876,0,0,3,3,2,5,1,-2
1563815736096876,1,-1,2,-1,-4,-2,-7,0
1563815736104853,-3,-2,-6,-11,-8,2,-3,-5
1563815736104853,-2,-1,-2,-5,0,-8,-5,-2
1563815736120864,-1,-1,-3,3,4,5,3,0
1563815736120864,-2,0,3,0,-4,0,5,0
1563815736121849,-1,1,0,-1,-3,-2,-22,-5
1563815736121849,0,-3,-5,-2,0,0,1,1
1563815736143798,-2,0,1,0,3,-2,4,-3
1563815736143798,0,-1,-3,-3,-1,0,-6,-2
1563815736144790,-1,-1,3,5,4,3,7,1
1563815736144790,1,-2,-2,-5,-6,2,-20,-2
1563815736156794,-1,-2,-5,0,3,4,0,-1
1563815736156794,-1,1,0,-3,-4,-8,3,0
1563815736164779,-1,-1,2,-1,-2,1,0,1
1563815736164779,-3,-3,0,6,5,-2,7,1
1563815736179807,0,-1,0,2,-7,-5,0,2
1563815736179807,-1,-1,-3,-2,1,0,-3,-1
1563815736187808,-2,-1,-2,0,-1,5,7,2
1563815736187808,0,-1,2,0,-4,-1,-2,-2
1563815736203776,-1,-2,-4,-4,2,-3,-4,1
1563815736203776,-1,1,2,-1,0,-2,-4,0
1563815736203776,0,-1,0,-1,-2,0,17,1
1563815736203776,-1,-3,-5,-4,-8,-10,-6,1
1563815736216788,-1,-3,0,-2,-4,-3,-5,0
1563815736216788,-2,-1,-2,-2,-2,-1,-2,0
1563815736225744,-2,-2,-4,1,6,-1,2,0
1563815736225744,-1,1,3,0,-5,0,0,-1
1563815736239736,-2,1,1,-1,-4,-1,-2,-5
1563815736239736,-2,-1,-2,2,2,1,5,0
1563815736240741,0,-1,1,0,0,-6,-3,0
1563815736240741,-2,-2,-3,2,7,5,-7,-1
1563815736263783,-1,-3,2,0,0,14,-11,-4
1563815736263783,0,-4,-3,1,-3,-6,3,2
1563815736264722,-2,-2,-4,-7,-3,3,-13,-4
1563815736264722,2,2,1,2,3,3,4,-1
1563815736285712,1,0,-1,1,2,-6,8,2
1563815736285712,-1,-2,-1,-4,3,3,-11,-2
1563815736286709,-1,-1,3,4,-6,-5,-2,0
1563815736286709,-1,-1,0,-1,-4,-6,0,1
1563815736300701,0,-1,-2,-2,3,4,0,0
1563815736300701,-1,-1,-1,-1,-8,-10,1,-2
1563815736300701,-1,-1,-3,-6,2,5,4,2
1563815736300701,-2,-3,-3,1,4,-3,2,0
1563815736323700,-1,3,5,-1,-3,-2,10,0
1563815736323700,0,1,3,1,2,4,-13,-5
1563815736324688,0,-1,-2,-4,-5,-4,-1,-1
1563815736324688,-1,-4,-4,-5,-7,-16,26,4
1563815736345680,1,-3,-5,-2,4,5,-5,-3
1563815736345680,0,-2,-2,1,0,0,1,-1
1563815736346706,0,1,1,7,2,0,-10,-5
1563815736346706,-2,1,2,-2,0,0,-2,-3
1563815736360667,0,-2,-3,-7,-9,-11,0,1
1563815736360667,0,4,5,4,4,11,4,-2
1563815736360667,-1,-3,-4,-2,-4,-5,-6,-1
1563815736360667,0,-1,-3,-3,-2,3,-5,-1
1563815736383657,-2,-2,-6,-3,1,0,12,2
1563815736383657,2,3,6,5,-1,-5,-13,-4
1563815736384653,0,2,1,3,4,-5,4,2
1563815736384653,0,0,3,3,-4,-3,-10,-2
1563815736404672,-2,-3,-5,-9,-11,-9,5,2
1563815736404672,-3,-2,-2,0,1,-1,8,0
1563815736413653,1,-1,0,1,1,1,2,1
1563815736413653,-2,-2,0,-1,5,1,-7,-2
1563815736429635,0,1,0,3,4,3,-1,-2
1563815736429635,-3,-4,-3,-8,-5,-3,3,1
1563815736430626,0,0,3,1,-2,-3,-3,-1
1563815736430626,1,-2,-4,-2,-2,0,-1,-1
1563815736443677,-1,2,0,5,2,-5,-10,-1
1563815736443677,0,0,0,-5,1,4,2,-1
1563815736444619,0,-2,1,1,-4,-4,-2,-1
1563815736444619,0,2,1,0,2,6,4,1
1563815736465606,0,2,1,-2,1,-2,-4,-1
1563815736465606,-1,-1,-4,2,1,-5,12,2
1563815736466606,-1,2,2,-2,-3,-1,1,-2
1563815736466606,0,0,-3,-2,-6,-1,-2,0
1563815736480597,-2,-3,2,0,-1,-1,-6,-2
1563815736480597,-2,-2,-4,0,1,-4,1,-1
1563815736481596,-1,-2,-3,-1,-2,-8,28,6
1563815736481596,-1,-1,-2,-1,-2,2,0,0
1563815736510582,-2,-2,0,-1,-4,-5,-1,-3
1563815736510582,-1,0,-1,-3,-8,-7,-9,-1
1563815736511579,-1,-2,-4,-1,1,-2,-1,-2
1563815736511579,0,1,6,7,3,1,-5,0
1563815736525571,-1,-4,-7,-4,-2,0,1,0
1563815736525571,-1,0,2,-2,-2,-2,3,1
1563815736527572,0,0,0,-2,2,3,-9,-2
1563815736527572,-4,-4,-3,-3,-2,-5,0,-1
1563815736539623,-1,-2,-3,2,1,5,-1,0
1563815736539623,0,0,2,8,2,-3,-6,-2
1563815736548561,-1,-2,-6,-10,-5,5,-4,0
1563815736548561,0,-1,-4,-5,-3,1,-6,-2
1563815736563572,-2,-3,-5,-3,-2,2,2,3
1563815736563572,0,4,7,10,6,6,-3,-3
1563815736565555,0,-1,1,-2,-4,-8,10,1
1563815736565555,-2,-1,-1,-6,-2,-7,-1,-3
1563815736585541,-1,-1,0,2,0,0,-2,-1
1563815736585541,1,-1,-3,1,5,2,1,0
1563815736587539,-1,1,0,-5,-2,-2,-5,-2
1563815736587539,-2,1,2,-1,-2,12,7,-1
1563815736599589,-2,1,0,0,-4,-9,-10,-4
1563815736599589,2,-2,-2,-1,2,6,-1,2
1563815736608523,-1,-1,0,0,-1,1,-6,-2
1563815736608523,1,-2,-5,-6,0,0,2,3
1563815736623519,-1,3,3,4,3,4,1,-1
1563815736623519,-1,0,-1,0,4,3,1,-3
1563815736624537,-2,-3,-5,-2,-6,4,-7,-2
1563815736624537,0,-2,-2,-2,-9,-19,7,1
1563815736653516,0,-2,-1,1,0,3,0,-3
1563815736653516,-2,-4,-4,-6,-2,1,0,-1
1563815736654496,-3,1,0,-3,-5,-12,-5,-4
1563815736654496,-2,2,1,5,3,-4,-2,-2
1563815736660499,2,0,1,-6,-2,-1,0,1
1563815736660499,-1,-3,-6,-7,-6,-3,-4,-1
1563815736674488,-3,-2,0,8,2,3,0,-1
1563815736674488,0,0,-2,0,1,1,-6,0
1563815736683540,0,-1,-4,-7,-2,0,-4,-1
1563815736683540,0,2,3,3,-3,-8,-2,1
1563815736685479,-3,-4,-1,7,5,6,-1,-1
1563815736685479,0,1,2,-1,0,-3,-2,-2
1563815736705489,0,-2,2,1,1,6,4,-2
1563815736705489,-3,-3,-4,-6,-2,-6,-1,2
1563815736707465,0,1,0,0,0,-3,-1,-1
1563815736707465,0,-2,-1,1,1,8,2,2
1563815736720464,-3,-1,-1,1,2,-2,0,-1
1563815736720464,-2,-2,-3,-1,-2,-1,1,0
1563815736727475,2,-2,-1,-6,-4,-4,-2,-2
1563815736727475,-1,0,0,-2,-2,-5,-5,-2
1563815736743507,-1,2,2,0,-3,-1,-4,0
1563815736743507,1,-2,-1,2,2,8,3,-1
1563815736749503,-2,-3,-6,-6,0,-9,-5,-1
1563815736749503,-1,-2,-1,-3,0,-5,4,1
1563815736765475,-1,1,-8,-6,-2,-3,3,1
1563815736765475,-1,2,7,5,-4,1,-12,-3
1563815736767433,-1,0,0,-4,3,9,-1,-1
1563815736767433,-1,1,-1,-3,-2,1,-5,-2
1563815736780458,2,-1,0,9,7,-1,-2,1
1563815736780458,1,-4,-1,-3,0,0,3,1
1563815736787421,1,1,-3,1,-6,-1,0,2
1563815736787421,1,0,0,0,3,6,-1,-1
1563815736803450,-3,-2,-1,-4,-6,-3,3,-1
1563815736803450,0,-3,-1,2,2,-3,-4,-3
1563815736805412,0,-1,2,2,2,-3,1,1
1563815736805412,0,-1,-4,-3,-1,6,0,-1
1563815736826399,3,0,-2,-3,-8,-3,-2,1
1563815736826399,0,3,5,4,2,-1,3,0
1563815736827398,-1,0,-2,7,11,1,-5,-3
1563815736827398,0,2,2,1,0,-1,-4,0
1563815736840398,-2,-5,-7,-11,-9,-3,-3,-2
1563815736840398,-2,-2,-5,-6,-9,-8,-1,0
1563815736848410,0,-2,-1,-3,-11,-3,0,1
1563815736848410,0,1,1,4,12,5,-2,-3
1563815736863437,-1,-2,2,9,-2,0,3,-1
1563815736863437,-2,0,-6,-2,-9,-6,0,-2
1563815736865409,-3,0,1,2,20,8,-2,-3
1563815736865409,-1,-4,-3,-5,-4,-2,0,-1
1563815736886365,2,3,6,3,-3,2,0,3
1563815736886365,-2,-4,-4,-3,3,-2,-2,-2
1563815736887366,5,1,1,-5,-16,-6,-4,-2
1563815736887366,-8,-5,-5,0,6,2,0,-5
1563815736900357,0,1,3,3,13,3,0,1
1563815736900357,1,-2,0,0,-32,-4,1,2
1563815736908352,11,2,1,0,18,3,-1,5
1563815736908352,-49,-12,-9,-13,8,-8,-11,-46
1563815736922342,30,0,1,5,2,3,7,34
1563815736922342,-3,2,4,0,4,3,1,-2
1563815736929338,-8,-2,-4,-3,-13,-3,-4,-7
1563815736929338,16,10,2,-4,-19,-21,-16,-13
1563815736953386,-1,-5,-3,-1,1,1,-1,-2
1563815736953386,1,12,8,2,4,11,3,-7
1563815736955323,-8,0,-6,1,-1,-4,-9,-1
1563815736955323,11,-27,-7,5,21,1,1,42
1563815736959344,-47,-11,-4,-5,-16,-11,-11,-54
1563815736959344,27,6,-1,1,3,10,4,14
1563815736969316,-2,8,6,-5,-9,-6,2,-7
1563815736969316,0,20,5,1,-13,10,9,23
1563815736983367,20,5,6,3,-4,-17,-15,3
1563815736983367,-19,-18,-10,-7,12,3,2,-1
1563815736985307,-8,-4,-3,-3,2,-6,-7,-9
1563815736985307,5,-3,1,3,7,1,-2,4
1563815737006297,1,0,4,1,-5,1,1,-2
1563815737006297,-11,5,4,4,9,3,-5,-30
1563815737007293,23,2,0,3,14,16,20,50
1563815737007293,-6,-6,-5,-6,-30,-1,5,-11
1563815737019287,11,2,-5,-4,14,-1,-4,4
1563815737019287,-3,-5,-5,-3,0,3,10,0
1563815737028281,-3,-3,1,2,-3,2,4,-2
1563815737028281,-3,1,4,4,1,4,-1,-4
1563815737043277,14,4,-3,-5,-4,-8,2,17
1563815737043277,-14,-6,-4,-2,12,5,-17,-21
1563815737045293,-8,-4,-1,4,6,20,17,1
1563815737045293,11,3,5,0,0,-8,-8,-4
1563815737066259,-11,1,-1,3,3,3,-3,-27
1563815737066259,4,-5,1,-6,-12,-28,-16,19
1563815737067260,-4,-3,-7,-6,-10,-1,-2,-14
1563815737067260,-6,-1,-3,-2,-4,-1,-1,-8
1563815737079312,1,-3,-4,-2,0,-1,-1,28
1563815737079312,-9,2,-1,-2,-7,-5,-4,-15
1563815737088251,5,-2,-1,1,-4,-9,-10,-10
1563815737088251,5,-3,1,0,-1,-11,10,3
1563815737103240,-14,3,-3,-3,8,9,-1,-22
1563815737103240,-14,-2,-2,-2,-3,-3,0,10
1563815737105237,10,-8,-6,-10,-24,3,18,63
1563815737105237,1,5,3,7,13,-6,-12,1
1563815737126247,-19,0,-6,-7,-10,-9,-11,-57
1563815737126247,-19,-22,-5,4,18,8,-3,-42
1563815737127233,16,8,-1,-2,-20,-7,15,39
1563815737127233,11,-2,-6,-8,-19,-14,-6,9
1563815737139218,-5,-5,1,-1,-1,-22,-7,32
1563815737139218,7,6,0,-3,-1,-1,-20,-37
1563815737154212,-17,-6,1,5,12,12,-11,-80
1563815737154212,-21,-6,-2,1,-1,3,16,22
1563815737163203,-3,2,4,2,6,19,0,-7
1563815737163203,30,-2,-4,-2,-3,-11,32,25
1563815737165206,-33,1,2,1,-3,-6,-4,-8
1563815737165206,-5,5,-1,0,5,10,0,-6
1563815737186192,0,-16,-5,-6,-17,-22,-34,-8
1563815737186192,13,0,-5,-12,-39,-35,-13,17
1563815737187190,0,3,2,3,8,-1,-1,1
1563815737187190,8,0,1,2,13,13,6,14
1563815737199184,-6,-4,0,3,12,16,13,9
1563815737199184,1,6,-1,0,-13,-16,-11,-12
1563815737208179,9,-1,-2,-4,8,6,-8,4
1563815737208179,9,0,2,1,9,0,2,7
1563815737222201,7,6,3,6,5,6,-5,6
1563815737222201,-7,1,-3,0,7,20,7,5
1563815737231165,0,0,2,3,-1,6,5,-6
1563815737231165,-2,-3,-2,-4,-16,-20,13,4
1563815737246186,-3,1,-1,-5,-4,0,1,-6
1563815737246186,4,2,2,3,6,6,4,19
1563815737247163,-5,-7,-3,0,2,-8,-17,-6
1563815737247163,12,11,5,0,6,20,4,-20
1563815737268144,-3,-9,-5,-5,-17,-22,-1,3
1563815737268144,6,-1,-5,-3,5,5,4,30
1563815737270151,-9,-3,-1,-3,-6,-3,4,-8
1563815737270151,2,-1,-1,1,-11,-24,-7,-21
1563815737283136,0,2,-2,-5,-1,9,13,6
1563815737283136,1,2,1,1,11,10,6,6
1563815737289162,6,2,3,0,3,-5,-1,3
1563815737289162,-2,2,2,4,-8,-1,-9,-8
1563815737305122,7,2,0,1,5,8,6,18
1563815737305122,-2,-5,-7,-5,-7,-6,0,1
1563815737313119,2,-2,0,-1,3,-6,-8,-6
1563815737313119,-8,-1,2,1,-6,-1,-10,-5
1563815737328111,15,-2,-4,1,10,16,10,0
1563815737328111,-2,3,3,-1,-1,1,5,11
1563815737330109,-2,-3,-2,-4,-8,-15,-8,-3
1563815737330109,1,-4,-2,2,20,14,2,9
1563815737343100,-10,1,-1,-1,-5,-1,-2,-19
1563815737343100,-5,-3,1,2,-4,2,4,9
1563815737349101,4,5,0,-2,0,3,1,-3
1563815737349101,-4,-7,-5,-6,-11,-8,-3,4
1563815737366145,15,13,5,6,23,11,21,-7
1563815737366145,4,1,-1,-1,3,-6,-2,21
1563815737367093,-3,1,-4,-3,-8,-2,2,-7
1563815737367093,-4,-5,-2,-2,-1,13,-22,-15
1563815737397071,1,0,2,0,-8,-4,2,7
1563815737397071,2,1,7,7,6,6,-4,-7
1563815737399069,-1,-4,-4,0,5,0,-2,-5
1563815737399069,0,-1,-3,-1,0,-4,5,2
1563815737403074,-5,-5,-5,-7,-11,0,-1,6
1563815737403074,-8,1,1,3,3,4,-7,-15
1563815737410065,18,1,0,-1,1,0,-3,17
1563815737410065,-26,-1,2,1,-5,-1,-2,-22
1563815737427055,-5,1,3,4,3,-1,-8,-14
1563815737427055,10,0,-2,-2,7,2,2,4
1563815737429053,0,-9,-8,-5,-19,-9,3,7
1563815737429053,5,-2,-5,-5,2,13,1,10
1563815737456039,-5,6,2,1,-8,-14,-12,0
1563815737456039,-3,1,3,1,-8,-6,1,-10
1563815737457037,-8,-3,0,3,13,9,-5,-17
1563815737457037,4,-3,-2,-2,4,1,4,7
1563815737463097,-4,-4,-6,-2,-2,4,4,1
1563815737463097,-2,-2,-1,-2,-2,-2,-1,-2
1563815737470030,-2,1,3,2,-2,-4,-2,4
1563815737470030,-1,-2,-4,-5,-4,-2,2,-7
1563815737486030,4,-1,-2,-2,1,-2,0,2
1563815737486030,-2,1,1,-1,-2,0,-4,-3
1563815737488020,-4,2,1,3,1,-2,-1,-4
1563815737488020,2,-1,-3,-2,0,-3,0,1
1563815737508008,-7,-6,-5,-4,0,0,2,2
1563815737508008,3,-3,-3,-4,1,3,3,9
1563815737510006,-7,0,2,2,-5,-3,-2,-9
1563815737510006,7,5,3,5,3,-1,-5,5
1563815737522998,-6,-3,1,-2,-2,0,2,7
1563815737522998,-3,-3,-1,-2,-6,-6,-2,-9
1563815737530001,3,1,-1,-1,3,-2,-2,1
1563815737530001,3,-3,-4,0,-2,-4,0,-4
1563815737545988,-4,-3,1,1,2,3,1,-1
1563815737545988,-6,-2,-5,-3,0,-3,-4,-6
1563815737546985,9,0,-3,-2,-1,1,3,6
1563815737546985,-2,-1,0,0,-1,-2,0,-1
1563815737569974,-2,1,1,0,6,4,2,-1
1563815737569974,0,-6,-1,-2,-1,0,1,-3
1563815737570980,5,4,4,-1,-1,-1,-1,-2
1563815737570980,-4,-3,-1,-2,-5,-3,0,0
1563815737582970,3,1,1,0,3,-1,-7,-4
1563815737582970,-3,-2,-5,-2,0,1,1,0
1563815737589960,-11,-6,-3,-2,0,-1,-2,-9
1563815737589960,7,5,3,3,4,1,-1,4
1563815737605951,-3,-3,-2,-2,-12,-8,-2,0
1563815737605951,-2,2,2,-1,1,2,-1,-3
1563815737607948,-7,-3,1,0,1,-1,-1,-7
1563815737607948,2,-1,-2,0,0,1,1,0
1563815737627956,-3,-2,0,-2,-7,-15,9,1
1563815737627956,-1,1,-3,-4,-5,-2,-4,3
1563815737634953,1,-2,-2,-1,1,2,2,4
1563815737634953,-3,-1,0,-3,2,-1,0,-3
1563815737642959,1,0,1,2,4,6,-2,-9
1563815737642959,2,1,1,2,-2,-2,-1,-8
1563815737649934,-11,1,1,-2,2,1,-2,2
1563815737649934,-4,-2,-4,-3,0,0,0,-8
1563815737672920,4,-4,-5,-5,-10,-5,-2,7
1563815737672920,-6,1,1,0,3,2,-1,-12
1563815737674911,9,-2,1,3,0,-3,4,9
1563815737674911,-3,1,4,-1,-5,-2,-2,0
1563815737688907,-8,-3,-5,-1,25,18,5,6
1563815737688907,-2,-4,-4,-4,-17,-20,-9,-3
1563815737689903,-2,-2,0,-3,-7,-10,-5,-11
1563815737689903,4,1,2,1,-1,-3,0,8
1563815737701895,3,3,1,1,-3,4,-1,-2
1563815737701895,0,-3,0,1,5,2,2,-2
1563815737710889,3,3,-4,0,0,6,3,6
1563815737710889,-9,-7,-1,1,-3,-2,-6,-10
1563815737724882,21,1,-2,-4,-5,-5,-1,21
1563815737724882,2,4,3,4,14,10,4,3
1563815737733881,-2,0,0,1,0,-1,-5,-4
1563815737733881,-3,1,-1,-1,4,3,1,-4
1563815737747898,-1,-2,-1,-2,-2,-2,0,-17
1563815737747898,1,-1,-1,-2,-5,-5,-1,7
1563815737749868,-1,-2,0,0,-3,-7,8,-5
1563815737749868,5,-2,-2,-3,2,-2,-3,6
1563815737761861,-7,-3,-3,-2,0,-1,-5,-4
1563815737761861,-2,-3,-1,-1,-5,-1,1,1
1563815737770856,-1,3,2,3,2,1,-3,2
1563815737770856,0,0,-3,-2,-2,-3,1,-2
1563815737785852,-10,-2,-3,-4,-6,-6,-4,-6
1563815737785852,5,1,1,0,3,5,1,13
1563815737787865,-1,0,2,2,2,1,-10,-3
1563815737787865,4,4,1,-1,-1,-2,1,1
1563815737807864,-10,-5,0,1,-4,14,-9,6
1563815737807864,-2,-1,-2,-5,-2,-4,-1,-10
1563815737814834,-5,-4,-3,-4,0,-1,2,2
1563815737814834,2,1,4,1,0,-1,-3,-5
1563815737821826,5,2,0,3,1,-2,6,1
1563815737821826,-4,-2,-1,-1,0,1,-4,-5
1563815737830824,2,-4,-6,-6,-7,1,-4,4
1563815737830824,-5,0,1,0,-1,0,-1,-9
1563815737845842,1,2,5,4,6,-1,0,4
1563815737845842,-1,1,0,2,6,5,2,0
1563815737847812,1,1,-3,-2,3,3,-1,-10
1563815737847812,-3,-6,-7,-5,-17,-13,-2,8
1563815737868800,0,0,0,-2,-6,-4,-4,-4
1563815737868800,1,0,-2,-1,2,-5,-1,5
1563815737869807,-4,-2,-3,-2,1,5,1,-6
1563815737869807,1,0,0,0,2,2,1,-2
1563815737881810,-2,-2,0,-2,-3,-5,1,1
1563815737881810,-3,-1,-4,-3,-1,3,-1,-2
1563815737896784,1,-2,1,-1,-2,-4,-1,3
1563815737896784,0,1,2,4,2,-2,-1,0
1563815737905778,-2,1,-1,0,2,-2,-1,-2
1563815737905778,2,-1,-1,-1,-4,-5,13,7
1563815737907777,-4,-1,-1,-2,0,-1,-5,-10
1563815737907777,-6,-4,-6,-4,-1,-2,-2,4
1563815737928764,-6,0,-2,-2,-3,-3,-2,-16
1563815737928764,8,-1,-1,-3,0,3,4,17
1563815737929778,-3,-3,3,3,-8,-6,-2,-2
1563815737929778,0,1,3,3,5,5,-1,-6
1563815737950783,-1,0,-4,-4,4,-1,-1,-12
1563815737950783,-18,-9,-4,-2,0,1,-2,12
1563815737952753,0,-1,-5,-6,-7,-4,1,1
1563815737952753,0,-3,-3,-1,-3,1,-1,0
1563815737965774,1,1,2,3,-5,-5,-3,2
1563815737965774,2,0,3,2,1,1,-3,-8
1563815737967742,0,-1,-2,-2,2,2,-1,3
1563815737967742,-3,-2,-3,-1,-4,-12,7,-1
1563815737988733,1,-2,-4,0,1,5,-2,4
1563815737988733,-1,0,-1,0,0,-2,-5,-8
1563815737989730,-2,-1,2,0,0,-2,-1,1
1563815737989730,2,-2,-3,-5,-2,-4,-1,-2
1563815738001723,-1,-1,3,-2,5,0,1,3
1563815738001723,3,-4,-4,-2,-5,-2,-2,2
1563815738010720,0,-2,-5,-1,0,0,-1,-1
1563815738010720,-1,1,4,0,0,5,-4,-1
1563815738025739,0,-3,-2,0,-6,-3,2,2
1563815738025739,-2,0,-1,-2,-2,-3,-4,-6
1563815738027708,0,-1,-1,-2,1,-1,2,2
1563815738027708,-3,1,-1,-2,-1,1,-2,-1
1563815738048697,3,-2,1,0,-2,-2,1,5
1563815738048697,-1,2,2,0,-3,-4,-4,-5
1563815738049697,-1,-4,-5,-1,2,0,0,0
1563815738049697,-1,3,1,0,7,6,-3,-8
1563815738061694,-2,0,-2,-1,-8,-7,2,5
1563815738061694,-1,1,-2,-1,-7,-7,-7,-4
1563815738070683,2,0,-1,0,-1,1,-2,2
1563815738070683,-4,-2,-3,-3,-2,0,-2,-1
1563815738084676,-2,-3,-4,-3,3,0,-3,-3
1563815738084676,-5,-1,0,0,3,3,-2,-10
1563815738093676,5,3,2,1,0,-1,-2,12
1563815738093676,0,-3,-3,-3,-2,-2,0,0
1563815738108665,0,0,0,0,0,1,-2,-3
1563815738108665,1,2,1,0,-1,5,-9,-1
1563815738110664,-2,-1,1,2,1,0,-2,-7
1563815738110664,0,-1,-1,2,1,0,0,3
1563815738121661,-3,-4,-4,-4,-3,0,-4,-1
1563815738121661,3,-1,1,-1,-2,-3,3,9
1563815738130649,-4,1,0,2,2,-1,-1,-6
1563815738130649,2,-3,0,0,-3,-1,-1,4
1563815738145641,-4,-3,-2,-3,-3,-3,2,-4
1563815738145641,-1,0,-1,0,2,-3,0,-4
1563815738147640,-2,-4,0,-2,-2,0,-1,-4
1563815738147640,1,0,1,-2,0,-3,1,3
1563815738168629,-6,1,0,1,-3,-2,-4,-9
1563815738168629,1,0,-2,-3,3,2,3,3
1563815738174643,1,3,0,-1,-3,-1,0,1
1563815738174643,-5,-4,-2,-1,-3,-5,1,-5
1563815738181640,0,-4,-2,-4,-3,1,1,0
1563815738181640,0,2,-2,0,-2,-1,0,-2
1563815738190618,-2,2,3,2,3,5,0,-2
1563815738190618,2,1,-3,-1,-4,-4,-1,0
1563815738205609,0,-1,0,0,2,-1,3,1
1563815738205609,-1,-2,-2,-1,0,-3,-7,-4
1563815738211603,0,-4,-5,-4,-3,-4,2,1
1563815738211603,0,-1,1,0,2,4,-1,-2
1563815738228623,1,1,3,2,1,-1,-2,2
1563815738228623,-1,-1,-1,-2,-2,0,1,-2
1563815738230611,-1,-1,-2,-3,-1,0,-1,-1
1563815738230611,-2,-1,-3,-1,-2,-1,-7,-1
1563815738250613,2,1,1,0,-1,0,-1,1
1563815738250613,-1,-3,-7,-4,-1,0,3,0
1563815738252581,-1,0,0,-1,-1,-2,2,-1
1563815738252581,-4,0,0,2,0,0,-2,-5
1563815738265603,6,0,-3,-1,0,-1,0,8
1563815738265603,-3,-4,-1,1,0,-1,0,-1
1563815738267571,-1,0,0,-1,-1,-3,-3,-1
1563815738267571,1,1,0,-1,0,1,-1,0
1563815738288559,-6,-2,-3,-3,-2,0,-2,-11
1563815738288559,4,0,1,-1,-2,0,1,5
1563815738289560,0,-4,0,3,0,3,0,-1
1563815738289560,0,-3,-3,-2,-3,0,1,-1
1563815738310560,0,-1,-3,0,-1,0,-3,-1
1563815738310560,-3,-3,-4,-5,0,-3,0,-2
1563815738312577,-1,3,0,-1,-1,0,2,-2
1563815738312577,2,0,-1,-1,-1,-1,-3,1
1563815738325569,0,-3,0,0,0,-3,5,2
1563815738325569,-1,1,2,4,1,2,-10,-8
1563815738327539,-2,0,-4,-4,-2,-9,-10,2
1563815738327539,-5,-5,-2,0,0,-1,0,-3
1563815738348530,-1,-1,-1,-1,-3,-1,2,3
1563815738348530,-1,-2,-3,-1,-2,0,10,4
1563815738350525,-1,-2,-2,-2,0,1,1,-3
1563815738350525,1,3,0,1,-2,0,-5,-1
1563815738370514,0,-1,5,2,1,-3,-2,-1
1563815738370514,0,2,0,-1,0,-1,1,-3
1563815738372513,0,-2,-2,1,0,1,1,3
1563815738372513,0,-1,-2,-2,0,0,2,3
1563815738385511,0,0,-5,-6,-3,-2,0,-1
1563815738385511,-3,-1,0,2,-4,-3,-5,-3
1563815738393499,-4,-4,-4,-6,-7,-4,-11,-6
1563815738393499,-1,2,1,3,3,1,2,1
1563815738408490,1,1,-2,-2,0,0,-1,-1
1563815738408490,0,-1,-1,-1,2,1,0,0
1563815738410489,2,-2,-1,3,4,0,4,3
1563815738410489,1,-1,2,5,11,2,1,6
1563815738430479,2,2,1,1,4,7,24,12
1563815738430479,-3,0,0,-8,-9,-2,-12,-11
1563815738432476,-3,-7,-5,-8,-16,-5,-4,-3
1563815738432476,-6,-2,-3,3,-3,-10,-11,-3
1563815738445491,0,3,2,5,10,1,-30,-18
1563815738445491,-3,-3,-7,-8,-5,-7,4,-1
1563815738459462,-6,-2,-1,-3,1,4,18,0
1563815738459462,0,-3,-3,-4,-2,-2,6,2
1563815738468474,9,10,8,8,8,8,23,8
1563815738468474,6,5,9,13,13,7,-16,-2
1563815738470455,-5,-8,-2,2,10,4,16,3
1563815738470455,3,-2,-3,-11,-16,6,31,15
1563815738490465,4,-5,-9,8,12,-5,-38,-6
1563815738490465,7,13,12,0,-11,2,27,16
1563815738492442,7,9,2,-4,-11,-1,-10,11
1563815738492442,0,-1,0,6,12,7,5,-44
1563815738506433,-30,-16,-4,-18,-31,-25,-26,-23
1563815738506433,-31,-26,-18,-4,-2,-21,-55,-19
1563815738513430,20,14,11,14,18,12,-9,44
1563815738513430,5,4,-6,-14,-9,0,45,4
1563815738528421,13,1,4,6,12,25,11,28
1563815738528421,12,11,5,2,6,9,56,15
1563815738530421,-7,2,4,10,9,7,15,-38
1563815738530421,35,15,8,8,5,2,-26,92
1563815738550430,-9,-7,4,1,-2,13,81,-30
1563815738550430,-40,-25,-23,-21,-26,-39,-109,-57
1563815738552409,-11,-5,-10,-3,4,-19,26,-21
1563815738552409,-17,-5,-2,-17,-38,-21,-102,-62
1563815738565401,17,11,4,9,5,-6,85,41
1563815738565401,31,17,12,4,7,29,46,57
1563815738573396,-7,-8,-3,-7,1,6,-10,0
1563815738573396,-7,-7,-3,12,16,6,9,6
1563815738588407,-1,5,-11,-10,-8,1,59,30
1563815738588407,12,-11,-1,2,4,-1,-37,-7
1563815738590386,-22,-10,-5,-8,-11,-12,23,-56
1563815738590386,21,3,-4,-9,-9,9,90,71
1563815738618392,4,-3,-1,8,14,5,1,37
1563815738618392,1,5,4,8,12,-14,1,9
1563815738620368,-7,-8,-7,-1,-4,10,-24,-17
1563815738620368,5,9,12,0,-3,-7,-43,-32
1563815738624388,0,-1,-13,-15,-38,-33,-96,-43
1563815738624388,-8,-2,0,7,22,38,107,42
1563815738633361,-6,-7,0,1,1,-6,-105,-12
1563815738633361,-5,-5,-8,19,54,20,95,19
1563815738648352,3,11,17,-6,-36,-11,-121,-40
1563815738648352,-11,-9,-10,-7,-8,-15,-8,-34
1563815738650356,10,9,0,-19,-22,-3,3,22
1563815738650356,-8,-4,-3,-1,-1,-6,-15,-29
1563815738672343,-9,-8,-3,3,23,10,-6,-13
1563815738672343,26,16,14,25,35,33,-13,32
1563815738675341,-22,-10,-14,-50,-84,-38,68,-8
1563815738675341,-4,-1,1,0,-3,-18,-50,-21
1563815738686337,-8,-9,-7,-16,-20,-16,-43,-6
1563815738686337,-13,-5,-5,-1,0,2,7,-42
1563815738699330,8,1,-1,18,37,20,6,3
1563815738699330,-5,-7,-3,-4,-15,-16,-3,-1
1563815738708323,-8,4,2,1,7,9,-41,-26
1563815738708323,1,-2,1,7,-1,2,27,-2
1563815738710317,20,5,5,10,13,6,3,36
1563815738710317,-17,-6,-7,-13,-16,1,-19,-29
1563815738731312,7,9,3,10,19,8,50,33
1563815738731312,10,-5,-4,-10,-11,-13,-19,8
1563815738732305,3,1,1,5,0,3,18,10
1563815738732305,2,-3,3,2,3,7,-16,11
1563815738744300,-6,-1,1,2,9,2,7,-24
1563815738744300,1,11,1,-8,-18,-16,-16,0
1563815738753301,-7,-35,-2,1,3,-3,4,-7
1563815738753301,-12,34,2,-3,1,5,-2,-14
1563815738768285,24,-12,-8,2,1,1,21,40
1563815738768285,-18,-8,0,-3,-6,-1,-2,-18
1563815738770295,-8,-7,1,9,13,4,-11,6
1563815738770295,-6,1,2,1,-3,-1,6,-10
1563815738791270,-26,-18,-3,-6,-5,-2,4,-17
1563815738791270,3,-4,-10,-9,-9,-3,0,-7
1563815738792270,14,4,0,2,7,1,1,22
1563815738792270,-6,-4,5,2,-3,-4,8,0
1563815738813257,-4,7,-2,-4,-4,-17,-9,-16
1563815738813257,-2,-5,-3,-4,1,4,2,7
1563815738815257,5,10,2,-1,-1,-8,-21,-14
1563815738815257,2,-1,0,-3,-3,9,-2,-10
1563815738828279,4,-2,-3,1,3,10,16,5
1563815738828279,-5,-8,1,0,-10,-12,-1,-7
1563815738830251,9,16,0,-2,6,-4,-11,2
1563815738830251,-5,-12,-10,-7,-5,-8,-7,-11
1563815738851235,-4,-3,-6,-3,4,1,8,9
1563815738851235,-1,3,3,0,-14,-5,-1,0
1563815738852238,6,9,-1,-1,-23,-13,-5,5
1563815738852238,-1,-11,-1,2,15,10,-1,1
1563815738864258,-4,-1,-1,0,9,5,2,-2
1563815738864258,-2,0,-5,-6,4,5,-3,-5
1563815738874226,12,4,2,4,-2,-4,4,16
1563815738874226,2,-5,3,-1,-5,-2,-3,3
1563815738896242,1,-2,1,2,3,5,-9,3
1563815738896242,-1,7,-2,-1,-2,0,1,-3
1563815738897211,-7,-3,0,0,0,8,-2,-8
1563815738897211,-3,-2,-10,-10,-5,-11,-9,1
1563815738911207,6,3,4,-1,-17,-6,1,2
1563815738911207,2,4,2,7,5,-5,-2,-5
1563815738912208,-5,0,-3,1,7,4,-3,-6
1563815738912208,1,0,0,0,-9,-7,0,0
1563815738924226,1,1,-1,-4,1,0,3,8
1563815738924226,1,4,2,5,1,1,-3,-1
1563815738933218,-1,-6,-3,-1,7,1,-3,-6
1563815738933218,0,-11,-2,2,6,9,5,6
1563815738948182,-8,0,-5,-6,-14,-14,-2,-16
1563815738948182,5,-5,-4,-6,-6,-3,-1,11
1563815738950185,2,9,4,5,5,1,-2,0
1563815738950185,-1,-2,-2,0,-3,-1,-1,-1
1563815738971182,-4,-3,0,-4,3,3,1,0
1563815738971182,2,7,1,0,0,-1,1,1
1563815738972169,-4,-5,0,1,1,-1,0,-4
1563815738972169,0,-1,-5,-5,-4,-3,0,5
1563815738995155,-2,-4,-6,0,1,-3,-2,-2
1563815738995155,1,7,7,1,4,0,-1,-2
1563815738996153,-3,-1,3,0,-5,-2,0,1
1563815738996153,0,-2,2,1,-1,-1,-2,2
1563815739008150,3,-4,-4,0,-1,2,4,2
1563815739008150,-2,-1,-1,-6,-3,-1,-1,-2
1563815739010146,-2,1,0,0,1,0,-2,-1
1563815739010146,0,-2,0,2,2,0,-1,2
1563815739031137,-1,3,-1,-1,0,1,1,-1
1563815739031137,-2,-8,-7,-6,-5,-1,1,0
1563815739032133,-1,1,0,2,1,-1,-2,-1
1563815739032133,3,7,1,2,1,0,0,1
1563815739044148,0,-2,1,0,-3,-9,5,3
1563815739044148,0,0,1,1,1,4,-5,-4
1563815739061116,-3,-3,-3,-4,-2,-1,1,-1
1563815739061116,1,0,-1,2,-1,-1,0,0
1563815739076112,-6,2,1,1,2,1,-3,-8
1563815739076112,7,-2,-4,-3,-4,-2,4,9
1563815739077107,-1,2,-1,-3,0,1,-1,-1
1563815739077107,1,0,-1,-2,-3,-2,-2,0
1563815739091121,-1,6,3,3,1,4,-3,-8
1563815739091121,-3,-11,-3,-3,-1,-2,1,2
1563815739092102,-1,-8,-6,-3,0,0,-2,-1
1563815739092102,-1,-2,0,-1,-3,-2,-1,-3
1563815739105094,2,-4,-3,-3,-1,0,-1,3
1563815739105094,-2,3,0,-1,-3,-2,0,-4
1563815739120107,0,2,0,3,0,-1,-2,0
1563815739120107,-3,-2,-1,2,2,5,-9,1
1563815739127081,2,0,-1,-3,-3,0,-3,0
1563815739127081,-4,-7,-4,-4,0,-2,-1,-3
1563815739142091,-2,2,-1,-2,-2,0,0,-2
1563815739142091,-2,0,2,0,0,-2,-1,-3
1563815739151064,-1,-4,2,2,0,0,1,0
1563815739151064,-1,3,1,0,-1,0,-1,-3
1563815739152064,-1,0,-2,-2,-1,-2,2,-1
1563815739152064,1,-2,-4,-3,-1,-2,1,-1
1563815739173052,1,7,4,2,0,-1,0,3
1563815739173052,-4,-8,-4,1,-1,-2,-1,-3
1563815739175050,0,1,0,1,-1,0,1,-1
1563815739175050,2,3,0,-2,-3,-1,0,-2
1563815739188043,-4,-4,-5,-3,-1,2,-1,0
1563815739188043,0,5,1,0,-1,-2,-1,-4
1563815739190043,-1,-4,0,2,0,0,-1,4
1563815739190043,-2,0,2,0,-2,-6,6,0
1563815739211029,0,2,-3,-2,-3,-1,-1,0
1563815739211029,-3,-6,-1,0,-1,-2,-2,-2
1563815739213029,1,3,-1,0,0,1,-1,-2
1563815739213029,-1,-1,0,1,0,0,-2,-1
1563815739233049,0,-2,1,0,1,-2,-1,0
1563815739233049,-2,-1,-3,-1,-2,1,0,0
1563815739235019,0,2,1,-1,-1,-2,-3,-1
1563815739235019,-2,-6,-3,-2,-1,-1,-1,0
1563815739248010,-1,-1,-1,-1,-1,0,-1,-1
1563815739248010,-1,1,-1,0,0,2,-2,-1
1563815739250009,0,-3,0,-4,-2,-2,0,0
1563815739250009,-7,-3,-2,0,-1,0,0,-4
1563815739271000,5,-2,-6,-3,0,0,-2,6
1563815739271000,-1,0,2,2,-1,-2,0,-1
1563815739271997,-3,1,-4,-4,-2,0,-2,-1
1563815739271997,2,4,0,-2,-1,-1,-3,0
1563815739293014,-6,-15,-1,4,1,0,0,-3
1563815739293014,2,8,5,-2,-1,1,-3,-1
1563815739294984,-1,-1,4,1,0,-1,-1,0
1563815739294984,1,5,-2,-3,0,-1,-3,0
1563815739307975,-1,2,-1,-3,-3,-2,-2,-2
1563815739307975,-4,-12,-7,0,-1,-1,-2,0
1563815739314979,3,7,0,0,-2,-1,-1,-1
1563815739314979,-3,-6,-3,-3,-2,1,0,-1
1563815739337961,-2,-1,1,1,0,-1,-1,-1
1563815739337961,1,2,3,0,-2,-3,-1,0
1563815739339957,-2,-3,-3,-1,-2,0,0,-3
1563815739339957,2,-4,-2,0,0,1,0,2
1563815739353949,-2,1,-2,-2,-1,-2,0,-2
1563815739353949,-1,3,-4,-3,-1,-2,0,-1
1563815739354949,-1,-5,-3,0,-1,0,0,1
1563815739354949,1,0,4,3,2,-1,-2,0
1563815739367941,0,-2,-1,-2,-1,1,-2,-3
1563815739367941,2,-1,1,-1,-2,-2,0,-2
1563815739374937,1,2,1,1,3,11,-6,-1
1563815739374937,-1,-3,-1,-3,-1,-2,1,1
1563815739398927,-3,-5,-4,-1,-2,-2,0,-2
1563815739398927,1,8,-1,-2,-3,0,-3,0
1563815739399923,-4,-12,-5,-3,-2,-3,1,-2
1563815739399923,-1,-2,0,1,1,-1,-1,-2
1563815739412948,1,0,0,-1,-1,-1,-1,1
1563815739412948,2,9,2,0,1,-1,4,0
1563815739414914,-5,-16,-3,-1,-1,-2,-1,-4
1563815739414914,2,4,3,0,-1,-1,-2,0
1563815739427906,1,2,-2,-3,-4,-4,1,0
1563815739427906,-1,-13,-6,1,-2,-1,-2,-2
1563815739434903,0,8,3,0,0,-5,0,-1
1563815739434903,0,0,-2,-1,-1,1,-1,-2
1563815739450891,0,4,0,-2,-1,0,-1,0
1563815739450891,-5,-7,-4,-3,-2,0,0,0
1563815739452892,1,4,2,1,-1,-1,0,-1
1563815739452892,0,1,1,3,1,-1,-3,-2
1563815739472880,0,-6,0,1,-1,1,-1,1
1563815739472880,-3,3,-4,-4,-2,-2,0,-1
1563815739479896,-2,-3,-4,-3,-3,-1,4,1
1563815739479896,0,0,-2,-1,-1,-1,0,0
1563815739487872,0,3,5,1,-1,0,-1,0
1563815739487872,-2,-5,0,1,1,-2,-4,-2
1563815739494867,-1,2,-1,-2,-2,-2,0,0
1563815739494867,-2,-6,-7,-5,-4,-8,12,0
1563815739510879,-3,1,-2,-1,0,2,-2,-2
1563815739510879,0,-3,3,2,1,2,0,1
1563815739512857,0,2,-1,-1,-1,-1,-1,-1
1563815739512857,1,-2,0,1,1,-1,-2,1
1563815739534844,0,-4,-3,-3,-2,-2,1,0
1563815739534844,4,18,5,1,0,-1,0,-1
1563815739536849,-5,-22,-8,-2,-1,-4,-3,-1
1563815739536849,-2,0,-1,0,-1,2,-3,0
1563815739547859,-2,1,1,-1,-3,-2,-2,-2
1563815739547859,1,-3,-5,-2,-1,0,-1,2
1563815739561850,3,11,1,1,-2,-1,-1,1
1563815739561850,-3,-9,2,1,1,0,-5,-4
1563815739570825,1,0,-3,1,1,-1,-1,-1
1563815739570825,0,-2,-2,-2,-3,-2,0,1
1563815739578822,-1,-1,-3,-2,-2,0,-1,-3
1563815739578822,-1,2,-5,-2,-3,-4,-1,-1
1563815739592812,2,4,4,4,2,7,-6,2
1563815739592812,-3,-9,-3,-4,-2,-3,-1,-2
1563815739599807,0,5,0,-1,1,-1,-1,-1
1563815739599807,-2,2,1,0,-1,0,-4,-3
1563815739615797,-1,-1,-1,0,0,-3,3,-2
1563815739615797,1,5,1,-2,-2,-2,1,0
1563815739616804,-4,-10,-7,-2,-1,2,-2,-3
1563815739616804,-1,-3,-1,-1,-2,2,1,1
1563815739629811,-3,2,2,1,-2,-2,1,-2
1563815739629811,0,-1,2,2,-1,-1,-1,-1
1563815739630788,4,5,3,-1,-2,-2,1,1
1563815739630788,-1,-5,-4,-2,0,-1,-1,2
1563815739652788,0,2,-1,1,-1,-3,1,-3
1563815739652788,-2,-6,-1,0,-2,0,-2,-2
1563815739653776,0,3,-1,-1,-3,-2,0,1
1563815739653776,-1,-3,-4,-1,0,2,-2,-1
1563815739666790,-1,-3,-4,-2,-1,0,1,3
1563815739666790,-1,3,-1,1,2,-2,-1,-1
1563815739674786,-3,-3,-1,-2,2,-3,1,-1
1563815739674786,1,0,1,1,-2,2,-1,0
1563815739689755,0,-1,-2,-2,-1,-2,0,-2
1563815739689755,-1,-3,1,-1,1,-1,-1,-3
1563815739690754,1,0,-1,-2,0,-2,0,0
1563815739690754,0,3,-1,-2,-2,-2,1,-1
1563815739714742,-1,-1,-3,1,-1,-2,-1,-1
1563815739714742,0,5,2,-1,-1,-1,-2,-2
1563815739714742,-2,-5,-3,-3,-3,-2,6,1
1563815739714742,-1,-5,-4,-3,-1,4,-9,-1
1563815739728735,2,2,1,1,1,0,-1,-2
1563815739728735,-2,-5,-2,0,-2,0,0,0
1563815739742747,0,4,4,0,-2,-1,2,-3
1563815739742747,2,6,1,1,0,0,3,1
1563815739749722,-3,-6,1,-4,-3,-2,-1,0
1563815739749722,0,-1,0,1,1,-1,-5,-1
1563815739750720,0,2,-8,-1,1,0,-2,1
1563815739750720,-5,-7,-3,-3,-2,-6,3,-1
1563815739772714,0,3,2,4,3,10,-7,1
1563815739772714,-1,-3,-2,0,0,-1,3,-1
1563815739773716,-2,-2,1,0,-1,0,-3,-2
1563815739773716,0,5,1,0,1,-1,2,-1
1563815739786700,-1,-1,-2,-3,-4,-6,0,0
1563815739786700,-1,-6,-6,-4,-1,-1,0,1
1563815739794717,-1,0,-2,0,-1,1,-5,0
1563815739794717,3,5,4,3,1,1,-2,-1
1563815739809690,-2,1,1,0,0,-2,1,-1
1563815739809690,-3,-4,-4,-2,-3,0,0,-1
1563815739810687,0,-3,-3,-1,-1,-2,0,-1
1563815739810687,-2,-1,1,-2,-4,-2,-1,-2
1563815739840672,-1,-4,-3,-2,0,-2,1,-2
1563815739840672,-2,-3,-3,-3,-2,-2,0,0
1563815739841670,-2,0,0,-1,1,-1,0,-1
1563815739841670,4,18,7,4,-1,-1,-2,-2
1563815739846684,-5,-21,0,-1,0,-1,-3,-3
1563815739846684,-2,2,-3,1,-1,0,0,0
1563815739855660,-1,-3,0,-2,1,1,0,1
1563815739855660,0,-1,-2,-4,-3,-2,0,0
1563815739869661,-2,-2,-2,-2,-2,-3,1,-2
1563815739869661,-1,-4,-2,-1,0,-2,-1,-1
1563815739870652,-1,6,4,2,-1,0,-4,-2
1563815739870652,-1,-7,-5,-3,0,-1,1,-1
1563815739892641,1,7,-1,-3,-3,-1,0,2
1563815739892641,0,-5,-3,-3,-1,1,1,-2
1563815739893641,1,3,2,0,-2,0,0,-1
1563815739893641,-1,-5,-1,0,0,-1,-2,1
1563815739906634,2,6,-2,-3,-1,-3,2,1
1563815739906634,-1,4,4,1,0,0,0,-1
1563815739915626,1,0,1,0,-1,0,1,-1
1563815739915626,-2,-6,-5,-2,-1,0,-3,-2
1563815739930616,2,-1,-1,2,0,1,0,2
1563815739930616,1,5,1,0,-2,-2,-2,-1
1563815739930616,-3,-2,-2,-4,-3,-2,0,-2
1563815739930616,-1,-3,-2,-2,1,0,-1,-1
1563815739952611,0,6,-1,-1,-1,6,-6,-2
1563815739952611,-1,-1,2,0,0,1,1,0
1563815739953606,2,0,-1,-1,-1,-1,-1,-1
1563815739953606,-3,-8,-5,-5,-2,1,-2,2
1563815739967595,-1,0,-4,-3,-1,-4,0,0
1563815739967595,0,4,3,4,1,-2,-5,-4
1563815739983586,-3,-11,-2,-2,-2,-1,1,0
1563815739983586,0,4,1,-1,-2,-4,3,-2
1563815739991582,-1,-2,0,0,-2,0,1,-3
1563815739991582,-1,-2,-4,-4,-1,-1,0,1
1563815739992581,2,2,0,3,0,-1,-1,0
1563815739992581,1,-2,-1,-3,-1,-1,-2,-1
1563815740020565,1,7,0,-5,-3,-1,4,0
1563815740020565,-2,-10,-3,-1,0,0,-4,-2
1563815740021564,-2,-1,-4,-3,-3,-1,-3,0
1563815740021564,0,0,1,3,0,-2,0,-1
1563815740026565,-3,-2,2,0,-2,-1,-2,-2
1563815740026565,-2,-2,-3,-2,-1,-2,2,-2
1563815740035560,0,1,-1,-1,0,0,0,-2
1563815740035560,-3,-2,1,0,0,-1,-2,-3
1563815740050547,-1,-6,-2,-3,-3,-4,-1,-1
1563815740050547,-1,1,1,-1,-1,-1,-1,-2
1563815740050547,-2,-1,-4,-3,-1,2,-1,-1
1563815740050547,0,8,3,1,1,-1,-6,-5
1563815740072538,1,1,1,3,1,-1,-1,-2
1563815740072538,0,-6,-2,-1,-3,-3,0,0
1563815740073537,1,6,4,2,-1,-2,-1,-1
1563815740073537,-5,-10,-5,-3,-3,-1,1,0
1563815740095564,0,-1,-1,0,1,-1,0,1
1563815740095564,1,1,0,1,0,-1,-2,-1
1563815740096521,1,3,-1,2,0,0,-1,0
1563815740096521,-2,-5,0,0,-1,-1,1,-1
1563815740118510,-1,-2,-3,-2,-4,-3,1,-1
1563815740118510,2,3,0,1,0,1,-1,1
1563815740119516,2,4,0,0,1,-1,-2,-1
1563815740119516,0,-2,1,0,0,-1,0,0
1563815740132531,0,-3,-6,-5,-2,1,-1,1
1563815740132531,-2,-4,-1,-2,-2,-2,1,0
1563815740133503,0,0,2,1,1,11,-9,0
1563815740133503,0,-1,-2,0,0,-1,-1,0
1563815740155490,-1,-1,-3,-2,-1,-3,2,0
1563815740155490,0,1,0,1,-1,0,-1,1
1563815740156489,0,-5,2,-1,1,-3,1,-1
1563815740156489,-3,-2,-5,-3,-1,-2,-1,0
1563815740170498,-1,-3,0,-1,-1,2,-2,1
1563815740170498,-1,5,1,0,-1,-2,1,0
1563815740171479,-3,-7,-4,-4,0,-4,3,0
1563815740171479,1,0,0,0,-1,0,-3,-2
1563815740192497,-2,2,1,-2,1,-5,-1,-2
1563815740192497,1,-1,1,0,2,-1,-2,0
1563815740193468,0,3,1,-2,-4,-3,0,0
1563815740193468,-4,-6,-3,-2,-3,1,0,-2
1563815740215456,-2,-3,-3,0,0,2,0,0
1563815740215456,-2,3,-1,0,-3,-1,1,-2
1563815740216453,0,0,-1,0,1,-1,-2,0
1563815740216453,-1,2,-3,-3,-1,-1,1,1
1563815740230504,-2,-2,-2,-2,-2,-3,-2,-3
1563815740230504,0,0,1,1,-2,-1,-1,-1
1563815740230504,-2,-1,-1,-1,-2,-4,2,-1
1563815740230504,1,-2,-2,2,0,0,0,0
1563815740254431,-1,3,1,4,0,-1,-2,0
1563815740254431,1,-1,-3,-5,0,2,-1,0
1563815740255436,-3,-1,0,0,-2,-3,-3,-2
1563815740255436,2,17,8,2,2,-1,0,0
1563815740283471,-6,-22,-6,-5,1,0,-1,0
1563815740283471,-1,-5,-8,-4,-1,0,0,0
1563815740284418,-3,-1,2,0,0,-4,2,-1
1563815740284418,0,3,2,2,2,0,0,-2
1563815740298406,2,6,0,-1,-1,0,1,0
1563815740298406,-3,0,2,2,-1,-1,-1,-1
1563815740299406,-1,-4,-4,-3,1,1,1,-1
1563815740299406,-1,-2,-3,-3,-3,-3,-1,-1
1563815740312455,1,6,2,-2,1,10,-5,1
1563815740312455,-2,-6,-6,-3,-1,-1,-1,1
1563815740313397,0,0,1,3,0,-1,-2,-2
1563815740313397,0,0,0,0,1,2,-1,-1
1563815740335423,-1,0,-1,-2,-1,-3,0,1
1563815740335423,1,1,-3,-3,-1,0,-1,0
1563815740336384,-1,-1,-2,-2,-2,1,1,0
1563815740336384,-3,-3,2,1,-1,-4,2,2
1563815740350420,1,1,3,5,2,-1,-2,-3
1563815740350420,-3,-1,-2,-2,-1,-1,0,0
1563815740351378,-1,-3,-6,-6,-3,-2,0,1
1563815740351378,0,0,0,-2,-3,1,0,0
1563815740372365,-1,2,3,1,-1,-2,-1,-3
1563815740372365,-2,-5,-2,-1,-1,-2,-3,-3
1563815740373377,1,3,3,2,0,0,-2,-3
1563815740373377,-2,-6,-6,-3,-2,-1,0,0
1563815740396352,-1,-2,-2,-1,-2,-2,2,2
1563815740396352,1,-1,1,2,1,0,3,-1
1563815740396352,-1,1,-1,-1,0,-2,-1,0
1563815740396352,-1,-5,-2,-3,-2,-1,0,-3
1563815740410375,-2,-5,-2,-1,-3,-4,-1,0
1563815740410375,-4,1,-2,-1,-2,-2,-1,-3
1563815740411342,-1,-3,-3,-2,-1,2,3,2
1563815740411342,2,5,3,1,1,-1,-2,0
1563815740432332,-3,-2,0,0,0,-2,-1,-3
1563815740432332,0,0,0,-1,-1,-2,0,0
1563815740433334,-3,-3,-4,-1,0,-1,0,-1
1563815740433334,-1,0,0,-1,-2,-1,0,-1
1563815740463313,0,2,-2,-4,-3,-2,0,-1
1563815740463313,-1,0,-1,1,-3,0,-1,-1
1563815740464312,0,1,2,3,1,-1,-1,-1
1563815740464312,0,-6,-1,-2,-1,-2,-1,0
1563815740470308,-1,0,-1,-2,-2,0,0,0
1563815740470308,-1,-2,2,0,0,-1,-4,-1
1563815740471308,0,1,-1,-3,0,-1,-1,-2
1563815740471308,-2,-4,-5,-3,-2,-1,-1,0
1563815740492300,1,6,4,3,-1,1,0,-1
1563815740492300,-1,-7,-2,-2,-1,-2,-1,-1
1563815740493294,-1,-4,-1,-1,-1,-2,1,-1
1563815740493294,0,5,0,-2,0,-2,-1,-1
1563815740516281,-4,-16,-8,-4,-2,-1,1,0
1563815740516281,-2,3,0,-1,1,0,0,0
1563815740516281,1,4,2,2,0,0,-4,-3
1563815740516281,-2,-5,0,3,2,2,-1,-1
1563815740530272,0,3,-1,0,-1,-1,-2,2
1563815740530272,3,8,2,-2,-2,-1,-1,0
1563815740531273,-2,-7,-1,-3,-4,-6,6,1
1563815740531273,0,0,-2,-1,-1,-1,-2,-2
1563815740552261,1,4,5,4,2,-1,-1,-1
1563815740552261,-3,-6,-4,-1,-1,0,-4,-1
1563815740560256,0,1,-1,-1,-1,0,-2,0
1563815740560256,-2,-6,-4,-3,-2,0,0,1
1563815740576250,0,13,0,-1,1,-2,1,-1
1563815740576250,-5,-17,-5,-1,-1,-2,1,-2
1563815740576250,0,1,2,2,1,1,0,0
1563815740576250,-1,-1,2,1,-1,-1,-4,-4
1563815740598247,0,-3,-4,-3,-1,-1,-3,-1
1563815740598247,-1,4,2,-1,-1,-1,1,-1
1563815740599233,-3,-6,-4,-4,-4,0,-1,-1
1563815740599233,-3,-4,-4,-2,0,1,-1,-3
1563815740637235,-1,1,0,1,0,0,0,0
1563815740637235,1,2,3,3,1,-1,-1,-2
1563815740638212,2,7,4,2,1,2,-2,1
1563815740638212,-4,-7,-3,0,-1,-1,0,-2
1563815740639212,2,-2,-4,-4,-1,0,-1,0
1563815740639212,-1,0,-2,0,-1,-1,-1,1
1563815740642219,-2,-2,-1,-3,-2,-2,-2,-1
1563815740642219,2,1,-4,-5,-1,0,-1,0
1563815740650266,-3,-3,-1,-1,-1,-1,0,0
1563815740650266,1,3,6,3,1,0,-2,-2
1563815740651204,-3,3,-2,-1,-2,-1,0,-2
1563815740651204,0,2,1,0,-3,-1,2,1
1563815740673197,-3,-8,-2,-1,-2,-1,-1,-1
1563815740673197,1,3,-2,-3,-4,-1,1,0
1563815740680187,-2,-6,-2,-2,-1,0,-2,0
1563815740680187,1,2,1,1,0,0,-2,0
1563815740696178,1,4,2,1,4,12,-9,0
1563815740696178,2,2,1,-3,-2,0,-1,0
1563815740696178,-2,-2,-5,-3,-1,1,-1,1
1563815740696178,-3,-15,-5,-2,-1,-1,-2,-3
1563815740709175,0,-3,-2,-1,-2,-3,1,-2
1563815740709175,0,4,2,2,2,-1,-1,-2
1563815740725167,1,0,1,0,-1,0,-3,-2
1563815740725167,0,4,-3,-4,-3,-2,0,0
1563815740733161,-3,-6,1,0,-2,-5,-1,-4
1563815740733161,-2,-2,-2,0,-1,-2,-2,0
1563815740734157,-1,3,-1,1,0,-2,2,0
1563815740734157,-1,8,0,-2,-1,-2,-2,-3
1563815740756144,0,-5,-3,0,-2,-2,1,1
1563815740756144,0,2,-3,-4,0,1,0,1
1563815740756144,-1,-6,0,1,-1,-1,-1,-3
1563815740756144,1,5,2,0,-1,-1,0,-1
1563815740769154,0,0,-3,-1,-1,0,0,0
1563815740769154,-2,-6,-5,-3,-2,-4,-1,-2
1563815740778131,0,0,-3,-1,-2,-2,-1,-1
1563815740778131,0,4,7,4,1,-1,-1,-1
1563815740794141,3,0,1,0,-1,-3,4,0
1563815740794141,-2,-5,-6,-2,-1,-1,-1,0
1563815740794141,-2,-5,-2,-4,-2,0,-1,-2
1563815740794141,-1,-3,0,-1,-1,-1,1,1
1563815740816129,1,1,4,3,1,-1,-3,-1
1563815740816129,0,2,-1,-2,-1,0,-1,-1
1563815740816129,-1,1,-2,-3,-2,0,-2,-1
1563815740816129,-1,-8,-3,0,1,-1,0,1
1563815740846127,1,7,0,0,-2,-12,3,-1
1563815740846127,-1,-4,-2,-1,0,2,-4,0
1563815740847090,1,4,3,1,0,-2,-2,-2
1563815740847090,2,5,1,0,0,0,-1,1
1563815740853102,-2,-6,-3,-2,0,-2,2,-2
1563815740853102,0,-1,-2,-2,-2,-2,1,0
1563815740854088,-1,-3,2,0,0,-1,1,-1
1563815740854088,1,3,-2,-1,-2,1,-2,-1
1563815740876075,1,0,0,0,-2,2,0,1
1563815740876075,-1,3,2,2,-2,-2,-1,-4
1563815740877074,-1,-1,-4,-3,-1,-1,0,0
1563815740877074,-4,-6,-5,-5,-4,-1,1,0
1563815740889066,-1,2,-1,-3,-2,-1,-2,-1
1563815740889066,0,3,4,3,2,0,0,0
1563815740898062,-1,-4,-1,0,-1,-3,-2,0
1563815740898062,-2,-1,1,1,1,-1,0,-4
1563815740913095,0,3,1,1,-1,1,-2,-2
1563815740913095,-3,-2,-1,-3,-3,-1,0,0
1563815740914075,2,3,-1,-1,-1,0,-1,0
1563815740914075,-2,-17,-4,-2,-1,0,-1,-1
1563815740936048,-1,1,-2,-4,-2,1,0,0
1563815740936048,0,3,2,1,1,-1,-2,-1
1563815740937039,-1,1,5,4,1,-1,-1,-1
1563815740937039,-4,0,-2,0,-1,-2,-1,-3
1563815740958072,0,3,-1,-1,-3,-1,-1,1
1563815740958072,-2,-5,-4,-4,-1,-2,-1,-2
1563815740959032,-1,-6,-6,-5,-2,-1,1,-1
1563815740959032,3,9,1,0,-1,-2,-2,-1
1563815740973019,0,-2,-1,0,0,1,-1,-2
1563815740973019,1,11,2,2,0,0,0,0
1563815740974019,-3,-13,-1,-1,0,-1,-2,-1
1563815740974019,-3,-2,-3,-2,-3,-2,0,0
1563815740996068,0,4,-1,-1,-4,-11,5,-2
1563815740996068,1,-2,-1,-3,-3,0,-2,0
1563815740997006,0,3,-1,1,1,0,-1,0
1563815740997006,0,3,1,1,0,0,-2,0
1563815741009999,-2,-15,-5,-2,0,1,-1,-1
1563815741009999,0,4,-1,0,-1,-3,0,0
1563815741017994,0,-1,-2,-4,-3,0,3,2
1563815741017994,0,2,1,-3,-2,-1,-3,0
1563815741032030,-3,1,1,-1,-1,3,-5,-3
1563815741032030,0,-4,-2,-2,1,-1,0,1
1563815741040981,-2,2,-1,-1,1,-1,-3,-2
1563815741040981,1,2,0,-2,0,1,0,0
1563815741055994,-2,-4,0,1,2,2,-1,0
1563815741055994,-1,-4,-2,-1,-3,-1,-1,0
1563815741063972,1,4,1,1,-2,-1,0,0
1563815741063972,1,4,1,1,1,0,-2,-1
1563815741077964,-5,-7,0,-1,-2,-2,-4,-4
1563815741077964,-1,0,0,0,0,0,-1,-1
1563815741079959,-3,-8,-4,-2,0,-2,0,-1
1563815741079959,1,2,2,0,-2,7,-5,1
1563815741091956,-2,-11,-3,0,-1,1,0,-1
1563815741091956,1,4,-2,-1,0,-1,1,0
1563815741100947,-1,-3,-5,0,0,-1,1,-1
1563815741100947,-1,-2,1,-1,0,3,-10,-2
1563815741116959,1,9,2,-2,-2,2,-9,-2
1563815741116959,-2,-7,-2,0,0,-1,-2,-1
1563815741121933,1,3,2,3,2,-3,-1,0
1563815741121933,-5,-19,-4,0,-2,-5,4,-3
1563815741137987,0,6,0,-4,-1,-2,-4,-2
1563815741137987,-2,-4,-5,-2,-4,1,-2,-2
1563815741139928,-2,3,2,-1,0,1,-3,-1
1563815741139928,0,5,-3,-2,-2,-4,3,0
1563815741152935,0,5,4,3,3,0,0,-1
1563815741152935,1,2,1,1,3,0,2,2
1563815741159912,-2,-2,-2,-3,-2,-1,0,-3
1563815741159912,-1,-5,-4,-2,-3,-3,0,-1
1563815741175907,-3,1,-2,-4,-3,-3,2,0
1563815741175907,2,6,1,0,-1,0,-2,0
1563815741177902,-5,-10,-3,-2,-2,-3,-1,-4
1563815741177902,-1,2,0,1,0,-2,-1,-2
1563815741197892,0,-7,-4,2,0,9,-5,3
1563815741197892,-12,-4,-1,-3,-2,0,-2,-10
1563815741199889,13,10,-2,-3,-1,2,0,12
1563815741199889,-6,-9,1,2,1,-2,1,0
1563815741212903,3,12,3,1,0,-2,0,-2
1563815741212903,-6,-23,-7,-1,-3,-3,-1,0
1563815741226876,-3,3,1,0,-1,-2,-1,-3
1563815741226876,1,4,-1,-4,-3,-2,2,0
1563815741235906,1,-3,-4,-2,-3,-2,1,1
1563815741235906,3,6,7,6,4,-1,-3,-2
1563815741237867,-1,-3,-2,-2,-1,-1,-2,-5
1563815741237867,0,-2,-5,-1,-2,-4,5,1
1563815741257856,-1,2,1,-1,1,5,-13,-3
1563815741257856,1,3,-1,-1,-1,0,0,1
1563815741259855,-1,-9,-1,2,1,-1,-2,-1
1563815741259855,0,4,2,-1,-1,-2,2,-2
1563815741272851,-4,-1,-5,-5,-2,-4,2,0
1563815741272851,0,0,1,-1,-1,-1,3,1
1563815741280843,1,4,5,6,1,2,-4,-2
1563815741280843,-2,-5,-4,-3,-5,-11,4,-2
1563815741295834,-2,-5,-5,-3,-3,-4,3,0
1563815741295834,1,-3,-2,0,-1,0,0,1
1563815741297832,-3,-1,-1,-2,-2,-2,3,0
1563815741297832,0,4,2,2,-1,0,-2,-1
1563815741318824,-2,-4,-2,2,1,4,5,-1
1563815741318824,1,4,-1,1,1,-2,3,2
1563815741319820,-2,-3,-5,-3,-4,-2,-5,-2
1563815741319820,1,4,3,0,2,5,0,1
1563815741340810,2,-2,-1,-3,-1,-4,-1,0
1563815741340810,-1,-5,-3,-4,0,2,2,-1
1563815741342808,1,4,3,1,0,-1,2,0
1563815741342808,1,-2,-1,1,0,0,-5,-1
1563815741355822,-1,-2,0,-2,-1,-2,2,0
1563815741355822,-1,1,-3,-2,-1,-2,-2,0
1563815741357798,-1,0,0,0,1,8,-17,-3
1563815741357798,-1,1,-3,0,0,1,-2,0
1563815741378786,-2,-2,1,0,0,-2,3,-1
1563815741378786,-1,2,0,-2,-2,-3,-2,-1
1563815741379787,-2,-1,-2,-3,-3,-6,7,2
1563815741379787,-1,-4,-3,2,0,2,0,-2
1563815741400774,2,4,7,6,5,13,-13,1
1563815741400774,0,-5,-4,-5,-4,0,2,1
1563815741402782,-2,0,-2,0,0,1,5,-2
1563815741402782,-1,-1,-2,-2,-1,1,-1,0
1563815741415787,0,-1,-1,-2,-2,-7,5,1
1563815741415787,1,0,0,1,0,2,-3,-1
1563815741417769,-2,-1,-2,-4,-1,-1,-1,-1
1563815741417769,0,-1,0,-2,-3,0,-2,-2
1563815741438774,-3,-3,-5,-2,-2,-3,0,-2
1563815741438774,-3,-1,-3,-2,1,4,-1,0
1563815741440751,0,-2,-2,-2,-3,-3,-1,-3
1563815741440751,-2,1,1,0,-5,-3,-5,-3
1563815741452743,0,-3,-1,3,0,-3,0,-2
1563815741452743,-3,2,3,2,2,2,2,-3
1563815741468737,-2,0,0,-1,-3,-6,-4,-3
1563815741468737,-1,-1,-3,-1,3,2,0,2
1563815741475731,1,-1,-1,-1,-3,-1,1,-1
1563815741475731,-1,-2,-1,1,0,-2,-3,-4
1563815741477730,-1,1,0,-2,0,2,0,0
1563815741477730,0,-1,1,1,1,-1,0,-1
1563815741498722,-2,-4,-5,-6,-4,-6,4,0
1563815741498722,-1,-1,0,0,0,5,-18,-3
1563815741499718,0,-1,1,-2,0,1,2,1
1563815741499718,0,-1,-3,-3,-2,0,-3,-2
1563815741511732,0,1,1,0,0,-5,1,-1
1563815741511732,1,-1,-1,-2,-1,1,4,0
1563815741520705,-2,-1,-1,0,-3,-4,3,-1
1563815741520705,1,0,3,2,3,8,-9,-1
1563815741535707,-2,0,-2,1,0,-1,1,-1
1563815741535707,1,0,-2,1,0,-4,1,0
1563815741537696,-3,-2,-3,-3,1,-1,-2,-3
1563815741537696,-2,-3,-1,-2,-6,-3,5,0
1563815741558689,-2,-1,-2,-4,-4,-1,0,-3
1563815741558689,0,0,0,-1,-4,-3,1,0
1563815741560684,3,0,0,-1,1,1,3,4
1563815741560684,-2,0,0,-2,1,-2,0,-3
1563815741571698,-3,-1,1,1,-1,1,0,1
1563815741571698,0,1,-3,-3,-2,-2,-3,0
1563815741586667,-3,-1,2,6,3,4,3,-3
1563815741586667,1,-1,-4,-4,-1,-3,-2,-2
1563815741595667,0,-2,-3,-5,-1,-3,-6,-1
1563815741595667,-2,-4,-1,0,-4,-4,6,-1
1563815741597661,-2,0,1,4,-1,-2,-3,-3
1563815741597661,-1,1,0,0,5,3,1,-1
1563815741618650,1,-1,0,0,-4,0,-1,0
1563815741618650,-2,-1,-4,-6,-7,-14,2,-3
1563815741619654,0,-3,-3,-2,0,8,-4,1
1563815741619654,-3,-2,-4,-4,-5,-6,1,0
1563815741631645,-1,-1,-2,0,-1,0,-1,-3
1563815741631645,-2,-1,-1,0,-1,3,-2,0
1563815741640640,0,-1,-4,-2,-3,-3,3,0
1563815741640640,0,-1,2,6,5,-5,0,-2
1563815741655630,0,1,2,0,4,1,-1,-1
1563815741655630,0,1,0,0,-3,1,3,3
1563815741657626,-1,-2,-2,-1,3,4,6,2
1563815741657626,-3,-2,-3,-6,-12,-13,-15,-7
1563815741678636,-2,0,-1,-6,-6,-1,1,1
1563815741678636,-1,2,1,6,6,0,-1,-3
1563815741679616,0,-2,-3,-5,-1,-2,0,1
1563815741679616,2,0,2,1,1,9,7,2
1563815741691612,-2,-2,-2,8,9,-6,-7,-1
1563815741691612,0,2,1,-4,-2,-1,-3,-1
1563815741700605,-1,-5,-5,-11,-17,-10,-4,-1
1563815741700605,0,1,1,5,2,1,1,-1
1563815741715594,0,-2,0,2,-2,-6,-2,-2
1563815741715594,0,-4,-2,0,7,19,6,0
1563815741717594,-1,0,0,-1,1,-4,-2,-1
1563815741717594,0,-3,-3,-4,-1,11,-7,1
1563815741738581,-1,0,0,-1,2,1,8,1
1563815741738581,-2,-2,-1,-2,-2,-7,-8,-2
1563815741739580,-2,3,3,1,1,-2,3,-3
1563815741739580,-1,0,-1,-3,2,3,-9,-2
1563815741752577,0,-1,-3,4,1,4,3,-1
1563815741752577,-1,-2,-4,-6,-6,-4,-3,1
1563815741760569,-2,-2,0,1,-2,-5,-4,-2
1563815741760569,-1,-1,2,0,2,-8,10,2
1563815741783553,0,2,-1,-4,-3,2,-2,-2
1563815741783553,-2,-2,-2,-2,-2,-2,1,-2
1563815741784554,2,1,0,1,2,7,-2,1
1563815741784554,-2,0,-2,-1,-1,-4,4,0
1563815741798546,-1,-1,-1,-2,-2,2,0,-2
1563815741798546,-1,-1,-2,-1,-1,-4,-2,-3
1563815741799546,-1,-3,-3,-2,0,-1,2,-1
1563815741799546,0,-1,1,2,-1,-3,1,-1
1563815741811538,-1,-2,-1,0,-2,2,0,0
1563815741811538,1,1,0,2,2,-2,-4,0
1563815741820555,-1,1,1,0,-3,-5,-5,-2
1563815741820555,-2,-1,-3,-3,-1,12,-4,0
1563815741836524,-3,-2,-1,1,-2,-5,-4,-2
1563815741836524,0,-2,0,0,-3,-6,3,1
1563815741837548,-2,-3,-6,-6,-2,2,-1,0
1563815741837548,-1,0,-1,3,0,-6,1,0
1563815741858533,-2,-2,-2,-3,1,4,5,0
1563815741858533,-1,0,2,1,2,-7,0,1
1563815741859510,-1,1,1,4,-2,0,-3,-4
1563815741859510,0,0,-1,-3,-3,-9,-2,-1
1563815741872506,0,0,0,1,-1,0,-2,-2
1563815741872506,-1,-1,-3,-4,-2,-2,4,0
1563815741880522,2,-3,-3,1,0,-1,0,0
1563815741880522,-1,-1,1,3,3,-2,-3,-3
1563815741895512,-1,-1,0,0,1,1,-2,0
1563815741895512,-1,-1,-3,-7,-8,0,-1,-2
1563815741897492,-1,-2,-1,-2,-2,-7,-1,2
1563815741897492,1,-1,-2,-2,-3,2,-1,-1
1563815741918477,0,-2,-1,-1,-1,-2,0,-2
1563815741918477,1,-2,1,1,3,2,-3,-2
1563815741926473,-1,0,1,2,1,-3,-3,0
1563815741926473,0,-2,-1,-1,-2,-5,4,-1
1563815741931475,2,-1,0,-1,1,7,-7,-1
1563815741931475,1,-2,-1,2,1,5,-2,-1
1563815741941464,0,0,0,-1,-2,2,1,-2
1563815741941464,0,1,-1,-1,1,3,9,1
1563815741955477,-2,-2,-1,-1,-4,-14,-12,-1
1563815741955477,0,0,1,0,3,1,-2,-1
1563815741957454,-1,-1,-1,1,-3,1,-2,-1
1563815741957454,-2,-2,-3,-5,-5,-1,-1,-1
1563815741978447,-1,0,3,3,-1,0,5,1
1563815741978447,-1,-1,-1,5,5,-1,-2,-1
1563815741980448,-2,0,2,4,4,-3,-3,2
1563815741980448,-1,2,1,0,0,-1,1,1
1563815742000434,0,-2,-6,-11,-8,-1,-2,-2
1563815742000434,-1,0,-1,-3,-8,-7,-5,1
1563815742002441,1,1,1,0,4,5,3,0
1563815742002441,0,-1,-1,1,1,-4,-2,-1
1563815742015443,-1,0,1,3,5,5,3,-1
1563815742015443,-1,-2,-1,1,0,-1,0,-4
1563815742017428,0,-2,-2,-3,-2,-1,-2,-2
1563815742017428,-2,-3,-1,0,0,-1,-2,1
1563815742038408,0,-1,0,-2,-2,-5,-1,-1
1563815742038408,-1,-1,-1,-2,-2,1,1,1
1563815742040413,-1,-2,-2,-2,-2,-2,0,-2
1563815742040413,0,-2,0,-1,1,3,-2,-1
1563815742060398,0,1,0,1,-2,-2,-1,-1
1563815742060398,0,0,-1,-2,-2,0,0,-1
1563815742062394,-1,-2,-3,-2,0,3,4,0
1563815742062394,-2,0,-2,-1,-2,-11,-10,-2
1563815742076386,1,-3,-4,-1,1,-3,-1,0
1563815742076386,1,1,2,4,-4,-2,-2,-1
1563815742077388,-1,0,0,-2,1,0,-1,-2
1563815742077388,-1,-2,-4,-5,-5,0,2,-1
1563815742098382,-3,-2,-3,0,0,0,3,0
1563815742098382,-2,0,3,3,2,-1,-3,-3
1563815742100374,-2,0,-3,0,1,0,-3,-1
1563815742100374,-1,0,1,3,5,7,1,1
1563815742121362,-3,-3,-4,-20,-18,-14,-7,-3
1563815742121362,0,-2,-5,-1,-2,0,3,1
1563815742122362,0,0,2,0,-1,-4,-1,-2
1563815742122362,1,-2,-2,-4,-4,1,2,0
1563815742135353,1,2,2,10,8,13,1,1
1563815742135353,-2,-1,-4,-7,-4,-18,-27,-1
1563815742142349,-1,0,-1,1,2,3,3,-1
1563815742142349,-1,0,1,4,0,-3,-1,0
1563815742158341,1,0,-1,-1,-2,-1,6,1
1563815742158341,-1,0,0,-2,-1,7,7,0
1563815742160339,-1,-2,0,0,1,-4,-5,0
1563815742160339,-2,-2,-2,-6,-6,3,-1,-2
1563815742180326,-1,-1,-1,0,-2,-3,1,0
1563815742180326,-1,-1,0,2,0,3,6,1
1563815742182326,-2,0,-2,-1,-3,-3,-5,1
1563815742182326,0,-2,-1,1,1,-1,1,-1
1563815742195319,-1,-1,0,-1,2,-4,-3,1
1563815742195319,-2,-2,-3,4,2,0,3,-4
1563815742202322,-1,0,1,1,-3,-2,0,-2
1563815742202322,2,0,1,6,-1,3,-3,1
1563815742218306,0,-1,-3,-10,-11,-9,-3,2
1563815742218306,-2,-1,-4,-10,-7,4,0,-3
1563815742224303,-1,-1,-2,-5,1,-7,-8,-2
1563815742224303,-2,-2,-2,-1,-2,-2,4,1
1563815742241294,-2,-2,-2,11,11,0,-9,-6
1563815742241294,-1,0,2,-1,-1,2,5,-1
1563815742242292,0,1,-1,-5,-8,-3,2,1
1563815742242292,2,3,1,3,5,9,4,1
1563815742255285,-1,-2,-2,-5,5,1,12,4
1563815742255285,0,1,3,21,21,4,-10,-6
1563815742262301,-2,-1,3,2,4,-8,-12,-2
1563815742262301,0,-1,-4,-25,-26,-7,8,0
1563815742278292,1,2,5,15,6,6,28,12
1563815742278292,-6,-6,-13,-32,-31,-4,-34,-20
1563815742280270,-4,-2,-1,14,12,0,-1,-3
1563815742280270,3,4,7,44,47,3,7,5
1563815742301258,5,3,2,-12,-16,4,14,16
1563815742301258,-3,-5,-14,-26,-25,-8,-4,-8
1563815742302268,-9,-4,-6,-10,-12,1,-14,-10
1563815742302268,-2,1,1,2,0,-23,-16,-1
1563815742315271,12,6,9,24,35,34,36,26
1563815742315271,14,9,11,13,16,8,43,37
1563815742322245,-8,-5,-6,-12,-7,14,4,-31
1563815742322245,1,-2,-2,5,9,-7,-40,-13
1563815742338258,12,13,9,5,-2,-13,-32,-22
1563815742338258,11,0,0,-22,-25,14,94,112
1563815742340235,6,6,4,11,8,-10,-1,-83
1563815742340235,-78,-47,-29,-27,-36,-33,-85,-85
1563815742369227,-15,-10,-20,-25,-27,-33,-1,-15
1563815742369227,16,23,20,27,21,20,61,-19
1563815742370218,46,18,17,23,25,24,56,127
1563815742370218,20,10,9,4,17,42,87,-2
1563815742374216,-65,-30,-19,-26,-30,-58,-128,-115
1563815742374216,-18,-15,-16,-21,-29,-63,13,-16
1563815742389229,61,37,23,25,38,56,95,44
1563815742389229,-11,-5,3,-7,-19,-46,-99,43
1563815742398202,-25,-22,-23,-29,-16,10,22,-17
1563815742398202,-5,2,6,18,17,25,-10,-45
1563815742400201,1,-10,-6,12,-11,-34,-62,42
1563815742400201,5,-1,-14,-32,-20,6,82,-33
1563815742421192,22,10,8,23,28,48,82,69
1563815742421192,-15,-12,-3,-15,-13,-16,-102,-41
1563815742422190,-22,-9,-9,-10,0,13,28,-58
1563815742422190,35,18,18,12,10,17,-28,18
1563815742434184,-14,-7,-8,-1,-12,-42,-29,-4
1563815742434184,-22,-8,-6,-6,18,35,17,-2
1563815742449194,-11,-7,-1,6,0,2,-29,3
1563815742449194,17,11,4,-3,-15,-15,7,9
1563815742458189,12,9,7,10,11,17,40,-35
1563815742458189,34,10,4,1,9,7,-20,84
1563815742460170,-43,-25,-19,-25,-39,-42,-30,-49
1563815742460170,-6,-3,-6,-5,0,5,36,-2
1563815742481167,15,5,4,12,7,5,9,18
1563815742481167,-5,-1,-2,6,12,7,43,-13
1563815742482153,-2,0,-2,-6,-2,5,-40,18
1563815742482153,5,1,-1,3,2,-2,-3,-12
1563815742494146,7,6,7,3,4,5,14,37
1563815742494146,-19,-6,-2,13,12,-12,-53,-60
1563815742503146,9,1,5,-17,-22,-13,11,24
1563815742503146,-26,-10,-5,9,3,12,-5,4
1563815742518139,5,5,2,-5,5,4,47,1
1563815742518139,7,-2,3,11,-4,-9,-53,30
1563815742520132,-5,-6,-10,-13,-16,-5,35,-5
1563815742520132,6,1,0,-1,1,-8,-20,12
1563815742541119,-15,-3,-1,-3,-3,3,-13,-35
1563815742541119,9,5,6,14,17,-3,-11,-22
1563815742542120,-9,-7,-6,-7,0,-5,13,14
1563815742542120,8,5,1,-6,-16,-2,12,-6
1563815742563116,7,-1,1,3,-4,3,-20,28
1563815742563116,2,-2,-2,2,-1,2,-2,-25
1563815742565107,-11,-6,-4,-2,3,-6,-17,9
1563815742565107,10,-1,-5,3,28,19,85,46
1563815742578099,-6,-2,10,9,-4,2,-23,-13
1563815742578099,-5,-5,-10,-14,-26,-20,-3,-22
1563815742580098,-7,1,-4,-13,-14,-14,-39,-17
1563815742580098,-2,-2,-4,8,-1,-15,-6,-7
1563815742601086,12,6,3,5,20,16,23,9
1563815742601086,0,0,2,1,2,-19,-26,3
1563815742602092,8,4,-3,-6,-6,32,102,42
1563815742602092,-17,-5,0,-1,2,-18,-109,-44
1563815742614100,5,0,0,-4,-4,-3,16,15
1563815742614100,-5,-1,1,5,14,22,3,-17
1563815742623076,0,-3,-3,1,-1,-21,-25,-16
1563815742623076,2,1,2,-1,7,10,41,20
1563815742638086,7,3,6,24,2,-6,-48,-16
1563815742638086,-5,-7,-15,-48,-52,-10,64,22
1563815742640068,-4,1,1,15,16,-1,-26,-7
1563815742640068,1,1,0,-4,-5,8,17,5
1563815742669064,3,-4,-5,-2,8,3,-6,3
1563815742669064,0,1,4,15,14,6,5,1
1563815742670045,0,0,2,-6,0,-1,-12,2
1563815742670045,1,-1,-1,0,-6,-10,-2,-10
1563815742674065,2,0,-1,-7,0,13,22,10
1563815742674065,0,0,0,9,2,-3,-13,1
1563815742683060,-12,-11,-11,-22,-2,-8,-13,-6
1563815742683060,12,7,11,26,5,6,-44,-21
1563815742698051,-4,-1,-5,-36,-44,-8,0,2
1563815742698051,-1,-3,-1,1,1,-17,3,7
1563815742700028,1,1,5,11,11,21,-17,-16
1563815742700028,0,1,-2,-4,6,1,16,15
1563815742721016,1,-1,-3,-1,4,6,-5,-2
1563815742721016,-3,-4,-3,1,-2,0,0,-2
1563815742722016,3,1,-1,1,2,-1,5,-5
1563815742722016,-3,0,-1,-6,-5,1,7,8
1563815742735012,4,2,1,0,-3,-7,-9,7
1563815742735012,-5,-1,-3,-1,1,1,0,-11
1563815742743074,-2,-1,0,7,2,-3,-5,-11
1563815742743074,-2,-1,-4,-9,-7,6,15,4
1563815742760042,-4,-1,1,0,2,0,-8,0
1563815742760042,2,0,0,3,3,-11,4,10
1563815742763040,-1,1,2,1,-3,6,1,-12
1563815742763040,-1,-2,-2,-3,-4,3,9,1
1563815742781034,1,-1,-2,-2,2,-5,4,5
1563815742781034,0,0,1,1,3,7,-19,-8
1563815742782028,-4,-3,-3,2,-1,7,6,-11
1563815742782028,-2,-2,0,-5,-2,-16,10,10
1563815742794021,0,-1,-3,-3,10,5,14,9
1563815742794021,3,5,6,16,-2,-4,-28,-5
1563815742803039,-6,-2,-3,-7,-11,-13,-15,-13
1563815742803039,0,-2,-1,3,3,14,11,11
1563815742819015,-4,-3,-5,-9,-9,-6,6,-3
1563815742819015,-6,-4,0,3,14,4,-10,-8
1563815742820007,4,1,-1,-11,-9,-3,22,9
1563815742820007,-3,1,1,-9,-6,0,-30,-10
1563815742841017,6,4,5,12,8,-5,-6,2
1563815742841017,2,1,-1,-3,-2,7,17,2
1563815742842016,1,0,1,4,4,2,1,0
1563815742842016,1,0,-2,-2,2,-2,-11,-5
1563815742870980,-5,-4,-2,4,18,0,11,-1
1563815742870980,3,3,9,8,-15,-6,-6,3
1563815742872977,9,5,1,0,-3,-2,-21,5
1563815742872977,-6,-6,-4,6,12,24,97,-8
1563815742877977,7,6,6,-8,-6,-17,-92,8
1563815742877977,-19,-12,-19,-28,-29,-18,10,-13
1563815742879972,2,1,2,4,7,8,32,12
1563815742879972,-5,0,0,-3,-2,-1,-21,-34
1563815742900983,5,2,6,21,18,17,85,12
1563815742900983,9,5,5,-1,11,20,-24,15
1563815742901971,-12,-8,-6,-3,-13,-29,-24,-17
1563815742901971,5,5,3,2,8,24,13,10
1563815742913975,2,-2,-2,8,5,-11,-30,16
1563815742913975,-3,-1,-1,-29,-41,-26,27,-7
1563815742923947,-2,-1,-4,2,4,4,15,2
1563815742923947,0,-2,-1,3,1,-3,-25,6
1563815742937941,-2,-3,-7,-14,-11,1,5,-10
1563815742937941,1,0,-1,7,20,10,9,4
1563815742939942,2,3,5,10,9,1,-19,-4
1563815742939942,-4,-3,-3,-13,-13,-13,2,4
1563815742960947,-3,0,-1,-1,-9,0,-9,-6
1563815742960947,1,0,2,8,14,8,9,5
1563815742961947,-4,-2,-1,-3,-2,1,2,-9
1563815742961947,6,2,-1,-2,-5,-10,-10,10
1563815742982935,-8,-5,-4,-8,-9,-2,-5,-12
1563815742982935,1,0,0,6,8,5,6,4
1563815742984913,-1,-1,-1,-5,-1,2,15,1
1563815742984913,1,-1,-3,-2,-4,-8,-24,-5
1563815742997904,-5,-1,-2,2,-4,-2,6,-6
1563815742997904,0,0,-2,-1,1,-2,4,4
1563815742999903,-1,0,4,4,3,5,6,-2
1563815742999903,-1,-1,-1,0,-2,-4,5,10
1563815743020895,-1,-2,-4,-7,-7,-1,-1,-8
1563815743020895,-2,-2,-2,2,7,5,0,2
1563815743022890,-1,1,-1,1,0,0,-4,-5
1563815743022890,0,0,-1,-1,-3,-4,-1,1
1563815743042879,-3,-2,1,-1,-3,2,-2,-6
1563815743042879,4,3,-1,0,3,0,1,2
1563815743044878,-1,-1,-2,-1,-1,-4,-9,-2
1563815743044878,-2,-2,-1,1,-1,-8,11,-2
1563815743057891,-2,-1,-1,-1,-3,-1,20,9
1563815743057891,6,0,0,1,7,5,-14,6
1563815743059868,-1,-1,-1,2,-4,-8,-26,-9
1563815743059868,-5,-4,-6,-7,-6,-2,2,1
1563815743087860,0,1,-1,-1,-6,-3,-9,-7
1563815743087860,-2,0,3,4,2,-1,16,4
1563815743089854,-2,0,-2,0,1,2,10,3
1563815743089854,-1,-2,-2,-3,0,-3,-10,-3
1563815743103850,2,-2,0,-4,-5,-4,3,2
1563815743103850,-2,-1,-4,-3,-2,2,-5,-4
1563815743104844,0,1,0,-3,-1,2,-6,-1
1563815743104844,0,0,1,1,-1,5,3,0
1563815743117871,-1,0,-1,-1,-2,-8,-4,-3
1563815743117871,-1,2,3,3,3,4,-1,-1
1563815743124839,0,-4,-1,-2,-4,-11,-2,-3
1563815743124839,2,0,1,1,2,6,1,2
1563815743140824,-1,-2,-2,1,0,-2,-6,-4
1563815743140824,-3,-3,-3,-3,-2,-1,-4,-4
1563815743142822,0,-1,-3,-2,0,5,6,2
1563815743142822,0,2,0,0,-3,-7,-9,1
1563815743163810,-2,-2,-1,-2,4,10,-4,-3
1563815743163810,-6,-2,-1,0,-1,-2,3,-5
1563815743164810,2,1,0,-2,4,1,1,-2
1563815743164810,-2,3,5,5,1,11,2,1
1563815743177802,5,-2,-2,-4,-18,-21,-11,1
1563815743177802,-11,-6,-6,-10,-28,-21,-9,-10
1563815743184799,4,-1,-3,3,15,10,0,8
1563815743184799,1,1,-1,1,5,3,-2,0
1563815743200811,-2,-2,-3,-3,0,3,1,-1
1563815743200811,1,-1,0,1,-1,0,4,-1
1563815743202790,-3,-3,0,-2,-8,0,-4,-5
1563815743202790,-2,-2,0,0,5,-9,-3,-3
1563815743223775,-1,2,1,2,4,7,6,0
1563815743223775,1,1,0,2,8,9,-6,1
1563815743224775,-2,1,0,0,4,4,4,-1
1563815743224775,2,-1,-2,-1,4,4,2,4
1563815743237780,-6,-3,-1,-5,-16,-16,-11,-8
1563815743237780,2,1,0,-1,0,5,4,2
1563815743244762,-1,1,0,-1,-3,-4,-1,-1
1563815743244762,-2,-2,-1,-3,-5,2,-2,-1
1563815743260764,1,2,1,3,6,2,1,3
1563815743260764,0,1,-1,-1,4,1,1,0
1563815743262771,1,-3,-2,-2,-4,-1,-3,-3
1563815743262771,-2,-1,-1,-2,-3,-1,0,-1
1563815743290767,0,-1,2,2,5,0,-6,-2
1563815743290767,3,0,-1,0,1,0,-1,0
1563815743292737,-3,-2,0,1,1,-1,1,-1
1563815743292737,-1,-2,-5,-6,-8,-8,4,0
1563815743298762,0,-2,-5,-3,1,8,0,-1
1563815743298762,1,1,4,3,0,-5,-8,0
1563815743305727,0,4,2,1,-11,-4,0,0
1563815743305727,0,-1,-3,-3,-2,-6,-4,-1
1563815743320749,-2,-1,-1,-2,7,17,5,1
1563815743320749,1,0,0,2,4,-14,-1,-2
1563815743322717,0,-1,0,0,2,9,3,-1
1563815743322717,0,0,-1,0,-6,-5,-4,0
1563815743343705,-4,-2,-3,-3,-3,-10,4,-3
1563815743343705,1,-4,-6,-7,0,11,-2,1
1563815743344706,-1,-3,-1,0,-2,-4,-2,-1
1563815743344706,1,2,5,6,3,5,4,-2
1563815743357698,0,-3,-4,-1,1,-6,-2,0
1563815743357698,-1,-2,3,6,-4,-8,-6,-3
1563815743365693,-2,1,-1,-2,-2,2,5,1
1563815743365693,-4,-2,0,0,0,-1,-7,-4
1563815743381685,1,1,-1,-2,3,12,5,0
1563815743381685,-2,-1,1,6,3,-2,-4,-1
1563815743388690,-4,-2,-9,-11,-8,-3,-5,-4
1563815743388690,0,-2,-2,-2,-1,-2,-1,2
1563815743403671,0,2,6,3,0,-1,-2,0
1563815743403671,0,0,-1,1,0,1,3,0
1563815743405671,0,0,-1,-1,-3,-5,-1,1
1563815743405671,0,-1,-2,2,4,-1,-1,3
1563815743416664,0,-2,-3,-3,-2,-4,-4,2
1563815743416664,-4,-6,-8,-19,-15,0,3,-3
1563815743425660,0,2,-3,-2,1,7,2,0
1563815743425660,0,0,1,5,0,-6,2,-1
1563815743448661,-6,-3,-1,-3,-6,-13,-20,-6
1563815743448661,-3,1,2,1,-1,-1,1,-4
1563815743449645,1,-1,-1,2,2,0,-1,0
1563815743449645,-2,-2,-4,-6,-2,1,1,0
1563815743463667,0,2,1,4,3,8,7,-1
1563815743463667,1,-1,-4,-4,1,3,5,2
1563815743464638,-1,-3,0,0,-3,-7,-5,-1
1563815743464638,2,2,5,4,3,4,-1,-2
1563815743476659,-1,-2,-4,-2,-2,-2,-1,-2
1563815743476659,-1,-1,-3,0,4,1,0,-1
1563815743485632,-1,-1,2,2,-2,0,3,2
1563815743485632,0,-1,-2,-4,-4,-2,-4,0
1563815743500622,0,0,-3,-3,-2,0,-2,-1
1563815743500622,-1,0,-1,2,1,2,0,0
1563815743502618,-2,-1,1,4,5,-5,-4,-2
1563815743502618,-1,-1,-3,-5,-5,-1,-1,-3
1563815743523634,-1,0,0,-2,-3,-2,-1,0
1563815743523634,0,1,0,3,6,4,2,1
1563815743524604,-1,-1,0,-2,-2,-4,-5,0
1563815743524604,0,-2,-2,-3,-3,0,-2,-1
1563815743536614,1,0,-1,2,1,2,4,0
1563815743536614,-1,-1,0,0,-1,-5,-6,0
1563815743545600,0,0,-1,-2,-2,-2,-1,0
1563815743545600,-1,-2,-1,-1,0,1,-2,0
1563815743560589,-1,0,0,1,2,-2,-1,0
1563815743560589,-1,0,-1,0,-2,0,2,0
1563815743562592,-1,-2,-1,-1,-1,0,-1,-2
1563815743562592,-1,-2,-1,-2,-1,1,0,-1
1563815743583571,1,0,1,1,-3,-3,-2,-1
1563815743583571,1,1,-1,-3,-1,0,-1,2
1563815743585569,0,-1,-1,0,0,1,4,-1
1563815743585569,-2,0,-5,-1,0,4,-5,-3
1563815743596563,-1,0,0,1,-2,-3,-3,0
1563815743596563,0,-1,0,-1,0,0,1,0
1563815743613552,0,-2,-2,-4,-2,-2,-1,0
1563815743613552,-1,-2,-3,0,-4,-2,2,0
1563815743620547,0,0,2,-1,0,1,4,0
1563815743620547,-1,-1,-1,1,0,1,-4,-1
1563815743622550,-3,0,-1,-1,-1,-2,-3,-4
1563815743622550,-1,1,1,-1,0,-1,0,-1
1563815743643555,-1,-1,1,4,1,-7,-5,-1
1563815743643555,0,-2,-6,-6,-4,-5,1,0
1563815743645535,0,0,-4,-4,1,10,5,0
1563815743645535,-1,0,-1,-2,-4,2,0,1
1563815743656548,-2,0,4,8,3,-4,-2,-1
1563815743656548,0,-4,-5,-7,5,5,4,-3
1563815743666521,-1,0,2,1,-15,-16,-11,-3
1563815743666521,-1,0,-1,-6,-9,-4,-2,1
1563815743679514,-1,-1,-3,-1,7,9,6,0
1563815743679514,-1,0,3,7,13,1,-5,-1
1563815743688509,-2,-3,-4,-1,3,-8,-2,-1
1563815743688509,-2,-4,-5,-18,-24,-3,2,-2
1563815743703520,-1,-2,-3,-3,-11,-4,-4,0
1563815743703520,-1,-1,2,8,7,-1,1,-3
1563815743704516,0,0,5,2,3,7,11,3
1563815743704516,0,-2,2,10,9,-9,-18,-3
1563815743725489,0,-1,-2,4,17,17,6,0
1563815743725489,1,2,3,2,-9,-1,-1,1
1563815743727487,-2,-1,-4,-10,-14,-6,-2,-2
1563815743727487,-2,-2,-2,-3,-4,-4,4,-2
1563815743740499,-7,-5,-7,-10,-13,-26,-11,-7
1563815743740499,0,-1,0,-6,-7,-3,1,-1
1563815743742499,-1,-1,-1,4,9,3,-6,-1
1563815743742499,0,1,4,9,17,15,5,2
1563815743763468,1,-1,0,-3,-4,-1,-5,0
1563815743763468,-1,-3,-1,0,-4,-9,12,0
1563815743765464,0,-1,-4,-4,5,7,0,1
1563815743765464,-1,-3,-1,2,2,-7,8,2
1563815743777479,2,1,1,-4,-11,29,-15,-5
1563815743777479,-2,0,2,2,-3,6,-41,-7
1563815743786461,-2,1,-1,1,6,5,-4,-4
1563815743786461,0,1,-1,-2,7,7,-10,-4
1563815743802457,-2,-3,-3,-2,2,-14,16,3
1563815743802457,-1,-2,-4,-6,-3,4,17,5
1563815743814440,-1,0,3,5,4,8,-2,-2
1563815743814440,1,-1,-1,2,-8,-14,-6,-2
1563815743824431,-3,-3,0,-3,-4,-10,18,2
1563815743824431,-1,-1,-1,-1,0,-2,-1,0
1563815743825433,-13,-1,-1,3,2,-14,14,-9
1563815743825433,15,-1,-5,-4,-12,-37,55,26
1563815743837423,1,3,1,-4,5,44,-49,-4
1563815743837423,-3,2,3,3,3,9,-29,-12
1563815743846417,1,-1,-3,-1,-5,-1,-2,-1
1563815743846417,-7,-2,-2,-1,3,10,-3,-6
1563815743859432,0,-2,-2,1,4,-9,0,-2
1563815743859432,2,-1,0,-2,-13,-10,14,5
1563815743868405,1,-2,0,-5,4,7,-7,2
1563815743868405,-6,-1,1,1,1,1,-11,-5
1563815743883400,3,1,0,1,1,-9,7,3
1563815743883400,-4,-2,-2,-2,0,2,0,-3
1563815743885397,4,-2,-1,-4,-8,-16,10,6
1563815743885397,0,-3,-3,-1,4,-2,-7,-3
1563815743913401,-10,3,2,3,0,-8,5,-10
1563815743913401,11,-1,-1,-2,-5,-37,49,24
1563815743915385,3,0,0,2,4,31,-44,-9
1563815743915385,-6,-3,-1,0,-1,3,-8,-5
1563815743919378,0,-6,-3,-5,-9,-9,14,1
1563815743919378,-2,2,2,2,10,43,-57,-14
1563815743928370,2,-2,0,2,3,-8,6,3
1563815743928370,-2,-2,0,-4,-8,-7,-1,-4
1563815743943383,-1,-4,-4,-2,-4,2,5,2
1563815743943383,-3,-4,-4,-5,-2,-9,13,0
1563815743945360,0,0,-2,-2,-1,-8,12,3
1563815743945360,1,1,2,3,5,38,-33,-4
1563815743967349,5,-1,-3,0,4,-6,10,10
1563815743967349,1,5,4,3,8,21,4,-4
1563815743968355,-3,-4,-4,-7,-22,-35,29,3
1563815743968355,-4,-1,1,0,7,20,-3,-3
1563815743980343,1,4,4,1,4,27,-47,-9
1563815743980343,1,0,-4,-2,1,-4,0,-1
1563815743987336,-4,-2,-1,1,1,-16,-2,-7
1563815743987336,1,2,0,0,-1,-3,2,-1
1563815744003327,0,0,-2,-1,-1,-15,12,2
1563815744003327,-3,-5,-2,-2,-4,3,-8,-1
1563815744011328,1,0,-1,-1,-3,10,-5,2
1563815744011328,1,1,1,0,0,-20,0,1
1563815744025320,-2,0,-1,1,3,6,-21,-7
1563815744025320,-3,-3,-4,-3,-6,-17,17,-1
1563815744027314,-6,4,4,2,0,11,-31,-13
1563815744027314,10,2,1,-1,3,17,-8,10
1563815744040307,-3,-3,-3,-4,-5,-32,22,5
1563815744040307,0,-1,-1,-2,1,20,-15,-1
1563815744047303,1,1,0,1,2,17,-1,0
1563815744047303,-7,-3,-3,1,-2,-15,12,-5
1563815744063314,2,2,0,0,-1,-2,21,6
1563815744063314,1,-1,-2,-2,1,19,8,1
1563815744065292,1,-2,0,-2,-1,-16,-5,2
1563815744065292,-6,-4,-3,-4,-13,-18,-6,-6
1563815744085319,-12,-1,-1,-3,-2,-6,9,-10
1563815744085319,12,-4,-4,-1,-5,-26,17,16
1563815744087284,-3,-5,-2,1,5,-5,8,2
1563815744087284,-1,7,0,0,4,4,12,-5
1563815744099293,5,3,1,-1,-4,-9,14,13
1563815744099293,-11,-4,-2,-1,-4,-8,-9,-13
1563815744107268,7,-5,-7,-3,0,8,11,13
1563815744107268,-13,-8,0,6,3,12,6,-1
1563815744122280,-6,0,0,1,3,5,-30,-17
1563815744122280,-3,-1,-3,-1,-2,-17,24,3
1563815744123263,0,1,0,-1,-2,-6,4,1
1563815744123263,6,2,2,1,1,7,9,4
1563815744145256,-2,-1,-3,-3,1,-5,-9,-5
1563815744145256,-3,-1,0,0,-10,0,-11,-4
1563815744146270,-4,-1,0,0,1,-4,-4,-8
1563815744146270,1,0,-1,-3,-3,5,-1,1
1563815744175231,3,0,1,2,0,8,-4,1
1563815744175231,0,2,-2,0,1,-8,3,-1
1563815744192221,-2,-2,0,0,3,3,-1,-2
1563815744192221,1,3,-1,-2,1,4,-20,-5
1563815744194219,5,2,0,1,-1,-1,-1,2
1563815744194219,-6,-1,0,0,2,-5,-6,-5
1563815744195218,-14,-3,-3,-4,-1,-1,6,-12
1563815744195218,18,-2,-1,-1,4,-9,16,16
1563815744205212,-3,-5,1,-1,-13,11,-5,-9
1563815744205212,0,0,1,-2,4,2,-4,0
1563815744206215,-2,-2,0,0,-1,-4,-4,-2
1563815744206215,-6,-2,0,2,0,7,-15,-8
1563815744230198,0,1,-2,-1,6,4,6,2
1563815744230198,1,2,2,4,1,2,-9,-1
1563815744230198,1,-2,-2,-1,-2,1,4,5
1563815744230198,-3,0,-1,-3,-1,12,-11,-5
1563815744242191,2,0,-2,0,0,-2,-6,2
1563815744242191,-4,-2,0,0,2,2,-7,-5
1563815744243193,2,2,0,0,3,9,-11,-2
1563815744243193,-1,-1,-3,-2,-1,-14,1,-2
1563815744265180,0,-2,1,1,0,-7,24,6
1563815744265180,4,0,-2,-3,-14,-13,2,2
1563815744266181,-2,-9,2,1,6,-2,5,1
1563815744266181,2,13,1,0,6,-6,-1,-2
1563815744290168,-7,-10,-6,-3,-13,-12,4,1
1563815744290168,0,-3,-4,-2,4,-3,10,1
1563815744290168,6,8,6,8,3,15,-6,4
1563815744290168,-5,-3,-1,-4,6,-1,2,-2
1563815744304178,0,1,-3,-4,4,-3,-10,-4
1563815744304178,-5,-4,-7,-6,-8,2,3,-2
1563815744305177,5,7,2,-4,-15,12,-3,3
1563815744305177,-5,-3,1,6,2,-7,1,-3
1563815744333143,0,1,0,2,-1,8,1,-1
1563815744333143,0,-2,1,2,4,9,-9,-1
1563815744334138,-4,-6,-6,-1,1,-10,-2,-2
1563815744334138,-4,-1,-4,-6,-9,-9,-12,-5
1563815744339157,0,-3,0,-1,-3,-1,-2,0
1563815744339157,-6,-6,0,1,4,-9,-2,-4
1563815744347152,3,9,5,-3,-1,-1,2,0
1563815744347152,-3,-4,-6,-9,-8,-7,4,-2
1563815744363124,0,-6,-1,2,8,-1,-11,-4
1563815744363124,0,3,1,-2,-26,-6,2,-2
1563815744363124,2,2,0,4,8,-1,4,1
1563815744363124,-3,0,1,-1,-13,-11,-12,-2
1563815744385119,-1,-2,-5,-6,9,8,7,1
1563815744385119,-1,1,-2,1,2,4,-15,-5
1563815744393105,-3,-11,-5,-2,-3,-2,-9,-4
1563815744393105,-2,2,0,1,-3,-20,3,1
1563815744399101,3,11,1,0,0,4,-7,-1
1563815744399101,1,1,4,1,2,0,9,1
1563815744409098,0,-2,-5,0,-1,8,0,0
1563815744409098,-8,-8,-1,-1,5,9,-1,-8
1563815744423086,6,-5,0,0,-4,-12,0,12
1563815744423086,0,6,-2,-7,-1,-18,10,5
1563815744423086,-3,-3,-2,-5,-8,-14,8,-3
1563815744423086,3,1,1,2,4,16,7,2
1563815744447073,-5,-2,0,1,1,-4,2,-7
1563815744447073,-1,-6,-1,0,3,5,-8,-2
1563815744447073,-3,0,-3,-1,2,-19,-12,1
1563815744447073,0,-1,1,1,3,15,-15,-5
1563815744459078,-2,-1,-3,-5,-11,-16,6,-2
1563815744459078,-1,-4,-2,-1,-6,0,2,2
1563815744468071,-3,4,-2,-2,-2,1,4,-2
1563815744468071,1,0,-4,-1,-3,1,11,4
1563815744483052,2,-8,0,-2,-2,7,-9,-1
1563815744483052,-2,4,3,0,4,2,-4,-1
1563815744484052,-1,-3,-1,0,5,16,1,1
1563815744484052,3,0,1,0,-1,-13,-13,-1
1563815744505059,1,3,0,-2,-6,2,0,-1
1563815744505059,-1,-6,-4,-1,5,2,0,-5
1563815744506039,1,2,0,-1,-4,-9,2,0
1563815744506039,-3,-5,-3,0,-2,-7,20,5
1563815744519051,2,6,4,2,-2,2,-6,-1
1563815744519051,-1,0,0,0,-4,-5,2,-2
1563815744528057,-1,-2,-3,-2,-10,-11,-9,-3
1563815744528057,-2,2,2,2,-1,-7,-16,-6
1563815744543020,-3,-4,0,1,9,7,-6,-1
1563815744543020,-1,5,1,3,-2,-6,-1,-2
1563815744543020,4,1,-3,-5,-6,12,1,5
1563815744543020,0,-1,-2,-3,-2,-2,-4,1
1563815744565007,-1,0,-2,-2,-2,1,0,0
1563815744565007,-1,-3,2,1,6,9,-2,0
1563815744566007,-1,3,-2,0,1,-4,-4,-4
1563815744566007,-4,0,2,0,7,17,0,-8
1563815744579006,7,-4,-7,-2,-10,-6,-1,9
1563815744579006,3,4,3,0,3,-6,2,1
1563815744588024,-2,0,1,1,-9,-5,0,-3
1563815744588024,2,-4,0,-1,-1,1,5,3
1563815744602987,-6,1,0,0,5,2,1,-6
1563815744602987,-2,-2,0,0,3,-3,-8,0
1563815744602987,-1,-5,0,1,5,0,7,4
1563815744602987,-1,-1,-1,1,-4,2,3,1
1563815744625971,-4,-2,1,-2,-5,-6,-4,-4
1563815744625971,4,-3,-3,-4,-8,-6,10,5
1563815744625971,-2,0,2,2,8,13,-12,-6
1563815744625971,2,-1,0,1,0,5,1,-1
1563815744640962,-2,0,-1,-1,1,7,-6,-3
1563815744640962,0,-2,-4,-1,0,5,0,-2
1563815744647959,-1,0,2,1,-1,-1,8,-1
1563815744647959,-1,-5,-6,-2,-2,-4,-2,-2
1563815744661954,-6,-6,-3,-2,-8,-12,6,0
1563815744661954,-2,4,1,0,7,1,-5,-2
1563815744669945,1,-7,0,2,0,0,10,3
1563815744669945,2,7,0,-1,-7,-3,-3,1
1563815744684939,0,3,2,1,1,-4,1,-2
1563815744684939,-4,-7,-5,-2,1,-1,-5,-4
1563815744685936,-3,-3,-2,-4,5,-3,-1,0
1563815744685936,2,-2,2,-3,-27,-13,0,2
1563815744699927,0,2,2,2,8,9,7,-4
1563815744699927,-1,-1,0,-1,-2,1,0,0
1563815744707923,4,1,-3,0,3,-3,0,2
1563815744707923,-3,-1,-1,-2,7,4,-4,-4
1563815744722931,-1,0,0,-2,-5,-7,-6,-1
1563815744722931,-4,-1,0,0,-1,3,-3,-4
1563815744723915,-1,-1,0,0,-1,-2,0,-1
1563815744723915,3,1,-2,0,4,-7,8,5
1563815744744918,-4,-1,0,-2,-6,-5,8,-1
1563815744744918,-2,-6,-3,-1,4,-7,3,3
1563815744745901,-2,2,-2,-4,-3,11,2,0
1563815744745901,2,-1,0,1,5,5,-1,0
1563815744759898,1,0,-4,-1,2,-8,6,1
1563815744759898,1,-5,-3,-4,-12,-9,-10,-1
1563815744767897,-2,-3,-2,-6,-11,-7,-3,-3
1563815744767897,-2,-4,-5,-3,5,0,3,-1
1563815744782894,3,8,6,5,7,3,-5,-2
1563815744782894,2,2,4,2,3,4,3,1
1563815744783881,-2,0,3,5,4,-1,0,0
1563815744783881,0,0,1,-4,-4,3,-1,1
1563815744805874,-3,-4,1,2,5,9,-2,1
1563815744805874,3,4,4,0,-1,-2,-4,-1
1563815744812872,-1,-2,0,-2,-8,-7,-2,-1
1563815744812872,-4,-6,-5,-5,3,1,-1,-2
1563815744828856,2,1,-5,-2,-6,-4,-5,2
1563815744828856,1,2,3,2,2,2,4,-1
1563815744828856,1,-1,-1,-1,2,-3,0,3
1563815744828856,-1,1,1,0,-5,-4,2,0
1563815744850849,-2,-2,-3,-2,-1,2,-10,-6
1563815744850849,-2,-1,-2,2,4,0,-4,-2
1563815744851843,-2,-2,-2,-3,-3,9,-5,-3
1563815744851843,3,2,2,2,10,19,-7,1
1563815744864834,-1,-2,-1,-6,-25,-17,-9,-2
1563815744864834,-16,0,-1,1,3,7,8,-18
1563815744865857,9,-1,-2,-2,3,-7,-5,14
1563815744865857,-5,-1,-2,-2,-12,-13,1,-3
1563815744888820,5,1,1,3,19,20,2,10
1563815744888820,0,1,-4,-3,6,4,-10,-1
1563815744889820,-6,-3,0,-1,-12,-2,0,-9
1563815744889820,-1,2,1,3,-3,3,2,1
1563815744902836,-2,-4,-4,-6,1,0,-9,-3
1563815744902836,-1,-7,-2,-1,-1,-1,4,-2
1563815744903810,-5,7,0,0,15,2,24,2
1563815744903810,1,-6,-3,3,17,7,18,15
1563815744924804,-15,-4,-2,-2,1,28,34,-18
1563815744924804,27,3,-4,-10,-43,-10,-9,37
1563815744925800,-23,-6,-4,-7,-1,-13,-20,-32
1563815744925800,3,4,7,13,14,4,-1,2
1563815744948808,-8,-2,-2,-2,4,-12,3,-11
1563815744948808,9,2,-2,-15,-18,-6,-3,0
1563815744949791,-34,-6,0,5,8,15,6,-14
1563815744949791,17,-12,-8,-7,-23,-25,3,24
1563815744962800,-7,15,4,1,20,5,-18,-14
1563815744962800,-2,-6,3,10,8,4,0,2
1563815744963777,11,14,0,4,20,6,-2,-5
1563815744963777,-10,-1,2,1,13,-1,17,-11
1563815744984769,6,-7,-7,-12,-30,-27,-18,11
1563815744984769,-7,1,1,-1,-11,-9,0,-12
1563815744985788,7,-3,1,2,10,7,-19,2
1563815744985788,-6,0,1,2,10,-4,-15,-9
1563815745007751,5,-2,-3,-7,-18,3,5,6
1563815745007751,-8,-1,-3,-1,1,-3,-12,-7
1563815745015771,7,-6,0,3,-4,-4,8,10
1563815745015771,-1,2,-5,-5,10,5,-4,-4
1563815745023741,0,-2,2,0,0,2,21,6
1563815745023741,-4,-1,-1,-2,10,-5,-4,-3
1563815745024742,9,0,2,4,5,17,12,12
1563815745024742,-5,1,-2,-5,-25,-25,-8,-9
1563815745044731,-9,-6,-3,-4,-40,-33,-2,-1
1563815745044731,2,-3,-2,3,19,-7,34,7
1563815745045731,5,-2,-4,-12,-37,-21,0,2
1563815745045731,-4,1,-2,-5,15,22,3,-8
1563815745068723,-4,-3,-1,5,15,-1,-11,-1
1563815745068723,-2,4,4,8,3,46,-31,-9
1563815745068723,6,0,0,1,4,1,-7,3
1563815745068723,-5,0,2,2,-11,-6,6,-3
1563815745083708,4,-1,1,4,11,6,1,2
1563815745083708,-7,-1,-3,-1,4,-6,4,-7
1563815745084713,1,-3,0,2,3,4,-2,0
1563815745084713,1,-1,0,-1,-6,12,-3,-1
1563815745104700,4,3,0,-3,-10,-25,-21,-5
1563815745104700,-1,0,0,0,-1,-5,2,-2
1563815745105700,-5,-2,-3,-4,-12,-7,-6,-4
1563815745105700,0,-3,-4,-2,15,-6,-7,-2
1563815745128705,1,-2,2,6,8,13,4,1
1563815745128705,-2,-2,-5,-8,11,0,-2,-1
1563815745128705,2,0,-2,-5,-22,-4,1,2
1563815745128705,-2,0,-3,-3,-4,-10,-2,-3
1563815745142679,-2,-5,-3,-3,4,1,2,6
1563815745142679,-1,-3,-2,2,0,2,-3,1
1563815745143675,2,4,9,2,-3,-2,-3,-2
1563815745143675,4,0,-4,-1,-7,1,-4,3
1563815745165685,-4,-2,2,4,3,6,-3,-6
1563815745165685,0,-1,-2,0,-4,-4,2,-1
1563815745166665,-2,-4,-2,-1,2,-3,-3,0
1563815745166665,-4,5,6,4,-5,0,-5,-5
1563815745188648,5,2,3,12,16,9,0,3
1563815745188648,0,-5,-2,-8,-9,-2,6,2
1563815745189647,0,-3,-5,-8,-11,-10,2,0
1563815745189647,-1,-4,-3,-2,10,7,-6,0
1563815745202640,-1,2,1,-1,8,4,-2,-1
1563815745202640,3,-1,-1,3,-4,-3,3,3
1563815745203642,-1,-1,-1,0,4,-2,-2,0
1563815745203642,-1,-4,-4,-7,-3,-2,-1,-1
1563815745224630,1,0,0,-1,-6,0,1,3
1563815745224630,-2,4,6,4,-2,-3,-2,-6
1563815745225646,-2,0,-2,2,4,0,0,0
1563815745225646,-4,1,3,4,0,0,1,-1
1563815745248614,1,0,0,-1,-10,-7,-4,-2
1563815745248614,0,-2,-5,-9,-3,-1,-4,-1
1563815745249613,-1,-7,-5,-6,-3,-3,0,2
1563815745249613,-1,1,1,8,10,3,-2,1
1563815745262629,1,1,0,1,0,0,-1,-1
1563815745262629,8,1,-5,-13,-10,2,13,25
1563815745263605,3,4,10,9,12,5,11,3
1563815745263605,-10,-7,-13,-25,-32,-16,-17,-36
1563815745285593,-12,-12,-5,14,16,0,-34,-17
1563815745285593,0,-2,-9,-37,-37,-21,-5,-2
1563815745286593,10,8,7,19,6,2,13,10
1563815745286593,11,6,9,12,7,15,20,31
1563815745308602,-8,-7,-6,-7,2,0,14,-9
1563815745308602,-20,-10,-17,-1,8,-2,-60,-42
1563815745309582,-6,-10,-11,-10,-5,-11,-12,0
1563815745309582,4,6,14,-3,-14,-4,13,3
1563815745331568,7,2,0,0,-1,0,2,13
1563815745331568,1,-3,2,10,14,10,22,10
1563815745331568,1,14,7,-1,-5,-3,-2,-8
1563815745331568,0,-4,1,8,8,1,-12,-3
1563815745345585,1,-2,-7,-12,-8,-4,11,8
1563815745345585,0,-1,5,9,3,1,15,-2
1563815745346558,-7,-9,-11,-6,-4,-13,-26,-9
1563815745346558,-2,-4,-6,4,7,5,6,4
1563815745368552,5,3,7,-8,-12,-4,2,0
1563815745368552,-3,-3,-3,6,-1,0,1,-4
1563815745369543,1,2,-10,-13,1,6,5,3
1563815745369543,-6,-8,0,4,-4,-4,7,-2
1563815745382599,1,9,12,14,9,6,-26,-6
1563815745382599,1,0,7,15,26,-3,4,4
1563815745383537,2,0,8,9,-13,-15,8,1
1563815745383537,-2,-2,-8,-25,-28,2,3,0
1563815745405523,-1,-3,-7,-6,-6,5,6,2
1563815745405523,0,0,-2,-4,1,-2,1,2
1563815745406528,-14,-6,-8,-2,8,6,2,-8
1563815745406528,15,-3,-9,-6,5,-1,1,8
1563815745428524,-2,3,5,5,-1,-4,-3,-2
1563815745428524,-2,0,1,0,-6,-13,-3,0
1563815745429510,0,0,4,4,9,11,21,3
1563815745429510,-4,1,-1,5,-5,-4,-27,-6
1563815745442505,-3,-5,-7,-14,3,6,7,-2
1563815745442505,1,2,3,7,3,4,0,1
1563815745450500,0,-6,-8,-7,-11,-8,-6,-3
1563815745450500,-2,2,2,2,1,-1,2,-1
1563815745465496,5,1,3,4,6,4,4,1
1563815745465496,-4,-2,-2,-5,-14,-7,1,-3
1563815745466501,0,-2,1,-1,5,8,-15,-3
1563815745466501,-3,-3,-3,-2,-7,-13,6,-2
1563815745488476,-4,-4,-5,0,0,-8,-6,-4
1563815745488476,1,0,2,0,1,17,-6,-2
1563815745489477,2,-1,1,5,7,7,1,0
1563815745489477,-3,1,-3,-2,2,-4,-8,-5
1563815745501500,1,1,1,0,-10,-2,7,3
1563815745501500,1,1,0,5,3,0,6,2
1563815745510486,-2,-3,-1,2,-2,-7,-4,0
1563815745510486,-4,-1,-1,-2,6,0,-4,-4
1563815745524455,-1,-4,-3,-3,1,-1,8,2
1563815745524455,1,-1,0,-2,-2,0,3,1
1563815745533454,0,1,0,-5,-9,-4,-2,-3
1563815745533454,-1,-1,0,1,4,2,0,-1
1563815745555460,1,2,0,-2,-5,3,1,2
1563815745555460,1,1,3,9,6,0,-1,-1
1563815745557436,0,0,-3,-6,-3,-2,-4,1
1563815745557436,-3,-2,-3,-9,-3,1,7,0
1563815745562433,-1,-2,-3,-4,-4,-6,-6,-2
1563815745562433,-1,0,3,4,-5,-9,6,1
1563815745571428,0,1,0,-3,1,7,-6,-3
1563815745571428,0,0,4,6,3,0,-4,0
1563815745585429,-3,-3,-4,-3,2,-1,1,1
1563815745585429,1,1,0,-2,-1,-5,-1,0
1563815745587420,-2,-1,-1,-1,-2,-8,1,0
1563815745587420,-1,-1,-2,-7,-7,5,0,0
1563815745616414,0,-2,-3,-2,-4,-5,-1,-1
1563815745616414,1,1,0,-2,1,15,-13,-1
1563815745622421,-1,-1,2,5,4,-10,-2,-1
1563815745622421,2,2,3,6,3,9,-14,0
1563815745623398,-2,-2,-1,-2,-6,-1,5,-3
1563815745623398,-5,-6,-7,-8,-2,-10,19,4
1563815745631394,0,-2,0,-3,1,4,-2,-1
1563815745631394,1,6,9,10,9,-8,1,-2
1563815745646408,1,1,1,4,-2,8,2,1
1563815745646408,-2,-1,-4,-7,-3,0,-5,-3
1563815745652381,-1,-4,-5,-6,-5,3,-1,-3
1563815745652381,-3,-4,-2,-4,-2,-3,-1,-2
1563815745684369,-2,-1,-2,2,-4,-11,0,-2
1563815745684369,-1,-2,-3,-2,2,17,9,2
1563815745686367,0,1,1,9,0,-11,5,3
1563815745686367,3,1,-1,-3,-4,12,-16,-2
1563815745686367,-1,0,3,-5,-5,-7,-10,-3
1563815745686367,-2,-2,0,1,1,-5,-3,0
1563815745691360,-2,-7,-8,-7,-7,3,0,-1
1563815745691360,-1,1,0,1,0,-5,1,-2
1563815745705373,0,0,4,7,7,6,1,1
1563815745705373,-1,-2,-1,-1,-4,-3,0,-1
1563815745707355,-2,-1,-4,-1,1,0,-7,-4
1563815745707355,-3,-6,-6,-4,-2,-4,6,0
1563815745728361,-1,-1,-2,0,0,0,2,0
1563815745728361,2,2,6,10,4,0,-5,-2
1563815745730342,0,1,0,-8,-7,-3,0,-1
1563815745730342,-3,-5,-5,-3,-4,-2,2,0
1563815745742334,0,0,-3,-2,3,2,1,2
1563815745742334,0,0,0,-1,1,-2,-3,0
1563815745751335,0,1,1,-3,0,1,-1,0
1563815745751335,-3,-1,0,-2,-4,-4,-3,-2
1563815745765316,0,-2,4,8,5,1,2,1
1563815745765316,-1,0,-1,-1,-4,-6,-7,-4
1563815745781307,-1,1,2,0,-1,2,0,0
1563815745781307,-1,-1,-1,1,1,-2,2,-1
1563815745789307,-1,-4,-8,-5,-1,1,-1,0
1563815745789307,1,-1,-1,-1,-3,1,0,1
1563815745791303,1,0,0,-2,-4,-2,2,4
1563815745791303,-2,-4,-3,-4,-3,-2,-1,-1
1563815745811290,-1,2,2,1,2,1,4,-6
1563815745811290,0,0,0,2,1,-1,-5,-3
1563815745812293,-2,-3,-1,-5,1,-2,-4,-2
1563815745812293,1,0,0,7,1,-1,3,3
1563815745833284,-1,-2,0,1,-1,-1,-4,-2
1563815745833284,-1,-1,-3,-3,0,-2,3,1
1563815745835278,0,-2,-2,4,1,-1,-3,-1
1563815745835278,0,-1,-2,-5,-6,-4,-5,0
1563815745848292,0,0,-5,-9,-3,-1,3,2
1563815745848292,-3,-4,-2,-2,0,-1,0,-3
1563815745850269,1,0,1,-3,-2,2,2,1
1563815745850269,-3,-2,1,11,8,-2,0,-1
1563815745871256,0,1,-1,2,-1,-7,2,0
1563815745871256,2,0,2,1,3,15,-18,0
1563815745873257,-2,-2,0,-2,-1,0,0,-2
1563815745873257,0,1,-4,-7,-3,-4,0,0
1563815745885263,-2,-3,-2,1,3,8,6,3
1563815745885263,-1,0,3,5,-1,-16,-2,-3
1563815745892244,-1,-1,-1,-2,-2,7,2,-2
1563815745892244,0,-1,-4,-5,-3,0,-2,-1
1563815745908240,-2,-4,-6,-10,-4,-2,0,1
1563815745908240,-2,-1,-1,-3,-3,-1,8,1
1563815745910234,-2,-3,-2,3,1,-7,-7,-2
1563815745910234,0,0,0,2,-2,-4,3,0
1563815745931223,1,3,2,4,4,1,-7,-3
1563815745931223,-2,-2,1,-6,-4,-2,3,-1
1563815745933221,-1,0,-1,-7,-4,-5,1,0
1563815745933221,0,-2,1,10,4,4,-1,-3
1563815745945232,-2,1,-5,-1,2,-3,-4,0
1563815745945232,0,-1,-1,-4,-3,-1,-2,-3
1563815745952209,-1,-2,-3,1,-3,1,2,2
1563815745952209,-1,0,2,-4,-1,-2,2,-1
1563815745976197,-1,1,3,0,-1,0,-4,-2
1563815745976197,-3,-4,-8,-6,-6,-5,-2,-5
1563815745998213,-2,0,0,-1,0,3,0,2
1563815745998213,0,-2,-1,-3,-3,-3,-1,-4
1563815745999183,-1,-1,-4,-5,-1,-3,-3,-1
1563815745999183,1,-1,-1,1,2,3,-3,0
1563815746007181,0,0,-1,0,0,-2,5,-4
1563815746007181,2,0,0,1,3,8,-20,2
1563815746008178,0,-3,-4,-2,-1,-1,-1,-1
1563815746008178,-5,-3,0,1,0,-2,-1,-4
1563815746012178,1,5,4,9,0,-8,-3,-1
1563815746012178,0,0,-1,-5,0,4,2,0
1563815746028195,-1,-4,-1,-4,-5,-2,0,-1
1563815746028195,1,1,-1,0,0,-1,-1,4
1563815746030177,-2,-1,-1,1,-1,-4,0,-3
1563815746030177,-3,-1,1,2,1,-3,6,0
1563815746050154,-1,-3,-2,-4,-2,-1,-3,0
1563815746050154,-1,-1,-4,-2,-1,1,1,-2
1563815746058151,2,1,1,-1,0,2,-3,-2
1563815746058151,-1,-3,-1,1,0,-2,2,1
1563815746065174,-1,0,1,1,-1,2,-4,-4
1563815746065174,0,1,1,3,0,0,4,2
1563815746072143,0,-2,-5,-6,-3,-1,0,0
1563815746072143,-2,-1,-3,-6,-4,-3,-6,-5
1563815746088131,-1,-1,2,1,2,-2,1,-1
1563815746088131,-1,1,-2,0,1,0,-1,0
1563815746094129,-2,0,1,2,1,1,3,1
1563815746094129,1,-1,-2,1,0,4,9,0
1563815746111119,0,-2,-2,-2,-2,-6,-8,4
1563815746111119,0,-1,-4,-5,0,1,3,4
1563815746112118,-2,0,2,2,2,0,-1,-6
1563815746112118,-2,-1,2,0,-4,-4,-1,-2
1563815746125135,1,1,-1,-3,0,5,1,-1
1563815746125135,-1,-2,1,12,4,0,-6,0
1563815746132136,-1,-2,-2,1,0,-1,-1,-1
1563815746132136,-1,-1,-1,-4,-1,-6,4,2
1563815746148127,0,1,0,-1,2,5,-4,-2
1563815746148127,-3,-1,-3,-4,0,1,-3,-1
1563815746150100,-3,-6,-3,-9,-8,-2,1,0
1563815746150100,2,2,0,-1,-6,-6,6,0
1563815746170115,-1,-1,-8,-7,-8,-1,-7,0
1563815746170115,0,-1,3,2,-2,-2,0,-1
1563815746177110,0,-1,-3,2,4,2,-1,-4
1563815746177110,-3,-4,-1,-4,-4,-15,0,-3
1563815746185107,1,0,5,4,-1,-2,2,-2
1563815746185107,0,0,-2,-3,-1,2,7,0
1563815746192072,-1,-2,-1,1,-2,-5,-8,1
1563815746192072,1,1,0,-6,-2,1,-3,-2
1563815746208066,-1,-5,0,6,1,-2,3,0
1563815746208066,0,0,1,1,-1,-2,0,0
1563815746210065,-2,0,2,3,0,-1,1,-1
1563815746210065,-1,-2,-3,0,4,10,-1,-1
1563815746230049,-1,0,-3,-5,-1,1,4,0
1563815746230049,-2,0,-2,-5,-3,-1,-3,-1
1563815746237076,0,-1,-1,2,2,-2,-3,0
1563815746237076,1,0,-1,-1,0,2,-4,1
1563815746245061,-2,-2,-1,0,2,-1,3,1
1563815746245061,2,0,-2,-3,-3,-2,0,-1
1563815746259037,0,-1,1,-2,3,2,-3,-2
1563815746259037,-3,-2,2,10,2,4,2,1
1563815746267036,-1,-1,-2,-1,-4,-5,-1,-1
1563815746267036,-5,-1,1,0,0,-6,-8,-7
1563815746277024,0,-1,-3,-6,-4,2,0,-4
1563815746277024,-1,-4,-5,-4,-1,-3,6,0
1563815746291014,-2,0,-1,2,1,-2,0,0
1563815746291014,1,1,1,-4,-1,1,0,1
1563815746297011,0,-1,0,-1,-1,1,-2,-1
1563815746297011,0,1,-2,1,0,-1,1,3
1563815746304010,-2,-1,0,0,-3,2,1,-5
1563815746304010,0,1,1,-2,-2,-8,-10,-1
1563815746313002,-4,-4,-1,1,1,-2,0,1
1563815746313002,0,-1,-1,0,0,0,-6,-2
1563815746328024,2,0,1,-4,-1,-1,4,3
1563815746328024,0,-3,-5,2,0,2,3,-1
1563815746329996,0,3,2,-1,-4,-1,-3,1
1563815746329996,-2,-1,-1,-2,0,-4,-3,-1
1563815746350990,-2,1,4,3,0,1,1,-1
1563815746350990,-1,0,1,0,1,6,4,0
1563815746356978,-2,-3,-6,-4,-3,-2,-1,2
1563815746356978,0,-1,-4,-5,-3,0,-1,0
1563815746363993,1,-2,-3,-2,0,0,-10,-5
1563815746363993,0,-2,0,1,1,-1,-3,0
1563815746372967,-1,-1,-1,0,-5,-9,7,-2
1563815746372967,1,-1,2,-1,-2,4,-9,-3
1563815746388990,-2,-3,-4,-6,-5,-6,0,1
1563815746388990,1,0,2,3,4,2,-2,1
1563815746389989,1,1,-1,-3,2,2,0,-1
1563815746389989,-2,-4,-2,4,0,-4,7,-2
1563815746410946,0,-2,-1,-2,-4,-5,-10,-1
1563815746410946,0,1,3,3,-4,0,2,0
1563815746411946,0,3,3,4,4,7,5,0
1563815746411946,0,1,2,-4,-2,-1,-1,-1
1563815746423970,-4,-3,-4,-2,1,-2,-3,0
1563815746423970,-1,1,0,-4,-1,-1,-3,-1
1563815746432942,-1,-1,-1,1,-2,-3,-2,-2
1563815746432942,1,0,-4,-5,-3,2,1,-2
1563815746447957,-1,0,0,-4,1,-3,2,1
1563815746447957,0,-3,-2,4,1,5,5,2
1563815746449926,-1,-1,1,-6,-9,-1,-3,0
1563815746449926,-1,0,0,5,2,-3,-2,3
1563815746470916,-2,2,1,1,3,-2,-2,-6
1563815746470916,-1,-4,-8,-8,-3,-4,-3,-3
1563815746472912,-2,-1,-1,-1,4,2,0,0
1563815746472912,-1,1,2,4,-3,0,-4,0
1563815746484905,0,0,4,4,0,0,0,-1
1563815746484905,-2,0,0,-2,-3,0,1,-2
1563815746499897,-1,-3,-4,-1,6,2,-8,-2
1563815746499897,0,0,-4,-2,4,-5,0,3
1563815746507891,3,1,1,6,-9,5,17,7
1563815746507891,-1,1,0,0,-8,-1,-5,-4
1563815746509890,-2,-2,-4,-5,-1,-2,-16,-2
1563815746509890,-2,-3,0,10,11,-4,9,7
1563815746530880,1,1,2,2,4,2,0,-3
1563815746530880,2,1,2,5,27,16,11,-4
1563815746531879,-4,-3,-4,-4,-5,-1,-24,-10
1563815746531879,1,-2,-2,-19,-45,-33,-10,-4
1563815746544869,-3,-2,-2,-4,-7,-11,4,13
1563815746544869,-3,-3,-7,0,-16,5,20,-2
1563815746553865,2,2,-3,6,19,11,-10,-14
1563815746553865,-9,-3,-1,1,8,9,-14,-8
1563815746567863,2,4,10,12,9,-2,10,17
1563815746567863,7,-1,-3,-7,6,5,12,11
1563815746569855,4,3,6,2,-8,2,17,12
1563815746569855,3,0,-3,1,4,0,8,5
1563815746590856,4,4,-2,-9,-11,-3,7,-10
1563815746590856,-13,-11,-10,-11,1,-12,-42,-13
1563815746592842,5,3,3,7,4,3,24,30
1563815746592842,-5,4,7,5,9,9,15,-29
1563815746604835,6,-8,-12,-5,1,-2,-10,49
1563815746604835,-1,2,3,12,-11,-8,17,-33
1563815746613844,-20,-14,-14,-18,-14,-10,-98,-32
1563815746613844,0,-1,2,8,7,3,11,-27
1563815746627844,-14,-13,-13,-18,-17,-5,0,-2
1563815746627844,30,22,10,1,25,8,38,16
1563815746634831,-8,5,15,29,9,5,2,-6
1563815746634831,-14,-11,-9,-23,-15,-11,-51,-10
1563815746651817,6,6,4,20,25,30,32,-14
1563815746651817,-6,-6,-7,-27,-44,-33,-21,12
1563815746652808,20,5,0,5,37,24,113,63
1563815746652808,14,5,1,7,2,20,-27,-24
1563815746664801,-26,-13,-11,-34,-55,-66,-32,-38
1563815746664801,11,5,1,6,32,39,84,43
1563815746673796,-11,-2,9,5,-31,-36,-59,-52
1563815746673796,-13,-21,-19,-15,5,10,63,61
1563815746695805,13,9,5,-7,-16,9,-15,-32
1563815746695805,-17,-5,4,9,-9,-26,-57,-30
1563815746697781,12,-3,-11,-36,-4,12,81,43
1563815746697781,6,10,8,21,38,14,-59,-1
1563815746710774,1,-2,5,18,-10,0,65,36
1563815746710774,-16,-7,-7,-13,-11,-25,-118,-67
1563815746712773,12,1,-7,-22,13,-6,21,-3
1563815746712773,-8,-3,1,16,-13,-9,38,0
1563815746735783,-7,-1,2,23,28,7,-52,8
1563815746735783,2,-1,1,-1,9,16,38,33
1563815746738759,-1,-1,2,9,-18,-2,-30,-19
1563815746738759,5,1,-3,-8,9,3,23,6
1563815746748757,4,3,2,2,14,9,1,-3
1563815746748757,-9,-5,1,0,-10,-5,-5,-15
1563815746754772,0,-1,-3,-9,11,9,3,6
1563815746754772,7,7,8,16,-14,-9,11,-10
1563815746778735,1,-5,-7,-9,-2,2,-39,5
1563815746778735,-15,-6,-6,-4,-1,-3,-7,-10
1563815746779735,-5,-2,1,15,4,-14,-28,2
1563815746779735,-15,-9,-8,-9,-22,-10,-8,-18
1563815746793726,5,2,-2,-8,5,4,-5,-21
1563815746793726,5,-2,1,3,10,9,29,14
1563815746794732,4,1,0,-3,-7,-2,12,27
1563815746794732,0,3,6,15,-7,8,8,2
1563815746807741,5,2,1,-27,29,12,-18,-3
1563815746807741,-10,-6,4,59,-8,-4,8,-2
1563815746814716,1,-2,-1,-11,-26,3,24,-19
1563815746814716,-10,-6,-8,-21,-2,-13,-67,-10
1563815746831715,-7,-7,-10,-9,-13,-14,15,4
1563815746831715,-12,-8,-4,-6,19,11,9,-20
1563815746832705,-2,0,-4,-12,3,3,-14,-16
1563815746832705,8,7,10,30,13,2,16,7
1563815746852692,1,3,4,13,4,11,5,5
1563815746852692,11,3,-2,-36,-7,-5,6,30
1563815746860689,-7,-4,-1,36,0,-5,-25,-15
1563815746860689,-3,-4,-5,-22,-30,-10,8,-9
1563815746867689,4,-1,2,7,27,18,100,31
1563815746867689,11,8,3,2,-14,-18,-96,-5
1563815746874681,-24,-15,-13,-22,-23,-16,17,-15
1563815746874681,15,8,2,-18,24,6,-22,-11
1563815746890674,-7,-8,-1,30,-13,-12,7,13
1563815746890674,-6,-3,-7,-20,-6,9,28,-5
1563815746892680,15,6,9,4,28,8,-37,18
1563815746892680,-7,1,7,30,-15,-17,0,-8
1563815746913658,2,2,-2,-17,-11,8,10,-20
1563815746913658,9,2,-3,-7,5,1,-28,4
1563815746914659,-9,-6,-7,1,-4,-13,-25,-26
1563815746914659,7,3,4,15,38,20,24,24
1563815746927651,11,4,-1,-14,-30,-8,-19,15
1563815746927651,-11,-3,5,13,-15,-19,-1,-15
1563815746934658,7,3,-2,-9,-6,5,16,7
1563815746934658,1,-2,-5,-17,-1,1,-24,5
1563815746950638,-12,1,2,4,11,0,-35,-44
1563815746950638,8,-1,0,5,3,7,50,38
1563815746952641,4,2,3,10,-7,-1,16,25
1563815746952641,-3,-2,-2,-20,-5,-6,3,-18
1563815746973646,-10,-6,-8,2,0,-15,-64,-37
1563815746973646,-10,-3,0,-7,-9,1,32,7
1563815746975645,5,1,-2,1,4,6,24,12
1563815746975645,-1,-5,-6,-11,17,11,1,-6
1563815746987638,5,4,8,10,-20,-21,-34,20
1563815746987638,0,-3,-4,2,-8,-6,-3,-8
1563815746994635,-4,0,0,3,2,1,15,0
1563815746994635,-1,-1,-4,-13,-13,1,23,14
1563815747010625,-3,-1,0,1,20,8,6,-3
1563815747010625,3,-1,-6,-7,1,-1,-1,4
1563815747012624,0,2,4,6,-6,-2,-2,-3
1563815747012624,0,2,3,-2,0,1,-2,-3
1563815747033592,1,-1,-2,-2,4,3,2,3
1563815747033592,2,2,3,1,-1,-3,2,3
1563815747034592,-7,-3,-4,3,2,10,2,-17
1563815747034592,0,-4,-7,-10,-11,-24,-21,3
1563815747047613,-2,-2,-2,-4,-7,-1,6,6
1563815747047613,5,4,3,8,5,6,20,3
1563815747055577,-4,-3,-2,-8,-9,-11,-19,-12
1563815747055577,-1,-1,-2,5,-2,-2,-2,3
1563815747070569,-4,0,-3,-4,1,12,19,-8
1563815747070569,3,-1,-1,-1,7,1,-12,5
1563815747072568,-3,-1,-1,-4,-2,-6,-6,-8
1563815747072568,-1,-5,-5,-2,-6,0,7,4
1563815747093556,1,-1,1,1,3,-5,2,1
1563815747093556,-2,-3,-3,-3,-2,5,-1,-7
1563815747099555,-1,1,4,4,4,6,2,-1
1563815747099555,-8,-2,-1,-4,-8,0,12,0
1563815747107548,6,-1,1,2,5,-4,-12,-3
1563815747107548,-3,-2,-1,-2,0,-3,-1,0
1563815747114550,-1,-2,0,0,-2,0,0,-2
1563815747114550,2,1,-3,-2,-3,-3,2,4
1563815747130534,-6,-4,-3,-2,2,4,4,-5
1563815747130534,0,2,0,3,-3,-1,-7,-5
1563815747132538,1,-2,-2,-3,3,-5,-8,-2
1563815747132538,-3,1,0,1,-1,2,4,2
1563815747153528,-6,-1,2,2,1,5,6,-7
1563815747153528,7,3,-2,-4,-2,-11,-9,5
1563815747154520,-2,-1,-1,2,-2,-3,0,-3
1563815747154520,12,0,-2,-1,13,20,11,5
1563815747168511,14,3,0,5,5,-5,-4,10
1563815747168511,-26,-6,-4,-14,-50,-37,-8,-6
1563815747174529,-6,4,1,-3,-1,-6,-3,-9
1563815747174529,-1,-3,-3,-1,-5,-6,-3,0
1563815747190521,-1,1,0,0,-10,-9,-2,-6
1563815747190521,2,-1,-1,3,23,17,4,-4
1563815747192499,-2,-4,-2,0,4,8,1,5
1563815747192499,-2,-3,-5,-7,8,7,0,-3
1563815747212508,-10,0,-2,-1,-3,-10,-1,-11
1563815747212508,8,1,4,3,1,2,0,7
1563815747220485,-1,-2,-1,5,1,1,4,4
1563815747220485,-1,0,-1,0,-6,-4,-3,-1
1563815747226479,4,0,-3,-5,-12,3,4,6
1563815747226479,-10,-1,-1,-2,31,15,-3,-18
1563815747236480,12,2,2,-1,-9,-11,-3,9
1563815747236480,-2,0,1,-1,2,2,1,2
1563815747251470,-7,-5,-3,0,-6,-3,1,-1
1563815747251470,5,3,1,7,6,5,-4,-1
1563815747252465,-3,-2,-3,-3,5,3,2,1
1563815747252465,-4,-2,0,-3,-11,-6,-3,-1
1563815747273473,-1,0,0,-1,2,3,3,2
1563815747273473,2,-3,-3,-1,0,4,1,0
1563815747274473,-2,-2,-1,-2,-5,0,-3,-6
1563815747274473,-1,0,-2,-2,-12,-23,-7,-1
1563815747288447,2,-2,-5,-7,13,10,4,-2
1563815747288447,0,-1,2,4,1,3,9,3
1563815747296446,-1,3,6,4,0,-6,-23,-5
1563815747296446,-1,-3,-3,-3,-13,5,0,0
1563815747310452,0,0,2,0,15,8,1,0
1563815747310452,-2,-3,-5,-10,-24,-21,-4,-2
1563815747312430,-3,-5,-3,-1,1,-1,5,-2
1563815747312430,1,3,2,4,12,11,-13,-2
1563815747333418,-3,1,-1,-2,-9,-4,-6,0
1563815747333418,2,0,0,1,7,6,-1,2
1563815747335416,-4,-5,-8,-8,-4,3,2,-5
1563815747335416,0,3,6,6,4,-5,1,1
1563815747347410,-4,-5,-3,0,-6,-9,1,-3
1563815747347410,2,3,6,4,-7,1,-5,-2
1563815747356404,0,0,-1,-3,1,-3,2,0
1563815747356404,-3,-4,-4,3,4,-5,3,2
1563815747371415,0,-3,-5,-6,-8,-3,-1,-2
1563815747371415,0,-2,-7,-5,-2,-1,2,-1
1563815747384393,0,1,3,4,2,-1,-3,-2
1563815747384393,-2,-1,0,1,-2,5,4,-1
1563815747393383,-3,-2,-1,-3,-4,-3,-3,-1
1563815747393383,0,-1,0,2,2,-2,-3,0
1563815747394383,-2,-2,-3,0,-4,1,5,0
1563815747394383,-1,0,1,3,5,4,0,0
1563815747406378,-2,0,3,1,-11,-12,-5,-2
1563815747406378,-2,-3,-4,-2,2,7,5,1
1563815747446382,0,0,-3,-3,-4,-3,2,0
1563815747446382,0,-2,0,-3,-2,-2,-1,-1
1563815747447355,0,0,0,-1,4,-3,16,4
1563815747447355,1,-3,2,9,4,5,-11,-1
1563815747449350,-2,-3,1,1,0,0,2,-1
1563815747449350,1,0,0,-2,-4,0,-2,0
1563815747453367,-2,0,-2,0,1,3,3,-1
1563815747453367,-1,0,-1,-4,-5,-8,7,1
1563815747455350,-1,-1,-3,0,1,4,-5,-1
1563815747455350,-1,-3,-1,-4,-2,-6,-4,-1
1563815747467357,-1,0,0,1,1,3,-4,0
1563815747467357,-3,-2,-5,-4,0,0,4,0
1563815747476335,-2,-1,2,7,0,-5,-6,-3
1563815747476335,1,1,0,-1,-4,1,6,2
1563815747490347,0,-3,-4,-1,0,5,-8,-1
1563815747490347,-1,1,1,-2,0,-1,-4,-2
1563815747497323,0,-1,-3,-8,-4,-4,5,-1
1563815747497323,0,0,-1,3,-4,-4,1,0
1563815747513344,0,0,-2,-3,0,-4,-4,1
1563815747513344,-1,-2,0,0,-4,3,-1,-1
1563815747515316,-1,-1,-4,-2,-4,-1,1,0
1563815747515316,-2,-2,-2,-2,-2,-5,-2,-1
1563815747527306,0,1,0,-1,3,5,1,-1
1563815747527306,-3,-3,-1,-2,-5,-2,2,-3
1563815747536310,1,3,1,1,-1,-8,-7,-2
1563815747536310,-1,0,-4,-5,-2,-1,1,-1
1563815747551300,-2,0,2,3,2,-3,3,0
1563815747551300,0,0,0,-1,2,0,-3,0
1563815747552292,-1,0,-2,-3,1,10,1,1
1563815747552292,-1,-2,0,2,-1,-3,-4,-3
1563815747573300,2,3,1,5,2,2,0,1
1563815747573300,0,-2,-2,-3,-2,-4,3,0
1563815747575279,-3,-3,1,-1,0,-2,3,1
1563815747575279,-3,-3,-2,0,0,-4,-4,-2
1563815747587272,1,-4,-2,-2,0,2,-4,-2
1563815747587272,2,2,1,2,2,-4,-3,-3
1563815747596267,-2,-4,-5,-2,-5,3,0,-3
1563815747596267,0,-1,-2,-3,-4,0,1,0
1563815747611260,2,4,3,1,0,-1,-1,-1
1563815747611260,-1,1,1,2,1,-1,0,1
1563815747612260,1,2,-1,1,-2,-3,-2,1
1563815747612260,-1,-2,-4,-1,-1,-4,0,-1
1563815747633251,-2,-6,-1,-2,-1,-1,-1,-1
1563815747633251,-1,-1,-4,1,-1,-1,-4,-1
1563815747635247,-1,0,3,0,1,-1,3,2
1563815747635247,2,2,4,2,1,6,-12,-1
1563815747647237,0,-1,-1,-1,-1,-2,-6,-1
1563815747647237,-1,-2,-1,-4,-4,1,-1,0
1563815747656232,-3,-6,-4,-4,-4,-5,1,0
1563815747656232,-1,-1,-3,-2,-2,0,7,1
1563815747671222,-1,-2,-1,-2,-1,1,-1,-2
1563815747671222,-3,-1,-2,4,2,-3,-8,-4
1563815747672222,1,1,0,0,-1,-1,-1,0
1563815747672222,-1,-1,-1,-2,-2,1,7,2
1563815747693211,-2,-3,-2,-2,-5,-6,6,-1
1563815747693211,-1,-3,-2,-4,-2,2,4,-1
1563815747695210,-1,1,0,1,0,-3,-3,-2
1563815747695210,1,1,2,5,1,-4,-2,-1
1563815747715228,0,0,4,3,3,-1,1,-2
1563815747715228,-1,1,-2,-4,-1,3,-3,-2
1563815747733189,-2,-3,-4,-4,-1,0,0,-2
1563815747733189,-3,1,-1,-5,-4,-4,-1,-1
1563815747734194,-3,-2,-4,1,1,-1,-5,-1
1563815747734194,1,0,-1,0,-2,-2,-1,-1
1563815747737191,0,1,1,1,2,4,-2,-2
1563815747737191,0,0,1,1,-2,0,2,0
1563815747753177,-2,-4,-3,-1,0,0,-2,-1
1563815747753177,-2,-3,-5,-10,-5,-5,-2,-1
1563815747755176,0,2,1,3,3,6,4,-1
1563815747755176,0,2,7,10,6,0,-2,-4
1563815747783175,0,0,-1,-3,-2,0,-1,1
1563815747783175,-1,-2,-1,-1,-1,0,2,4
1563815747785158,-1,-3,-3,-5,-6,-3,-1,1
1563815747785158,0,-3,-6,-4,-2,-1,0,0
1563815747791185,1,0,2,3,1,5,-2,0
1563815747791185,0,1,1,2,-1,-4,-5,-2
1563815747792156,-2,-1,-1,-4,-2,-3,-2,0
1563815747792156,-2,-3,-3,-1,-1,2,-1,1
1563815747813172,-2,-1,-2,-3,-3,5,10,-1
1563815747813172,-1,0,-1,-2,-2,-13,-16,-2
1563815747815141,-1,-4,-1,-2,-2,-8,3,-2
1563815747815141,0,2,4,4,3,0,3,-1
1563815747836150,-3,1,2,0,-2,-1,-1,-1
1563815747836150,-2,-4,-3,0,0,4,5,-1
1563815747838128,1,-2,-5,-3,-3,-2,0,1
1563815747838128,-1,-1,-3,-2,-2,-4,-2,-1
1563815747850130,-2,-1,-2,-3,-2,-2,1,0
1563815747850130,-1,0,5,3,1,5,3,0
1563815747857149,-1,-1,1,2,1,0,-7,-2
1563815747857149,0,-3,-4,-3,-3,0,-4,-2
1563815747873109,0,1,2,2,0,-4,-4,-3
1563815747873109,-1,-4,-5,-4,-3,0,2,-1
1563815747875111,2,2,1,-2,1,1,0,1
1563815747875111,-2,-3,-2,-7,-5,-2,-1,-1
1563815747896126,-1,0,-1,0,-1,-1,-3,-1
1563815747896126,0,-2,-1,2,2,3,3,3
1563815747897094,-1,-3,1,1,-1,0,-3,-2
1563815747897094,-1,-3,-5,-1,-1,-3,-2,0
1563815747910118,0,-1,-2,-1,0,-1,-1,-2
1563815747910118,0,1,-2,-4,-4,2,6,2
1563815747917092,-1,-1,4,1,2,-1,-4,-1
1563815747917092,1,-1,-3,-3,-3,-7,1,1
1563815747941073,-1,-1,0,1,4,10,-15,-2
1563815747941073,0,1,2,0,-2,3,2,0
1563815747943069,-1,-1,-3,0,-4,-6,-7,-4
1563815747943069,0,0,1,-3,-1,-2,-1,-1
1563815747956061,-3,-2,-6,-5,-2,-6,9,2
1563815747956061,-1,0,-1,0,5,3,-7,0
1563815747957061,1,3,0,3,1,3,3,2
1563815747957061,-1,1,4,8,2,-3,-5,-4
1563815747979053,1,0,1,5,-2,0,3,0
1563815747979053,0,-1,-1,-6,-6,-3,-1,-1
1563815747981048,1,-4,-7,-6,-4,-5,7,2
1563815747981048,0,0,2,5,4,2,-1,-1
1563815747993061,2,3,2,2,-1,-1,-1,1
1563815747993061,-1,2,3,4,0,-3,-3,-3
1563815747995039,1,0,-4,-2,-1,0,-1,0
1563815747995039,-3,-2,-2,-6,-3,0,0,0
1563815748016030,-2,-1,-2,-1,-2,1,-2,-3
1563815748016030,-1,0,0,0,-1,-4,1,-2
1563815748017028,-2,-1,-2,-1,-1,0,-2,-1
1563815748017028,-1,-2,-4,-1,-3,1,4,1
1563815748030039,0,-2,-1,-2,-2,-5,-4,-2
1563815748030039,0,-4,-3,0,0,2,0,0
1563815748037018,-2,0,2,-3,-3,1,-1,-2
1563815748037018,-4,-2,-2,-1,-5,2,-1,-2
1563815748054049,-1,0,0,-1,-1,-2,-15,-2
1563815748054049,1,0,4,3,1,4,5,0
1563815748055005,-2,-2,-2,-2,-2,-3,-4,-1
1563815748055005,-2,-2,-1,-3,-1,-2,-1,-2
1563815748076023,-2,-4,-7,-2,0,-1,3,1
1563815748076023,-3,-2,-3,-5,-1,6,-1,1
1563815748076991,-2,-4,-5,7,3,5,-1,0
1563815748076991,1,2,3,-3,0,-3,-3,0
1563815748089986,2,3,1,0,-1,6,4,-1
1563815748089986,-1,-3,-1,2,1,0,0,0
1563815748097011,0,-4,-3,-5,-4,-2,4,0
1563815748097011,-1,-3,-4,-3,-1,0,-1,0
1563815748112970,0,-2,-2,-4,-2,-6,0,-1
1563815748112970,-1,3,2,2,0,-4,-2,-3
1563815748114970,-2,2,3,-2,-2,0,-5,-4
1563815748114970,-2,-5,-5,-3,-1,-2,1,-2
1563815748135989,1,0,-1,-3,0,-2,1,1
1563815748135989,-1,-2,-3,-4,-4,-2,-2,-1
1563815748136958,-2,0,2,0,2,1,-1,-1
1563815748136958,2,0,-3,-6,-4,0,0,-1
1563815748149957,-2,-1,0,5,-3,-3,0,2
1563815748149957,0,1,-1,0,-4,-5,-2,0
1563815748156946,1,-1,1,2,1,1,2,-1
1563815748156946,0,0,2,-1,0,0,-1,-2
1563815748172967,-3,-2,-5,-2,-1,0,0,-2
1563815748172967,0,-1,0,-1,-2,-5,-2,-1
1563815748174967,-2,0,-2,-2,-3,-1,1,1
1563815748174967,-3,-1,1,2,-1,-2,-3,-2
1563815748202950,-1,-4,-1,-2,1,3,1,-2
1563815748202950,0,0,-2,0,-1,-4,-10,-2
1563815748204924,-1,-3,-1,-1,1,6,2,0
1563815748204924,-1,-1,-4,0,-3,-5,-8,-1
1563815748217942,-1,1,2,0,-1,-3,2,0
1563815748217942,1,-3,-6,-6,-3,-3,3,-3
1563815748219916,1,1,-2,1,-2,-12,-3,-1
1563815748219916,0,3,2,0,1,15,5,1
1563815748232904,-2,-4,-2,-1,-1,-2,1,-2
1563815748232904,0,0,-1,-4,-1,4,-1,-1
1563815748234901,0,-1,-3,-3,-2,-6,1,0
1563815748234901,-1,2,0,2,-1,-4,0,0
1563815748255936,0,2,-1,-1,-1,-3,-3,-3
1563815748255936,-3,-4,0,0,3,7,11,3
1563815748257888,0,1,1,0,-1,-3,-9,-1
1563815748257888,-1,-3,2,4,2,-2,0,0
1563815748277878,-2,-1,-4,-5,-2,-2,0,1
1563815748277878,0,-1,-1,2,0,-3,-2,0
1563815748279878,0,0,2,2,-2,1,1,-2
1563815748279878,-2,-1,-3,-2,-2,-2,0,-1
1563815748293886,0,-2,-3,-6,-4,-1,-1,1
1563815748293886,-1,0,1,-1,0,-3,-2,-2
1563815748294868,0,0,0,4,1,0,0,0
1563815748294868,1,0,-2,-1,2,-4,5,1
1563815748315855,0,-2,0,0,2,10,-2,0
1563815748315855,-2,0,-2,-4,-5,-16,7,-2
1563815748317854,0,-2,-1,-2,-1,7,7,2
1563815748317854,1,-1,-1,-2,-3,-12,-10,-1
1563815748329855,-2,-2,-2,0,-1,-3,0,0
1563815748329855,0,1,1,1,-1,-7,-1,0
1563815748338842,-2,-2,1,0,0,4,1,-1
1563815748338842,2,1,-3,-4,-2,8,2,0
1563815748353840,-3,-3,0,1,0,-2,0,-1
1563815748353840,0,1,0,0,0,-2,-5,-1
1563815748354834,-1,-2,-2,-1,0,3,4,1
1563815748354834,-1,-1,-5,-3,-1,1,-7,-3
1563815748375823,0,1,2,1,2,-2,-2,1
1563815748375823,-1,-2,1,0,-2,-2,-3,0
1563815748377819,-2,1,-1,-1,-3,-3,-3,-3
1563815748377819,-1,-2,0,-3,2,1,3,1
1563815748389814,0,-3,-3,-3,-3,-1,2,-2
1563815748389814,0,2,1,1,0,3,-4,-1
1563815748398808,0,-3,-3,-2,1,-1,-2,0
1563815748398808,-2,-4,-2,-5,-6,-3,-1,-2
1563815748412821,-3,0,1,-1,0,-4,-2,-4
1563815748412821,-1,-4,-4,-1,-2,1,-3,-1
1563815748414816,0,1,2,2,1,2,-2,-1
1563815748414816,-2,-3,-3,-1,-4,-7,5,-1
1563815748435790,-1,-2,-2,-4,-3,0,1,2
1563815748435790,-1,-1,-2,1,1,-1,1,0
1563815748437785,1,-1,1,1,0,-1,-4,-1
1563815748437785,-1,-1,0,-1,-2,-1,2,-2
1563815748458780,1,-1,0,0,0,4,-16,-1
1563815748458780,0,-2,-3,-2,0,4,2,0
1563815748459776,-3,-1,-3,-2,-4,-9,-4,-1
1563815748459776,-1,1,-1,2,2,3,-2,0
1563815748473775,0,0,1,3,-1,-3,0,0
1563815748473775,-2,0,0,-1,1,2,0,-1
1563815748474778,0,-2,-3,-5,-4,2,-1,-3
1563815748474778,0,2,2,0,-2,0,0,0
1563815748495811,-1,1,3,2,0,-7,-1,-1
1563815748495811,1,-2,-3,1,-1,0,-1,1
1563815748497751,-2,-2,-2,-1,-2,-6,2,-1
1563815748497751,0,1,1,0,0,2,1,-2
1563815748509782,0,0,-2,-6,-2,3,7,1
1563815748509782,-1,0,-3,2,0,-2,-1,0
1563815748518771,-3,-4,-1,-2,0,-3,0,-1
1563815748518771,1,-2,-1,-2,-6,-7,-3,0
1563815748533736,-1,2,3,2,2,-2,-4,-3
1563815748533736,-1,-1,0,-5,-4,0,-1,-2
1563815748534731,-1,-2,0,2,1,0,-2,1
1563815748534731,-2,-3,-1,-1,0,7,-6,-2
1563815748555721,2,0,-2,-3,-3,-2,2,-1
1563815748555721,0,1,1,-1,0,3,1,0
1563815748557718,-1,-1,-2,0,-1,-1,-5,-2
1563815748557718,-3,-3,-1,-1,1,-2,-1,0
1563815748569716,-2,-3,-5,2,-2,-2,1,0
1563815748569716,-2,-1,-2,-4,0,-1,-1,-1
1563815748578704,-1,-3,-2,-2,-4,-7,9,1
1563815748578704,1,3,2,2,2,-4,-6,0
1563815748592696,-2,1,-1,-1,2,5,2,1
1563815748592696,-4,-5,-2,1,-4,-4,2,0
1563815748593698,-1,3,3,0,0,0,2,-1
1563815748593698,-2,0,0,-1,-1,-2,1,1
1563815748614743,-2,-3,-3,-1,-1,-4,0,1
1563815748614743,0,-3,-3,-4,-3,-2,-1,1
1563815748615693,0,-2,0,4,1,1,-4,1
1563815748615693,-2,-1,1,1,0,3,2,-2
1563815748637672,1,0,-1,-2,-1,-1,-2,0
1563815748637672,-1,-1,-1,-2,0,-1,-1,-1
1563815748638670,0,0,-3,-3,-1,1,0,0
1563815748638670,1,1,-2,-3,-1,-3,-4,-1
1563815748652699,-2,-4,-1,0,-2,-3,1,0
1563815748652699,0,0,2,-1,-3,-1,-2,-2
1563815748653663,-2,0,2,1,0,-9,2,-3
1563815748653663,-1,-2,-2,-1,2,4,-3,-2
1563815748674658,-1,-1,0,-2,-3,-2,-3,-2
1563815748674658,0,-2,-2,0,2,4,4,2
1563815748675657,-4,-4,-6,-4,-3,-3,-4,-2
1563815748675657,-1,1,3,4,1,-1,0,-2
1563815748697642,0,2,-1,0,1,-3,-2,-3
1563815748697642,0,0,-2,-2,-2,0,-2,0
1563815748698636,-1,-1,-2,-4,2,6,0,0
1563815748698636,0,-2,-3,-1,-4,-5,1,0
1563815748720655,1,5,3,4,2,3,-3,-1
1563815748720655,-1,1,4,0,0,3,0,0
1563815748721630,0,0,-1,-1,0,-3,-7,-1
1563815748721630,-4,-6,-4,-5,-3,-1,0,-2
1563815748735631,-4,-3,-3,-4,-3,-2,2,-1
1563815748735631,0,-3,-5,-1,-1,0,-5,0
1563815748735631,2,3,3,1,0,1,-4,-3
1563815748735631,-3,-2,-4,-2,0,-2,0,0
1563815748758633,1,-3,0,0,0,0,-2,0
1563815748758633,-1,-2,-3,0,0,-7,-1,-2
1563815748759601,0,1,-1,0,0,7,2,1
1563815748759601,-2,-2,0,0,-3,1,-7,-4
1563815748772630,1,0,-3,-1,-1,-4,2,-1
1563815748772630,-1,-2,-2,-1,0,5,7,2
1563815748773601,-2,-1,-1,0,1,-8,-10,-3
1563815748773601,-1,-2,2,5,2,1,3,0
1563815748802584,-3,-4,-2,-3,-1,4,-8,-3
1563815748802584,-2,-1,0,-1,-3,-4,-4,-3
1563815748811573,0,-3,-5,-4,-3,3,4,0
1563815748811573,1,3,1,-2,-1,0,-1,2
1563815748834557,-2,0,0,-1,0,-6,-2,1
1563815748834557,-1,0,3,4,2,6,3,0
1563815748835557,0,1,-1,-5,-3,3,5,1
1563815748835557,-2,0,-5,0,-2,-8,-4,-3
1563815748836557,0,0,-1,-2,-1,-3,2,0
1563815748836557,-1,0,-2,-4,-2,-6,-5,-2
1563815748840554,-1,-1,0,-2,-2,-1,0,-2
1563815748840554,-1,-2,-3,-3,-1,2,3,0
1563815748855549,0,1,0,0,-3,-2,1,0
1563815748855549,-2,-2,-2,1,0,-1,-1,0
1563815748856544,-2,-1,1,1,0,-2,-2,-1
1563815748856544,2,0,0,-2,-2,-1,0,1
1563815748877531,-1,-3,-4,-2,-1,0,2,-2
1563815748877531,0,1,3,0,-1,-3,-2,-2
1563815748885531,-1,-2,-4,0,0,0,-1,-1
1563815748885531,-2,0,1,-1,0,0,3,0
1563815748892527,-1,0,1,0,-1,-4,0,-1
1563815748892527,2,4,2,3,0,-1,2,1
1563815748893526,-2,-1,1,-1,-3,-8,6,-2
1563815748893526,0,-3,-2,-3,-1,0,-2,1
1563815748916510,0,-2,-2,3,0,0,-1,-2
1563815748916510,-1,-3,-3,-3,0,0,-3,-1
1563815748922506,-2,-1,1,2,0,-3,2,1
1563815748922506,0,1,-2,-1,-1,-1,-5,-2
1563815748937559,0,2,3,2,2,-2,-4,-2
1563815748937559,-2,0,-3,-2,-2,3,0,-1
1563815748938498,-1,-5,-4,-1,0,-3,-4,-1
1563815748938498,0,0,0,-3,-2,-1,2,2
1563815748952530,-1,-3,1,-1,0,2,-1,1
1563815748952530,0,-2,-3,-1,-2,-2,-3,-1
1563815748953490,-2,2,2,1,0,2,-4,-2
1563815748953490,0,-2,-1,-1,-2,1,1,0
1563815748975479,-2,-2,-5,-1,-2,-2,-1,-1
1563815748975479,-2,-3,-1,4,1,0,-3,-2
1563815748975479,2,-4,-1,-8,-4,-2,-3,-1
1563815748975479,0,-1,-1,4,4,5,3,0
1563815748997462,1,1,0,2,1,0,-4,-1
1563815748997462,1,2,4,-1,-3,-1,4,0
1563815748998463,0,-1,-2,0,0,1,-14,-1
1563815748998463,-4,-4,-1,-2,-2,0,-1,0
1563815749012454,-2,-4,-5,-3,-3,-10,8,-1
1563815749012454,-1,-1,-4,-1,0,1,-6,-4
1563815749013456,-1,1,1,-6,-7,-3,3,-1
1563815749013456,1,1,-2,5,0,-3,-2,-3
1563815749035441,-1,1,0,-3,-1,2,-3,-1
1563815749035441,0,0,1,1,-1,-2,-2,-1
1563815749035441,0,-1,-1,2,2,0,1,-1
1563815749035441,-1,-3,-4,-2,-2,-1,-2,-2
1563815749057428,2,3,2,1,1,3,2,0
1563815749057428,1,0,0,-2,1,-3,-2,0
1563815749065424,-2,-2,-2,-3,-2,0,0,1
1563815749065424,-3,-3,-1,-2,-2,-2,1,-1
1563815749072482,0,2,1,2,1,4,-2,-1
1563815749072482,-1,0,0,-3,-4,0,-2,0
1563815749073420,-2,-2,-3,1,0,3,1,-1
1563815749073420,2,0,-1,-1,0,-5,-3,0
1563815749095468,-1,-5,-5,-9,-2,-1,-1,1
1563815749095468,2,6,9,11,4,1,-1,-1
1563815749095468,1,-2,-2,-2,0,0,1,2
1563815749095468,0,-2,-1,4,-1,-7,-1,-2
1563815749118402,-2,-1,-2,-4,0,8,1,0
1563815749118402,-1,-2,-6,-2,-1,0,0,1
1563815749118402,-1,0,-2,-2,-2,-4,-2,-2
1563815749118402,-1,2,1,-1,-1,-1,-1,-1
1563815749132389,-1,-1,0,2,-3,-3,-2,-1
1563815749132389,-2,-3,-1,-2,0,0,2,0
1563815749133393,-1,1,1,4,1,2,0,-2
1563815749133393,-2,-4,0,-6,-2,0,-1,-1
1563815749163405,-1,-5,-5,-4,-3,-3,1,-1
1563815749163405,0,2,0,-1,-2,-3,-3,0
1563815749164377,-1,-1,3,8,5,1,-2,-2
1563815749164377,-4,1,-3,-4,-5,-13,6,0
1563815749178367,-1,-3,-3,-3,-4,1,12,1
1563815749178367,-3,-1,-1,0,-3,-1,3,0
1563815749179374,-1,0,-4,-2,0,-1,-4,1
1563815749179374,-1,0,4,-1,1,1,-1,0
1563815749192411,-2,0,0,2,1,-1,1,0
1563815749192411,-1,-3,-4,-4,-1,-6,-3,-1
1563815749193384,0,0,-1,-2,-2,4,6,-1
1563815749193384,-1,0,3,3,1,1,-3,-3
1563815749215346,-1,-1,1,1,0,4,1,-1
1563815749215346,-1,-1,1,-1,0,-1,-7,-3
1563815749216339,0,-2,-1,-5,-3,-4,0,-1
1563815749216339,0,-1,-2,4,3,1,-4,0
1563815749246354,0,0,-3,-2,-1,-1,-4,1
1563815749246354,-1,-3,-2,-1,-2,0,-2,-1
1563815749247329,-2,2,3,-1,-3,-2,-6,-3
1563815749247329,2,-2,-4,-3,-1,0,-1,-1
1563815749252324,-1,2,4,2,2,2,-3,-4
1563815749252324,-1,-2,-4,-2,-2,-1,2,1
1563815749260344,1,0,-2,-1,-1,-5,-2,3
1563815749260344,-1,-1,0,-4,-3,0,2,1
1563815749275309,0,2,3,0,0,0,-5,-2
1563815749275309,-1,1,-3,0,2,6,-6,-1
1563815749276304,-2,-3,0,1,0,-2,-1,0
1563815749276304,0,0,0,0,-1,4,11,1
1563815749298296,-2,-3,-3,-3,-3,-4,-5,-1
1563815749298296,-3,-1,-2,-4,-2,0,-2,-3
1563815749299292,1,0,1,2,1,2,0,-2
1563815749299292,-1,-3,-5,-6,-5,-3,-1,-1
1563815749312323,2,2,1,5,1,3,2,-1
1563815749312323,0,0,1,0,0,-7,-10,-2
1563815749320278,0,0,-2,0,-2,1,-1,0
1563815749320278,-2,-3,-3,-4,-1,2,-4,-2
1563815749335272,-1,-4,-2,-2,-1,-1,-2,1
1563815749335272,1,3,2,-1,-1,-1,1,-2
1563815749336270,-3,0,-1,-2,0,0,3,-1
1563815749336270,1,-1,0,-1,0,-2,-7,-1
1563815749358321,-1,-2,-3,-2,-2,-1,0,2
1563815749358321,-1,-2,0,0,1,1,4,1
1563815749359265,-1,-2,-2,-1,-4,-4,-3,-2
1563815749359265,0,1,1,0,0,7,2,0
1563815749372254,-2,-2,-2,-4,-1,-4,-6,-2
1563815749372254,0,-2,-2,1,-2,0,1,-1
1563815749380244,-1,-3,-4,0,-1,-2,-1,-1
1563815749380244,2,3,3,6,5,-2,-5,-3
1563815749395243,2,0,0,0,-1,-4,-2,0
1563815749395243,-4,-3,-1,-2,0,7,-3,0
1563815749396236,-1,-4,-4,-3,-2,-1,0,0
1563815749396236,-3,-4,-7,-5,-5,-1,2,2
1563815749418224,-1,0,0,2,1,0,-2,-1
1563815749418224,0,2,7,7,3,-2,0,-5
1563815749419223,-5,-4,-4,-1,0,-3,5,-1
1563815749419223,2,2,0,0,-5,-5,6,0
1563815749441210,-3,-5,-3,-2,0,0,0,-1
1563815749441210,-2,-4,-9,-3,-4,-4,3,0
1563815749441210,2,-1,-1,-4,-3,-1,-3,0
1563815749441210,-2,-1,2,6,4,7,7,-1
1563815749455204,2,3,2,2,3,4,-2,-3
1563815749455204,1,-5,-6,-9,-6,-8,-5,1
1563815749456202,0,-2,1,-3,0,1,0,-1
1563815749456202,0,0,2,1,0,-3,-5,-2
1563815749478187,1,2,-1,-1,-2,-1,1,0
1563815749478187,1,0,0,-1,1,3,0,-2
1563815749479187,-2,-3,-3,-3,-1,-3,0,-1
1563815749479187,0,3,2,-2,0,0,-5,0
1563815749492179,-5,-4,-5,1,1,-2,-2,-2
1563815749492179,0,3,-1,1,-1,-1,2,-1
1563815749500198,0,0,0,-4,-4,1,-4,-1
1563815749500198,1,1,3,2,3,2,0,0
1563815749523222,-2,-1,1,-1,-2,-3,-1,-1
1563815749523222,0,-4,-5,-2,-4,-2,1,1
1563815749524166,0,1,2,2,1,0,0,0
1563815749524166,-3,-1,-3,-2,-2,-8,1,-2
1563815749538175,1,0,-4,-6,-3,0,-2,0
1563815749538175,-3,-3,-1,-2,-2,1,3,1
1563815749539157,1,1,1,0,1,1,-4,-3
1563815749539157,-2,-3,-3,-4,-4,-1,-2,-1
1563815749552184,1,3,1,0,1,-2,1,0
1563815749552184,-1,-4,-3,-6,-4,-5,4,1
1563815749560200,0,3,0,5,2,3,0,-2
1563815749560200,-1,-2,-1,-2,-2,-9,6,0
1563815749575193,-3,-4,-2,-2,-4,2,3,-1
1563815749575193,0,-1,-5,-5,-4,-3,-3,1
1563815749576153,-1,-1,-1,2,1,-1,-4,-3
1563815749576153,0,4,6,6,2,0,-4,-3
1563815749606154,-1,-2,-2,-4,-2,1,0,2
1563815749606154,-2,0,-1,-1,0,0,1,-1
1563815749607128,0,-1,-5,-8,-6,-4,1,1
1563815749607128,-3,-4,-7,2,0,7,1,-3
1563815749621141,1,2,2,1,-2,-6,-7,-2
1563815749621141,-1,0,3,1,1,1,-5,0
1563815749622107,1,-2,0,-2,0,1,1,-1
1563815749622107,0,0,0,-2,1,-1,-4,1
1563815749635098,0,-1,-1,1,0,-3,-2,-1
1563815749635098,1,1,-5,-5,-3,5,4,-1
1563815749636099,-2,1,2,2,0,1,-1,1
1563815749636099,0,1,1,-4,-3,-6,1,0
1563815749666081,0,-1,0,-1,1,2,-2,1
1563815749666081,-1,-4,-1,4,3,1,-2,-1
1563815749667081,-1,1,2,2,0,-2,0,-2
1563815749667081,1,-2,-2,-1,1,1,-4,-1
1563815749681134,-1,1,3,-4,-3,0,1,-1
1563815749681134,-1,0,-2,3,0,-1,-2,-1
1563815749681134,1,-1,1,-2,-3,-3,-4,2
1563815749681134,-2,1,-1,1,0,2,-3,-1
1563815749695104,-3,-3,-7,-4,-1,-3,-2,-1
1563815749695104,-3,-1,2,-2,3,0,0,-1
1563815749696068,0,1,0,1,0,1,1,0
1563815749696068,0,1,-2,-2,-2,-3,-7,-2
1563815749718051,0,-3,-2,-1,-3,7,-5,-1
1563815749718051,0,-3,-5,-3,0,1,3,1
1563815749719051,0,2,0,1,0,-1,0,1
1563815749719051,0,-3,-1,2,2,2,-4,-4
1563815749741097,2,5,6,2,1,-4,-1,-2
1563815749741097,-2,-2,-2,3,1,-2,-3,-1
1563815749742044,-3,-4,-4,-3,-4,-1,-1,-1
1563815749742044,-3,-1,-4,-5,-4,-1,2,1
1563815749755036,0,0,0,0,0,-2,1,1
1563815749755036,0,0,-1,-4,-2,0,-1,-1
1563815749756029,-1,0,0,-1,-1,-1,2,-1
1563815749756029,-1,-2,-3,-2,-3,1,-2,1
1563815749778048,-2,-3,-3,-1,-1,-2,-1,-1
1563815749778048,1,2,2,0,0,-2,-2,-2
1563815749779017,0,1,5,9,5,1,-1,-1
1563815749779017,1,2,0,-2,-1,-1,-2,-2
1563815749801036,-1,-4,-4,-3,-3,3,3,0
1563815749801036,-2,-2,0,-1,-3,-3,-1,0
1563815749802003,-2,-7,-8,-6,-6,-10,9,-1
1563815749802003,1,3,2,1,2,0,2,-1
1563815749815029,-3,-4,-3,-1,-3,-4,-5,-2
1563815749815029,-1,0,0,0,-1,-1,0,-1
1563815749815995,-1,-2,-3,-5,-2,1,-5,-4
1563815749815995,0,-1,-1,0,0,4,-14,0
1563815749838984,-1,0,-3,1,-2,2,3,-2
1563815749838984,-1,-2,0,-2,-2,-1,3,-4
1563815749838984,-2,-2,0,2,0,-3,-5,-1
1563815749838984,-1,-2,-1,-3,-1,3,7,2
1563815749861028,1,4,3,3,1,2,-3,1
1563815749861028,1,-1,1,1,-2,0,-3,0
1563815749861971,-1,0,-3,-5,0,1,-1,2
1563815749861971,-2,-6,-5,-8,-7,-5,-3,-1
1563815749882960,0,0,1,7,2,0,3,-2
1563815749882960,0,1,-1,-2,-1,1,1,0
1563815749883955,0,-1,0,-1,-1,6,9,1
1563815749883955,0,0,2,3,0,-14,-11,-3
1563815749898007,-1,-1,-3,-2,1,1,-4,1
1563815749898007,-1,-1,0,-4,-4,-3,-1,0
1563815749898949,0,-1,-3,-3,0,-1,-3,-1
1563815749898949,-3,-6,-2,-1,-1,3,5,-1
1563815749920935,-1,-1,0,-1,-1,-5,0,-1
1563815749920935,1,0,-1,1,1,6,-1,1
1563815749921939,2,1,1,2,2,1,2,1
1563815749921939,-2,0,1,0,-2,3,4,0
1563815749934927,-1,0,-3,-2,-2,-4,-2,-2
1563815749934927,-1,1,4,2,1,0,-1,0
1563815749942922,-2,-1,-5,-5,-4,-4,-3,0
1563815749942922,-1,-2,-2,0,1,1,1,0
1563815749957934,-1,-4,-2,-3,0,2,-2,-2
1563815749957934,0,-1,-4,-3,-1,-6,-4,0
1563815749958933,-1,-3,0,0,-1,-2,-4,0
1563815749958933,0,1,0,0,1,0,-2,-3
1563815749980961,-1,-1,-1,-1,0,-3,0,-2
1563815749980961,-1,-2,-2,-1,-1,0,0,0
1563815749981922,0,-1,-3,-1,-2,-3,-2,0
1563815749981922,3,3,3,1,-1,2,3,0
1563815749995901,-1,-4,1,-1,0,3,6,2
1563815749995901,0,3,1,3,-1,-3,-6,-4
1563815749995901,-1,-1,1,4,3,-1,-3,-2
1563815749995901,-3,-2,-5,-7,-4,-2,0,0
1563815750017919,0,-1,-4,-1,1,4,-16,-4
1563815750017919,-2,-3,-1,-7,-7,-6,-1,-2
1563815750018899,0,-2,-6,-8,-3,-1,-3,1
1563815750018899,-1,-1,-4,-2,0,5,1,-2
1563815750040867,-3,3,8,14,5,1,6,-1
1563815750040867,2,1,1,4,3,-3,0,2
1563815750042865,-1,0,3,0,-1,2,-1,-3
1563815750042865,-1,-1,-7,-7,0,-4,-1,1
1563815750054863,-1,-1,-3,-13,-10,8,8,0
1563815750054863,-2,4,7,20,8,-10,-8,-1
1563815750063854,0,-3,-4,-3,4,1,4,3
1563815750063854,-3,-6,-5,4,13,0,0,-1
1563815750078859,4,5,3,3,0,-4,5,4
1563815750078859,-3,-3,6,-12,-19,7,2,-4
1563815750079850,2,2,1,7,-1,-14,-19,-4
1563815750079850,-8,-8,1,-2,-6,0,0,-2
1563815750099832,2,1,-4,-8,2,-3,3,2
1563815750099832,-4,-11,-14,-11,-1,11,4,-1
1563815750108828,-3,1,4,4,-3,-3,7,0
1563815750108828,-1,4,5,13,14,3,-6,-5
1563815750114828,-4,-3,-6,-8,-4,-9,-3,1
1563815750114828,-1,-4,-4,-5,-2,0,0,1
1563815750123831,-5,-3,-11,-10,-7,-1,-2,-6
1563815750123831,2,2,3,-6,-7,-3,2,4
1563815750138816,2,3,9,14,12,17,4,1
1563815750138816,5,3,-2,6,7,-13,0,0
1563815750140810,-3,5,10,6,1,2,-3,-4
1563815750140810,-5,-4,-11,-15,-24,-11,-8,-6
1563815750161855,-3,-7,-9,-10,-20,-22,-8,-2
1563815750161855,1,2,7,-1,5,9,5,0
1563815750162804,-2,-3,-6,-4,4,4,11,2
1563815750162804,4,-2,-10,-7,0,-7,-6,3
1563815750174788,-1,-3,2,8,5,13,6,0
1563815750174788,1,17,20,13,8,-16,-16,-8
1563815750183784,5,4,4,10,-1,8,6,4
1563815750183784,4,-2,2,0,-3,6,7,5
1563815750198775,-2,3,-3,-3,-5,-14,-7,-4
1563815750198775,2,-7,-20,-13,-6,0,1,2
1563815750199774,6,4,11,9,8,4,2,4
1563815750199774,4,-8,-15,-9,-5,1,0,4
1563815750220824,1,3,6,5,-4,-5,2,3
1563815750220824,0,4,12,8,1,-4,-5,-5
1563815750222767,-2,-2,-8,-7,1,4,0,-1
1563815750222767,-4,-5,-4,3,3,2,0,0
1563815750234753,2,3,-6,-14,-11,-8,-3,-4
1563815750234753,-6,-10,-7,2,0,2,2,3
1563815750243750,2,4,15,13,3,0,-5,-2
1563815750243750,-1,3,-2,-5,0,1,3,1
1563815750258755,-4,-9,-12,-10,2,-1,-1,-2
1563815750258755,1,4,-2,-3,-1,3,3,0
1563815750260741,-3,-5,-5,0,-7,-14,-6,-5
1563815750260741,-2,7,13,9,9,15,9,0
1563815750280745,-2,-2,-1,1,-5,-7,-7,-1
1563815750280745,-3,-6,-12,-13,-5,3,4,-2
1563815750294751,-4,-3,-7,-15,-8,-2,-2,-1
1563815750294751,-4,0,7,9,1,-6,-3,-4
1563815750295725,-10,1,14,15,12,7,-3,-15
1563815750295725,6,-1,-5,-9,-4,-4,-2,12
1563815750303716,-11,-4,-3,-3,-2,1,1,-9
1563815750303716,13,6,1,-3,-4,-5,2,22
1563815750319712,1,-6,-5,-4,1,4,6,11
1563815750319712,-2,-2,5,4,0,0,-2,0
1563815750321705,-3,0,0,-6,-2,-1,-1,-6
1563815750321705,-3,-7,-10,-6,-5,-3,0,-2
1563815750340694,0,4,7,8,4,2,1,-3
1563815750340694,-2,0,1,2,2,2,-1,-1
1563815750342694,0,-9,-5,-3,-3,-1,1,4
1563815750342694,-2,-1,1,1,1,3,2,-4
1563815750354688,5,-1,-6,-6,-6,-3,-6,-1
1563815750354688,-6,-11,-4,2,0,-3,2,-6
1563815750363680,4,2,0,-3,-3,3,-4,-15
1563815750363680,-7,8,8,2,-1,-8,-3,15
1563815750385667,3,1,0,-1,1,2,-1,-4
1563815750385667,-3,0,-7,-4,-6,-5,-1,7
1563815750387666,0,-6,-6,-3,-4,-4,-1,-2
1563815750387666,-5,0,1,5,6,1,-2,-1
1563815750400658,1,3,1,-3,-6,-3,0,-1
1563815750400658,-4,-3,-4,-1,3,9,3,-3
1563815750406655,9,4,0,-1,2,0,3,4
1563815750406655,-3,-4,0,-2,-7,-9,-12,-18
1563815750422645,2,-4,-2,0,8,-2,3,12
1563815750422645,-2,-2,-2,-2,-3,4,12,-6
1563815750438636,-3,1,5,3,4,1,-2,2
1563815750438636,2,-4,-2,-3,-2,-2,1,0
1563815750438636,-8,-7,-7,-4,-6,2,0,-6
1563815750438636,2,5,3,1,1,-6,8,-5
1563815750451629,-3,3,1,2,3,3,-5,1
1563815750451629,3,8,6,-4,-9,-18,-15,-5
1563815750460624,-3,-6,-6,-3,-2,14,7,-6
1563815750460624,0,-2,0,1,1,-3,-4,9
1563815750462623,-6,-9,-9,-8,-8,-5,0,1
1563815750462623,-5,-3,-5,-4,-3,0,-1,-8
1563815750474615,12,7,5,4,2,-2,0,6
1563815750474615,0,2,3,1,-4,-6,-11,-13
1563815750483615,-2,-5,-2,0,2,16,9,11
1563815750483615,-5,-4,0,2,1,-11,-1,-11
1563815750497602,-4,-8,-13,-12,-12,-17,1,-2
1563815750497602,1,-2,3,3,6,-1,-4,2
1563815750504599,-1,0,-3,-2,-6,-5,8,0
1563815750504599,3,3,1,7,8,38,-7,-3
1563815750520590,-2,-4,-5,-1,3,1,1,1
1563815750520590,2,4,3,-2,-3,-2,6,1
1563815750528585,-1,-2,-3,-5,-2,-15,-10,-3
1563815750528585,0,-1,2,2,0,-3,8,4
1563815750542577,1,2,4,4,2,1,-3,0
1563815750542577,0,0,-4,-5,2,0,12,5
1563815750549580,-3,-10,-7,-2,6,14,4,3
1563815750549580,3,3,3,-2,-14,-9,2,3
1563815750557569,-4,-3,-4,-1,-4,-16,-5,-5
1563815750557569,-11,-2,-3,-2,-3,7,-4,-8
1563815750564565,15,0,3,6,8,7,2,10
1563815750564565,-2,-2,-3,-3,1,-3,-2,-4
1563815750580556,-3,-3,1,0,-5,-14,8,0
1563815750580556,1,-2,0,1,-2,-2,2,0
1563815750582555,-2,4,0,-4,-1,2,-10,-6
1563815750582555,0,2,-2,-1,2,-3,2,1
1563815750603543,0,2,1,-2,3,13,-4,0
1563815750603543,0,-3,-4,-7,-9,-2,-3,0
1563815750604541,0,6,6,2,-2,1,-8,-2
1563815750604541,-1,0,-1,-4,-1,-1,3,0
1563815750617532,-4,-5,-4,-1,2,0,-8,0
1563815750617532,-1,5,3,3,-2,0,-10,-6
1563815750624530,-6,-4,-6,-3,-5,-12,0,-3
1563815750624530,0,1,6,1,1,5,-5,-3
1563815750640520,2,2,1,-1,1,0,11,2
1563815750640520,-2,-8,-8,-1,-2,-5,6,3
1563815750642520,-6,0,2,1,-1,-1,0,-6
1563815750642520,6,-3,-5,-1,0,-6,3,7
1563815750663507,0,5,8,4,6,18,-12,-4
1563815750663507,2,-4,-8,-4,-4,-13,-10,2
1563815750664507,-3,1,2,2,-3,7,15,-2
1563815750664507,0,0,-1,1,3,6,-46,-11
1563815750677502,-1,-1,-2,-2,0,3,1,0
1563815750677502,2,6,5,1,2,7,-6,-2
1563815750684515,2,0,1,3,0,0,-4,3
1563815750684515,-5,-3,-2,-1,-2,-2,13,-2
1563815750700487,1,2,2,1,-1,3,0,1
1563815750700487,-3,-1,0,-4,-2,3,-17,-6
1563815750702485,2,-1,-6,-7,-5,-14,-2,1
1563815750702485,-4,0,10,3,4,9,13,1
1563815750723473,-3,-2,-3,3,0,-3,-19,-5
1563815750723473,1,0,-2,0,1,1,8,1
1563815750724473,1,0,0,-1,-4,2,-5,-2
1563815750724473,0,-3,-4,-2,-3,2,-2,-1
1563815750737467,-3,0,-3,-4,-4,-15,-5,1
1563815750737467,-1,0,5,2,2,6,-2,-3
1563815750744460,0,-1,-5,-5,-2,-1,-1,0
1563815750744460,-3,-6,-4,3,3,-2,7,0
1563815750760455,-2,3,6,-2,-8,-7,1,-4
1563815750760455,1,-6,-7,-4,-7,-14,9,1
1563815750762451,-4,-2,0,-1,1,12,3,3
1563815750762451,0,1,-1,-1,2,-10,-2,-2
1563815750783442,1,-3,-2,0,2,4,2,3
1563815750783442,-1,1,-1,0,-1,2,0,1
1563815750784439,-3,-3,-1,-2,-3,-15,5,-2
1563815750784439,-1,-2,-4,-1,-2,0,0,-1
1563815750796433,-1,-2,-2,-2,-2,-2,12,1
1563815750796433,0,2,0,-2,-4,4,-4,0
1563815750806425,0,-1,-1,4,3,0,-4,-2
1563815750806425,1,-1,-2,-5,-3,-10,-2,1
1563815750828412,0,-1,-3,-3,2,24,0,-1
1563815750828412,0,-2,-3,-4,-3,-5,-4,3
1563815750829413,0,3,0,-3,-2,1,-2,-1
1563815750829413,-2,0,0,-1,-2,-9,5,-1
1563815750843404,1,3,3,3,1,4,7,1
1563815750843404,-1,-1,2,4,5,8,2,-1
1563815750844405,0,-2,-4,-4,-4,-6,4,1
1563815750844405,-1,-4,-6,-3,-5,-3,-7,-1
1563815750856400,-2,-2,-2,0,0,-7,3,-1
1563815750856400,0,0,-1,-1,1,10,2,0
1563815750866390,-1,-1,1,1,1,-7,-27,-7
1563815750866390,0,2,3,2,3,6,9,-1
1563815750880384,-1,-6,-5,-1,-1,-2,-3,-1
1563815750880384,-1,-3,-1,0,-2,-6,2,1
1563815750895411,-3,-4,-8,-4,-1,-2,2,0
1563815750895411,1,3,1,-3,-2,-3,5,-1
1563815750903427,0,-2,2,5,-1,1,-9,-1
1563815750903427,0,-1,-1,-1,0,-9,-2,0
1563815750904370,-1,1,2,-3,-2,6,-3,-2
1563815750904370,-3,-1,-1,-1,1,4,-6,-1
1563815750917365,0,3,-1,2,0,-14,6,-1
1563815750917365,-4,-6,-9,-5,-8,-13,20,0
1563815750926362,1,-2,1,-2,-1,1,7,1
1563815750926362,1,-2,-2,0,-2,-10,1,0
1563815750941367,-2,0,-2,-4,0,4,-11,-3
1563815750941367,-2,-3,-3,0,-1,1,-3,-3
1563815750943347,0,4,5,1,-1,-2,-7,-3
1563815750943347,-1,-5,-3,2,-3,-3,-5,-2
1563815750962340,-2,-1,-3,-3,-3,-9,16,2
1563815750962340,1,2,0,-1,2,2,-5,1
1563815750971331,0,-2,-3,-1,-2,-3,5,2
1563815750971331,0,-1,1,-1,1,4,-4,-1
1563815750977328,-1,-2,0,0,-4,0,-4,-1
1563815750977328,-1,1,1,1,2,4,-2,-1
1563815750992319,-1,5,4,3,2,6,-14,-4
1563815750992319,-1,0,-6,-8,-5,-2,7,1
1563815751000333,0,-3,-1,-2,1,8,-19,-4
1563815751000333,-1,1,3,5,3,2,-7,-2
1563815751002313,1,1,-4,-2,0,-1,11,3
1563815751002313,-1,1,1,1,0,5,-1,0
1563815751023302,0,-1,-1,-3,-1,0,5,0
1563815751023302,-3,-3,-1,-2,0,-6,-9,-4
1563815751025299,-1,-2,-3,-3,-6,-18,4,-1
1563815751025299,0,-2,0,4,4,21,-6,1
1563815751037305,-1,1,-1,-2,-3,-34,-6,-1
1563815751037305,-1,-1,2,0,1,12,-2,-4
1563815751046288,-2,-3,-3,-4,-5,-7,-2,-2
1563815751046288,-3,-1,0,1,-2,-4,6,-1
1563815751060299,-2,-2,-1,0,3,12,-17,-4
1563815751060299,2,1,0,-2,-2,-8,-5,1
1563815751062282,-3,-1,-2,-2,1,6,4,0
1563815751062282,0,2,4,2,0,4,1,0
1563815751083270,1,-1,-2,-4,0,3,3,1
1563815751083270,-1,0,-3,1,-2,-3,-1,-1
1563815751085267,0,-5,-2,3,1,6,-1,0
1563815751085267,0,-1,0,2,2,-6,7,1
1563815751097259,0,4,0,-3,0,17,-3,0
1563815751097259,-2,-5,-3,-6,-6,-10,-22,-4
1563815751106254,0,-3,1,7,4,1,10,3
1563815751106254,-1,-1,-2,-1,1,-6,-2,-1
1563815751120247,0,-1,-5,-7,-9,-18,-1,1
1563815751120247,1,3,5,8,11,27,17,3
1563815751127243,-1,0,1,-2,-8,-12,-10,-1
1563815751127243,-1,-2,0,-3,0,16,-4,-2
1563815751143232,0,1,1,0,-5,-18,-1,1
1563815751143232,-3,-6,-6,-7,-8,-5,4,-2
1563815751145231,2,1,-1,4,4,-5,4,1
1563815751145231,-1,1,0,1,0,1,7,0
1563815751157224,-1,-2,1,3,6,17,-2,0
1563815751157224,-6,-6,-7,-2,-2,-5,-5,-3
1563815751166220,2,-1,-2,0,1,-1,-5,-1
1563815751166220,-3,-2,-4,-9,-10,-7,0,-3
1563815751181211,-1,-2,0,5,4,9,-3,-2
1563815751181211,-1,2,2,1,-3,-9,-7,-2
1563815751187213,-2,-2,-1,1,0,2,-3,-1
1563815751187213,-1,-1,-1,-3,-1,10,2,0
1563815751203198,-2,-2,-2,-2,-10,-18,8,1
1563815751203198,1,1,0,-1,1,6,3,2
1563815751205200,-2,1,-1,-2,0,-4,-4,-2
1563815751205200,0,-1,-1,0,0,-4,-3,0
1563815751217191,0,-3,0,-2,1,7,7,-3
1563815751217191,1,1,1,1,-3,-6,-8,0
1563815751226188,-3,-1,-2,-3,4,8,-1,-3
1563815751226188,-1,-4,-3,0,-3,-1,3,2
1563815751241175,-3,-2,-2,-1,-8,-3,-18,-4
1563815751241175,-2,-1,-3,0,1,3,1,-2
1563815751242194,2,-1,-2,-3,-2,-6,4,3
1563815751242194,1,2,4,7,11,9,-22,-3
1563815751262163,-1,1,3,-3,2,19,19,4
1563815751262163,1,1,-1,-3,-4,-15,-23,0
1563815751271159,-3,0,1,-1,-1,9,4,-1
1563815751271159,-1,-2,-4,-3,-4,-19,-9,-4
1563815751277155,-2,-1,-2,-1,3,-1,0,0
1563815751277155,1,0,1,1,2,3,13,0
1563815751286150,-2,-2,-3,-2,-8,-4,-7,-1
1563815751286150,1,3,3,3,-2,-2,-2,-1
1563815751300143,-3,-2,-4,-1,0,-5,-3,-2
1563815751300143,-3,-2,-1,0,3,1,13,0
1563815751307138,-1,-1,-2,-3,-4,-7,11,1
1563815751307138,-1,-2,-3,-6,-1,-1,3,-3
1563815751322130,0,-2,-3,-3,0,-5,-4,0
1563815751322130,-1,1,0,4,-6,-3,0,0
1563815751331123,-1,-2,0,-3,-6,-6,0,-3
1563815751331123,-1,-2,-1,1,-3,-6,1,0
1563815751337140,2,0,-1,0,3,16,1,0
1563815751337140,2,1,1,0,-2,21,-42,-7
1563815751346115,-2,1,1,-1,1,1,-3,-3
1563815751346115,0,-4,-3,-2,8,-13,8,3
1563815751361106,-3,1,-2,-3,3,-11,-8,-2
1563815751361106,-2,-2,-3,-2,3,-4,14,1
1563815751362107,0,0,2,3,-9,-2,-4,-1
1563815751362107,-3,-3,-2,-2,-10,-1,-7,-4
1563815751383097,1,1,0,0,-5,-9,4,-3
1563815751383097,0,-1,2,0,4,7,-11,-3
1563815751385094,0,-2,-1,-1,0,-4,-1,-2
1563815751385094,-3,-2,-3,-4,-1,-3,10,0
1563815751397090,0,-2,-2,1,-4,-30,31,10
1563815751397090,1,1,-3,-1,4,21,-10,-3
1563815751406085,0,0,0,0,7,9,7,2
1563815751406085,1,1,1,0,-2,15,-30,-4
1563815751420073,-3,0,0,-1,-4,-10,-1,-3
1563815751420073,-3,-2,-2,-4,-1,6,5,1
1563815751427077,3,2,0,2,6,21,-11,1
1563815751427077,1,0,-1,-3,-3,-2,10,1
1563815751443065,3,2,1,0,-3,-1,-20,-2
1563815751443065,-4,-1,-1,-1,3,-9,6,-4
1563815751445063,-2,-3,-2,-2,-2,-22,20,7
1563815751445063,0,-1,0,1,1,19,0,-2
1563815751466050,-3,-3,-3,0,4,6,-2,-2
1563815751466050,-4,0,0,-3,-33,-2,2,-4
1563815751467046,7,2,0,-1,7,14,-15,4
1563815751467046,-2,-1,-2,0,11,-22,9,1
1563815751480059,4,3,1,5,17,57,-33,0
1563815751480059,-2,-2,0,0,-2,-27,0,-2
1563815751487035,-3,-2,-2,-4,-9,-9,1,-5
1563815751487035,-3,-1,-1,-3,-13,-4,0,-8
1563815751503030,5,1,1,-1,0,-6,5,9
1563815751503030,0,-1,2,5,8,2,9,2
1563815751505025,-13,0,2,2,-3,-1,-16,-13
1563815751505025,17,3,-2,-4,-3,1,3,13
1563815751526014,-4,-2,-1,-2,-6,-11,6,-8
1563815751526014,1,-1,-2,-2,-1,-2,5,2
1563815751527012,-1,0,-1,1,3,-4,-5,-2
1563815751527012,-6,-1,0,2,5,14,4,-2
1563815751548004,0,-3,-2,-2,-13,-17,3,1
1563815751548004,3,2,2,2,10,28,-28,-3
1563815751550012,-2,-2,-1,-1,1,-5,-4,-6
1563815751550012,-3,-3,-3,-3,-3,-18,30,6
1563815751562992,1,-1,-2,-2,0,18,-12,-3
1563815751562992,-4,-1,-1,-1,-5,-19,14,-1
1563815751564992,-3,-2,-3,-2,-1,4,2,-3
1563815751564992,4,0,0,1,-1,-8,-13,5
1563815751585997,-9,-2,-2,-7,-16,-6,3,-5
1563815751585997,-8,-9,-4,1,4,-26,12,-3
1563815751586976,16,16,-1,-5,-11,-8,17,20
1563815751586976,-9,-22,-1,0,1,0,-3,0
1563815751599989,-1,-2,-1,2,5,-9,5,-3
1563815751599989,-10,-1,-3,-4,-5,-11,9,-11
1563815751607985,16,-2,-3,1,6,15,-16,7
1563815751607985,-5,5,1,2,-6,-4,1,-4
1563815751622957,1,-1,-1,-7,-11,-40,26,-1
1563815751622957,0,-5,-3,-4,-6,11,-1,10
1563815751624957,-3,2,1,1,0,-3,-2,-7
1563815751624957,-3,2,0,1,2,12,-11,-4
1563815751645945,1,0,-1,1,1,0,15,3
1563815751645945,4,2,-1,-5,-11,-43,-7,-3
1563815751646962,-11,-7,-1,0,2,8,3,4
1563815751646962,5,2,-1,-1,3,-6,-8,1
1563815751660936,-5,-2,-2,1,0,1,10,3
1563815751660936,0,2,1,-1,-3,7,5,-3
1563815751666933,-4,-5,0,-1,-2,-1,-8,-7
1563815751666933,1,1,-1,-1,-6,1,4,-7
1563815751682931,1,-5,-4,-2,-6,-8,-5,8
1563815751682931,-1,-4,-3,-1,6,-17,13,7
1563815751684922,-1,-2,-2,0,3,25,1,-1
1563815751684922,-4,2,2,4,6,22,3,4
1563815751705910,-3,1,1,-2,2,4,-14,-5
1563815751705910,4,5,1,-1,-4,7,-5,3
1563815751706910,1,-5,0,1,-4,-12,10,6
1563815751706910,-11,-3,-5,-5,-19,-25,-12,-17
1563815751718902,-2,1,0,2,13,-19,10,3
1563815751718902,4,-1,0,5,14,20,1,8
1563815751728896,-6,-1,1,-7,-43,-2,-7,-12
1563815751728896,1,-2,-4,-5,9,-9,6,5
1563815751742902,-2,-2,1,3,-3,17,-24,-9
1563815751742902,2,-2,-4,1,22,6,4,1
1563815751744888,-1,0,0,5,23,4,14,0
1563815751744888,3,2,0,-2,-27,-9,-19,-3
1563815751765876,3,0,-3,-3,-1,11,12,6
1563815751765876,-2,0,3,2,2,-1,-13,-5
1563815751766882,-2,-1,-2,3,12,11,-11,-4
1563815751766882,5,-2,0,-1,1,13,8,5
1563815751779867,0,3,1,-1,-6,-6,-6,-9
1563815751779867,-11,-5,-3,-8,-30,-13,-2,-7
1563815751788862,-5,1,1,3,-3,-15,5,-10
1563815751788862,11,3,-4,-10,-9,-3,-23,16
1563815751802856,7,4,5,8,16,24,-16,0
1563815751802856,0,0,0,-3,-3,9,15,1
1563815751804852,-2,-1,1,-1,3,-7,-22,-6
1563815751804852,-5,-2,1,5,12,12,3,-7
1563815751825851,-6,-3,-3,-3,2,20,-8,-5
1563815751825851,5,-1,-3,-2,3,15,3,9
1563815751826839,-1,-4,0,-2,-2,-6,-11,-6
1563815751826839,-9,1,-4,0,3,-3,5,-5
1563815751839833,-2,-4,-2,-4,-8,-13,-2,1
1563815751839833,-7,4,1,0,-3,4,-4,-19
1563815751848829,18,2,-3,-3,0,-11,9,28
1563815751848829,-12,-17,-4,1,2,-4,7,-4
1563815751862820,-1,0,-1,-1,-5,-9,-14,-3
1563815751862820,-11,-2,-2,0,2,12,2,-10
1563815751864819,1,1,1,-3,-2,-6,1,1
1563815751864819,2,2,2,-1,6,-5,-14,-4
1563815751885806,0,-1,0,0,1,-14,11,2
1563815751885806,2,1,-1,-2,1,-14,6,0
1563815751887805,-4,-3,-2,0,-1,-5,-4,-5
1563815751887805,2,4,4,3,8,25,-5,0
1563815751899800,-2,-1,-1,0,0,1,2,-3
1563815751899800,-1,1,2,2,0,-1,-20,-13
1563815751908793,10,1,-1,-2,1,5,3,19
1563815751908793,-1,0,-2,1,3,7,-11,-9
1563815751924784,-1,0,-2,-1,-4,1,0,0
1563815751924784,5,1,-1,-1,0,16,-8,5
1563815751925784,-5,-3,-3,-3,2,8,28,3
1563815751925784,0,2,3,4,-1,-2,13,0
1563815751945772,-1,-1,-3,-4,-4,2,-7,0
1563815751945772,-3,-3,-1,3,5,-2,0,-1
1563815751947771,2,-2,-1,-2,-14,-11,2,10
1563815751947771,-1,4,2,-4,-13,4,-19,-9
1563815751959775,-11,-4,-4,-2,6,-12,18,-18
1563815751959775,18,-4,-3,-5,-5,-5,7,33
1563815751968759,-4,-2,-1,2,9,-13,0,-11
1563815751968759,-4,2,2,1,-6,-17,6,-4
1563815751982754,1,0,-1,0,-2,-3,4,3
1563815751982754,-4,-1,1,3,7,10,-16,-6
1563815751984750,-6,1,-1,-1,-2,0,-1,-9
1563815751984750,3,-3,-6,-5,3,-13,18,10
1563815752005737,4,1,2,0,0,13,-13,-1
1563815752005737,0,-1,0,0,-5,-15,-4,-3
1563815752007736,-4,-1,-1,-3,2,4,2,-4
1563815752007736,-6,-1,-3,-4,-8,-4,8,-11
1563815752019730,16,0,1,2,1,15,0,24
1563815752019730,-3,-1,0,1,0,-2,5,-2
1563815752028724,-3,-3,-2,-4,-2,4,-17,-8
1563815752028724,1,0,-1,2,6,-2,-1,0
1563815752042724,-17,-2,-1,-4,-20,-23,19,-10
1563815752042724,25,2,-1,-2,6,-9,2,25
1563815752049730,-13,-2,-2,-2,-22,-8,-2,-19
1563815752049730,18,2,0,0,9,-2,-1,21
1563815752065704,-8,-5,-1,4,-4,2,-2,-5
1563815752065704,-9,-3,-4,-5,-8,-8,1,-6
1563815752072699,-4,-3,-5,-4,7,-11,4,-3
1563815752072699,-1,-1,0,-3,-15,-22,-11,1
1563815752079696,1,0,1,-2,8,7,-2,0
1563815752079696,-3,1,1,1,1,1,-1,-6
1563815752088696,1,-2,-2,-1,7,0,3,2
1563815752088696,-7,-2,-2,-2,-1,0,2,-4
1563815752103687,3,0,-2,-2,2,-5,-1,3
1563815752103687,-9,-3,-2,-3,1,31,-10,-8
1563815752104681,2,-1,1,2,2,0,-8,-2
1563815752104681,-2,0,-1,0,0,1,1,-3
1563815752125668,-1,-1,-2,0,0,8,2,-2
1563815752125668,-2,-2,-1,-3,-3,-32,15,3
1563815752127669,0,1,-1,1,4,11,-14,-2
1563815752127669,-2,-2,0,-1,1,3,-2,-2
1563815752139661,1,-2,-4,-4,3,39,2,2
1563815752139661,-17,-1,0,2,0,0,2,-19
1563815752148656,21,2,0,0,-8,-11,7,23
1563815752148656,-9,-6,-4,-1,2,-18,2,-6
1563815752162647,6,0,-2,-1,-1,10,-27,8
1563815752162647,-3,1,-1,-2,-8,-18,1,-4
1563815752170643,-11,-3,2,-1,7,17,-4,-16
1563815752170643,14,1,0,0,0,12,3,17
1563815752186651,-11,0,-2,0,5,-36,-14,-14
1563815752186651,2,-1,0,-1,1,17,-2,7
1563815752187648,-3,1,-1,0,-6,-3,-2,0
1563815752187648,-4,1,-1,-1,3,10,5,-4
1563815752200636,0,-3,-1,1,-1,-9,7,-1
1563815752200636,2,0,-1,-1,-4,0,4,4
1563815752208622,-8,-2,-1,-1,-3,-4,0,-6
1563815752208622,-4,-2,-3,-3,7,4,-6,-6
1563815752224618,0,0,0,-1,-11,-16,6,0
1563815752224618,-1,-1,-1,1,4,10,-52,-14
1563815752225612,-6,-2,0,3,3,-21,8,-5
1563815752225612,11,-1,-1,3,3,6,7,10
1563815752245608,-4,-1,0,0,-10,-8,-5,-6
1563815752245608,0,0,-1,1,6,-5,16,5
1563815752247600,7,2,-1,-3,-5,-9,1,12
1563815752247600,-15,-2,-4,-6,-15,-21,-1,-15
1563815752259593,14,2,-2,-1,3,-1,9,22
1563815752259593,-4,-3,0,-2,-3,5,8,-4
1563815752276590,-3,1,-2,-2,6,10,-3,-6
1563815752276590,3,-1,-1,-4,-4,-17,18,11
1563815752283579,-4,0,-1,0,1,19,1,-6
1563815752283579,3,1,-1,1,-2,3,7,0
1563815752284586,-1,-4,0,0,1,5,-2,-1
1563815752284586,0,3,2,-1,-6,2,-23,-5
1563815752305566,-14,-2,-3,-4,2,-24,5,-14
1563815752305566,13,4,1,1,4,22,3,9
1563815752307565,-3,-4,-2,0,-5,3,-4,1
1563815752307565,1,1,0,-2,-5,8,-9,-4
1563815752319558,-5,-2,1,1,4,21,1,-5
1563815752319558,-1,-2,-1,0,0,-7,-4,-3
1563815752328552,0,1,-1,-2,-3,1,4,-2
1563815752328552,-5,-2,-4,-1,2,-22,20,6
1563815752343547,-4,1,1,-1,0,-7,-9,-7
1563815752343547,11,1,-2,-3,0,0,10,18
1563815752344544,3,3,2,1,-10,-12,-4,0
1563815752344544,-4,-4,-2,3,12,23,-4,-5
1563815752365532,3,-2,-3,-6,-28,-27,-4,-3
1563815752365532,-6,1,0,-3,-5,-7,-19,-10
1563815752367531,-11,-4,-3,0,7,-8,1,-13
1563815752367531,9,1,2,0,-7,-1,-6,10
1563815752379526,-9,-1,-1,0,11,3,-1,-11
1563815752379526,7,2,3,2,-5,43,-24,-1
1563815752388529,3,0,0,-2,3,0,-6,5
1563815752388529,-6,-2,-3,-1,-8,-5,-5,-9
1563815752403510,3,-1,0,2,8,26,-28,-8
1563815752403510,-4,-5,-5,-2,-2,-11,22,12
1563815752405508,-2,-1,0,0,2,10,-4,-8
1563815752405508,1,0,0,0,3,13,1,1
1563815752425505,4,1,-1,-2,-3,-8,9,10
1563815752425505,-14,-9,-5,-3,-4,-14,11,-16
1563815752427497,15,0,-1,0,-1,0,13,20
1563815752427497,-4,0,1,2,1,-7,-2,-4
1563815752449484,0,-3,-3,-2,-1,-7,2,3
1563815752449484,-6,0,-1,0,2,-7,7,-1
1563815752449484,-3,1,2,2,10,18,-9,-6
1563815752449484,-3,-2,0,-5,-24,-22,-5,-6
1563815752463476,5,0,0,-1,-3,12,9,8
1563815752463476,-5,-1,1,0,5,-9,9,-3
1563815752464474,-6,-4,-5,-5,-1,-15,-8,-2
1563815752464474,-3,-2,-2,-1,12,17,8,1
1563815752485468,-3,-2,-2,-3,-17,-13,0,-6
1563815752485468,5,0,-1,-1,-7,-8,-2,2
1563815752493458,-2,2,0,-3,0,4,-16,-6
1563815752493458,-5,-2,-1,1,5,3,-9,-15
1563815752508448,7,2,1,0,3,-5,4,12
1563815752508448,-6,-3,-4,-4,-3,-15,20,-2
1563815752509448,3,-2,-1,0,-3,7,0,2
1563815752509448,0,0,-2,-1,1,-13,28,1
1563815752523441,-7,-3,-1,0,4,18,2,-14
1563815752523441,11,3,-1,1,0,-12,-1,15
1563815752524439,-6,-1,-2,-7,-17,-23,-20,-12
1563815752524439,3,-2,-3,-2,2,4,-8,6
1563815752545434,-4,-2,-2,0,0,-7,0,-2
1563815752545434,-1,-1,1,2,1,-5,-12,-4
1563815752547428,-1,-3,-3,-4,-11,-12,5,0
1563815752547428,-5,0,0,2,5,10,-4,-11
1563815752568414,3,-3,-5,-6,-3,-19,-2,11
1563815752568414,4,1,1,-1,-5,7,-10,-1
1563815752569414,0,0,0,0,0,13,3,0
1563815752569414,5,2,1,-4,-9,-9,-11,1
1563815752582407,-7,-1,1,4,8,10,-20,-11
1563815752582407,-1,1,-2,-2,4,-26,-21,-6
1563815752589403,-2,-1,-2,2,4,4,6,-6
1563815752589403,-2,-1,-1,-1,2,5,0,10
1563815752606393,4,3,1,0,1,-1,3,4
1563815752606393,-2,-2,-1,0,-7,0,-7,-2
1563815752607399,1,-2,-2,0,1,0,-1,1
1563815752607399,-7,-2,-1,-1,3,0,-8,-14
1563815752628380,6,-1,0,0,6,-1,10,13
1563815752628380,1,3,0,-1,3,12,8,-1
1563815752629380,-3,-3,-2,1,-6,0,3,0
1563815752629380,-8,0,-1,0,-4,10,11,-11
1563815752642372,6,-3,0,-1,4,-7,-13,9
1563815752642372,16,0,-4,-9,-16,23,-18,7
1563815752656364,-7,-2,3,1,-3,-20,-17,-10
1563815752656364,4,1,1,1,5,1,-4,1
1563815752665360,-8,-2,0,1,4,6,0,-18
1563815752665360,6,1,-1,-2,-7,-7,6,13
1563815752667365,7,-1,-3,-6,-7,-8,2,8
1563815752667365,-1,0,2,1,-2,16,-2,4
1563815752688345,0,-1,-3,-1,0,6,3,-3
1563815752688345,-7,-5,-1,-1,8,-6,14,-1
1563815752690346,3,2,-2,-1,4,5,8,2
1563815752690346,3,-3,-2,-3,-22,-11,2,4
1563815752702338,-1,0,-1,-1,1,4,5,-1
1563815752702338,-9,-5,-3,-3,1,-22,10,-4
1563815752709335,4,2,1,0,3,-5,-3,7
1563815752709335,-1,-1,-1,-2,3,16,-3,-5
1563815752724325,4,2,2,0,-5,-3,4,5
1563815752724325,-5,-1,0,0,-3,-1,-2,-8
1563815752733321,-4,1,-2,1,5,-5,-14,-4
1563815752733321,-14,0,1,7,21,2,-6,-17
1563815752748312,16,1,-4,-4,-25,-22,-5,15
1563815752748312,-4,2,2,2,0,3,0,-5
1563815752750311,-4,-3,-2,-1,3,6,3,-5
1563815752750311,2,-1,-2,-2,1,-4,-15,2
1563815752770298,-4,-1,-1,-1,8,12,13,-2
1563815752770298,-1,0,1,1,2,13,-3,-3
1563815752772298,-10,0,-1,-1,-4,1,3,-8
1563815752772298,20,1,-2,-4,-1,1,5,31
1563815752785290,-4,2,3,1,3,27,-37,-15
1563815752785290,0,0,-4,-2,-9,-11,-1,2
1563815752787298,-8,-2,-2,-1,4,20,-4,-9
1563815752787298,-11,-1,0,0,2,11,-9,-23
1563815752808278,9,0,-2,0,1,0,7,22
1563815752808278,-7,-1,0,1,-1,14,-18,-10
1563815752810276,1,-4,-1,1,13,8,-4,3
1563815752810276,-6,-1,-1,-4,-17,-4,14,-7
1563815752822270,4,2,-3,0,1,-4,6,5
1563815752822270,-7,1,2,3,7,-8,-25,-12
1563815752829265,10,0,0,-2,-2,7,6,12
1563815752829265,-3,-4,-3,-2,-1,-9,-8,-2
1563815752845257,-9,-1,-1,1,5,9,-6,-13
1563815752845257,6,-1,-2,-1,-2,11,14,6
1563815752853251,-2,3,3,3,4,-1,-15,-7
1563815752853251,4,0,0,-1,-10,-11,-10,1
1563815752868249,-3,-2,1,-3,-7,-11,7,0
1563815752868249,-6,-2,-3,-3,7,-20,11,-1
1563815752870245,-1,-3,-2,-3,-8,5,11,2
1563815752870245,3,1,-1,-1,-2,-17,10,6
1563815752883235,-4,-4,-4,-3,-11,-24,10,-5
1563815752883235,-5,1,1,1,2,3,0,-13
1563815752889231,15,-1,-2,-2,-2,-1,32,28
1563815752889231,6,3,1,-1,-7,-2,1,5
1563815752907219,-6,-2,-1,1,10,-1,6,-4
1563815752907219,0,-1,-1,-3,-8,-1,5,1
1563815752912216,-7,0,-1,-1,-1,-2,-4,-8
1563815752912216,1,-3,-3,-1,1,-8,8,8
1563815752927208,9,-1,-1,-3,-6,-26,-11,13
1563815752927208,-3,-2,-3,-2,-3,3,16,5
1563815752936207,-3,-1,2,2,2,-3,0,-7
1563815752936207,-12,-1,-1,0,2,-9,-19,-23
1563815752942200,5,-1,0,0,2,6,6,15
1563815752942200,1,-2,-2,-3,-9,1,-2,3
1563815752951194,-3,-1,-3,-1,-2,0,-8,-3
1563815752951194,-4,-1,0,-1,0,15,-26,-13
1563815752966187,0,1,1,4,15,9,-5,-8
1563815752966187,-3,0,1,-1,-5,3,-2,0
1563815752967188,-3,-4,-1,-1,-4,4,-4,-5
1563815752967188,1,0,-1,1,6,-6,4,8
1563815752987174,-6,0,-3,-3,-16,-22,-11,-6
1563815752987174,2,0,2,3,12,22,-16,0
1563815752996170,0,1,0,-1,-3,-3,-2,-5
1563815752996170,6,-1,0,1,6,2,4,11
1563815753002166,-11,-2,1,1,3,4,-4,-19
1563815753002166,6,-2,-3,-1,3,-12,4,15
1563815753011162,-10,-1,-1,-2,-5,-9,3,-11
1563815753011162,7,-2,-1,-2,0,-4,11,18
1563815753026151,-2,2,-2,-2,-3,6,-10,-7
1563815753026151,-4,0,-1,0,0,6,3,-5
1563815753027151,2,1,1,-3,-2,-13,0,3
1563815753027151,-2,1,0,3,7,18,14,0
1563815753048140,-4,-3,-3,-5,-13,-17,16,1
1563815753048140,0,-2,-3,-2,-5,-5,3,-1
1563815753050139,0,1,-2,-2,4,7,-9,-4
1563815753050139,-4,-2,-1,0,2,0,2,-4
1563815753062162,0,-1,-1,0,-6,-19,6,2
1563815753062162,-1,0,1,-1,0,6,-4,-6
1563815753071130,1,1,-1,0,-5,-9,-2,2
1563815753071130,4,0,-2,-4,-5,-20,36,10
1563815753086147,-4,-3,-2,-2,6,22,7,-4
1563815753086147,-2,-3,-3,-1,-7,-16,11,-1
1563815753087116,1,-3,2,0,-6,-1,-6,-1
1563815753087116,-1,-2,-4,-4,-2,-19,6,3
1563815753107118,-6,0,1,1,0,11,-3,-10
1563815753107118,-6,2,2,1,6,4,-6,-4
1563815753108105,7,0,-1,-2,-6,3,14,10
1563815753108105,-5,-2,0,0,-7,0,-42,-14
1563815753130091,-3,-3,-2,-2,-1,-9,4,1
1563815753130091,-7,-3,-4,2,4,-2,-2,-4
1563815753131092,0,1,0,2,2,13,1,-2
1563815753131092,0,-1,-1,0,1,-5,-3,0
1563815753145083,1,3,2,0,-1,-2,-15,-4
1563815753145083,1,-2,-1,-1,1,-1,-8,-5
1563815753146083,-4,-3,-3,3,7,3,0,0
1563815753146083,1,1,1,0,-5,9,-19,-5
1563815753167072,0,-2,1,3,3,9,8,7
1563815753167072,4,1,-2,-1,-4,-1,1,2
1563815753169079,-2,-1,-1,0,-1,-4,-7,-10
1563815753169079,4,2,-1,-1,3,-1,5,11
1563815753192057,-2,-4,-3,-3,-1,12,-9,-6
1563815753192057,1,-3,-2,-4,-9,-1,18,5
1563815753192057,-3,0,0,-2,-4,-10,-2,-4
1563815753192057,-5,0,-2,-2,5,9,3,-4
1563815753205049,-3,0,1,2,4,7,-2,-5
1563815753205049,10,-2,-2,-1,3,-20,1,14
1563815753212050,-2,-2,-3,-2,-2,-21,2,2
1563815753212050,2,-2,-3,-1,-6,-12,13,0
1563815753228040,-8,-1,-2,1,1,2,5,0
1563815753228040,-3,-1,0,-1,0,2,-3,-3
1563815753235035,3,0,1,1,1,-3,-5,4
1563815753235035,-8,0,1,2,-2,4,-11,-17
1563815753251042,10,1,-1,-1,-6,-28,-2,11
1563815753251042,-2,-3,-1,0,-2,-8,-14,-8
1563815753251042,2,1,-1,-3,5,6,-4,-1
1563815753251042,-2,0,0,0,7,24,-21,-8
1563815753265015,1,1,1,-1,-4,1,-21,-8
1563815753265015,4,0,0,-2,-15,-34,7,4
1563815753273009,-7,-1,0,1,6,21,4,-1
1563815753273009,2,-1,-2,-1,-2,-5,2,1
1563815753288003,2,-2,-3,-4,-8,4,3,5
1563815753288003,-19,-1,-1,-1,5,5,-5,-22
1563815753288003,23,0,-2,-3,-5,0,2,20
1563815753288003,-4,-3,-1,0,1,-1,1,-3
1563815753311019,6,-1,-1,0,2,5,10,12
1563815753311019,-4,-1,-2,-1,-4,2,1,-5
1563815753311988,-7,0,1,2,0,-16,0,-5
1563815753311988,0,1,1,-1,-1,3,3,-2
1563815753324984,0,-2,-1,-2,-3,5,4,-3
1563815753324984,-1,-4,-4,-3,2,1,10,6
1563815753332977,-2,1,1,-3,-14,-12,9,0
1563815753332977,4,-1,-2,-2,-3,-22,-1,7
1563815753347967,-4,1,0,2,5,4,0,-3
1563815753347967,4,0,0,0,2,11,5,6
1563815753347967,-8,-5,-3,-2,-2,-12,-13,-12
1563815753347967,5,-3,-4,-4,-8,-17,-6,14
1563815753371015,-3,-1,1,0,0,-4,-7,-7
1563815753371015,2,0,-1,-1,2,7,-8,2
1563815753371955,-15,-3,-3,2,10,18,2,-16
1563815753371955,8,2,4,3,-5,9,1,-3
1563815753392942,5,0,-2,-1,-2,3,-3,8
1563815753392942,3,2,4,1,2,21,-7,0
1563815753393957,-8,-3,-3,-2,5,8,4,-8
1563815753393957,-7,-5,-4,-6,-15,-12,-7,1
1563815753407935,0,2,-1,-3,-8,-12,11,1
1563815753407935,-2,-2,-1,2,-1,0,-4,-5
1563815753408934,3,-1,-1,-2,1,19,-12,1
1563815753408934,-2,-1,0,1,7,10,8,-4
1563815753430921,0,1,2,2,6,11,-13,-6
1563815753430921,-3,-1,0,0,-2,7,-15,-2
1563815753431920,2,1,1,0,0,1,-9,1
1563815753431920,4,1,2,3,5,5,11,8
1563815753444912,-8,-1,-1,0,1,2,-5,-6
1563815753444912,0,1,-1,0,4,-10,3,2
1563815753452908,2,3,3,-3,-10,13,-2,-3
1563815753452908,-1,-2,-3,-4,-5,-16,18,0
1563815753467902,-20,-1,2,0,1,-2,-5,-26
1563815753467902,18,0,-2,-1,-4,-11,-5,28
1563815753467902,4,-1,-2,1,2,-8,3,6
1563815753467902,-5,0,-1,0,11,6,-11,-5
1563815753490884,5,-1,-5,-7,-25,-25,32,11
1563815753490884,-11,1,0,1,4,9,-6,-15
1563815753491885,-1,-2,-4,-2,-5,-10,10,0
1563815753491885,2,0,0,1,2,1,0,4
1563815753504877,-5,-1,1,1,11,5,0,-1
1563815753504877,-2,-4,0,-1,-8,-20,-10,-7
1563815753505877,5,-1,-4,-6,-9,-13,1,10
1563815753505877,-5,-1,0,-1,3,3,-5,-8
1563815753527863,4,-2,-3,-2,-2,-29,4,7
1563815753527863,0,3,1,-2,-7,-4,-6,-6
1563815753527863,-1,-2,-1,1,3,4,-5,-5
1563815753527863,-1,-3,-3,-1,-3,9,-1,0
1563815753550854,1,-1,0,-1,5,15,-3,1
1563815753550854,-6,1,1,-1,-1,2,3,-10
1563815753550854,1,1,1,2,6,16,-2,5
1563815753550854,23,1,-1,-1,1,22,-17,16
1563815753564847,-2,-2,-4,-3,-12,-3,-7,-4
1563815753564847,-14,-2,-2,0,4,6,1,-11
1563815753565842,3,0,0,0,-6,-11,-5,6
1563815753565842,4,0,1,1,5,-13,4,10
1563815753587829,5,-2,0,0,6,0,13,7
1563815753587829,1,0,0,-1,0,11,-1,-3
1563815753587829,-7,-2,-1,-2,0,-10,2,-9
1563815753587829,-8,-2,0,0,-3,14,-5,-9
1563815753610821,0,-2,-1,1,2,-11,0,0
1563815753610821,-2,0,-3,-2,-1,3,-8,-3
1563815753611817,0,-1,-2,-3,-2,-15,-2,1
1563815753611817,-7,-1,-1,-1,-4,0,6,-6
1563815753624808,0,-1,-2,-1,4,17,-5,-3
1563815753624808,1,-4,-2,0,3,6,-12,-1
1563815753625809,0,1,1,-1,-5,-1,1,-1
1563815753625809,-6,-2,-1,1,-1,-19,-9,-6
1563815753647815,-2,0,1,2,9,2,-4,-1
1563815753647815,3,-4,-2,-2,-11,-9,7,6
1563815753648794,-6,-1,-3,0,-7,-14,10,-7
1563815753648794,0,-2,-1,-4,-4,-21,6,8
1563815753670823,17,1,0,-1,4,21,2,17
1563815753670823,-2,0,0,0,11,17,11,-2
1563815753671786,1,-1,-3,-2,-7,-16,-1,-1
1563815753671786,-7,-2,-1,-1,0,6,5,-4
1563815753692769,-2,0,1,-2,-3,1,-10,-4
1563815753692769,0,-1,1,-1,-3,-11,2,1
1563815753693769,-1,0,2,1,1,17,-16,-7
1563815753693769,-11,-2,-1,-2,-7,1,9,-11
1563815753707761,1,-2,-1,0,0,-9,-17,4
1563815753707761,-3,-1,-2,-2,-2,-16,7,3
1563815753716756,-1,-3,-1,-1,2,-3,0,-1
1563815753716756,-1,1,1,1,6,30,-27,-9
1563815753732747,-5,-1,0,0,-1,0,-1,-9
1563815753732747,1,1,-1,-1,-6,-11,-11,0
1563815753732747,0,-4,-3,-1,-3,-13,7,7
1563815753732747,-2,1,0,0,-2,-8,9,-5
1563815753744740,-8,-3,-2,-2,-5,-2,4,0
1563815753744740,2,2,1,0,7,7,-13,0
1563815753745739,-5,-2,0,1,5,18,4,-3
1563815753745739,7,-2,1,-2,-10,-22,2,8
1563815753767729,-7,0,-1,3,5,5,-5,-12
1563815753767729,6,0,1,1,3,0,15,8
1563815753768726,-2,1,-1,-2,-11,-9,-1,4
1563815753768726,-8,0,-1,-1,-2,-12,0,-10
1563815753790732,2,1,1,1,-2,1,-4,0
1563815753790732,-1,0,0,0,4,17,-19,-9
1563815753797711,-3,0,2,2,1,2,-1,-4
1563815753797711,0,-4,-3,-2,0,-6,-1,4
1563815753804707,-5,-3,-2,-3,-2,-8,6,-3
1563815753804707,4,3,1,-1,-5,23,-3,1
1563815753805705,-4,-2,-3,-2,6,-6,7,0
1563815753805705,3,0,-1,-3,-8,3,7,5
1563815753835688,3,2,1,0,0,3,-4,-3
1563815753835688,-11,-2,1,-1,1,3,1,-17
1563815753836687,13,1,-3,-2,0,-2,-4,14
1563815753836687,-5,0,-2,0,2,4,5,-1
1563815753850681,-1,-3,-2,-1,-4,-3,-6,1
1563815753850681,-3,-4,-2,-1,1,-7,7,3
1563815753851678,-16,-1,1,0,-1,5,-6,-25
1563815753851678,18,0,-2,0,0,-8,12,22
1563815753864673,1,-1,-1,0,-4,15,0,3
1563815753864673,2,-2,-2,-2,-5,-9,-1,1
1563815753872669,1,0,0,1,-3,3,-5,-1
1563815753872669,-5,-1,-2,-3,0,-18,-11,-4
1563815753887661,0,-1,-2,-5,-7,-12,15,3
1563815753887661,1,1,1,-1,-1,-6,9,-2
1563815753888657,3,1,0,0,-2,1,-10,5
1563815753888657,-2,3,2,2,5,30,-17,-12
1563815753910645,0,0,0,1,5,6,-9,-5
1563815753910645,-1,-1,-3,-3,-11,-15,-9,-3
1563815753911645,-9,-3,-2,0,3,-10,5,-11
1563815753911645,5,-3,-3,-2,-6,-16,12,12
1563815753924636,-12,0,0,0,3,3,-8,-13
1563815753924636,14,1,0,1,8,6,-18,18
1563815753925636,0,0,0,-3,-4,3,-6,-4
1563815753925636,-16,-3,-2,-1,-5,-1,-7,-16
1563815753947625,17,0,-2,0,3,2,-5,19
1563815753947625,-3,-1,1,0,-1,10,2,-5
1563815753948624,4,-1,-3,-1,-3,-5,-5,6
1563815753948624,-4,0,2,2,4,8,-2,-8
1563815753970613,-4,-1,1,0,-3,-7,2,-4
1563815753970613,0,-2,0,1,-2,-12,12,2
1563815753971612,5,1,0,-2,-3,10,-10,0
1563815753971612,-8,-1,2,-1,-11,-2,2,-7
1563815753984606,-1,-2,-2,1,1,-2,7,3
1563815753984606,0,1,0,0,0,28,-21,-9
1563815753992601,-1,0,-2,-1,4,4,3,-1
1563815753992601,2,-1,-1,1,6,-5,0,1
1563815754007589,-1,-3,0,-3,-3,-1,-2,-2
1563815754007589,-3,0,0,2,4,7,-1,-5
1563815754008589,0,-1,0,0,-8,1,-1,0
1563815754008589,-7,0,-2,0,3,9,-3,-11
1563815754030577,9,1,1,0,2,2,-2,9
1563815754030577,-3,0,-1,-2,-1,-11,1,-1
1563815754031576,-14,-2,-1,-1,-4,-6,-4,-10
1563815754031576,8,2,0,0,-1,0,-1,5
1563815754044569,-8,-1,-2,-4,-2,-14,-7,-7
1563815754044569,0,-1,-3,-3,-4,-28,14,3
1563815754052565,-1,0,0,-2,-1,5,-33,-10
1563815754052565,-8,-2,-1,1,2,-2,-1,-10
1563815754068558,5,0,0,0,-5,8,-3,4
1563815754068558,-3,1,-1,-1,-5,6,2,0
1563815754075550,3,-1,0,1,8,8,9,5
1563815754075550,5,-1,-1,0,-2,-17,-2,7
1563815754090541,-11,-2,-1,-1,0,10,4,-7
1563815754090541,-6,-2,-1,1,0,-9,9,-2
1563815754091541,4,-2,-1,2,3,17,28,11
1563815754091541,2,1,1,-3,-10,-15,-3,2
1563815754104535,-2,-2,-2,-1,1,2,4,-4
1563815754104535,1,1,1,1,6,18,-17,-1
1563815754112531,-1,0,-2,-1,0,-11,25,1
1563815754112531,3,0,0,-2,2,9,-1,3
1563815754127522,-4,0,-2,1,-3,-11,-6,-6
1563815754127522,-6,1,-2,-3,-6,8,-5,-9
1563815754128520,16,0,0,1,1,-13,-5,13
1563815754128520,-12,-2,-3,-2,-7,-11,-2,-20
1563815754158503,14,-2,-2,-1,-1,-3,-14,19
1563815754158503,-4,0,-2,-2,-1,-9,8,-2
1563815754159501,-5,0,-2,-1,-5,-8,-5,-5
1563815754159501,3,1,-1,0,0,6,2,1
1563815754164500,-4,-3,-1,0,-1,-9,10,0
1563815754164500,1,-2,-1,-1,4,5,6,4
1563815754172495,-1,-1,-2,-2,-5,-23,-1,0
1563815754172495,3,-2,-1,1,2,3,-10,2
1563815754187491,-10,-2,-2,-1,3,5,0,-13
1563815754187491,4,-1,-1,-4,-5,2,8,5
1563815754188486,-6,0,1,2,5,6,-15,-5
1563815754188486,-3,-1,-2,-1,4,7,0,-2
1563815754210472,-2,1,0,-1,-4,-15,-3,-2
1563815754210472,2,0,0,0,1,-2,4,1
1563815754211472,0,-1,-2,-2,-3,-16,-7,0
1563815754211472,0,1,0,1,1,1,6,2
1563815754224467,1,1,0,-1,-4,-4,-10,-5
1563815754224467,-1,-4,-5,-1,-3,-16,-11,1
1563815754232461,-6,-1,-2,-2,0,4,6,-3
1563815754232461,4,-3,-5,0,-2,-2,0,5
1563815754247452,8,1,1,0,7,43,-12,5
1563815754247452,-5,-2,-2,1,-1,-7,-11,-5
1563815754248451,-3,-4,-3,0,0,0,8,-1
1563815754248451,-1,-2,1,-3,-4,-7,-4,-1
1563815754271438,-4,-1,-1,0,-3,-6,9,-2
1563815754271438,2,-1,0,0,5,-1,4,4
1563815754272438,-1,0,2,-3,-5,5,-26,-9
1563815754272438,-1,-2,-2,-1,4,-13,1,2
1563815754284430,0,0,-1,-4,-3,-8,27,1
1563815754284430,0,-1,0,0,0,11,1,-1
1563815754292425,2,1,-2,0,5,-7,2,3
1563815754292425,-2,-2,0,-2,-6,3,9,0
1563815754307417,-2,-2,-4,-4,2,-5,-5,-2
1563815754307417,0,-1,-1,-1,-3,-15,13,5
1563815754308416,3,0,-2,0,0,12,9,3
1563815754308416,-1,0,-2,-2,-7,-21,-27,-3
1563815754330404,-1,1,-1,0,-3,-6,-10,-2
1563815754330404,-2,-1,0,-3,-1,6,-1,0
1563815754331405,-13,-2,-2,1,2,2,8,-15
1563815754331405,20,1,-2,0,0,10,-9,25
1563815754353391,-11,-3,0,1,0,7,4,-13
1563815754353391,11,4,1,-1,-6,1,1,10
1563815754354391,1,1,-1,-3,-13,-8,5,4
1563815754354391,-8,-3,-2,1,7,2,8,-7
1563815754367383,-2,0,1,4,5,23,-8,-6
1563815754367383,-1,-2,-3,1,4,3,1,0
1563815754368383,-2,-4,-4,-3,-4,-5,28,9
1563815754368383,-3,2,0,2,0,5,-2,-4
1563815754390369,0,-1,-2,-1,0,-6,-1,5
1563815754390369,-3,-1,-1,-2,-7,-12,-1,-5
1563815754391369,4,-2,0,1,2,7,-5,5
1563815754391369,-6,-2,1,0,1,-3,-1,-4
1563815754414357,2,2,1,0,0,-8,3,2
1563815754414357,-3,-2,0,-1,-4,-8,-10,-3
1563815754414357,0,1,2,1,4,9,-6,-2
1563815754414357,2,3,-1,-5,-5,10,-7,-4
1563815754427350,-1,-3,-1,1,1,-14,6,1
1563815754427350,-2,0,-1,-1,0,24,-13,-4
1563815754428350,-3,-2,0,1,2,-7,-10,-8
1563815754428350,-5,-2,-3,-6,-11,-5,-5,-1
1563815754450336,18,-1,-3,-3,-7,1,-3,17
1563815754450336,-6,-1,0,2,1,5,-27,-10
1563815754451334,5,-1,0,2,4,2,-4,0
1563815754451334,-6,-2,0,2,7,7,7,-2
1563815754473323,-2,2,-1,-4,-6,-16,-1,-4
1563815754473323,-1,-1,-2,-1,-3,-14,25,4
1563815754474325,4,-1,-2,-3,1,7,-2,5
1563815754474325,-4,-2,0,0,-2,1,6,-3
1563815754487315,-10,-2,0,-2,-5,-3,-3,-15
1563815754487315,12,0,-1,-3,-2,-8,-7,17
1563815754488313,-3,-1,-4,-5,-11,-31,-2,2
1563815754488313,1,0,1,1,-1,2,10,2
1563815754510302,-2,-2,0,3,7,-14,-1,-2
1563815754510302,-1,1,-2,-1,-1,5,7,-5
1563815754511300,-1,-2,0,0,2,-5,-6,-1
1563815754511300,-1,-2,-3,0,-5,21,-9,-1
1563815754533288,-1,-1,-3,-3,-9,15,-2,-1
1563815754533288,-5,-5,-4,-1,3,-7,2,-2
1563815754534288,3,0,-1,-1,-1,8,-2,2
1563815754534288,-2,-1,0,3,13,3,9,-1
1563815754547280,-2,-2,-4,-1,-1,5,13,3
1563815754547280,-1,-1,-1,1,-3,-3,-17,-5
1563815754556279,-23,-2,1,0,-3,5,-2,-26
1563815754556279,29,3,-2,-1,-1,-12,-3,30
1563815754570268,0,-2,0,-1,-2,-1,5,0
1563815754570268,-3,-1,-1,-4,-7,-28,5,-2
1563815754572265,-3,-2,-1,0,0,13,-2,-2
1563815754572265,-7,-1,0,0,-1,0,-1,-9
1563815754593273,-2,-3,-4,-4,-2,-9,-3,1
1563815754593273,0,0,2,-1,-2,2,4,1
1563815754595253,6,1,-2,-2,-2,13,-12,0
1563815754595253,-7,0,-2,0,0,0,-1,-8
1563815754607245,0,-2,-1,0,-6,-14,1,4
1563815754607245,-6,-3,-2,1,8,3,-10,-8
1563815754616240,-1,1,0,-1,-4,5,5,1
1563815754616240,3,0,-1,-3,-4,-8,-3,9
1563815754631233,-7,-2,1,-2,-1,3,-27,-14
1563815754631233,0,-3,0,0,0,7,17,3
1563815754632233,4,-1,-1,-2,-6,-15,-8,3
1563815754632233,-3,0,2,0,3,0,-7,-10
1563815754653219,0,2,1,1,1,-1,-1,1
1563815754653219,-2,-2,-2,0,0,7,6,3
1563815754659216,-10,0,0,-3,3,7,-16,-18
1563815754659216,13,1,-1,-1,-1,-1,16,13
1563815754667211,-3,0,-1,-2,-3,-3,0,-1
1563815754667211,5,1,0,1,3,12,-1,2
1563815754674207,-4,-1,-1,1,2,-8,11,2
1563815754674207,-7,-4,-3,-3,-2,3,-1,-6
1563815754690197,1,1,3,1,5,24,-8,-1
1563815754690197,-3,-1,-1,-2,-10,-20,-14,-8
1563815754692196,5,0,-1,1,0,-3,0,8
1563815754692196,-10,-4,-3,-3,-2,-6,6,-7
1563815754715184,3,-4,-3,-1,0,-16,-3,8
1563815754715184,-7,0,-1,0,0,-14,8,-3
1563815754721179,4,0,-3,0,-7,-6,-5,3
1563815754721179,-2,-2,-2,0,1,-19,25,7
1563815754727176,-5,0,-1,-1,3,2,1,-5
1563815754727176,1,0,-3,-3,-6,7,-9,0
1563815754734172,4,-1,1,-1,3,5,0,4
1563815754734172,-4,1,1,1,-1,4,-5,-6
1563815754751163,-1,-1,1,2,2,4,13,-1
1563815754751163,-6,0,0,0,-1,0,-6,-7
1563815754752162,14,0,-1,0,-2,14,1,10
1563815754752162,-5,0,-1,-1,1,5,-11,-6
1563815754773151,0,-1,1,0,4,3,-1,-4
1563815754773151,0,-3,-2,-3,-4,-1,3,3
1563815754775150,-7,-2,-1,-1,-4,2,-8,-9
1563815754775150,-5,-3,-2,-1,-3,-17,-5,-9
1563815754787142,3,2,0,-1,-3,-17,-5,3
1563815754787142,-2,-2,-2,0,3,5,13,-2
1563815754812129,-3,-2,-2,1,2,0,19,3
1563815754812129,3,1,-1,-2,-5,12,-6,1
1563815754813128,1,1,-1,-1,0,-3,9,0
1563815754813128,1,-1,-1,-2,2,5,2,2
1563815754814127,3,0,1,2,6,-6,0,4
1563815754814127,1,0,-1,-2,-16,-1,-7,-2
1563815754833130,-4,-1,-4,-2,-1,9,-15,-6
1563815754833130,1,0,-2,0,4,-2,-3,-2
1563815754841111,1,-1,-1,-2,-4,-4,-3,2
1563815754841111,-5,-4,-1,0,9,6,-4,-5
1563815754847108,0,-2,-2,0,-2,-2,-6,-2
1563815754847108,-7,-1,-1,0,-1,-2,-3,-10
1563815754856103,-1,2,0,-1,6,8,1,3
1563815754856103,21,1,-2,-1,-9,-11,-6,19
1563815754878090,-2,-2,-1,-2,-3,-12,17,2
1563815754878090,6,1,0,1,2,5,-12,3
1563815754880090,-10,-3,-1,-3,-3,1,0,-8
1563815754880090,-6,-1,0,1,5,5,-2,-10
1563815754894080,1,-1,-1,-1,-2,-1,-2,2
1563815754894080,-1,0,-1,0,-3,-4,6,-3
1563815754895081,6,-3,-1,-1,3,8,-25,0
1563815754895081,-4,-2,0,0,4,10,-4,-1
1563815754907074,-1,0,-4,-1,-2,4,1,1
1563815754907074,-6,-2,1,-1,0,1,-7,-6
1563815754916068,-2,1,-2,0,0,-7,3,-2
1563815754916068,-6,-3,0,-3,-6,-10,2,0
1563815754938057,-1,-2,-1,-1,-2,-24,13,0
1563815754938057,1,-2,-3,-1,-1,3,1,6
1563815754940055,-2,-2,-2,-4,-12,-18,-9,-5
1563815754940055,-1,-1,-1,0,7,3,4,-2
1563815754953055,-12,1,1,-1,1,9,-18,-13
1563815754953055,9,-1,0,1,1,-2,4,10
1563815754955046,2,0,-1,0,2,-5,7,3
1563815754955046,-5,-1,-1,0,-1,3,-12,-8
1563815754967039,-3,-2,0,0,2,10,-1,-2
1563815754967039,-7,-3,-3,-4,-5,-3,-11,-6
1563815754976034,-4,1,1,1,-1,6,-13,-10
1563815754976034,-2,-1,1,-2,-4,-5,-3,4
1563815754991027,5,0,-2,1,0,9,-1,5
1563815754991027,0,-1,0,-1,0,-7,6,1
1563815754992025,1,-3,-3,-5,-4,-12,14,7
1563815754992025,-4,-1,-2,1,1,10,0,-6
1563815755014013,2,-1,0,-2,0,12,-12,-1
1563815755014013,-1,1,1,2,2,22,-5,-3
1563815755015013,-3,-2,-1,0,-3,-5,-1,-2
1563815755015013,1,1,0,0,-3,-5,-1,-1
1563815755027005,-15,-3,-1,-2,-1,-16,-4,-21
1563815755027005,22,3,0,-2,-7,-8,-7,25
1563815755035999,-2,-3,-2,0,2,0,8,3
1563815755035999,-3,-2,-2,-1,1,-1,-9,-6
1563815755050991,4,2,0,-1,2,6,-3,-2
1563815755050991,-10,-5,-1,0,3,-12,24,-5
1563815755051990,0,-2,-2,-2,-7,-21,-6,-3
1563815755051990,-7,-3,-2,-2,-2,-16,16,0
1563815755072979,5,0,0,-2,0,8,-19,2
1563815755072979,-3,0,0,3,3,9,1,-1
1563815755074977,-2,-2,-2,0,-2,8,-1,0
1563815755074977,-5,-2,-1,-4,0,13,3,-9
1563815755086970,5,0,1,1,-2,-1,13,9
1563815755086970,-1,0,1,-3,-3,-2,-20,-5
1563815755102961,-3,0,-1,2,5,21,-19,-5
1563815755102961,2,1,-2,0,1,-6,-2,2
1563815755110956,4,-1,-1,0,-7,-9,1,6
1563815755110956,-3,-1,0,0,5,5,10,-2
1563815755111956,-1,-2,0,-2,-6,-18,11,4
1563815755111956,3,0,0,-1,-3,0,4,0
1563815755132944,-2,-1,-1,1,1,4,-5,-1
1563815755132944,-5,-1,-2,-1,-3,-10,0,-5
1563815755134943,2,1,-1,-2,0,-3,12,2
1563815755134943,-1,-1,-1,3,0,-1,3,2
1563815755146936,-1,-2,-2,-4,-6,-9,6,-1
1563815755146936,-1,-2,0,-1,-4,-17,7,-1
1563815755155931,1,0,-2,-1,2,5,-3,0
1563815755155931,-2,-3,-3,-5,-12,-7,-2,-2
1563815755170924,-1,0,0,0,2,14,-17,-2
1563815755170924,0,0,-2,6,8,18,4,2
1563815755172921,1,1,2,-1,-9,-23,21,3
1563815755172921,0,0,0,-5,-1,18,-29,-8
1563815755194909,0,0,-3,-1,-2,4,8,1
1563815755194909,-2,0,-1,1,-2,-10,-3,-3
1563815755195907,-2,-2,-1,2,4,7,2,2
1563815755195907,2,2,2,3,-1,-16,-4,1
1563815755206901,1,0,0,-2,-3,-11,6,1
1563815755206901,0,2,4,2,0,-4,0,-3
1563815755215896,-1,-4,-4,-2,1,3,6,1
1563815755215896,-2,0,0,0,0,-6,7,0
1563815755230889,-3,-4,-3,-1,-2,-1,-11,-5
1563815755230889,-1,-1,-5,-3,0,-1,1,1
1563815755236886,-3,-2,1,-2,-12,-16,-1,-3
1563815755236886,-1,-2,-2,2,6,15,7,2
1563815755252876,-3,0,2,3,-4,-40,34,4
1563815755252876,-1,1,1,-5,2,17,-14,-3
1563815755255873,2,-2,-3,-5,1,1,3,1
1563815755255873,-1,-2,-6,-2,-3,-1,3,-1
1563815755275864,0,-4,-6,-1,-3,-17,25,7
1563815755275864,-1,4,8,-5,2,39,-33,-6
1563815755276861,0,1,0,3,-16,-10,-13,-4
1563815755276861,-2,0,1,2,7,2,3,2
1563815755289855,0,0,-1,0,-2,8,-7,1
1563815755289855,-17,-10,-11,-10,-4,-20,13,-7
1563815755296851,17,3,-2,0,13,23,-1,12
1563815755296851,-1,0,0,3,-6,-1,-8,-5
1563815755313841,6,1,3,2,-4,21,-2,3
1563815755313841,-4,-2,-2,0,-4,-29,-11,-2
1563815755314842,-6,-2,-4,-4,2,26,8,-6
1563815755314842,0,0,-2,-5,-5,-33,14,6
1563815755335829,-4,-1,-4,-6,-4,-5,-14,-3
1563815755335829,5,3,1,4,-1,6,-5,0
1563815755336827,-2,-2,-2,-5,1,5,-9,-2
1563815755336827,1,-5,-2,0,-2,10,8,1
1563815755349819,-1,4,7,12,11,11,-18,-8
1563815755349819,1,-5,-5,-7,-6,-21,11,6
1563815755356816,-2,-2,2,1,4,-1,1,0
1563815755356816,-3,-2,-6,-9,-9,10,-11,-5
1563815755380803,0,0,4,3,1,-25,1,1
1563815755380803,1,-2,-4,1,-1,3,16,0
1563815755382800,-6,-2,-3,-5,3,-10,0,-1
1563815755382800,-2,1,1,5,0,-4,1,-5
1563815755395796,-1,-3,-2,4,5,5,13,3
1563815755395796,0,-2,-2,0,-13,-13,-7,-1
1563815755397792,0,4,3,2,10,24,-36,-5
1563815755397792,-2,-2,-2,-7,-3,-6,0,-3
1563815755409784,-1,-3,-6,-6,-7,12,-27,-5
1563815755409784,2,-1,0,-4,-1,-8,13,4
1563815755416782,-4,0,-3,-5,-9,0,6,-1
1563815755416782,0,-1,1,3,3,-5,1,3
1563815755433774,0,3,2,5,3,-7,-5,-2
1563815755433774,-3,-3,-2,-6,-9,-12,18,1
1563815755435771,-3,-5,-2,-4,-6,-25,15,3
1563815755435771,0,-1,-1,-2,2,13,-6,0
1563815755455760,0,-2,-2,-5,5,11,16,2
1563815755455760,0,0,0,-2,-11,-9,-20,-1
1563815755457759,-1,-1,2,5,-4,-28,11,-2
1563815755457759,0,0,1,8,4,3,-4,-3
1563815755469751,-2,-1,3,-6,0,0,-8,-3
1563815755469751,1,-1,-1,-6,3,15,5,-1
1563815755476747,-1,-4,-9,-12,-17,-23,46,12
1563815755476747,0,-2,-2,-1,5,4,-8,1
1563815755493736,-1,2,-2,0,-2,-9,21,-2
1563815755493736,-3,1,-3,-1,-2,-14,3,-5
1563815755495737,-2,0,2,2,-4,-8,-4,-4
1563815755495737,-3,-1,0,0,3,28,-50,-12
1563815755515725,-2,-4,-4,-7,0,-2,5,-1
1563815755515725,-1,0,0,1,0,11,14,2
1563815755517726,-1,3,-1,6,5,-17,-19,-3
1563815755517726,0,-2,-1,-8,-5,-7,26,3
1563815755530719,0,0,3,0,-1,9,-29,-3
1563815755530719,-4,2,5,3,8,10,-23,-14
1563815755544708,4,0,0,2,-6,9,-8,2
1563815755544708,0,2,2,-1,-1,8,4,1
1563815755555703,-4,-4,-6,-5,-9,-29,34,5
1563815755555703,3,-3,-5,2,3,-4,-8,3
1563815755556701,-5,1,3,1,1,15,-4,-5
1563815755556701,-4,-5,-2,2,1,-10,-9,-7
1563815755575690,2,-2,-3,-5,-2,15,-11,0
1563815755575690,-4,-1,-1,0,0,0,1,-2
1563815755577688,1,-1,0,0,8,13,11,3
1563815755577688,0,-1,-2,-7,-7,-15,-15,-2
1563815755589683,-3,-4,-3,0,-4,-4,2,-3
1563815755589683,2,1,3,9,11,23,-28,-3
1563815755596679,0,0,0,-7,0,3,-15,-3
1563815755596679,-1,-2,0,2,-6,-17,22,5
1563815755617667,0,-1,-2,1,7,10,-9,-1
1563815755617667,0,2,-1,-3,-8,-14,7,0
1563815755617667,1,0,2,9,13,37,-35,-10
1563815755617667,-1,1,-2,-6,-3,-4,-3,1
1563815755635658,-2,0,-1,-3,-2,-10,4,0
1563815755635658,-1,-2,-1,1,1,-4,8,4
1563815755638655,-2,-2,0,-3,-3,-11,12,3
1563815755638655,1,2,4,5,7,1,-1,1
1563815755649658,1,1,-2,-2,4,24,-15,-1
1563815755649658,0,0,0,-1,-12,-10,5,3
1563815755656645,-4,-3,-2,0,-1,3,7,1
1563815755656645,0,1,0,0,-4,-28,21,5
1563815755673633,-1,-4,-6,-2,-1,-1,-5,-2
1563815755673633,2,-1,1,1,4,9,-1,2
1563815755674634,-1,-1,-5,-5,-1,-7,0,-3
1563815755674634,-2,0,1,7,5,4,-5,-1
1563815755695621,2,5,4,0,-7,-9,6,2
1563815755695621,1,-2,-3,2,-4,-12,-14,-2
1563815755697621,-1,-1,1,1,0,16,-3,0
1563815755697621,1,-1,-6,-9,1,13,-23,-5
1563815755709613,-2,0,-2,-5,0,8,7,0
1563815755709613,-1,0,2,2,1,9,10,2
1563815755718608,1,0,-1,0,-6,-32,12,8
1563815755718608,-2,0,0,1,5,5,11,1
1563815755733599,1,-2,5,5,2,4,-26,-5
1563815755733599,-1,-5,-3,-5,-3,6,-4,0
1563815755734598,-2,-3,-1,-1,-2,-2,1,-2
1563815755734598,0,4,2,0,-5,-3,3,-2
1563815755755589,-2,-2,-2,-1,-2,-8,-3,-2
1563815755755589,-3,1,-1,-3,2,7,-6,-6
1563815755757587,0,0,2,3,0,4,-9,-2
1563815755757587,-3,-5,-3,-5,-1,10,8,3
1563815755769580,1,2,-2,0,-6,1,-36,-4
1563815755769580,3,5,2,0,2,11,-5,2
1563815755778575,-4,-2,-1,-4,2,10,-10,-4
1563815755778575,-1,-1,-3,0,-6,-3,1,-2
1563815755793565,-5,-6,-5,-4,-4,-23,39,7
1563815755793565,-3,-2,1,-1,-4,-10,12,1
1563815755794564,3,2,2,2,1,-2,-13,-4
1563815755794564,1,1,2,2,5,0,6,2
1563815755815552,-2,-2,1,-2,0,11,2,-1
1563815755815552,1,-2,-2,-6,-3,-9,2,-1
1563815755817553,-1,-2,0,2,1,5,4,-1
1563815755817553,-2,-2,0,-3,-2,-1,-5,-2
1563815755829545,0,2,2,2,-3,-5,0,0
1563815755829545,-3,-6,-7,-3,-2,-3,0,-1
1563815755838541,0,1,3,5,7,6,7,-1
1563815755838541,-1,-2,-2,-4,-6,4,-24,-5
1563815755853532,-3,-1,3,2,7,13,-14,-7
1563815755853532,-2,-1,-2,4,3,-16,31,5
1563815755854532,1,0,-2,0,-8,-1,-22,-5
1563815755854532,0,-2,-2,0,1,3,6,1
1563815755875518,2,0,-4,-8,-3,0,4,2
1563815755875518,0,-2,-2,-1,-1,-7,11,5
1563815755877518,0,2,0,4,1,-9,8,1
1563815755877518,0,-1,-3,-2,-3,-1,0,0
1563815755889511,1,0,1,5,5,14,-36,0
1563815755889511,-2,-1,-4,-8,-3,-7,-2,-2
1563815755898507,-2,-2,-3,-4,-6,-2,4,0
1563815755898507,0,-1,4,8,3,6,-7,-1
1563815755913497,1,0,1,1,4,0,15,4
1563815755913497,0,0,-1,2,0,2,-10,-2
1563815755914495,-2,-4,-5,-8,-10,-9,-1,0
1563815755914495,-3,-2,-3,-4,-3,-11,6,-2
1563815755936482,-1,1,1,-2,-3,-5,11,-3
1563815755936482,-2,0,2,6,6,-4,-5,-3
1563815755937482,-2,-2,-3,-1,8,11,-3,0
1563815755937482,0,-2,-1,2,-6,-10,8,2
1563815755949475,0,-4,-5,-5,-3,-5,3,0
1563815755949475,-1,-4,-4,-5,-7,-7,1,-3
1563815755958471,0,-1,2,-2,-2,-19,17,3
1563815755958471,-1,0,0,-3,2,9,-27,-4
1563815755973461,-2,1,1,6,3,2,1,-2
1563815755973461,0,-1,-1,-2,2,1,1,-2
1563815755974462,0,-2,0,2,-1,-4,3,3
1563815755974462,-1,-1,-2,-8,-4,-3,3,2
1563815755995450,0,1,1,2,-3,-7,-1,-4
1563815755995450,1,-1,2,-2,-5,0,-7,0
1563815755997448,-2,-1,-1,1,4,4,-5,-4
1563815755997448,0,0,-1,0,0,-4,3,-2
1563815756009441,-3,-2,-3,-2,0,-2,3,1
1563815756009441,-2,-4,-1,2,5,7,13,4
1563815756018436,-1,-3,-4,-6,-14,-17,6,1
1563815756018436,-2,-2,-2,-2,-5,-3,2,0
1563815756033428,-3,-3,-2,-5,-3,-18,8,0
1563815756033428,0,2,2,3,5,6,0,0
1563815756034426,-1,1,1,-1,-1,5,4,-1
1563815756034426,-2,1,1,6,4,10,-18,-6
1563815756055416,-2,-1,-2,-3,-8,-15,5,2
1563815756055416,0,0,-1,-4,2,9,0,0
1563815756057415,-3,-4,-3,-4,-2,7,2,0
1563815756057415,-1,-1,2,2,1,-8,6,1
1563815756069408,-1,-1,0,-1,-1,3,-5,-5
1563815756069408,-1,-1,-3,-6,-9,-13,-1,-2
1563815756078402,0,4,3,9,5,1,-6,0
1563815756078402,0,0,-1,2,3,-5,11,2
1563815756093392,-3,-3,-3,-10,-13,-4,4,1
1563815756093392,-1,0,-3,-6,-3,2,-4,0
1563815756094392,1,2,3,4,3,3,0,-2
1563815756094392,1,-2,-5,-7,-1,-2,19,5
1563815756115380,1,-2,-2,2,-9,-10,-9,-1
1563815756115380,-1,-1,0,5,2,-1,-9,-6
1563815756117379,-1,-2,-1,-3,-3,-4,-3,0
1563815756117379,2,1,1,0,4,0,-1,0
1563815756129373,-2,-1,-2,0,6,6,1,0
1563815756129373,-1,-1,-2,0,-4,8,-7,-1
1563815756138367,-1,1,0,4,3,4,-5,1
1563815756138367,-2,-2,-2,-5,-8,-7,5,0
1563815756153362,0,-2,-2,0,-5,-4,11,5
1563815756153362,0,3,2,5,12,26,-36,-7
1563815756154358,0,-3,-1,-3,2,-3,-3,0
1563815756154358,-1,0,-1,-2,-6,2,-3,-2
1563815756175347,0,-2,-1,-2,0,-3,8,-1
1563815756175347,-3,1,3,-1,-3,-2,-1,-1
1563815756177345,-1,-2,-3,-3,0,0,-5,-3
1563815756177345,0,3,1,-3,1,3,-1,-1
1563815756189339,1,2,5,13,8,4,-2,-3
1563815756189339,-2,-3,-1,-4,-4,-1,9,1
1563815756198334,0,1,-2,-7,-10,-7,-7,-1
1563815756198334,-3,-4,-5,-6,-7,-11,-8,-4
1563815756213325,-1,0,0,-3,2,3,-12,-2
1563815756213325,2,1,2,3,-1,-2,3,0
1563815756215323,-4,-1,-2,-2,-5,3,-5,-3
1563815756215323,-1,-4,-4,-1,2,6,8,0
1563815756235312,-3,-5,-5,-2,-1,2,-7,-1
1563815756235312,1,4,7,5,1,-3,-4,-4
1563815756237311,1,-2,0,0,1,-5,9,2
1563815756237311,-1,-1,1,5,1,-6,8,0
1563815756265296,-2,-2,-5,-5,1,8,-6,-3
1563815756265296,-2,-4,-4,-3,-4,-22,15,3
1563815756267297,1,0,1,0,0,10,7,3
1563815756267297,0,-2,-1,-2,-3,-5,-8,-1
1563815756273291,-2,-2,-1,-5,-1,-1,5,-1
1563815756273291,-1,-1,0,2,-4,-8,-1,-1
1563815756275290,0,-2,-1,-3,4,5,-1,-3
1563815756275290,1,1,3,8,7,2,-5,1
1563815756295278,1,-1,-4,-8,-11,-2,-10,-2
1563815756295278,-2,-1,-4,-3,-5,-1,-2,1
1563815756297277,-1,0,-3,-2,-3,1,-7,-4
1563815756297277,-4,-1,0,-5,5,17,-20,-6
1563815756318265,0,-1,0,3,7,-4,8,0
1563815756318265,0,-3,-1,2,-5,-4,-1,-2
1563815756320262,-2,-2,-2,-7,-3,-4,-3,-1
1563815756320262,-2,-3,2,6,0,-6,7,1
1563815756333265,-3,1,2,3,5,9,-3,-2
1563815756333265,0,-3,-4,-9,-6,-3,-4,-1
1563815756335253,-2,0,1,6,0,0,-5,-2
1563815756335253,0,2,-1,0,-3,-4,1,0
1563815756355243,2,1,0,1,-3,-8,14,4
1563815756355243,-2,-2,-3,-8,3,15,-24,-7
1563815756357243,-1,-1,-1,3,1,-7,18,3
1563815756357243,-1,-1,-5,-5,-3,-4,4,-1
1563815756378230,1,1,0,0,-8,-7,4,3
1563815756378230,0,0,0,5,6,3,13,2
1563815756381228,0,0,-3,-10,-9,-9,-19,-7
1563815756381228,-3,-2,0,1,-1,2,-6,-3
1563815756392221,0,-1,-2,-2,6,5,-6,-1
1563815756392221,-1,1,0,1,-3,-5,9,1
1563815756399217,-1,-3,0,2,-2,-3,9,0
1563815756399217,0,-1,-3,-8,-2,-3,6,2
1563815756415208,0,-2,0,2,-4,-3,-8,-3
1563815756415208,-1,-1,0,1,2,-2,8,2
1563815756417207,-1,-1,-4,-3,-4,-6,-1,1
1563815756417207,-2,0,1,-3,-2,0,-1,0
1563815756446190,0,0,-1,-8,-6,-13,12,1
1563815756446190,-1,-1,-2,6,4,3,-1,0
1563815756447190,1,-1,-1,2,11,5,-3,0
1563815756447190,0,-1,1,-2,-13,-7,-1,-3
1563815756452187,1,2,1,1,3,1,-3,-5
1563815756452187,0,0,1,-2,-1,3,-5,2
1563815756459183,-2,-2,-2,-4,1,-1,-2,1
1563815756459183,-1,-2,-5,-4,3,-4,-1,0
1563815756476172,-2,0,2,3,0,7,-14,-3
1563815756476172,1,0,-1,-2,-5,-5,1,0
1563815756477191,0,3,5,6,3,4,-6,-3
1563815756477191,0,-1,0,0,1,2,3,-1
1563815756498161,-4,-5,-5,-2,1,-7,6,2
1563815756498161,-2,-2,-1,2,2,3,-6,-3
1563815756500160,-2,-2,-7,-14,-19,-9,-5,-2
1563815756500160,0,2,1,0,-7,-3,-4,-2
1563815756512172,-1,-1,-1,1,6,10,2,2
1563815756512172,-1,-2,-3,-2,-3,-12,10,4
1563815756519148,-3,-1,-1,-1,-3,-9,-3,-3
1563815756519148,1,1,3,2,0,11,-24,-4
1563815756543134,-1,-2,-4,1,-1,1,-4,1
1563815756543134,-1,-3,-5,-12,0,-4,6,0
1563815756545134,2,-1,1,6,5,3,3,2
1563815756545134,1,2,3,3,1,0,-1,0
1563815756558125,-1,0,2,2,2,-1,-6,-2
1563815756558125,-3,3,-1,2,-1,4,7,-1
1563815756560125,-1,0,-4,-5,-2,-7,-3,-1
1563815756560125,0,-3,-4,-2,1,2,4,1
1563815756572137,0,-2,-3,-4,-1,2,0,-1
1563815756572137,0,1,3,0,-2,-8,1,-2
1563815756579134,0,3,2,2,4,11,-9,-1
1563815756579134,0,-1,0,8,7,-2,3,1
1563815756595104,-1,-1,-4,-4,-7,-4,1,0
1563815756595104,0,-2,-5,-9,0,1,-4,0
1563815756603100,-1,-3,-2,-2,5,3,0,-1
1563815756603100,-1,0,1,1,-5,-7,2,-3
1563815756618092,0,1,3,3,-2,2,-5,-3
1563815756618092,0,-2,-3,-3,0,3,-7,-1
1563815756620094,-2,0,3,7,3,3,6,4
1563815756620094,-3,0,-5,-5,1,-1,4,1
1563815756633102,0,-1,1,3,0,4,-2,2
1563815756633102,0,0,3,-2,-1,5,-22,-5
1563815756639098,-1,-3,0,1,2,1,4,-1
1563815756639098,-1,-5,-6,-9,-6,-8,1,0
1563815756656074,-1,1,2,1,0,8,-2,-2
1563815756656074,1,2,3,4,5,-1,0,-2
1563815756658069,2,-2,-2,0,-2,4,1,0
1563815756658069,0,-1,0,-3,3,1,-1,-1
1563815756678057,-1,1,3,1,0,1,2,-3
1563815756678057,-3,-3,-5,-3,-4,-7,-1,-2
1563815756680058,-2,2,2,-2,-2,-2,1,-1
1563815756680058,0,-2,-2,5,1,-6,-2,0
1563815756692068,0,-2,-5,-7,2,-2,1,-1
1563815756692068,0,1,0,4,0,4,7,2
1563815756699045,1,-1,0,-4,-2,-7,-15,-1
1563815756699045,-1,-2,-7,-9,-8,-5,16,0
1563815756716035,0,1,3,6,2,-6,-5,-2
1563815756716035,-4,-3,-3,-2,-10,-11,11,2
1563815756717034,-1,1,0,0,2,-1,0,0
1563815756717034,-3,1,0,0,0,3,0,-1
1563815756738042,-2,-1,-2,-5,-3,-7,-10,-3
1563815756738042,1,-2,-5,-4,1,6,3,-1
1563815756740025,-1,0,6,4,-4,-7,1,-1
1563815756740025,1,1,2,9,7,-1,-1,-3
1563815756752018,-1,0,-1,-5,-3,8,6,1
1563815756752018,-1,-2,0,-4,-5,-12,-24,-5
1563815756761009,0,-1,-12,-13,-11,-3,-2,0
1563815756761009,-2,-2,-1,4,2,5,-3,0
1563815756776000,0,0,1,-9,-8,4,0,0
1563815756776000,0,1,-1,1,0,-6,-10,-1
1563815756777001,0,-4,-5,-5,-2,4,7,0
1563815756777001,-1,1,1,-1,0,3,-2,-1
1563815756798008,0,1,1,5,5,-2,6,0
1563815756798008,-1,-3,0,0,0,0,3,3
1563815756799988,-1,0,-2,-7,-8,0,3,-1
1563815756799988,0,-3,-3,-2,0,-6,-8,-1
1563815756820995,-2,-5,-3,-2,-2,3,-2,1
1563815756820995,-2,1,-1,-9,-8,-6,-8,-3
1563815756821978,-1,2,6,14,12,9,1,-3
1563815756821978,-1,1,6,7,1,-2,-2,-2
1563815756835986,1,1,-1,0,-1,-5,-3,-2
1563815756835986,0,-1,-4,-8,-3,1,1,1
1563815756836969,-3,-5,-8,-8,1,-3,0,1
1563815756836969,-1,0,3,5,2,1,3,-2
1563815756857955,-1,0,0,0,-6,-7,-7,-3
1563815756857955,0,1,1,2,4,11,9,1
1563815756859956,-2,-2,-1,0,-5,-6,1,-2
1563815756859956,0,-1,-2,-4,-3,-7,-13,-4
1563815756871945,-1,-3,-3,-3,1,1,1,0
1563815756871945,-1,1,0,4,2,2,2,1
1563815756880941,1,2,4,8,3,1,0,-2
1563815756880941,1,-4,-4,-7,-5,2,-2,-1
1563815756895932,-1,-3,-5,-7,-4,-1,3,0
1563815756895932,-1,-1,1,0,-4,-3,-2,0
1563815756896934,-2,2,2,4,6,0,-6,-3
1563815756896934,-1,-1,1,-3,-4,1,3,-2
1563815756917938,0,-1,0,-1,1,0,-1,-1
1563815756917938,-1,-3,-6,-3,-4,-2,2,-1
1563815756919918,-2,-1,-3,-4,-1,-2,-4,-1
1563815756919918,-2,0,0,0,2,3,2,-1
1563815756931915,0,-1,-1,3,-1,-5,-2,0
1563815756931915,-1,0,-2,-6,-3,3,1,-1
1563815756940909,-1,2,2,2,1,-1,-4,-2
1563815756940909,-1,-3,-3,-1,-4,-4,-3,0
1563815756954917,0,1,1,3,3,-1,0,0
1563815756954917,-2,0,3,6,1,2,-2,-3
1563815756961914,1,-4,-9,-15,-7,0,1,3
1563815756961914,1,-1,-2,3,1,3,4,2
1563815756979888,-1,1,1,1,-3,-5,-4,-4
1563815756979888,0,-1,1,0,1,-3,-1,-2
1563815756980883,0,0,1,0,2,1,-1,0
1563815756980883,-3,1,3,1,-2,0,-2,1
1563815756991897,-2,-1,-3,-7,-6,-3,0,1
1563815756991897,0,-3,-1,3,3,2,4,2
1563815757000872,0,-1,1,2,0,-2,1,0
1563815757000872,0,-1,-8,-15,-7,-9,-11,0
1563815757015867,-2,-1,-4,-6,-2,-3,-3,-1
1563815757015867,-1,2,3,9,1,-5,-3,-4
1563815757016862,-1,-3,-1,0,7,14,6,1
1563815757016862,0,2,8,11,-1,-7,-3,-2
1563815757037870,-2,0,-2,-5,-3,5,2,-1
1563815757037870,-2,-3,-6,-8,3,2,-1,1
1563815757039868,0,-3,-3,0,-8,-9,0,-2
1563815757039868,0,-1,0,-4,4,4,2,0
1563815757051862,1,-4,-1,2,-2,-1,0,-1
1563815757051862,-1,0,5,5,3,1,-1,-1
1563815757060841,-2,0,-2,-6,-5,-3,-6,-1
1563815757060841,-2,-1,-1,-1,-1,-1,1,0
1563815757074831,-1,-3,-5,-6,-2,-2,0,0
1563815757074831,-1,-1,-1,3,1,-2,-1,1
1563815757081826,2,0,-1,4,4,0,-1,-2
1563815757081826,-2,-3,-3,0,-2,-3,1,-1
1563815757098817,1,2,0,-4,-4,-1,0,0
1563815757098817,0,-1,-2,-4,-2,-1,-3,-1
1563815757099823,-1,0,3,6,1,-3,-2,-1
1563815757099823,0,0,-6,-13,-8,3,3,0
1563815757111808,-1,-1,-2,8,7,-2,-3,0
1563815757111808,-2,-4,-2,-6,-2,4,1,0
1563815757120803,0,3,4,-3,-6,-2,-2,-5
1563815757120803,0,1,0,5,1,4,3,-2
1563815757134815,-3,-1,0,1,0,-17,-15,-2
1563815757134815,-1,-3,-4,-4,-4,14,3,1
1563815757141793,-3,-4,-9,-17,-8,-11,0,3
1563815757141793,-1,2,6,16,10,13,7,-1
1563815757157782,0,1,4,4,5,5,1,-1
1563815757157782,0,-2,0,4,-1,-15,-4,-1
1563815757159780,0,-2,-2,-1,1,2,0,-1
1563815757159780,0,-3,-4,-16,-14,-6,-2,1
1563815757180768,-3,-2,-2,4,4,9,4,0
1563815757180768,-2,1,1,-6,-8,-17,-9,-4
1563815757182768,-2,-1,-2,-1,-5,-2,1,-1
1563815757182768,-3,0,0,2,2,-6,-6,-4
1563815757194761,-1,-3,-6,-6,3,11,4,0
1563815757194761,0,1,-1,-4,-11,-5,-1,0
1563815757201756,1,1,0,4,6,1,-3,0
1563815757201756,2,-1,1,5,1,-5,-2,-1
1563815757217748,-2,-1,0,-5,-6,0,0,-1
1563815757217748,0,-1,-3,-1,3,4,1,1
1563815757219746,1,1,1,-2,-3,-1,-1,-2
1563815757219746,-1,-1,3,5,4,-7,-8,-2
1563815757240734,2,-1,-3,3,1,4,1,-1
1563815757240734,0,-3,-2,-4,-3,-2,0,-2
1563815757242736,-2,-2,-3,0,0,-1,-1,-1
1563815757242736,-1,-5,-7,-9,-2,6,7,3
1563815757255745,0,2,4,2,-3,-8,-10,-1
1563815757255745,-1,1,-1,1,2,2,-1,1
1563815757257725,-1,0,2,6,2,2,0,-1
1563815757257725,-1,-1,-9,-14,-9,-2,4,0
1563815757278713,-2,-1,0,5,11,2,-2,-1
1563815757278713,-1,0,-2,-5,-16,-8,-2,-3
1563815757279713,-2,-2,1,-1,-3,-4,-3,-2
1563815757279713,-1,-1,-1,-3,1,1,2,-1
1563815757300700,-1,-4,-3,1,-3,0,2,1
1563815757300700,0,2,4,8,16,10,-2,-2
1563815757302699,0,-2,-3,-2,-10,-5,0,0
1563815757302699,-1,-3,0,1,-2,0,-2,0
1563815757323690,0,1,-2,-9,-2,0,1,-2
1563815757323690,0,-1,1,2,3,0,0,-1
1563815757324705,0,0,7,13,5,4,-1,0
1563815757324705,1,-3,-3,-7,-1,1,1,0
1563815757337682,-2,0,2,4,-2,-4,0,-3
1563815757337682,0,-2,-9,-9,-7,-3,1,-1
1563815757339678,-2,-1,1,4,4,3,1,-1
1563815757339678,-1,-1,-2,-2,2,-9,-10,0
1563815757360685,0,0,2,2,0,10,6,0
1563815757360685,-2,-2,0,-4,-12,-10,-1,-2
1563815757362664,-1,-4,-5,-2,4,0,-2,0
1563815757362664,0,1,0,-4,-7,-4,-3,-1
1563815757374679,0,0,-3,-6,-3,-1,0,0
1563815757374679,-3,2,5,8,6,4,1,-2
1563815757381655,-1,-1,-6,-7,-8,-5,-3,0
1563815757381655,-1,-1,0,3,8,5,3,0
1563815757398646,-2,-1,0,0,-6,-9,-4,-2
1563815757398646,-1,0,3,7,9,4,3,2
1563815757399646,-2,0,-2,-7,-3,-4,-2,-2
1563815757399646,1,-2,-4,-3,0,5,-3,-1
1563815757420631,0,-1,-4,-7,-5,1,0,1
1563815757420631,1,-1,-1,3,4,-1,-2,1
1563815757422629,-2,-1,0,5,5,3,1,0
1563815757422629,-1,-1,2,1,-1,-2,-1,-1
1563815757435642,0,0,-3,0,-4,-3,0,-1
1563815757435642,-1,-1,-6,-8,0,2,-1,-1
1563815757441618,0,0,1,3,-2,-5,-2,-2
1563815757441618,-1,-1,-3,-2,0,4,7,0
1563815757458626,-2,0,3,1,0,-6,-9,-3
1563815757458626,-1,-2,-4,-7,-6,-3,-2,-2
1563815757459610,0,2,5,3,3,2,1,-1
1563815757459610,-1,1,1,4,2,1,-1,0
1563815757480597,-1,-1,-3,2,2,0,1,1
1563815757480597,-1,-5,-7,-5,-2,-4,0,-2
1563815757482596,-1,-1,-3,-5,-7,-3,-1,-1
1563815757482596,1,1,4,4,1,-1,0,-2
1563815757494589,-2,0,0,-2,-5,-9,-3,-1
1563815757494589,0,-1,3,1,1,1,1,-2
1563815757501585,-1,-1,-3,-4,-4,-3,-3,0
1563815757501585,-2,-2,-2,2,-2,-2,-1,0
1563815757518576,1,-3,-3,-7,-1,2,1,2
1563815757518576,-1,0,-1,0,-1,5,6,0
1563815757519576,-2,-2,-6,-5,-3,-9,-14,-4
1563815757519576,-2,2,0,-5,-5,-2,-1,-2
1563815757540581,-2,-1,4,6,1,-1,-2,-1
1563815757540581,-2,0,-2,-3,0,0,0,-1
1563815757542561,2,0,4,7,2,2,5,1
1563815757542561,1,-1,-4,-7,0,-1,-3,-2
1563815757554573,1,2,1,6,2,0,0,-1
1563815757554573,1,-1,0,-5,-3,-2,-2,-1
1563815757562569,0,0,-2,4,-1,0,2,-1
1563815757562569,-2,-5,-1,1,-3,-4,-5,-2
1563815757577560,-2,-1,-5,-8,1,3,2,0
1563815757577560,-1,0,-1,1,-2,-2,-4,0
1563815757578544,-1,-1,-1,-8,-2,-1,-1,-1
1563815757578544,-2,2,5,7,3,5,2,0
1563815757599547,0,-4,-2,-4,-5,-4,1,0
1563815757599547,-2,-3,-2,2,-2,-7,-4,-1
1563815757600527,0,-1,-3,-14,-4,7,2,1
1563815757600527,0,-2,-2,2,1,2,-1,2
1563815757614539,-2,-1,1,1,1,2,-1,-2
1563815757614539,0,1,0,2,1,-1,-1,0
1563815757622515,-2,0,0,1,-1,-2,1,-2
1563815757622515,-1,-1,-3,-1,-2,-3,-4,-1
1563815757637526,0,1,0,0,0,-1,1,0
1563815757637526,0,-1,2,0,-4,-4,-2,-3
1563815757638509,-2,-3,-5,0,4,1,2,0
1563815757638509,0,-2,-4,-4,-5,4,-1,-1
1563815757660497,1,-1,-4,-6,-6,-2,3,0
1563815757660497,-2,2,3,2,2,3,-1,-1
1563815757660497,-3,2,5,4,0,-3,-5,-4
1563815757660497,-1,-3,-4,-7,-2,-5,0,-2
1563815757674489,1,0,4,8,-1,-2,-2,-1
1563815757674489,1,-2,-3,-2,3,2,4,1
1563815757682481,0,-1,-5,-6,-6,3,1,2
1563815757682481,-3,1,3,2,5,-1,-1,-3
1563815757697477,-1,0,2,1,-1,-2,0,-2
1563815757697477,-1,-3,-3,-1,-3,-1,-3,0
1563815757698472,-1,-2,-1,1,5,3,0,-2
1563815757698472,-2,1,-1,0,-5,-11,-3,-3
1563815757720460,-1,-1,3,3,8,10,0,-1
1563815757720460,-1,-2,-2,1,2,-1,1,1
1563815757720460,-1,-4,-4,-9,-13,-13,-2,-2
1563815757720460,0,-1,-3,-2,-2,1,-2,1
1563815757734455,-1,1,0,1,0,2,-1,-5
1563815757734455,1,-1,0,-2,0,2,1,1
1563815757742446,-2,-4,-5,-5,4,5,2,-1
1563815757742446,-1,0,2,6,-1,-2,0,-1
1563815757757438,-1,2,2,-3,-6,-10,-5,0
1563815757757438,-3,-1,-3,-3,-3,5,-2,-2
1563815757765435,0,3,0,2,3,2,-1,0
1563815757765435,-1,-2,-2,-4,-1,-1,2,0
1563815757780425,-1,-5,-6,-5,-3,-1,-2,1
1563815757780425,-1,-2,0,0,-1,-3,-1,-2
1563815757780425,-1,0,-1,0,-3,-4,-1,-1
1563815757780425,-2,1,2,0,-2,0,-2,-2
1563815757794420,-1,0,0,3,3,-2,-3,1
1563815757794420,0,0,-2,1,-1,-4,0,3
1563815757802412,-3,-4,0,0,0,3,-3,-3
1563815757802412,2,1,3,5,3,3,2,-1
1563815757817423,-2,-2,-9,-13,-6,-4,1,-2
1563815757817423,-2,0,-1,0,-4,-4,-3,-1
1563815757818402,-1,0,1,4,5,1,1,1
1563815757818402,0,-3,0,-3,-5,0,0,1
1563815757840410,-2,0,-1,-2,3,1,-6,-3
1563815757840410,1,1,2,6,3,-1,1,0
1563815757840410,-1,-1,2,3,-3,-5,-5,-1
1563815757840410,0,-2,-3,0,1,0,2,-2
1563815757854383,-1,-1,1,0,-1,-3,-4,1
1563815757854383,-2,-4,-6,-11,-6,3,3,1
1563815757862397,-2,2,2,4,4,0,-1,-2
1563815757862397,-1,2,4,5,5,-2,-3,-2
1563815757878389,-2,-5,-2,1,-10,-4,1,-1
1563815757878389,0,0,-2,-4,-1,-4,-4,-3
1563815757878389,1,-1,-2,-2,-1,6,1,1
1563815757878389,0,0,-2,-2,2,1,-1,-1
1563815757900376,1,0,-3,-3,-8,-6,-2,0
1563815757900376,-2,2,3,1,0,1,0,-1
1563815757900376,0,-4,-2,-3,0,-1,0,1
1563815757900376,-1,1,1,3,4,2,-1,-2
1563815757914367,0,-2,2,-1,3,6,4,3
1563815757914367,0,-1,0,-6,-7,-1,-3,-2
1563815757930359,-1,-2,-2,-3,2,-1,-1,1
1563815757930359,0,0,-1,0,0,7,5,2
1563815757937335,-2,-2,-8,-10,-7,-9,-10,-2
1563815757937335,0,0,0,4,4,1,2,0
1563815757938335,0,1,4,4,1,0,-3,-3
1563815757938335,-1,-4,-3,-6,1,3,0,1
1563815757960342,0,0,0,6,0,-4,2,-1
1563815757960342,-1,-2,-6,-7,-7,2,-1,-1
1563815757960342,-1,-1,-5,-4,-7,-7,-2,0
1563815757960342,-2,-2,0,0,-1,4,3,2
1563815757974317,0,6,6,5,11,7,2,0
1563815757974317,0,1,1,5,6,0,-4,-4
1563815757982328,-1,0,-2,-2,-1,0,1,0
1563815757982328,-1,-5,-5,-8,-6,-7,-3,-1
1563815757997303,-2,0,2,9,2,3,-1,-2
1563815757997303,-1,-1,0,-3,-5,-3,-3,-2
1563815757998300,0,1,0,3,-1,-1,0,-1
1563815757998300,-2,-3,-9,-11,-10,-6,-2,-2
1563815758020306,-2,-2,-2,-7,0,5,0,1
1563815758020306,2,4,4,10,8,-1,-1,-2
1563815758020306,0,-1,3,6,1,0,-2,0
1563815758020306,1,0,-1,-5,-6,-4,-1,0
1563815758043293,-1,-5,-5,-7,-8,-4,2,1
1563815758043293,-4,-4,-2,-1,2,1,0,2
1563815758044273,-2,-2,-1,-2,4,3,-1,-3
1563815758044273,-1,0,1,4,-8,-13,-6,-3
1563815758057286,0,-2,-5,-1,-2,8,6,1
1563815758057286,-1,1,3,2,2,-11,-12,-2
1563815758058268,-1,1,1,3,5,2,4,0
1563815758058268,-2,-2,-1,-1,-5,1,-5,0
1563815758080273,0,1,0,-3,-7,-10,1,-3
1563815758080273,-2,-3,-3,-1,-1,3,2,-1
1563815758081251,-1,-2,-4,-7,-3,3,-3,-1
1563815758081251,-2,1,-1,-1,5,1,0,-1
1563815758103259,0,-1,0,-2,-3,-2,0,1
1563815758103259,2,3,5,5,2,2,2,-2
1563815758104241,-1,-1,-3,-5,0,-3,-1,1
1563815758104241,0,-1,1,9,2,6,4,1
1563815758117231,0,-1,-5,-7,1,1,-2,-2
1563815758117231,-1,-1,-2,-4,-2,-3,-1,-4
1563815758118231,0,0,1,11,0,1,3,-1
1563815758118231,2,-1,-3,-7,-3,-2,-5,0
1563815758140218,0,0,7,9,9,6,1,0
1563815758140218,-3,-3,-4,-9,-4,-1,2,4
1563815758141218,-3,-2,-3,-8,-8,-11,-3,-2
1563815758141218,1,1,4,5,4,5,5,0
1563815758168207,-1,-1,-1,-4,0,-1,-4,0
1563815758168207,0,-3,-6,-8,0,3,-2,-1
1563815758168207,-1,-1,0,1,-1,-4,-1,-1
1563815758168207,-2,0,3,1,-2,-11,-5,-3
1563815758177198,-3,-4,-4,-2,-1,0,-3,-3
1563815758177198,-1,1,3,4,0,1,2,-2
1563815758178198,0,-1,-2,-7,-2,3,0,-1
1563815758178198,0,-1,1,6,3,-1,-3,-1
1563815758208182,-2,-2,-1,-3,-3,-2,0,-1
1563815758208182,0,0,-1,-4,-1,-1,-1,2
1563815758209179,0,0,0,1,-1,-2,0,-1
1563815758209179,-2,-3,-4,0,-1,4,8,2
1563815758223172,-1,0,6,4,3,-4,-10,-3
1563815758223172,0,-1,-4,-1,-2,1,0,-1
1563815758224171,1,-2,-3,-5,-2,-3,-2,2
1563815758224171,-2,1,-1,-3,0,3,1,1
1563815758237164,-1,-2,-5,-8,-16,-10,-2,0
1563815758237164,-1,-1,6,7,3,3,-1,-1
1563815758238163,-1,-1,-4,-7,-3,3,-1,-1
1563815758238163,0,1,-1,-3,4,-4,-8,-4
1563815758260152,-1,1,1,0,2,3,4,1
1563815758260152,-1,-3,-3,-3,-2,-2,0,0
1563815758261149,-2,-4,-2,-7,-7,-2,0,0
1563815758261149,-1,-2,0,-2,2,-1,-1,-1
1563815758283148,-1,1,3,4,5,2,-2,-2
1563815758283148,-1,-2,1,2,-3,-9,-2,-1
1563815758284136,-1,0,-1,1,3,11,5,-1
1563815758284136,-2,-2,-3,-6,-5,-3,-2,-1
1563815758297133,0,1,0,6,-2,1,1,0
1563815758297133,0,-1,-3,-4,0,1,1,0
1563815758298127,-1,-2,-5,-3,0,-2,-2,0
1563815758298127,-3,0,2,0,-4,-4,-2,-1
1563815758320120,0,2,0,1,-4,-10,-2,-2
1563815758320120,-3,0,-1,-11,-14,-5,-1,-3
1563815758321115,-3,-2,-1,1,2,6,-2,0
1563815758321115,0,-2,-4,-3,2,2,2,0
1563815758343104,0,0,0,7,8,4,1,-1
1563815758343104,-1,-2,-3,-2,1,0,1,-1
1563815758344102,1,2,4,1,-1,-2,-3,-1
1563815758344102,-1,-3,-3,-2,-1,-3,-2,-1
1563815758357113,-4,-3,-3,-7,-3,-4,-1,-4
1563815758357113,-1,0,0,1,1,0,0,1
1563815758358094,-1,0,2,4,0,-1,-1,0
1563815758358094,1,-3,-6,-6,-3,-3,-5,-1
1563815758380081,0,0,-1,-4,-1,-2,-1,-3
1563815758380081,-2,0,1,3,1,2,0,-4
1563815758381081,0,-3,-3,-1,-5,-2,1,0
1563815758381081,-1,1,2,1,0,-2,1,1
1563815758403069,0,-4,-5,-9,-2,2,0,2
1563815758403069,1,1,1,8,9,1,0,-1
1563815758404070,-2,0,1,-2,-2,-5,-3,-4
1563815758404070,1,-2,-4,3,-2,3,2,-1
1563815758417059,-3,0,-1,3,1,-4,-3,2
1563815758417059,1,1,1,-3,-2,2,-1,0
1563815758418060,-1,-1,-4,-3,2,-5,-1,-3
1563815758418060,1,2,1,3,1,2,1,-2
1563815758440050,0,-4,-7,-6,-7,0,2,1
1563815758440050,-1,-2,1,2,0,-4,-3,-1
1563815758441046,0,1,4,0,-1,1,1,-1
1563815758441046,-3,-3,-2,-4,0,1,-2,0
1563815758464033,-1,-2,0,5,1,-2,-1,-1
1563815758464033,-3,0,3,2,-6,-4,-4,-3
1563815758464033,0,-2,-8,-3,-5,-4,0,0
1563815758464033,-1,-4,-5,-9,-4,-4,1,-1
1563815758486023,-1,0,3,9,6,4,0,0
1563815758486023,1,1,3,3,0,-6,-4,0
1563815758486023,-1,-1,0,7,5,7,5,1
1563815758486023,-2,5,3,-3,-6,-2,-3,-2
1563815758500012,0,-4,-4,-10,-6,-10,-8,-2
1563815758500012,0,-2,-1,7,6,11,2,1
1563815758501014,1,1,1,-4,-6,-7,-3,-1
1563815758501014,-3,-1,-1,0,2,-1,0,0
1563815758523018,-2,-2,-1,-2,3,5,4,0
1563815758523018,-2,-5,-9,-14,-5,-3,1,1
1563815758523998,-2,2,5,7,-4,-7,-5,-4
1563815758523998,1,1,0,0,1,1,0,-1
1563815758537993,1,0,2,4,2,4,5,-1
1563815758537993,1,1,-2,0,4,0,-2,0
1563815758537993,-3,-3,-7,-11,-8,0,-6,-1
1563815758537993,-2,-1,3,-1,-2,-2,-2,0
1563815758559996,0,4,5,15,10,2,0,-2
1563815758559996,0,-1,-4,-9,-4,1,4,-1
1563815758560977,-1,-2,-1,4,-1,-2,0,-1
1563815758560977,0,-1,-2,-6,-4,-4,-1,-2
1563815758582964,2,-2,-2,-4,-2,0,-1,0
1563815758582964,-3,0,0,3,3,1,-3,-2
1563815758583964,-1,0,2,1,0,-2,-1,1
1563815758583964,-2,-3,-5,-4,-3,-2,0,0
1563815758597957,-2,-2,-3,-6,-2,-1,2,0
1563815758597957,-1,-2,-2,-1,-6,-3,-3,-3
1563815758597957,-1,0,-1,0,0,-2,-2,0
1563815758597957,-1,-2,3,11,6,2,-2,0
1563815758619947,0,0,-2,-11,-4,3,2,1
1563815758619947,-2,-3,-4,-3,-4,-9,-8,2
1563815758620950,0,1,0,-4,0,1,-1,0
1563815758620950,-1,0,0,7,-1,-4,-1,0
1563815758642930,-3,-4,-4,-5,1,0,-3,-1
1563815758642930,-1,-1,-1,-1,-2,-2,1,0
1563815758643930,1,2,8,7,8,3,0,-3
1563815758643930,0,-2,-3,-7,-9,-4,-4,-1
1563815758657922,0,1,-1,-8,-10,-4,-1,0
1563815758657922,-1,-1,-3,1,2,1,1,0
1563815758657922,0,-3,-3,1,3,-1,3,0
1563815758657922,-1,-1,-3,-2,-3,2,-3,-3
1563815758679909,-1,-1,2,5,3,0,0,-2
1563815758679909,0,2,2,-6,-1,1,2,0
1563815758680908,-3,-3,-2,3,-5,-7,-3,-1
1563815758680908,-1,-2,-3,-2,5,-1,0,1
1563815758702900,-1,-3,-5,-9,-11,-6,-3,2
1563815758702900,1,1,2,7,3,-1,1,-1
1563815758703897,0,-3,-3,-4,3,10,5,0
1563815758703897,-2,-1,2,-3,-2,-1,0,-2
1563815758716888,0,-2,0,9,4,-1,-1,1
1563815758716888,-1,1,3,1,4,3,1,-2
1563815758724886,1,-2,0,2,-6,-5,-1,0
1563815758724886,0,0,-2,-4,-1,2,2,-1
1563815758740875,0,2,3,5,2,0,-4,-4
1563815758740875,-2,-4,-7,-2,1,-1,3,0
1563815758741874,-1,-1,-1,-5,0,-4,-8,-1
1563815758741874,0,3,4,2,-3,0,-1,-1
1563815758763862,-3,-3,-6,-5,-3,-1,1,-1
1563815758763862,-2,-5,-9,-14,-10,-3,-2,1
1563815758764861,-1,1,2,9,8,2,1,-3
1563815758764861,-1,0,3,3,1,-2,0,1
1563815758776853,-1,0,1,-1,0,1,0,-1
1563815758776853,2,-4,-6,-6,-5,-2,1,-1
1563815758784857,-2,-3,-7,-10,-8,-5,-1,1
1563815758784857,-1,0,2,2,1,-2,-1,-1
1563815758800839,0,1,2,6,2,3,-4,-2
1563815758800839,0,0,3,3,3,0,-1,1
1563815758801839,-1,0,-1,-5,-11,-12,-4,-1
1563815758801839,-1,-3,-1,0,2,-3,2,1
1563815758822827,0,-3,-3,0,0,1,2,2
1563815758822827,0,0,3,0,-1,-1,-2,-1
1563815758823826,-1,1,1,1,0,3,0,-4
1563815758823826,1,-3,-5,-1,2,0,-3,-2
1563815758836823,-1,2,-1,0,-3,-5,-4,-1
1563815758836823,-1,-4,-5,-1,-3,-2,-1,-2
1563815758844814,0,0,-1,-1,2,4,1,3
1563815758844814,0,-2,-1,-3,-3,-2,-3,-1
1563815758860805,-1,0,-1,2,3,2,0,-1
1563815758860805,-1,1,0,-3,-3,-3,-3,-1
1563815758861804,-2,-1,0,-2,-2,1,0,0
1563815758861804,-1,1,2,3,5,0,-1,-4
1563815758882792,-1,2,1,-1,-1,3,-2,-2
1563815758882792,-1,-2,-3,-6,0,4,0,0
1563815758883792,-1,-4,-8,0,-6,-6,-1,0
1563815758883792,0,1,2,1,1,1,-1,-2
1563815758896785,0,0,5,3,-4,-5,1,1
1563815758896785,-1,2,3,2,1,3,-2,-4
1563815758904780,0,-1,0,-2,4,3,-2,-2
1563815758904780,-2,-4,-5,0,0,-1,0,2
1563815758920770,0,0,1,1,-2,-3,3,1
1563815758920770,0,0,-3,1,-2,0,-2,2
1563815758921772,1,-1,-3,-2,1,2,-2,-1
1563815758921772,0,1,3,2,-1,0,-1,1
1563815758942758,0,-3,-3,-4,2,2,-3,-3
1563815758942758,-2,-4,-2,1,-2,-4,-1,1
1563815758943757,-1,2,2,-2,-4,-2,0,-1
1563815758943757,-1,-1,-4,-4,-2,-2,2,0
1563815758956749,-1,-1,0,1,-3,-5,-1,-1
1563815758956749,-2,1,4,6,6,5,-1,-2
1563815758964745,0,-2,-6,-7,0,1,2,0
1563815758964745,0,1,4,-1,-7,-1,-1,-1
1563815758980756,-1,0,-4,-1,-7,-10,-4,-2
1563815758980756,-2,2,1,-1,-1,0,0,-1
1563815758981738,2,0,5,8,7,2,-1,1
1563815758981738,-2,-2,-2,-1,0,2,1,1
1563815759002723,-1,-1,-3,-5,4,5,3,0
1563815759002723,-1,-3,-3,2,-2,-7,-3,-1
1563815759003726,0,1,5,2,1,3,-1,-1
1563815759003726,-1,-3,-6,-5,-5,-1,-1,0
1563815759025729,-1,-5,-4,-9,-6,1,0,0
1563815759025729,0,1,3,4,1,-1,0,-3
1563815759027711,-1,-4,-4,-7,0,0,-1,-1
1563815759027711,-1,2,4,9,4,-1,0,-1
1563815759039721,-1,1,1,0,-1,0,1,0
1563815759039721,-2,-2,-7,-7,0,-3,-3,-1
1563815759048697,-2,-1,-1,1,-1,-1,0,2
1563815759048697,0,-1,-1,-3,-4,4,1,-2
1563815759063689,-2,-5,-4,-1,-8,-10,-2,-2
1563815759063689,2,1,4,-2,-2,-5,-1,0
1563815759064688,-2,-3,-2,-2,1,1,-2,-1
1563815759064688,0,1,0,4,6,2,0,-1
1563815759085695,1,1,0,2,5,0,1,0
1563815759085695,-1,-2,-1,-4,-9,3,1,-1
1563815759087676,-3,-3,-8,-6,-1,-2,-1,-1
1563815759087676,-2,-2,-6,-4,-2,2,0,-2
1563815759099688,-2,0,2,3,3,-3,-3,-3
1563815759099688,-1,0,1,3,0,-1,-1,0
1563815759106668,0,1,2,-4,-2,1,3,1
1563815759106668,0,-1,-1,-3,-3,-3,-3,0
1563815759123654,0,2,3,1,4,4,-3,0
1563815759123654,1,1,0,3,-10,-11,-3,-1
1563815759124655,-2,-1,1,2,-4,-6,-3,-2
1563815759124655,-1,-4,-8,-5,3,-1,-1,-2
1563815759145645,-2,-1,-5,-10,-7,1,1,0
1563815759145645,-1,0,-1,1,-3,-4,-5,-3
1563815759147642,0,-1,-1,3,1,-1,-1,-2
1563815759147642,0,-2,-5,-7,-4,-1,-1,-1
1563815759160637,-1,-2,1,-2,4,4,-1,-1
1563815759160637,0,-1,-1,5,3,3,1,0
1563815759162633,0,0,0,-3,-3,0,-1,1
1563815759162633,-1,-1,0,-1,1,-3,-3,-1
1563815759183620,-2,-4,-3,-2,-5,3,1,0
1563815759183620,-1,2,1,-1,-1,-1,-1,-1
1563815759189617,0,0,1,4,3,1,-1,-1
1563815759189617,0,-2,-3,-5,-5,-1,-1,1
1563815759205608,-1,1,-2,-5,-4,-4,-3,-2
1563815759205608,1,0,4,2,3,1,1,1
1563815759207606,0,-1,1,-1,-2,2,2,1
1563815759207606,-2,0,2,5,4,-2,-8,-2
1563815759219599,-1,-5,-7,-5,-6,-5,-2,0
1563815759219599,-1,-3,-3,-7,-1,1,1,1
1563815759226596,1,-1,-2,2,1,0,-3,-1
1563815759226596,-1,1,4,-1,-3,-1,0,-1
1563815759243587,1,-1,-1,1,5,0,-4,-1
1563815759243587,-2,-1,-4,-7,-8,2,4,0
1563815759244585,-2,0,-1,4,1,-5,-5,-1
1563815759244585,-3,-1,-1,0,-8,-8,-1,-1
1563815759266574,-1,0,1,2,2,-1,0,-2
1563815759266574,0,-1,-4,-3,8,8,3,-1
1563815759267572,0,-1,1,-2,-5,2,7,1
1563815759267572,1,-1,-2,-1,-9,-5,-6,-3
1563815759279566,2,2,1,-1,-2,-1,0,-2
1563815759279566,-3,-3,-4,0,-1,-3,-2,0
1563815759286561,-2,-3,-1,-1,6,7,-1,1
1563815759286561,1,1,1,3,-5,-7,1,-2
1563815759303551,-2,-3,-4,-3,-3,0,0,0
1563815759303551,1,-1,0,2,3,-1,-2,-3
1563815759304551,0,-1,-6,-9,-7,-2,0,0
1563815759304551,0,-1,1,-1,2,5,1,0
1563815759325538,2,2,4,9,2,3,1,0
1563815759325538,-1,-3,-2,-3,-3,-9,-7,-1
1563815759327537,-1,0,-2,0,1,-4,-1,-1
1563815759327537,0,-1,1,-1,3,3,1,-1
1563815759340530,-1,1,0,3,-1,0,0,-2
1563815759340530,1,-1,-1,-3,-3,-1,-2,0
1563815759346527,0,-1,-5,-5,-5,-3,-2,-2
1563815759346527,-1,-1,-7,-5,-2,2,1,-2
1563815759363517,-2,0,8,8,5,-1,0,-1
1563815759363517,0,1,1,-1,0,9,4,1
1563815759364516,0,-1,-1,-3,-5,-5,-3,0
1563815759364516,0,0,-2,2,-1,-2,0,1
1563815759385504,-1,0,1,5,5,1,0,-2
1563815759385504,0,0,-1,-2,-1,-4,-1,-1
1563815759387505,-1,-2,-2,-3,-5,-3,-1,1
1563815759387505,-1,-1,-1,-6,2,0,-1,0
1563815759399497,1,-1,0,6,-1,-1,-2,-4
1563815759399497,-1,-2,-5,-6,-3,-2,0,0
1563815759406492,-3,0,-1,1,7,5,-1,-2
1563815759406492,0,0,-3,0,-3,-5,0,-1
1563815759430479,-3,-3,-5,-11,-2,2,0,1
1563815759430479,0,2,2,4,-7,-7,0,-3
1563815759432478,-2,-2,0,3,4,3,-1,-4
1563815759432478,-3,-3,-4,-5,0,-1,1,-1
1563815759445470,2,1,1,-3,0,-4,-5,1
1563815759445470,-2,-3,-8,-8,-3,-4,0,-1
1563815759447470,-1,0,3,3,1,2,3,0
1563815759447470,0,-1,1,2,-1,3,1,-1
1563815759460461,-1,-3,-6,-5,-5,-4,1,1
1563815759460461,-1,0,0,-1,1,-4,-1,0
1563815759466461,0,1,3,1,-2,1,-4,-4
1563815759466461,0,-2,-1,0,4,2,1,0
1563815759483467,0,-2,-2,-5,-3,-2,-3,0
1563815759483467,-1,-2,-2,2,2,-1,-3,0
1563815759484451,-1,0,-2,-1,-6,-3,-1,-1
1563815759484451,0,1,0,5,6,0,-1,0
1563815759505435,-3,-1,0,-2,-4,-1,-2,-2
1563815759505435,-1,-2,-1,-6,-5,0,-1,1
1563815759507434,0,0,-1,-5,-2,-3,-1,0
1563815759507434,-3,-3,-4,-2,0,1,0,-1
1563815759519447,-1,-1,-3,1,-1,-6,-1,0
1563815759519447,1,3,8,9,6,2,1,-1
1563815759528422,-1,-1,0,-2,-4,0,0,-1
1563815759528422,-2,-3,-3,1,6,1,-2,3
1563815759543416,-1,-1,-1,-5,-6,-2,4,-1
1563815759543416,-2,0,2,5,-2,1,-4,-1
1563815759544420,0,0,-8,-5,-6,-6,-1,-1
1563815759544420,0,0,2,-2,-1,-4,-2,-1
1563815759565401,-3,-3,-5,-2,-4,1,0,-1
1563815759565401,-2,-1,-2,-3,2,1,1,-2
1563815759567403,-1,1,0,-2,-4,-5,-3,1
1563815759567403,0,0,1,5,-2,0,-1,-1
1563815759579394,-1,0,5,6,5,3,-1,-2
1563815759579394,0,-3,-5,-7,-3,-2,0,1
1563815759594387,0,-3,-3,0,-6,-10,-4,1
1563815759594387,-1,-1,-4,-8,-4,3,-2,-3
1563815759603398,0,1,5,8,2,0,1,1
1563815759603398,0,-1,-4,-1,2,0,0,0
1563815759604398,-2,-2,0,1,-2,0,-3,-3
1563815759604398,0,2,4,-3,-3,-1,0,-3
1563815759625385,-1,-2,-5,-3,-3,-2,-1,0
1563815759625385,0,0,3,3,-1,-4,-1,0
1563815759627385,-2,-3,-3,-6,2,3,2,0
1563815759627385,-2,-1,-3,1,-4,-2,1,0
1563815759639378,-2,0,0,-3,0,-1,-5,-2
1563815759639378,-1,-2,0,2,3,-1,-2,-2
1563815759655349,1,1,1,1,-7,-5,4,-2
1563815759655349,-1,-2,-3,2,5,0,-8,-1
1563815759663350,-1,0,1,-5,1,-1,-1,0
1563815759663350,-2,1,0,0,-8,1,-2,-2
1563815759664344,0,0,-3,3,4,-3,-2,0
1563815759664344,0,0,1,-8,-5,-3,5,-1
1563815759685351,1,0,3,12,4,3,-1,-1
1563815759685351,-2,-1,-2,-3,1,1,-2,0
1563815759687331,-2,-3,-1,-1,-7,-7,-5,-1
1563815759687331,-1,-2,-3,-1,3,5,2,1
1563815759699323,-2,-3,-3,-6,-9,-8,-4,-2
1563815759699323,-1,-2,-3,-5,-4,0,1,-1
1563815759708318,-1,-2,-2,-1,3,3,1,-1
1563815759708318,-2,-1,3,0,0,-1,-1,-1
1563815759723310,0,-1,-1,1,0,-2,0,0
1563815759723310,0,-2,-1,5,4,3,1,-1
1563815759724310,-3,-2,0,3,3,1,2,1
1563815759724310,0,2,1,-3,-6,-2,-4,-1
1563815759745297,-1,0,-4,0,5,6,5,1
1563815759745297,-2,-2,-3,-5,-5,-6,-4,-1
1563815759747296,-1,-3,-5,-4,2,1,0,1
1563815759747296,-1,2,3,7,5,0,1,-1
1563815759759289,-2,0,2,-2,-6,-3,-5,-2
1563815759759289,0,1,1,3,1,2,0,-1
1563815759768284,1,0,-3,-3,4,1,-2,-1
1563815759768284,-1,-4,-4,-4,-9,-11,-3,1
1563815759783295,0,0,-4,-6,-4,-2,1,0
1563815759783295,-1,-3,-3,-3,1,1,2,0
1563815759785278,0,1,4,7,0,1,2,-3
1563815759785278,0,0,-2,-2,3,0,-9,-2
1563815759805266,-2,-2,-2,-3,-6,-5,-1,0
1563815759805266,-1,0,1,3,0,-3,-4,-2
1563815759807265,0,-1,-2,-4,-2,-1,3,2
1563815759807265,0,-2,-1,-3,-1,5,0,-1
1563815759819274,-2,1,0,1,0,1,1,0
1563815759819274,1,0,3,3,5,3,4,-1
1563815759828269,-2,-3,-4,-5,-2,-4,-6,-3
1563815759828269,-1,1,1,1,-4,-1,2,-1
1563815759843261,0,-1,-5,-8,-3,2,1,-1
1563815759843261,-2,-1,-3,-4,-4,-2,1,0
1563815759845243,-2,-1,0,-2,0,-4,-2,-1
1563815759845243,0,0,1,4,7,1,1,0
1563815759873243,-2,-4,-2,-7,-1,4,-1,-2
1563815759873243,0,1,2,9,-9,-8,-5,-1
1563815759875228,0,0,0,-7,-3,3,2,-1
1563815759875228,-2,-3,-6,-7,-9,-8,-5,-1
1563815759879221,1,-2,-3,1,4,0,2,1
1563815759879221,-1,0,0,0,3,0,-3,-3
1563815759888235,-2,1,1,0,2,7,2,-1
1563815759888235,-2,-4,-2,-2,-3,0,0,-1
1563815759903207,0,-1,2,4,2,2,-1,-1
1563815759903207,-2,1,-1,-6,-1,-2,-2,0
1563815759905207,0,-3,-5,-7,-9,-8,-4,0
1563815759905207,0,0,-1,-2,0,6,5,-1
1563815759925214,-1,0,0,0,-4,-4,-3,-1
1563815759925214,1,-1,2,-2,-7,-2,0,-1
1563815759927212,0,-3,-1,-2,3,1,-2,1
1563815759927212,-1,0,0,1,-1,0,2,0
1563815759939205,-2,-2,2,2,-3,-7,-5,-4
1563815759939205,-1,-2,-1,-4,2,3,3,1
1563815759948184,1,-1,-2,-1,-2,1,-1,2
1563815759948184,-1,-1,0,3,-2,-3,-3,-3
1563815759963173,2,1,-2,-6,1,1,3,0
1563815759963173,-2,-2,-2,4,0,-2,-1,0
1563815759965171,-1,1,1,2,2,0,0,-1
1563815759965171,0,-4,-6,2,0,1,3,4
1563815759986179,0,-1,1,-6,-3,0,-1,-3
1563815759986179,1,0,0,-1,-3,-7,-2,-1
1563815759988162,1,0,0,5,2,3,0,-2
1563815759988162,-1,0,1,-6,-6,-4,-2,0
1563815760008147,-1,-1,-4,-2,-3,-2,0,1
1563815760008147,-1,-3,-5,-6,0,0,-1,1
1563815760010146,-1,1,0,4,1,0,1,-1
1563815760010146,0,3,4,12,10,-1,-1,-2
1563815760022158,-1,0,-2,-3,-3,-7,-4,0
1563815760022158,-2,-1,-1,-6,-3,4,1,-3
1563815760029138,-1,0,-2,2,4,2,-2,-1
1563815760029138,0,-1,-2,-4,-8,-7,-1,0
1563815760046128,-2,-2,-1,5,5,2,-2,-1
1563815760046128,0,0,-1,-3,0,0,0,0
1563815760047127,-1,-1,-4,-8,-5,-6,-1,1
1563815760047127,-2,-5,-2,-2,7,8,-1,0
1563815760068132,-2,1,1,8,2,-2,0,-4
1563815760068132,-1,-3,-4,-5,-8,-9,-2,-1
1563815760070111,-1,-1,3,0,-5,-2,1,0
1563815760070111,0,3,1,1,-4,5,2,-1
1563815760083106,-1,-4,-7,-6,-1,-4,-8,0
1563815760083106,-2,-3,-3,2,6,4,-4,-3
1563815760085107,0,3,6,7,0,-8,-5,-3
1563815760085107,0,-1,-2,-5,-8,-5,0,-1
1563815760106091,0,0,1,3,4,2,5,0
1563815760106091,-1,-4,-8,-8,0,2,1,1
1563815760107090,-1,-3,0,-1,-6,-1,-3,-1
1563815760107090,0,2,3,2,3,-3,-5,-3
1563815760128079,0,-2,-2,0,-3,-2,2,1
1563815760128079,0,1,3,2,1,5,2,-1
1563815760130079,-3,-2,-2,0,6,5,3,-1
1563815760130079,-1,-4,-4,-7,-10,-1,-2,2
1563815760151066,-1,3,3,-1,-1,1,-1,-2
1563815760151066,-1,0,-1,4,1,-2,2,0
1563815760152065,-1,-1,-2,-7,-2,0,-1,-2
1563815760152065,0,-1,-1,3,3,4,3,-1
1563815760166058,-3,-4,-2,-5,3,2,-4,1
1563815760166058,-1,0,-3,-4,-10,-9,-3,0
1563815760167057,1,2,6,8,-1,-6,0,-2
1563815760167057,-2,-1,2,4,-5,-10,-5,-3
1563815760188055,1,-3,-9,-7,2,4,3,0
1563815760188055,-2,-2,0,-3,-3,1,2,0
1563815760190053,-1,-4,-5,-2,1,-2,-5,1
1563815760190053,-2,0,-2,-3,1,-2,0,0
1563815760204042,0,3,6,12,0,1,1,-1
1563815760204042,-2,-1,0,-4,0,3,1,-2
1563815760211031,0,-2,-1,-1,-2,-5,-10,-2
1563815760211031,-1,-2,-1,0,5,2,0,-2
1563815760226022,-1,-3,-8,-13,-11,-5,0,2
1563815760226022,0,-1,3,1,-4,-4,0,-2
1563815760227022,-3,-1,-5,-6,-2,2,3,-1
1563815760227022,-1,0,2,8,6,-1,-1,-1
1563815760248011,0,0,2,-1,-3,1,1,-1
1563815760248011,1,1,1,4,1,-5,-3,0
1563815760250011,-1,2,4,3,2,7,1,-2
1563815760250011,0,-4,-7,-11,-4,-2,0,-2
1563815760264001,-2,-2,-6,-2,-1,-4,-1,-2
1563815760264001,0,-2,2,-2,2,2,-4,-2
1563815760269997,0,1,0,2,-4,-4,0,1
1563815760269997,1,0,1,-1,4,6,4,0
1563815760285991,0,-2,2,4,-3,-3,-4,-2
1563815760285991,0,-2,-2,1,2,-1,-1,0
1563815760286987,1,1,2,0,6,7,1,-1
1563815760286987,-2,-3,-3,-5,-10,-8,-1,-1
1563815760308975,1,-4,-6,-5,-4,-1,-1,0
1563815760308975,-2,0,0,5,3,4,2,1
1563815760309974,-1,-2,2,5,5,0,-4,-1
1563815760309974,0,1,-3,-2,-5,-2,-1,0
1563815760322967,1,1,6,0,2,0,1,0
1563815760322967,-1,-3,-7,-4,-1,-2,1,2
1563815760329962,-2,1,1,1,0,0,2,-2
1563815760329962,-1,0,0,-2,2,-3,-4,-2
1563815760348952,-2,-2,-4,-3,-3,3,4,1
1563815760348952,-1,-1,2,3,-6,-8,-7,-4
1563815760348952,-1,-2,-3,-6,-2,-1,0,0
1563815760348952,2,-1,0,1,-1,-2,-2,0
1563815760367944,-2,-1,-1,4,2,0,0,-2
1563815760367944,-1,0,1,-5,4,4,1,0
1563815760369940,-2,-1,-4,-5,-5,-2,-1,-2
1563815760369940,-1,0,1,5,0,0,-1,-2
1563815760382932,1,2,0,-5,2,-3,-1,-2
1563815760382932,-3,-6,-6,-8,-9,-3,-3,-1
1563815760388928,-1,-2,-3,-1,-2,0,-1,-1
1563815760388928,0,3,1,0,1,-2,-2,-3
1563815760405919,-2,1,3,1,-2,1,0,0
1563815760405919,-2,0,-4,-1,4,0,-4,-1
1563815760406933,0,-1,-2,-4,0,2,1,0
1563815760406933,1,0,5,6,0,3,3,1
1563815760428906,-1,-1,1,3,4,0,-2,-1
1563815760428906,0,0,-2,-2,-1,1,-1,0
1563815760430906,-1,-4,-6,0,-9,-9,-1,-1
1563815760430906,-2,-4,-3,-3,0,-2,-1,0
1563815760442897,-2,-1,-2,-1,1,0,0,1
1563815760442897,0,2,2,3,3,4,0,-1
1563815760449896,0,2,0,-5,-2,3,3,-1
1563815760449896,-2,-3,-2,-1,-10,-10,-5,-3
1563815760465884,-3,-1,-1,3,0,0,-2,-1
1563815760465884,-1,-3,-5,-4,-1,0,2,0
1563815760466884,-2,-1,0,7,2,-6,-4,-1
1563815760466884,-1,0,2,-4,-1,3,0,-1
1563815760487871,0,-3,-1,-3,-6,-6,-2,0
1563815760487871,0,2,2,8,4,-5,-1,-3
1563815760489871,-1,-2,-4,-3,4,7,3,2
1563815760489871,-1,0,-1,-7,-2,3,2,2
1563815760501866,0,0,2,5,-3,-7,-6,-3
1563815760501866,1,-1,0,-4,-5,-2,-1,-1
1563815760510859,-1,-4,-1,0,2,1,2,-1
1563815760510859,0,-4,-3,0,0,0,-5,0
1563815760525850,-1,1,0,-3,4,5,2,0
1563815760525850,-2,-2,-2,-5,-4,-8,-2,-2
1563815760526849,0,0,1,-4,-4,4,1,0
1563815760526849,-1,-2,0,6,3,2,2,-1
1563815760549841,-1,-2,-2,-1,-5,-1,-4,-1
1563815760549841,0,-2,1,-1,-1,-2,0,1
1563815760550835,-1,1,1,5,7,2,-1,-3
1563815760550835,-1,-4,-6,-8,-1,-2,-3,-2
1563815760561832,-1,-2,-2,-2,-5,-2,1,-2
1563815760561832,0,-1,0,0,-4,-4,-4,0
1563815760570826,-1,-1,0,0,-3,-5,0,1
1563815760570826,0,3,1,0,2,2,-1,-1
1563815760585816,0,0,-2,-2,-3,-5,1,0
1563815760585816,0,0,1,-2,6,7,0,1
1563815760586816,-1,0,-1,-1,-9,-5,-3,-1
1563815760586816,-3,-1,-5,-4,-3,-2,0,0
1563815760607804,0,-1,2,-3,-1,-3,-4,-2
1563815760607804,-1,-1,-1,-1,1,4,2,0
1563815760609802,-1,-2,0,4,4,-1,-1,-3
1563815760609802,-1,-1,-2,-1,3,-1,0,-1
1563815760621796,0,-1,-7,-2,1,1,1,1
1563815760621796,0,2,4,6,0,1,0,0
1563815760630802,0,1,2,1,1,-1,-5,-3
1563815760630802,0,-1,-3,-5,-1,1,1,3
1563815760645781,-2,-3,-3,0,-3,0,0,1
1563815760645781,-2,-2,1,0,-1,-4,-2,-1
1563815760646782,0,-2,-5,-7,-3,0,-1,-1
1563815760646782,-3,-1,1,6,0,2,4,-2
1563815760667768,0,-3,-6,-9,-5,-6,-11,-1
1563815760667768,-2,-1,-5,-3,-8,-9,-2,-1
1563815760669768,-1,2,1,-2,1,0,1,1
1563815760669768,-1,1,1,-1,0,1,-1,-2
1563815760681762,0,1,2,8,6,8,4,-2
1563815760681762,-1,0,-5,-13,-14,-9,-4,-4
1563815760690756,-1,-2,0,6,3,-3,-4,-2
1563815760690756,2,-2,-1,-4,-4,-4,0,-2
1563815760705746,-1,-3,-4,0,1,-1,0,1
1563815760705746,0,-1,0,6,4,1,-1,2
1563815760707745,-1,0,1,1,-2,4,1,0
1563815760707745,-1,1,-1,1,0,1,-4,-1
1563815760727734,0,1,-1,-6,-1,0,1,-1
1563815760727734,-1,-4,-3,6,3,0,0,0
1563815760729733,0,-1,2,-3,-4,-1,0,2
1563815760729733,1,2,5,11,6,1,-2,0
1563815760741725,-3,-2,-2,-6,-9,-5,-3,-2
1563815760741725,-2,-4,-5,-7,2,5,1,-1
1563815760750721,-1,0,1,-1,-9,-8,-3,-2
1563815760750721,0,-1,-2,0,3,-1,-3,0
1563815760765712,-2,0,1,0,-1,5,7,1
1563815760765712,2,1,1,3,3,2,-1,-1
1563815760767712,-2,-2,-4,-2,-1,0,-2,-2
1563815760767712,-1,-1,-2,-4,-4,-2,-2,-1
1563815760787700,1,1,0,2,6,1,-2,-1
1563815760787700,-1,-2,-4,-7,-5,-1,3,0
1563815760789699,1,-2,-3,5,2,-1,2,-2
1563815760789699,-1,1,0,-4,-7,-4,-1,-2
1563815760801692,-1,-2,1,1,0,4,-1,1
1563815760801692,-1,1,0,-3,1,4,1,-1
1563815760818682,0,-1,-3,-4,2,0,0,1
1563815760818682,-1,-1,-4,1,2,-1,-1,0
1563815760825679,0,1,1,9,1,-4,-1,0
1563815760825679,-3,0,4,-1,0,1,-1,-2
1563815760827677,0,-3,-3,-9,-7,-3,2,0
1563815760827677,0,-4,-4,-4,1,4,-1,-1
1563815760848665,-1,0,-1,2,5,1,-1,1
1563815760848665,1,3,6,11,1,2,-2,-1
1563815760849666,1,-1,-1,1,-3,-3,1,2
1563815760849666,-2,-2,-2,-4,-4,-1,-5,-1
1563815760861661,-1,-3,-4,-3,5,5,3,-1
1563815760861661,-1,-2,-3,-5,-10,-10,-2,-2
1563815760870653,-2,1,1,-3,-1,-4,-4,0
1563815760870653,-1,0,1,3,-5,-6,1,-1
1563815760885644,0,-2,-2,-5,-1,-1,0,-3
1563815760885644,0,-2,0,5,4,4,0,-2
1563815760887642,-1,1,-2,0,3,-1,-3,-3
1563815760887642,0,2,-2,-3,1,4,2,-2
1563815760908633,-2,0,3,3,-6,-2,-4,-2
1563815760908633,-2,-3,-7,-5,-2,-4,-1,0
1563815760909631,-1,-2,-2,-1,-2,2,-1,-1
1563815760909631,0,-5,-3,-3,2,-4,-3,1
1563815760930618,0,0,1,-2,-6,-3,-1,-2
1563815760930618,0,0,-1,-5,-3,-2,0,-1
1563815760932617,0,-1,-2,-3,0,-1,-2,0
1563815760932617,-3,-1,-2,3,-2,2,3,2
1563815760945610,1,-1,0,0,-3,-4,-1,-1
1563815760945610,0,2,3,6,7,2,-1,-1
1563815760947608,-3,-4,-5,-8,-4,-1,-1,-1
1563815760947608,-1,-2,-5,-2,-5,-3,-1,-2
1563815760968596,-2,-1,-3,-5,-2,-3,-2,-1
1563815760968596,-1,0,-1,2,4,-1,0,1
1563815760969595,-1,-1,1,-2,-4,3,0,-2
1563815760969595,0,-2,1,0,1,-1,-1,0
1563815760990583,-3,4,7,5,-3,-4,-3,-3
1563815760990583,2,1,-2,0,6,3,2,-1
1563815760992582,0,2,1,-1,-4,-2,-2,-2
1563815760992582,-1,-4,-4,-6,-8,-4,0,-1
1563815761005578,2,0,0,3,6,2,4,2
1563815761005578,-2,-4,-2,-6,-6,-1,-3,-1
1563815761007574,-2,-2,1,4,0,-3,1,-2
1563815761007574,-2,0,-6,-3,1,-1,-5,0
1563815761028561,-3,-2,-4,-2,1,2,2,0
1563815761028561,0,2,1,0,-2,0,-2,-2
1563815761029560,1,-2,-1,-1,0,0,1,-1
1563815761029560,-1,-1,4,3,-5,-5,-2,-2
1563815761050549,-2,-3,-7,-6,3,7,6,3
1563815761050549,-1,-1,3,4,-2,-9,-12,-2
1563815761052548,0,0,1,1,4,5,0,-1
1563815761052548,-1,-2,-2,-3,1,6,2,-2
1563815761065541,-1,-1,1,-2,-5,-10,-4,0
1563815761065541,-2,-2,-1,-5,-3,1,1,-4
1563815761067540,0,2,5,15,11,3,1,-1
1563815761067540,0,-1,-9,-8,-6,-1,-4,0
1563815761088527,-1,-3,-6,-5,-5,0,2,1
1563815761088527,-1,0,2,3,-1,-2,1,-2
1563815761089527,-1,-1,-2,-3,1,2,-2,-2
1563815761089527,1,0,3,-1,-2,4,0,-1
1563815761110514,0,-4,-2,4,0,-4,-5,-2
1563815761110514,-2,-1,-1,-3,-2,0,4,2
1563815761112514,-1,-3,-3,-3,2,-1,-7,-1
1563815761112514,-2,-2,-2,0,1,1,1,-1
1563815761125506,0,1,0,-2,-5,-3,-5,-3
1563815761125506,-2,-3,-2,-1,-5,-1,1,0
1563815761131502,-1,2,1,0,0,0,0,0
1563815761131502,-1,-1,2,-1,1,-2,1,-1
1563815761148494,-2,-2,0,0,-1,0,-1,1
1563815761148494,0,-1,0,4,1,1,-1,1
1563815761149492,0,0,0,-2,3,-1,-3,-2
1563815761149492,-1,0,0,-8,-11,-8,-4,-1
1563815761170480,-1,2,1,4,0,6,3,-1
1563815761170480,-1,-3,-8,-3,-3,-2,1,2
1563815761172480,-2,-2,-3,-1,-2,0,1,-1
1563815761172480,0,2,5,4,8,3,5,0
1563815761184474,0,0,2,3,-1,-2,-7,-3
1563815761184474,0,-2,-4,-9,-5,-1,-1,0
1563815761191468,-2,-2,0,3,-3,-2,0,-1
1563815761191468,0,0,-1,3,-2,-1,1,0
1563815761208459,-1,-1,-3,-8,-7,-3,1,0
1563815761208459,0,-1,-3,-2,-1,1,2,0
1563815761209458,0,-2,0,-2,0,-3,-4,0
1563815761209458,0,-1,1,-2,-3,-4,-2,0
1563815761230446,-2,1,0,0,0,-1,-3,-3
1563815761230446,0,1,1,4,3,-1,-1,0
1563815761234443,0,-1,-6,-6,-4,0,2,1
1563815761234443,-2,0,1,4,2,-1,-2,-1
1563815761245438,-1,-1,-3,-1,4,-1,-1,0
1563815761245438,-2,-2,-5,-3,-6,-6,-3,-1
1563815761259429,-2,-1,-2,-1,-1,5,1,0
1563815761259429,-1,0,-2,1,4,1,-2,-2
1563815761268424,0,0,2,-2,-1,-1,0,0
1563815761268424,-1,-1,-1,3,1,-2,-2,-1
1563815761269424,0,-1,0,0,-2,-6,0,-1
1563815761269424,1,-2,-2,-4,0,1,0,-1
1563815761290412,-2,-1,-1,-4,2,1,-2,-2
1563815761290412,-1,-2,-3,-1,-1,-1,-2,-1
1563815761292411,0,0,0,0,-4,-6,-3,-1
1563815761292411,-1,-1,-2,-4,-1,3,0,1
1563815761305403,0,-1,1,5,2,-2,1,0
1563815761305403,-2,0,3,-2,-2,2,-1,-3
1563815761311400,-1,-1,-4,-3,-2,-1,-2,1
1563815761311400,0,1,0,2,-3,-9,-1,-1
1563815761328390,1,-6,-7,0,0,-3,-2,-1
1563815761328390,0,0,0,-3,-1,-4,-3,2
1563815761329389,-1,1,2,3,2,2,3,-2
1563815761329389,-2,1,1,-3,-3,-6,-2,-2
1563815761350379,1,-1,2,4,-2,7,4,0
1563815761350379,-2,-1,0,-3,-3,-1,0,-1
1563815761352376,0,-2,-3,-3,-1,1,0,1
1563815761352376,0,-4,-7,-3,-1,2,-1,-1
1563815761373364,-3,-1,-3,0,-2,-4,-4,-1
1563815761373364,-1,1,3,5,4,-1,-3,-1
1563815761374363,-1,-4,-6,-8,-9,-4,-1,0
1563815761374363,-3,-1,1,4,0,-4,-5,-4
1563815761388356,0,-2,-1,-3,0,-1,3,-1
1563815761388356,-1,-1,2,3,1,8,2,1
1563815761389355,-2,-3,-2,-7,-2,-9,-2,0
1563815761389355,2,0,0,8,5,6,3,2
1563815761410343,1,2,0,-3,-4,-5,-4,-3
1563815761410343,0,-1,-3,3,1,-2,0,0
1563815761412345,-1,0,-4,-4,-3,1,2,-1
1563815761412345,-1,1,2,-3,-2,3,0,0
1563815761424335,-1,1,0,1,2,2,-1,2
1563815761424335,-2,-2,-1,2,-2,-6,-2,-1
1563815761433330,1,0,-3,1,5,10,1,1
1563815761433330,0,-1,0,-4,-4,-1,-3,-1
1563815761448321,-2,-2,-3,-6,-5,-2,-2,1
1563815761448321,0,-3,-5,-5,-4,-1,2,-2
1563815761449321,-1,0,1,4,2,0,-2,-2
1563815761449321,-1,0,2,1,1,-1,0,-1
1563815761470308,-1,-2,-3,-4,-4,-3,-2,0
1563815761470308,-3,-1,-2,-2,1,3,1,0
1563815761472308,0,1,0,2,-4,-2,-1,-1
1563815761472308,-1,-4,1,2,3,1,-1,-1
1563815761484300,0,2,1,3,2,-6,-1,0
1563815761484300,-1,-1,0,0,1,3,-1,-3
1563815761493296,-1,-1,0,-4,-8,-4,-2,0
1563815761493296,-1,-2,-3,-2,2,-2,1,-1
1563815761508287,-2,-4,-7,-6,-9,-6,-2,-1
1563815761508287,-2,1,0,-2,1,0,-1,-2
1563815761514283,0,1,5,6,4,-1,-1,-2
1563815761514283,0,1,-1,-2,-1,0,0,0
1563815761529276,-1,-3,3,4,2,-3,0,-1
1563815761529276,-1,-4,-9,-12,-6,2,-2,-1
1563815761538270,-3,-4,-4,0,1,-1,1,2
1563815761538270,0,1,-1,4,0,-1,-3,0
1563815761544267,0,2,4,1,1,6,1,0
1563815761544267,0,0,1,3,5,0,0,-1
1563815761553261,-1,-1,0,-1,-3,-1,1,0
1563815761553261,0,-2,-2,-4,-6,-2,-1,-1
1563815761568254,0,-2,1,2,5,5,0,-1
1563815761568254,-1,-2,0,-3,-8,-13,-2,1
1563815761574249,-1,0,-1,2,4,2,-1,-1
1563815761574249,-1,-1,-3,-4,1,-1,-1,0
1563815761590239,-2,-3,-6,-7,-5,2,1,-2
1563815761590239,1,2,4,0,5,4,1,-1
1563815761597236,-1,-1,-2,6,4,-1,0,-3
1563815761597236,-1,-3,-1,-7,-9,-5,-3,-2
1563815761604232,-2,-3,-5,-6,-4,-1,-2,-1
1563815761604232,-1,-2,1,1,1,3,1,0
1563815761613227,-2,-1,0,-4,-4,-3,-2,-1
1563815761613227,-2,-3,-4,3,5,-5,-2,-1
1563815761628218,-1,2,1,0,-3,2,0,-1
1563815761628218,-1,0,1,-3,-2,2,3,-2
1563815761630225,-1,-1,1,-2,-2,-3,-4,0
1563815761630225,-1,-1,3,6,0,-1,2,-1
1563815761650205,1,3,2,3,6,1,-1,-1
1563815761650205,-1,0,-1,5,-3,-3,0,3
1563815761652204,0,-2,-3,-2,1,1,0,-1
1563815761652204,-2,-3,-2,1,0,0,0,0
1563815761664197,-2,1,3,-2,-3,-5,-3,-4
1563815761664197,-1,-1,-3,1,1,1,-2,-1
1563815761673192,1,-1,-2,-5,-3,1,2,-1
1563815761673192,0,-1,-5,-2,-4,-5,-10,-1
1563815761688183,0,0,3,4,2,-3,-2,1
1563815761688183,1,-2,-3,-1,-4,-7,-2,-3
1563815761690183,0,-1,-2,-1,2,4,2,0
1563815761690183,-3,0,3,-3,-1,3,2,0
1563815761710170,0,-2,-1,-1,-3,-3,0,0
1563815761710170,-2,-4,-6,-7,1,6,-1,-2
1563815761712169,-1,-1,0,4,-3,-4,-3,-2
1563815761712169,1,2,4,-2,2,4,1,-1
1563815761724163,0,-2,-2,0,1,-2,-3,1
1563815761724163,-2,0,2,1,-6,-5,-1,-1
1563815761733158,-1,-1,-3,-4,-5,-5,-2,-1
1563815761733158,-1,-1,-3,-3,0,3,1,-1
1563815761748149,-2,-1,-5,-4,-6,-2,-1,-1
1563815761748149,1,1,2,4,5,4,-2,1
1563815761750149,0,-2,0,0,-2,-1,0,-1
1563815761750149,0,-1,-4,-5,-2,-3,-1,1
1563815761771136,-4,-4,-4,-1,1,0,1,-2
1563815761771136,-1,0,-3,-2,-2,0,0,0
1563815761772136,-1,2,1,-5,-3,-5,-2,0
1563815761772136,1,0,1,2,-5,-3,-3,-3
1563815761784129,0,2,4,0,3,4,0,-3
1563815761784129,-1,-2,-4,-2,-3,-3,1,1
1563815761793123,0,-4,-1,1,-2,-6,-1,-1
1563815761793123,1,2,1,-3,1,3,1,-3
1563815761807116,0,-2,3,9,-1,-4,-3,-1
1563815761807116,-1,-2,-3,-9,-3,-5,-2,-1
1563815761816111,0,-1,-1,-1,7,5,1,0
1563815761816111,-3,-3,-5,-7,-9,7,1,0
1563815761831103,-1,0,-1,-2,-2,-4,-2,-1
1563815761831103,1,0,4,8,4,0,-1,-2
1563815761832103,-3,-4,-4,-2,-3,-3,0,-1
1563815761832103,-1,0,-4,2,4,0,0,1
1563815761844095,-1,1,3,3,5,3,1,0
1563815761844095,-3,-3,-2,-4,-3,-2,-3,-2
1563815761853089,-2,-2,-1,-5,-5,-2,-1,0
1563815761853089,-1,1,2,5,0,-3,-3,-2
1563815761876076,-2,-3,-7,-8,-10,-7,0,1
1563815761876076,-3,-3,-1,0,1,0,-1,-3
1563815761877076,-1,1,2,0,0,-1,-1,0
1563815761877076,-2,1,5,5,0,-2,0,0
1563815761891067,0,-1,0,0,7,3,-1,-1
1563815761891067,0,-1,-5,-4,-5,1,-2,1
1563815761892067,-1,0,-1,-3,-5,-3,-2,-1
1563815761892067,0,-1,-2,-5,-4,-5,0,1
1563815761914054,-1,0,2,4,1,1,-4,-2
1563815761914054,0,2,1,-3,-4,2,5,0
1563815761915053,-2,-3,-3,3,5,-5,-10,-1
1563815761915053,0,-2,-4,-10,-2,1,-2,-1
1563815761928047,0,0,-1,-7,-10,-8,-1,-2
1563815761928047,-1,0,-5,-6,0,1,-1,-1
1563815761930045,-1,2,4,10,-1,-2,0,-1
1563815761930045,0,-4,-4,-2,3,2,3,0
1563815761951034,-3,-1,-1,-1,4,7,0,-1
1563815761951034,0,1,5,5,0,-3,-1,-1
1563815761952033,0,-1,0,-6,-5,-2,-1,-1
1563815761952033,-2,-1,1,3,2,-2,0,1
1563815761973022,-1,0,-3,0,-1,1,1,0
1563815761973022,-2,-2,0,3,6,-1,-1,-1
1563815761975020,-1,0,-1,-2,-3,3,-1,-2
1563815761975020,-2,1,2,-1,-4,-4,1,-3
1563815761988013,2,-4,-3,-7,-7,-5,-2,1
1563815761988013,0,-1,-2,0,3,-5,-2,1
1563815761990011,0,2,4,4,3,4,1,0
1563815761990011,1,-2,-3,2,1,3,2,0
1563815762010999,1,-1,-3,-10,-7,-5,-1,1
1563815762010999,-2,-2,-6,-10,-7,-2,-3,0
1563815762011999,0,-1,-2,5,5,0,2,1
1563815762011999,-1,3,6,6,-1,-4,-4,-1
1563815762032986,-2,-3,0,-1,-1,1,-2,-1
1563815762032986,-1,-1,-2,-1,-4,-1,2,0
1563815762034984,-1,0,-1,-1,2,1,-4,-4
1563815762034984,-2,-2,1,4,2,-2,-1,-1
1563815762046978,-1,-1,0,2,5,5,3,0
1563815762046978,1,2,1,-2,-6,2,3,-1
1563815762053974,-2,-3,-3,-2,-2,-5,-5,0
1563815762053974,-1,1,1,4,8,4,-2,-1
1563815762070964,-1,-2,-3,-3,-7,-8,-1,0
1563815762070964,0,-1,3,0,3,2,1,0
1563815762071964,-1,-1,-1,-4,-8,-4,-2,0
1563815762071964,-2,-5,-6,-3,-3,0,-1,1
1563815762093951,0,0,1,-1,4,7,1,-2
1563815762093951,0,0,0,5,2,1,-2,-2
1563815762094951,0,-2,0,-2,0,-3,-1,-1
1563815762094951,0,-1,-1,-2,-4,-4,1,2
1563815762106943,-1,-3,-4,-7,-3,-5,-2,0
1563815762106943,-2,-4,0,6,2,1,-2,0
1563815762114939,1,4,4,3,4,2,1,-3
1563815762114939,-2,-1,-1,0,1,1,0,-1
1563815762129930,-2,-2,-4,0,-2,0,-3,-1
1563815762129930,0,-1,-4,-10,-5,-3,-3,-1
1563815762130942,-1,-3,-4,-1,0,1,2,1
1563815762130942,-2,-3,-4,-3,-2,-2,-2,-2
1563815762152917,-1,5,7,8,5,2,0,-3
1563815762152917,-1,0,-2,-6,-4,-3,-2,-1
1563815762153916,-1,-1,0,4,0,2,5,0
1563815762153916,0,-4,-8,-12,-11,-4,-5,1
1563815762166910,0,-1,0,-3,2,-4,0,1
1563815762166910,-1,3,6,5,0,7,1,-1
1563815762174905,2,0,-1,-6,0,-2,1,-1
1563815762174905,0,0,0,3,1,4,2,-2
1563815762189896,-1,-1,1,4,3,2,0,0
1563815762189896,-1,-2,-4,-8,-4,-4,0,-2
1563815762190896,-2,-1,-4,-8,-7,-4,-2,0
1563815762190896,-1,-1,1,0,0,-1,2,0
1563815762212886,-1,1,3,2,1,0,-4,-2
1563815762212886,-2,-1,-3,-1,1,-4,-2,-1
1563815762212886,-1,-2,1,-1,2,3,1,-1
1563815762212886,0,-3,-1,-2,-1,-2,-1,0
1563815762227874,-2,0,0,1,-3,-6,-4,-2
1563815762227874,-3,-3,0,7,4,6,6,1
1563815762227874,-3,-2,-4,-7,-10,-12,-11,-2
1563815762227874,0,2,5,4,8,3,-1,-2
1563815762249861,0,-3,-6,-4,-9,-5,0,1
1563815762249861,-2,-3,-1,-4,-3,-4,-2,0
1563815762250861,0,2,3,3,5,2,1,-2
1563815762250861,0,0,1,0,-1,3,3,0
1563815762272849,0,-4,-3,-4,-2,-5,-6,-1
1563815762272849,2,-1,-2,-6,-3,2,0,1
1563815762272849,0,1,3,4,1,3,2,1
1563815762272849,0,-2,0,-5,-4,-9,-7,-2
1563815762287840,-2,-2,-4,-1,2,7,5,0
1563815762287840,0,-1,2,-1,0,-2,-3,0
1563815762287840,-1,-3,-7,-3,-3,-1,1,1
1563815762287840,-3,0,-5,-5,-4,-4,-2,-2
1563815762309828,1,1,2,2,4,2,0,-2
1563815762309828,0,1,4,6,-3,-13,-5,-3
1563815762310826,-2,0,3,0,-3,1,1,-1
1563815762310826,-1,-4,-7,-9,-9,-6,-1,-1
1563815762332814,0,-4,-4,3,2,2,2,2
1563815762332814,1,3,5,2,6,4,-6,-4
1563815762332814,1,0,0,0,-4,-2,0,-1
1563815762332814,-1,0,2,2,0,1,2,1
1563815762347805,1,0,1,-3,0,-3,0,-1
1563815762347805,-4,-1,0,6,3,-1,-2,-4
1563815762347805,-2,-3,-3,-4,2,7,3,3
1563815762347805,-2,3,2,2,2,1,-1,-2
1563815762369792,0,-3,-3,-4,-1,3,0,-2
1563815762369792,-1,-2,-3,-4,-5,-6,-1,1
1563815762370793,0,0,2,0,-4,-2,-1,0
1563815762370793,0,1,0,1,4,0,-1,-1
1563815762392779,-3,-1,-5,-5,1,0,0,-1
1563815762392779,-1,-1,0,-2,-3,2,2,0
1563815762392779,-2,-3,-2,-4,0,0,0,-3
1563815762392779,-1,-2,-4,-5,2,0,-4,0
1563815762407770,-1,4,9,18,1,2,3,-1
1563815762407770,-1,-1,-9,-16,-12,-5,-1,2
1563815762407770,-1,0,1,1,-1,0,1,0
1563815762407770,-1,-1,3,3,1,3,6,0
1563815762430760,-1,-2,-5,-9,-6,-11,-15,-2
1563815762430760,-2,1,0,6,5,3,-1,-1
1563815762430760,-1,2,1,2,2,-2,-1,-4
1563815762430760,0,-4,-5,-4,-1,1,1,1
1563815762452746,-1,-1,0,0,-3,1,4,1
1563815762452746,-1,0,3,2,0,-4,0,-2
1563815762452746,-1,-5,-9,-10,-2,1,-3,-2
1563815762452746,1,2,2,6,2,0,-1,-2
1563815762467737,-1,0,1,1,1,5,3,-3
1563815762467737,0,-2,0,-3,-1,-6,-5,-1
1563815762467737,-2,-2,-6,-1,-1,-3,-1,0
1563815762467737,0,-3,-3,-6,-5,-3,-1,-1
1563815762489724,0,1,3,0,0,1,2,-1
1563815762489724,0,-4,-2,0,4,3,2,-1
1563815762490724,2,1,1,1,-2,-2,-1,1
1563815762490724,-1,1,0,3,-2,-4,-5,-2
1563815762512712,-1,-3,-9,-13,-4,-4,-1,1
1563815762512712,-1,1,8,11,6,1,-1,-2
1563815762513712,-1,-2,-4,-1,-6,-2,-2,1
1563815762513712,-1,-1,0,-1,0,0,-1,-1
1563815762526702,1,-3,-5,-2,0,2,1,0
1563815762526702,0,-4,-5,-3,-1,5,3,2
1563815762534698,-2,1,4,3,-4,-15,-10,-4
1563815762534698,-1,0,2,1,-1,-1,-1,0
1563815762549693,-1,0,-1,-7,-5,-1,0,-2
1563815762549693,0,-2,-2,4,3,2,-1,-3
1563815762550689,-1,-4,-4,1,1,3,0,0
1563815762550689,-1,-1,-1,-2,-5,-7,-1,0
1563815762572676,0,0,0,-1,8,4,1,2
1563815762572676,-1,2,-2,2,-13,-7,-6,-3
1563815762573676,1,-1,0,-2,0,1,1,-2
1563815762573676,-1,-3,-8,-7,1,0,-1,0
1563815762586688,1,-1,0,3,0,2,2,0
1563815762586688,0,0,3,2,-3,4,4,0
1563815762594683,0,2,2,2,3,-3,-6,-4
1563815762594683,1,1,2,3,-1,-2,-1,-2
1563815762609658,-2,-2,-5,-4,-5,-3,-5,-2
1563815762609658,-2,-1,-6,-10,-3,-2,3,2
1563815762610654,-1,-1,2,8,5,10,4,0
1563815762610654,-1,-2,-5,-6,-6,-4,-1,0
1563815762632642,-3,3,5,1,-5,-8,-3,-3
1563815762632642,0,-2,-2,2,5,-2,-2,-1
1563815762639637,-2,-1,1,-2,-3,2,4,2
1563815762639637,-2,3,2,3,5,3,-2,-3
1563815762646634,-1,-1,-1,-2,-6,-3,-2,0
1563815762646634,0,-1,-5,-7,-5,-5,-5,-1
1563815762654629,2,0,0,1,7,3,0,0
1563815762654629,-1,-1,3,4,-3,-3,1,-1
1563815762669621,-1,-2,-2,-4,-6,-5,-2,1
1563815762669621,0,1,-2,-3,2,-1,-2,0
1563815762670620,-1,1,-1,0,2,0,-1,0
1563815762670620,-2,-4,-3,-3,-6,-1,-2,-4
1563815762693607,-1,-1,3,7,4,0,-1,0
1563815762693607,-1,-2,-2,-4,0,0,1,0
1563815762694606,0,-3,-3,-6,-3,-2,0,-2
1563815762694606,1,1,0,4,2,-2,0,1
1563815762706600,0,0,-3,-3,-1,2,-1,-1
1563815762706600,-1,0,2,6,3,4,1,-1
1563815762714595,-2,2,1,-4,-7,-7,-2,-3
1563815762714595,-1,-3,-6,-9,-2,7,1,3
1563815762729589,0,1,1,2,1,-1,3,-3
1563815762729589,0,-1,-1,-1,2,2,-6,0
1563815762730586,-1,-3,-3,-2,6,2,0,0
1563815762730586,0,0,4,3,-8,-6,1,0
1563815762760568,-1,-2,-5,-3,1,2,4,1
1563815762760568,0,-1,-1,0,5,4,2,0
1563815762761567,-2,-3,-3,-2,-11,-15,-4,-2
1563815762761567,0,-3,-1,-1,-1,-1,-2,-1
1563815762766565,0,1,4,0,-3,0,-3,-3
1563815762766565,2,-1,3,7,1,1,2,0
1563815762774560,-1,-2,-5,-2,3,5,1,0
1563815762774560,0,-2,-8,-7,-3,-1,0,0
1563815762790551,0,2,5,6,2,-3,-5,-2
1563815762790551,0,3,2,-3,-1,-2,-1,-2
1563815762797548,-2,-3,-3,-4,-3,-4,-1,0
1563815762797548,-1,-2,-2,-8,-4,3,-2,0
1563815762821535,-2,-1,-1,0,-6,-5,-3,2
1563815762821535,-2,-4,-5,-4,-3,0,-1,-2
1563815762821535,2,2,0,4,-2,-2,1,1
1563815762821535,0,0,-3,0,8,2,-1,-1
1563815762836524,-2,-4,-3,-4,-1,0,-1,-1
1563815762836524,-1,-1,4,5,-1,-2,0,-1
1563815762837524,0,0,-3,-9,-3,0,2,0
1563815762837524,-1,0,4,12,7,3,0,-1
1563815762849518,-3,-2,-2,0,-1,-6,-2,-2
1563815762849518,1,-1,-1,-5,-7,-9,-2,0
1563815762850517,-1,1,-1,-4,0,9,3,-1
1563815762850517,-1,0,0,3,-1,-5,-6,-1
1563815762872505,-1,-1,-2,-1,1,4,1,-1
1563815762872505,-1,-2,-4,-3,1,0,-1,-1
1563815762873503,2,1,3,4,-2,1,-1,0
1563815762873503,-1,2,2,-2,-3,-6,-2,-4
1563815762895491,-1,-1,1,0,-3,0,-1,-2
1563815762895491,-1,0,-4,0,5,8,6,2
1563815762896490,0,-1,-3,-2,-6,-8,-9,-2
1563815762896490,-2,-3,-1,1,0,1,0,1
1563815762910482,0,0,-4,-9,-8,-6,-2,1
1563815762910482,-2,-2,-1,-3,0,-2,-1,-1
1563815762910482,-1,-2,-3,-1,4,6,3,-2
1563815762910482,-1,0,3,5,1,-4,-1,-1
1563815762933470,0,1,4,8,6,2,-3,-3
1563815762933470,2,0,-2,-3,-4,1,-1,1
1563815762933470,-1,-3,1,0,0,0,0,2
1563815762933470,-2,-3,-4,-6,-4,-3,-1,1
1563815762955457,0,-2,-4,-2,-2,2,1,-1
1563815762955457,-1,1,1,1,0,-3,-2,-2
1563815762956455,-1,2,2,1,1,0,-1,-2
1563815762956455,0,-3,2,-2,-1,6,5,0
1563815762970448,-2,3,5,4,1,-7,-8,-3
1563815762970448,-2,-1,-4,-6,-10,-12,-4,-2
1563815762970448,-1,-2,-5,0,3,-1,0,0
1563815762970448,-1,-3,-6,-8,-7,-7,-1,-2
1563815762993435,-1,-2,-3,1,1,5,4,1
1563815762993435,-2,-3,0,2,1,2,0,-2
1563815762994434,-1,2,4,2,1,0,-2,0
1563815762994434,-1,0,-2,-4,-1,3,1,1
1563815763015422,-2,-4,-4,-3,1,-6,-5,0
1563815763015422,1,1,-2,0,-2,-2,-2,0
1563815763016422,-2,-2,-4,-2,0,12,3,2
1563815763016422,0,0,1,2,0,-6,-1,0
1563815763030413,0,-1,-2,-7,-6,-2,0,0
1563815763030413,0,-2,1,-3,-1,0,2,1
1563815763030413,-1,3,7,5,5,-2,-2,-4
1563815763030413,0,1,-1,-2,-2,-2,-1,0
1563815763053400,-1,-1,0,4,5,4,1,0
1563815763053400,-2,-4,-6,-2,-1,1,0,0
1563815763054399,-2,-5,-4,-7,-7,-4,0,-1
1563815763054399,-1,0,-3,1,5,6,0,-1
1563815763075388,1,3,4,7,2,-5,-2,-1
1563815763075388,0,1,2,-4,-3,-2,-2,0
1563815763076387,-2,-2,-3,-3,0,3,2,-1
1563815763076387,-2,-1,-3,2,-1,0,-3,-2
1563815763090378,-1,-1,-1,-4,2,3,1,-1
1563815763090378,0,2,4,8,-1,-6,-2,-4
1563815763090378,0,-1,-3,-6,-3,-3,0,0
1563815763090378,-1,-1,-2,1,0,0,-2,1
1563815763113366,1,0,-2,-3,0,2,0,0
1563815763113366,-1,-2,-1,1,2,2,0,-1
1563815763114366,0,-2,-1,-1,-4,-5,-4,-1
1563815763114366,-2,0,0,-2,0,-3,-3,-5
1563815763135353,1,2,4,7,1,1,0,-1
1563815763135353,-1,-1,2,1,2,1,0,0
1563815763136352,-1,-3,-6,-8,-7,-4,-2,1
1563815763136352,-2,-2,-2,0,5,1,0,-3
1563815763150346,-1,-2,-3,-5,-1,4,3,1
1563815763150346,-2,-2,-1,-3,-9,-6,0,-1
1563815763150346,-2,-1,0,7,3,-9,-6,-1
1563815763150346,2,-1,3,-5,-3,-2,-2,-2
1563815763173331,-2,-2,-1,4,6,0,0,-2
1563815763173331,0,0,-3,-6,1,3,-3,-2
1563815763174331,0,-2,0,4,0,8,4,1
1563815763174331,0,0,-1,-1,-5,-2,-1,0
1563815763203315,-2,-3,-4,-10,-5,-1,-2,1
1563815763203315,-1,-2,-5,-3,-2,-6,-2,-1
1563815763204314,0,1,5,7,1,-1,0,0
1563815763204314,0,-2,0,-3,-1,-2,-4,-1
1563815763210314,0,-1,-2,-7,-6,-1,0,0
1563815763210314,0,1,2,10,5,-1,-3,-2
1563815763210314,-2,0,-3,-7,-6,0,4,0
1563815763210314,-1,-2,-2,0,-3,-2,-5,-1
1563815763233299,-1,-2,-3,-3,-2,-2,-1,-2
1563815763233299,-1,-1,-1,-1,-4,-4,-1,-1
1563815763234296,-1,-3,0,-2,1,0,-1,0
1563815763234296,-1,0,1,3,1,2,3,1
1563815763263280,-2,-1,-6,-7,-10,-8,-6,-2
1563815763263280,0,0,2,4,6,9,1,1
1563815763264280,0,2,2,3,2,1,-3,-4
1563815763264280,-3,-2,-1,-2,-4,-4,-1,-1
1563815763270276,-1,-2,-3,-1,4,1,1,-2
1563815763270276,0,-4,-5,-5,-7,-2,1,1
1563815763270276,-2,1,1,5,2,-5,-4,-2
1563815763270276,1,-1,-2,-3,1,6,3,1
1563815763293263,1,-1,-1,-1,-3,-2,0,1
1563815763293263,0,2,2,4,-1,0,2,-1
1563815763294263,0,0,1,0,3,-2,-3,-1
1563815763294263,-2,-3,-2,4,-2,-2,0,2
1563815763315252,1,-1,2,2,1,3,2,0
1563815763315252,0,-2,-4,-7,8,3,-1,1
1563815763316249,1,1,2,3,-7,-9,-4,-2
1563815763316249,-1,1,-2,-4,-2,4,0,-2
1563815763330241,0,-3,-5,-1,-1,1,3,2
1563815763330241,-2,-2,0,-1,-3,-3,-2,-2
1563815763330241,1,2,0,1,4,7,0,-1
1563815763330241,0,-3,1,1,2,-3,-2,-1
1563815763353230,-3,-1,-2,-3,-7,-5,-2,-2
1563815763353230,-2,-1,-1,-5,-3,0,2,-1
1563815763354228,0,-1,-3,-2,1,-1,1,1
1563815763354228,2,1,4,3,-1,-1,-2,0
1563815763375217,0,0,0,-5,0,1,1,0
1563815763375217,1,0,2,-1,-2,-1,-3,0
1563815763376216,-1,0,0,5,1,-3,-1,-2
1563815763376216,0,-1,-4,-8,-4,0,-1,-1
1563815763390208,-2,2,-4,-1,2,1,-2,-3
1563815763390208,-3,-2,-1,-1,0,-7,-2,-4
1563815763391206,0,-1,-1,-9,-15,-4,-1,0
1563815763391206,-1,0,3,6,-1,-2,-2,-1
1563815763413195,0,-1,-1,3,-1,-1,-1,1
1563815763413195,0,-1,-7,-7,-1,3,2,2
1563815763414195,-2,-3,-6,-5,-1,3,0,1
1563815763414195,-2,1,-1,1,2,-5,1,-2
1563815763435181,-2,1,5,2,0,-6,-3,-2
1563815763435181,0,0,4,4,3,8,0,-4
1563815763436180,1,-4,-6,-2,-2,-7,-4,0
1563815763436180,-1,-3,-5,-5,-4,-1,-2,0
1563815763449174,-1,-3,-2,1,-3,1,0,0
1563815763449174,-1,0,0,0,1,-1,0,1
1563815763457169,-1,-2,-1,-2,0,-1,0,0
1563815763457169,-1,1,-2,2,-3,-4,-2,-1
1563815763480156,2,1,3,-3,1,5,2,1
1563815763480156,-3,-1,-3,-2,-6,-8,-9,-2
1563815763481154,0,0,0,0,-4,-5,0,-1
1563815763481154,0,1,4,4,6,0,-1,0
1563815763495146,0,0,-1,-2,1,1,1,-1
1563815763495146,0,-2,-5,-4,-1,5,3,2
1563815763496147,-1,-3,-3,-3,-2,-4,-3,-1
1563815763496147,-1,2,4,9,7,6,3,0
1563815763509139,-2,0,1,0,-7,-7,-4,-2
1563815763509139,-1,-3,-7,-11,-7,-3,-2,-1
1563815763517138,-1,1,3,8,7,2,1,-2
1563815763517138,0,-3,-2,-5,0,5,4,0
1563815763533144,1,-2,-4,-5,-7,-1,-1,0
1563815763533144,0,0,2,6,-1,-4,-4,-2
1563815763534125,0,-2,-5,-13,-8,-1,1,0
1563815763534125,-1,-2,-2,3,2,-4,-1,-1
1563815763556115,0,0,2,6,8,3,1,-1
1563815763556115,1,0,-2,-7,-6,-3,0,1
1563815763557114,-2,-2,-2,-3,4,4,1,1
1563815763557114,-1,1,3,0,-2,0,-2,-1
1563815763569105,-3,-1,-3,1,-1,-3,2,-1
1563815763569105,-5,-5,-5,-1,-2,-7,-5,-2
1563815763578099,-2,0,3,4,1,1,-1,0
1563815763578099,1,1,-5,-9,0,1,0,-1
1563815763593091,-1,-1,-1,-1,-3,1,0,-1
1563815763593091,0,2,3,7,1,-5,-1,-1
1563815763595091,1,-1,-5,3,4,11,5,0
1563815763595091,-3,-2,-1,-4,-7,-9,-5,-1
1563815763616079,-3,0,-1,-3,-2,1,-2,0
1563815763616079,1,0,3,-6,1,3,-1,-1
1563815763617078,0,-1,-1,0,-13,-15,-3,-2
1563815763617078,1,-1,-1,1,1,0,1,-1
1563815763629071,-1,-2,-4,-4,-3,-2,-1,0
1563815763629071,-3,0,0,2,3,4,0,-1
1563815763638065,-1,0,1,1,2,-1,-3,-4
1563815763638065,-3,-2,-4,-4,-2,-1,-2,-1
1563815763653076,-1,-2,0,0,4,1,-1,-1
1563815763653076,0,0,-2,-3,-5,-2,3,-1
1563815763655056,1,0,0,0,-7,-6,-1,-1
1563815763655056,-1,-2,-2,-1,-4,-1,0,-1
1563815763676062,-2,-4,0,1,2,0,-1,0
1563815763676062,0,1,1,6,5,2,2,0
1563815763677045,-1,2,-2,-1,7,6,0,2
1563815763677045,0,0,1,-4,-8,-3,-1,-2
1563815763689035,0,-3,-6,-7,-13,-9,-2,-2
1563815763689035,0,-1,1,4,1,-2,-1,1
1563815763706026,0,2,-1,-2,0,0,-2,0
1563815763706026,-1,1,2,4,7,3,-2,0
1563815763713022,1,0,-1,-2,2,3,-2,-1
1563815763713022,-2,-4,-2,-2,-1,-5,-1,1
1563815763715022,-1,-3,-3,-4,-4,3,0,0
1563815763715022,1,0,-2,-4,-2,-2,1,1
1563815763736010,-1,-1,3,9,5,1,-2,-3
1563815763736010,-1,2,5,6,-1,-5,-2,-3
1563815763737010,-1,-2,-2,-2,-1,-3,0,-2
1563815763737010,0,-1,0,-5,-8,-3,1,0
1563815763758000,0,-1,-5,-9,2,1,-1,0
1563815763758000,2,-2,1,8,-1,1,0,-1
1563815763759996,-2,-1,-2,-8,-7,-1,-3,-3
1563815763759996,-1,0,-3,0,0,-2,-3,-3
1563815763773007,-1,1,2,1,-4,-6,-2,-1
1563815763773007,0,1,0,-2,5,5,2,-1
1563815763774987,-2,0,2,4,7,2,1,-1
1563815763774987,-1,-2,-5,-11,-8,-5,-1,-1
1563815763795975,0,-4,-3,2,2,7,0,1
1563815763795975,-1,0,-2,-3,-4,-2,-2,1
1563815763797974,-1,1,1,1,1,-1,-3,-3
1563815763797974,-1,2,1,2,5,2,1,-1
1563815763817963,-1,-1,-1,-4,1,3,0,0
1563815763817963,-1,-1,-1,-4,-4,-2,1,1
1563815763819962,0,-1,0,4,3,3,0,-1
1563815763819962,-3,-3,-4,-3,2,10,-1,-2
1563815763832953,-1,-2,-6,-1,-2,1,3,2
1563815763832953,-5,-3,-3,-6,-13,-22,-8,-4
1563815763834954,2,4,4,1,2,-1,-3,-3
1563815763834954,0,-1,4,6,6,-1,1,1
1563815763855940,0,2,2,0,-5,2,0,1
1563815763855940,-3,-6,-9,-7,-1,3,0,-1
1563815763856939,-1,-4,-7,-7,-10,-14,-1,-1
1563815763856939,-2,-2,-2,-4,2,1,1,0
1563815763877928,1,3,11,14,8,1,-4,-3
1563815763877928,1,2,0,-7,-1,4,1,2
1563815763879926,-1,-5,-3,0,-1,2,-1,1
1563815763879926,-2,-4,-8,-10,-9,-5,-1,2
1563815763892919,-2,-2,-3,-1,0,-3,-2,-2
1563815763892919,-1,1,4,6,2,0,0,-2
1563815763898914,0,0,1,1,2,-1,-1,-2
1563815763898914,0,0,-1,-3,-2,-2,0,-1
1563815763915905,-3,1,-2,1,-2,-5,-1,-1
1563815763915905,0,0,-4,-5,2,3,2,0
1563815763916905,0,2,3,5,3,3,2,1
1563815763916905,1,0,4,1,-7,-6,-3,-3
1563815763937893,-1,-1,-4,-2,3,2,1,0
1563815763937893,0,0,3,8,0,0,2,2
1563815763939892,-1,1,-2,-2,1,-2,-6,-1
1563815763939892,0,-3,0,1,4,1,-2,0
1563815763952885,-1,0,1,-5,-2,-1,-1,0
1563815763952885,0,-1,-2,-1,2,4,0,0
1563815763958882,-1,-1,0,0,0,1,2,1
1563815763958882,-3,0,0,1,-4,-9,-4,-2
1563815763974872,2,-1,-3,-1,1,0,0,-2
1563815763974872,-1,1,1,-3,-1,-1,-4,-2
1563815763982867,-1,-3,-3,-6,-8,0,2,1
1563815763982867,-1,1,-2,0,2,3,-1,-1
1563815763997861,-2,-2,-2,2,-2,-3,1,-2
1563815763997861,1,-1,-3,-2,4,2,-2,-2
1563815763999858,0,-2,-3,0,0,0,2,-1
1563815763999858,-1,1,-2,1,-3,0,2,-1
1563815764012869,1,-1,2,-2,-3,-12,-5,-1
1563815764012869,-1,-2,-2,-3,1,5,3,2
1563815764018846,-3,-1,-5,-3,0,4,0,0
1563815764018846,0,0,3,5,-4,-6,-2,-2
1563815764035836,-1,1,0,4,0,-1,0,1
1563815764035836,0,-2,-2,-2,1,-2,-2,-2
1563815764037836,-1,-1,1,-1,0,1,0,-1
1563815764037836,-2,1,-3,0,1,1,0,-1
1563815764057828,-2,-3,0,-5,-4,-1,-3,-1
1563815764057828,0,-2,-1,2,2,4,1,-2
1563815764059825,0,-1,-2,-2,-7,-12,-4,-2
1563815764059825,1,1,3,5,4,-2,-2,-2
1563815764072820,1,-1,0,-2,2,-1,-2,0
1563815764072820,-1,-3,-5,-5,-7,-1,-1,-1
1563815764078814,-2,-1,-2,-6,4,0,0,-1
1563815764078814,-1,0,4,12,-2,-1,0,-1
1563815764095803,-1,1,-2,-7,-1,8,5,1
1563815764095803,0,0,4,4,4,-4,-5,0
1563815764096803,-2,-3,-4,-13,-17,-9,-8,-4
1563815764096803,0,-3,-4,-1,2,0,-1,1
1563815764117792,-1,0,-2,1,-5,-4,0,-2
1563815764117792,1,0,-2,-3,-2,3,3,0
1563815764119789,0,-1,1,2,4,1,-1,3
1563815764119789,-1,-2,0,0,1,0,1,0
1563815764132782,-3,0,0,-1,-2,1,-5,-4
1563815764132782,-1,-1,-3,-5,-5,1,4,0
1563815764139778,-2,0,3,6,4,-6,-10,-2
1563815764139778,0,-3,-4,-10,-4,-1,0,0
1563815764155769,-1,0,-2,-2,0,-1,1,0
1563815764155769,0,0,-3,7,0,0,-1,0
1563815764157768,0,0,-2,-6,-2,4,4,1
1563815764157768,-1,1,2,6,0,2,-1,1
1563815764177755,-2,-4,-3,-6,-5,-8,-2,-1
1563815764177755,0,-1,1,4,9,3,0,-1
1563815764179756,0,1,-1,3,-2,3,4,-1
1563815764179756,-2,-1,-3,-1,-5,-11,-7,0
1563815764192747,1,3,3,5,4,5,2,1
1563815764192747,-3,-2,-2,-7,-8,-8,-4,-1
1563815764199743,-1,-1,0,2,3,2,-1,-1
1563815764199743,1,-2,-3,-5,-1,-1,3,-1
1563815764215733,0,-2,-4,-2,-1,5,1,-1
1563815764215733,-2,0,0,-1,-2,-3,-3,-1
1563815764217732,2,0,0,0,1,1,1,0
1563815764217732,0,-1,-1,1,-1,1,0,-2
1563815764237722,-1,-2,2,-1,-3,-4,-3,0
1563815764237722,-3,-2,-6,-8,-8,-5,-2,-1
1563815764239721,-1,-2,2,6,3,0,3,1
1563815764239721,0,0,-1,-4,-2,4,2,1
1563815764252714,0,-1,1,3,8,2,1,-2
1563815764252714,0,-2,-5,-10,-14,-9,-2,-1
1563815764259710,-1,1,-2,5,2,-2,0,-2
1563815764259710,-1,1,2,-1,9,5,0,-1
1563815764275702,-2,-1,1,0,-13,-7,-1,1
1563815764275702,0,2,-1,3,2,2,-4,-2
1563815764277699,0,-2,-3,-3,1,-1,1,1
1563815764277699,1,-1,-3,-6,-3,-2,0,-1
1563815764297688,-1,2,-1,0,4,0,1,0
1563815764297688,-1,1,3,4,0,1,-1,-4
1563815764299686,-2,-3,-1,-2,-1,-2,-3,1
1563815764299686,-2,-2,-1,-1,1,-1,-1,0
1563815764312680,-1,-1,-2,-5,-3,-5,-3,1
1563815764312680,0,-3,-5,-6,0,6,2,1
1563815764320674,1,3,5,11,7,1,-1,-4
1563815764320674,0,-2,2,-2,-10,-1,-1,-1
1563815764335665,-1,-3,-2,1,0,-4,-1,-2
1563815764335665,-1,0,1,2,2,-1,-1,-1
1563815764337666,-1,-3,-4,-10,-10,-3,1,0
1563815764337666,-3,1,0,2,-4,-5,-2,-1
1563815764357653,-1,-2,-6,-3,-1,3,-2,-1
1563815764357653,0,-1,2,-1,-1,-4,-1,0
1563815764359652,-2,-2,-1,1,5,0,-2,-1
1563815764359652,0,-1,-1,3,3,-1,-1,-1
1563815764371644,-1,-1,0,-3,-3,-2,-2,-2
1563815764371644,-2,-2,0,4,2,0,1,0
1563815764380638,-2,-3,-4,-4,-6,-2,-2,0
1563815764380638,-1,0,-6,-4,1,4,0,0
1563815764395633,-1,-1,2,-2,-2,-6,-1,-1
1563815764395633,-3,0,-4,-1,-7,-4,-2,0
1563815764397630,1,2,2,-3,-2,3,2,1
1563815764397630,-3,-1,-1,1,0,-1,0,1
1563815764425614,-2,-2,-3,2,6,6,0,-1
1563815764425614,0,-1,-1,-4,-5,-2,0,-2
1563815764427614,-2,-1,-1,-3,-4,-3,0,-2
1563815764427614,-1,-2,-4,-3,1,2,0,0
1563815764431611,-2,-3,-2,-2,-2,-2,-2,-2
1563815764431611,-1,-1,3,1,2,-1,-1,0
1563815764440605,-1,-2,-1,1,-1,1,-2,0
1563815764440605,0,-1,-3,-9,-3,-4,-1,-2
1563815764455596,0,0,1,7,3,0,-1,-2
1563815764455596,0,1,0,-1,0,3,-1,-1
1563815764457596,-1,0,-6,-5,-3,0,-2,-2
1563815764457596,1,-2,0,-2,0,0,0,1
1563815764478583,1,0,1,-2,-8,-3,0,0
1563815764478583,-1,-2,1,2,1,0,0,0
1563815764479583,-1,0,-4,-3,-1,1,0,-1
1563815764479583,-1,1,2,0,-1,-6,-2,-1
1563815764491576,0,-1,-1,0,-3,-1,-3,-2
1563815764491576,0,-3,-1,-2,-4,-5,-2,-1
1563815764500571,0,-1,-1,3,2,-2,-1,-1
1563815764500571,-1,-2,-1,4,2,2,-1,-2
1563815764516562,-1,-2,1,0,3,4,1,0
1563815764516562,0,-1,1,2,6,3,0,1
1563815764521559,0,-2,-4,-6,-8,-5,0,0
1563815764521559,0,-1,-3,-2,-2,0,-2,-1
1563815764538564,-1,-3,-2,-4,-3,-4,-2,1
1563815764538564,-3,-4,-1,1,2,-1,0,-2
1563815764539549,-1,0,2,-3,-2,0,-1,-2
1563815764539549,0,0,0,2,-4,-1,0,-1
1563815764551544,0,-1,-5,-7,-4,-1,0,-1
1563815764551544,-1,-2,0,2,-2,-2,-1,-1
1563815764560537,-1,-3,0,1,4,5,0,-2
1563815764560537,0,0,-3,-3,-6,-9,-2,0
1563815764575530,-2,-1,0,1,2,0,-1,0
1563815764575530,1,1,0,-1,5,4,2,0
1563815764577529,0,1,0,1,-9,-8,-1,1
1563815764577529,-1,-3,2,3,1,5,-1,-2
1563815764598515,0,0,0,3,1,-4,-2,-2
1563815764598515,-1,-1,-7,-11,-5,0,-1,-1
1563815764599513,1,0,3,6,5,5,-1,-1
1563815764599513,-2,-2,-4,-8,-3,-1,-2,-1
1563815764611508,0,-1,-3,4,-2,-1,1,0
1563815764611508,-1,0,0,-2,-4,-1,-1,1
1563815764620504,-1,0,0,2,7,0,-1,0
1563815764620504,-1,-1,-1,2,-6,-5,-2,-3
1563815764635513,0,0,-1,-9,-5,-1,-1,-1
1563815764635513,0,0,-3,1,1,2,0,2
1563815764637495,-1,-2,-1,-1,-2,-4,-2,-1
1563815764637495,0,-1,1,-2,4,5,1,2
1563815764658498,1,-1,1,1,-2,-1,0,0
1563815764658498,-1,-1,0,-1,-6,-6,-1,-4
1563815764659480,-1,1,2,3,3,-1,-2,-1
1563815764659480,-1,-1,-3,-4,-1,-2,0,-1
1563815764671472,-1,2,-3,-3,0,2,-2,0
1563815764671472,0,-2,-2,-2,-2,-1,-2,-1
1563815764680470,1,-1,-3,-3,-3,-4,-1,0
1563815764680470,0,0,-1,-6,-8,-9,-2,-2
1563815764703453,0,-1,2,4,0,-1,-1,0
1563815764703453,-1,-1,-2,1,4,0,-1,-2
1563815764704453,1,-3,-1,-2,-4,-2,-1,1
1563815764704453,0,-1,-2,0,3,2,0,0
1563815764718464,0,0,3,-1,-3,0,0,-3
1563815764718464,1,1,4,0,0,-1,0,-1
1563815764719446,-1,-2,-3,-6,-6,-4,-4,-2
1563815764719446,0,-1,0,6,3,6,1,1
1563815764740452,-1,0,-3,-1,6,2,2,0
1563815764740452,-1,0,1,1,-6,-3,-3,-1
1563815764742431,0,-3,-2,-2,-1,1,0,-1
1563815764742431,-1,-1,-1,2,1,0,0,-1
1563815764755423,-2,-2,-2,-5,4,2,-1,-1
1563815764755423,0,-1,-2,-2,-6,0,1,1
1563815764757426,-2,1,0,6,1,0,-1,-1
1563815764757426,-1,-1,2,1,1,-2,-3,0
1563815764778411,-1,-1,-2,-3,-4,-1,0,-2
1563815764778411,-3,-2,0,2,7,3,-1,1
1563815764784428,-1,-2,0,-5,-9,-3,-4,-1
1563815764784428,-1,1,-1,0,2,0,-1,-1
1563815764800417,-2,-2,-1,0,-2,0,-1,-2
1563815764800417,-2,-2,-3,-2,-1,0,0,0
1563815764802397,-1,0,-1,-1,2,3,2,0
1563815764802397,-1,-2,0,-3,2,6,-1,-2
1563815764815408,-1,3,-3,-3,-8,-11,-5,-2
1563815764815408,-1,-1,2,6,8,3,-2,-1
1563815764821389,-1,0,0,1,-4,-6,1,-1
1563815764821389,0,2,-1,-8,-11,-6,-1,-1
1563815764838395,-2,-2,0,-1,-1,1,-1,1
1563815764838395,0,1,-2,2,2,0,-1,-1
1563815764839390,0,-2,-3,-3,6,4,0,-2
1563815764839390,-1,-1,-5,-5,-2,-1,0,-1
1563815764859367,-1,-1,-1,1,-1,2,-1,-1
1563815764859367,-1,-1,-1,0,-2,-4,-1,0
1563815764868378,0,0,6,3,-3,-2,-1,1
1563815764868378,-3,-3,-4,-3,-3,-4,-1,-2
1563815764875374,1,-2,-3,-2,1,-1,-1,-2
1563815764875374,-2,-2,-2,-2,-1,0,0,-3
1563815764877358,0,-1,-4,-6,-4,-2,0,-2
1563815764877358,-1,0,3,4,2,0,-2,0
1563815764898341,-2,-2,-3,-3,-3,-6,-1,-1
1563815764898341,-1,-1,-1,-4,2,-1,-1,-1
1563815764899342,-1,-1,-1,-1,0,-4,-1,-2
1563815764899342,-1,-2,-4,2,-7,0,-1,-1
1563815764920329,0,-1,1,3,2,2,-1,-2
1563815764920329,-2,1,-2,3,-4,-4,-3,-1
1563815764922328,0,0,-5,-6,-2,1,-1,-2
1563815764922328,0,-3,0,2,4,0,-2,-2
1563815764935339,1,1,4,3,1,2,-2,0
1563815764935339,-1,-1,-1,-4,-2,-4,-2,-3
1563815764941337,-2,-1,0,-1,0,1,-1,0
1563815764941337,0,-1,-6,-2,-1,-2,2,0
1563815764958326,1,-1,1,1,0,4,1,-1
1563815764958326,1,0,1,-1,1,2,-1,1
1563815764959307,-2,-1,-4,-1,0,-3,-1,-1
1563815764959307,-2,2,-1,-3,-2,-2,-1,-1
1563815764980298,0,-2,-2,4,2,0,0,1
1563815764980298,-1,0,3,2,0,-2,-1,0
1563815764982294,2,0,1,-1,-3,-1,-1,-1
1563815764982294,-2,-2,-2,3,1,-1,0,-1
1563815764995306,-3,-1,-5,-5,3,6,1,0
1563815764995306,0,0,0,2,-4,-4,-1,-2
1563815765002282,-2,-2,-1,-2,0,-1,-2,-1
1563815765002282,-1,2,3,0,2,2,-1,0
1563815765018292,-2,-2,-4,-2,-4,-5,-1,-1
1563815765018292,-2,-1,-2,-2,2,3,-1,-1
1563815765019291,0,0,-3,-3,-1,-1,0,0
1563815765019291,0,-1,2,3,2,1,0,1
1563815765040280,-2,0,-2,-6,-7,-4,0,-1
1563815765040280,1,-1,-4,-5,-5,0,-1,-1
1563815765042261,0,-1,2,7,6,3,1,0
1563815765042261,-1,-2,-1,1,-4,-3,-2,0
1563815765055272,-3,0,2,2,4,4,-2,-3
1563815765055272,0,1,1,-2,-4,-3,1,-3
1563815765062248,0,-1,-1,-2,-4,-3,0,-2
1563815765062248,0,0,1,-1,-1,0,1,-1
1563815765078239,0,-2,-2,-4,-2,-3,-1,0
1563815765078239,0,2,0,2,3,4,1,-1
1563815765079238,0,-2,-5,-2,-2,1,0,0
1563815765079238,-2,-1,1,-1,-3,-3,0,0
1563815765108222,1,0,3,4,0,-2,-2,-2
1563815765108222,0,-1,-3,-8,-3,-2,-2,0
1563815765110222,0,-1,-2,-4,1,1,0,1
1563815765110222,-1,-1,-2,2,2,1,0,-3
1563815765115218,0,0,-2,-2,-4,-5,-1,0
1563815765115218,-1,-1,1,5,3,1,1,0
1563815765122214,-1,-2,-2,-7,-1,-4,-1,-3
1563815765122214,-1,-1,1,4,6,6,-2,-1
1563815765137204,-1,-1,-5,-5,-14,-8,-1,0
1563815765137204,-1,-3,-4,-5,-4,-1,0,-2
1563815765146200,-2,0,2,3,2,2,-1,-1
1563815765146200,0,-1,2,2,1,-3,-1,0
1563815765160193,-1,0,1,3,7,4,0,-1
1563815765160193,0,-1,1,0,-4,-2,-2,0
1563815765162191,-1,-2,-3,-2,0,2,-1,1
1563815765162191,1,-2,-3,-7,-3,-5,-1,1
1563815765175184,-1,-2,0,3,0,-4,-1,-1
1563815765175184,-2,-1,-4,-8,-6,-6,-1,-2
1563815765182185,-3,1,1,4,3,3,-1,-3
1563815765182185,-1,-1,-2,-2,0,0,0,0
1563815765205185,-1,-2,-4,-5,-2,-2,-1,-2
1563815765205185,1,-1,1,6,7,4,0,0
1563815765207164,1,0,1,0,-1,0,2,0
1563815765207164,-1,-1,-2,-3,-5,-1,-4,-2
1563815765221160,-1,-1,-1,1,-4,-3,-1,-1
1563815765221160,-1,0,-1,0,2,1,-1,1
1563815765222158,-1,-3,-2,-4,-3,0,0,1
1563815765222158,-1,0,-1,-5,1,1,0,-1
1563815765234153,1,0,1,11,10,7,1,-2
1563815765234153,0,-2,-1,1,-3,-2,-2,0
1563815765243144,1,-2,-4,-2,-5,-3,-2,0
1563815765243144,0,0,1,-2,-2,0,2,-2
1563815765258139,2,1,1,-9,-9,-4,0,-1
1563815765258139,-2,-1,-4,-6,-3,-1,-1,-2
1563815765260134,-2,1,2,6,2,-2,-2,0
1563815765260134,-1,-1,-3,5,4,3,0,-1
1563815765281125,-1,-2,-3,-6,-1,3,-1,-1
1563815765281125,-1,-2,-4,-7,-8,-4,-1,-2
1563815765282122,1,1,4,2,1,-1,-1,-2
1563815765282122,0,-2,-4,0,-1,-4,-1,-1
1563815765294114,-1,0,-1,0,3,-1,-1,-2
1563815765294114,0,1,-1,-4,2,0,0,-1
1563815765303112,-1,-1,-2,7,-2,-2,-1,-1
1563815765303112,-3,-1,2,-2,0,-2,-1,1
1563815765318102,-2,-3,-3,-3,0,-1,-2,1
1563815765318102,-3,-2,0,3,-4,-3,-1,-1
1563815765320100,-1,-1,1,-1,0,2,0,-1
1563815765320100,1,0,-2,-2,0,2,-1,-1
1563815765341088,-1,-1,-3,-4,-3,-4,-1,-1
1563815765341088,0,1,5,2,6,5,0,-3
1563815765342088,-1,-2,-1,3,-4,-7,-4,0
1563815765342088,0,0,0,-1,-8,0,0,-1
1563815765354081,0,0,-2,-4,1,1,0,1
1563815765354081,1,-2,-2,5,3,-2,-1,0
1563815765363075,-1,-1,-2,-3,2,2,0,-2
1563815765363075,-1,-3,-6,-7,-8,-6,-2,-2
1563815765378067,0,-1,0,-1,-3,-2,-2,-2
1563815765378067,-1,-1,0,-1,3,1,0,1
1563815765380066,-2,-2,-2,0,-3,-2,-2,0
1563815765380066,0,-2,-1,-2,1,-4,-3,-2
1563815765401056,1,1,0,1,0,2,0,1
1563815765401056,-1,0,0,1,-6,-4,-2,-3
1563815765402054,-1,-1,-2,-2,4,5,0,-1
1563815765402054,-2,0,-1,-2,1,-2,-1,0
1563815765423042,-1,-2,-2,-4,-6,-1,0,-1
1563815765423042,0,-2,-3,-2,1,0,0,0
1563815765425039,-1,0,3,2,-2,-1,-1,0
1563815765425039,-3,-1,-1,-2,0,1,0,0
1563815765438035,-1,1,-1,-3,0,-2,0,-1
1563815765438035,-1,-2,-1,-1,0,1,1,0
1563815765440034,-1,1,2,2,-1,-1,-1,-1
1563815765440034,1,-1,0,3,2,2,1,-2
1563815765461018,1,-1,-1,4,2,-1,-3,-2
1563815765461018,-1,-2,-2,0,-4,-2,-1,1
1563815765462021,-1,-1,-3,-6,0,1,0,-1
1563815765462021,-1,1,2,0,-4,-4,-1,1
1563815765474011,0,1,1,1,3,-1,-1,0
1563815765474011,0,-2,-3,-2,-6,-1,-1,-3
1563815765483006,1,-1,-4,-2,-2,-6,0,0
1563815765483006,1,0,2,5,-1,1,-1,-1
1563815765498001,-3,1,0,-1,0,0,-2,0
1563815765498001,-1,-1,-3,0,2,-2,-1,1
1563815765499997,-1,-2,0,-4,-1,2,-2,-2
1563815765499997,-1,-2,-4,-4,-1,1,-1,0
1563815765520985,-3,-5,-2,2,-1,1,1,0
1563815765520985,-1,1,5,1,1,-1,-3,-2
1563815765521984,-2,-5,-7,-3,-4,-3,-1,0
1563815765521984,-1,0,-1,-4,-5,-4,0,-1
1563815765533978,-1,-2,0,2,1,0,1,-1
1563815765533978,-1,-1,-2,-6,-5,-1,0,0
1563815765542972,-1,0,2,1,5,1,-1,-4
1563815765542972,-1,-2,-4,-7,-8,-5,-1,0
1563815765557963,-1,0,1,1,-3,-2,0,-1
1563815765557963,1,0,1,4,2,0,0,0
1563815765559965,-1,1,-3,-5,-2,0,0,2
1563815765559965,-2,-1,-1,4,4,1,-1,-3
1563815765580953,-2,1,1,-2,1,0,1,0
1563815765580953,-1,0,0,-2,-2,2,0,1
1563815765581953,0,-2,-2,-4,-5,-5,0,1
1563815765581953,-1,0,0,-1,0,3,-1,-1
1563815765593946,1,-2,-2,-1,-2,-3,-1,-2
1563815765593946,-1,-1,0,-1,-1,0,0,-3
1563815765602941,-1,-2,-1,-2,-3,3,1,-1
1563815765602941,0,-1,-1,-2,-3,-9,0,0
1563815765617932,-2,-1,0,3,1,-1,-2,-1
1563815765617932,-2,-1,-2,-5,-1,-2,-2,-1
1563815765619930,0,0,0,6,1,1,0,-1
1563815765619930,1,-2,-1,-3,-1,1,-1,-1
1563815765640935,-1,-3,-1,-2,-9,-6,-4,-3
1563815765640935,-2,-1,-4,-5,-1,-3,-1,-2
1563815765641918,0,-2,-3,-4,-1,-3,0,-1
1563815765641918,-2,0,2,-1,2,5,0,-1
1563815765653928,0,-1,-3,-3,-2,-5,-1,1
1563815765653928,0,0,1,1,-1,-3,-3,-1
1563815765662903,0,0,2,1,-2,-4,-3,-2
1563815765662903,0,-1,-1,-4,-1,-1,1,2
