timestamp,x,y,z,w
1564164020265503,-0.0980225,0.0842285,0.343018,0.930359
1564164020288461,-0.0978394,0.0852051,0.343079,0.930298
1564164020310919,-0.0977783,0.0859375,0.343567,0.929993
1564164020333376,-0.0981445,0.0863037,0.344421,0.929626
1564164020348348,-0.0980225,0.0863037,0.345154,0.929382
1564164020370807,-0.0975952,0.0863647,0.34552,0.92926
1564164020393266,-0.0980225,0.0864868,0.345398,0.92926
1564164020408737,-0.0999756,0.086792,0.345764,0.928894
1564164020430695,-0.103088,0.0863647,0.346069,0.928467
1564164020462137,-0.107056,0.085022,0.346375,0.92804
1564164020468625,-0.110291,0.083374,0.346619,0.927734
1564164020492081,-0.112488,0.0819092,0.346313,0.927673
1564164020513542,-0.113892,0.0812378,0.346436,0.927551
1564164020528514,-0.115356,0.0806885,0.346313,0.927429
1564164020554965,-0.116943,0.0800171,0.345886,0.92749
1564164020581915,-0.118225,0.0797119,0.34552,0.92749
1564164020590898,-0.119324,0.0795898,0.345154,0.92749
1564164020598386,-0.120361,0.0794678,0.344971,0.927429
1564164020618847,-0.121033,0.079895,0.344788,0.927368
1564164020642802,-0.121704,0.0803223,0.344666,0.927307
1564164020665759,-0.122681,0.0803223,0.344727,0.927124
1564164020718161,-0.123657,0.0805664,0.344727,0.927002
1564164020719160,-0.124084,0.0809326,0.344727,0.92688
1564164020725152,-0.12439,0.0812378,0.344849,0.926758
1564164020740121,-0.124939,0.081604,0.344849,0.926697
1564164020761581,-0.12561,0.0819092,0.345032,0.926514
1564164020775555,-0.126221,0.0825195,0.345215,0.92627
1564164020798013,-0.126648,0.0827637,0.345276,0.926208
1564164020820476,-0.126709,0.0834351,0.345459,0.926025
1564164020835942,-0.126953,0.0839844,0.345642,0.925903
1564164020858401,-0.127563,0.0842285,0.345886,0.92572
1564164020889343,-0.128052,0.0842285,0.346008,0.925598
1564164020895831,-0.127869,0.0843506,0.345947,0.925598
1564164020918289,-0.127502,0.0847168,0.345886,0.925659
1564164020940749,-0.127625,0.0849609,0.346008,0.925598
1564164020963206,-0.128113,0.0848389,0.346191,0.925476
1564164020978178,-0.128113,0.0845337,0.346313,0.925415
1564164021000636,-0.127747,0.0846558,0.346313,0.925476
1564164021018603,-0.127686,0.0847168,0.346313,0.925476
1564164021038068,-0.128052,0.0847168,0.346313,0.925415
1564164021060525,-0.128357,0.0847168,0.346252,0.925415
1564164021075497,-0.128357,0.0847778,0.346252,0.925415
1564164021097957,-0.128357,0.0848389,0.346252,0.925415
1564164021120416,-0.128357,0.0848999,0.346313,0.925354
1564164021135885,-0.128357,0.0849609,0.346313,0.925354
1564164021165829,-0.128357,0.085022,0.346313,0.925354
1564164021180802,-0.128418,0.085144,0.346313,0.925354
1564164021195774,-0.128296,0.0852661,0.34613,0.925415
1564164021218232,-0.128235,0.0853271,0.345886,0.925537
1564164021243685,-0.128235,0.0853271,0.345642,0.925598
1564164021255662,-0.128174,0.0854492,0.345398,0.925659
1564164021278121,-0.128174,0.0855103,0.345215,0.92572
1564164021296587,-0.128357,0.0855713,0.345032,0.925781
1564164021315551,-0.12854,0.0857544,0.34491,0.925781
1564164021338010,-0.12854,0.0858154,0.34491,0.925781
1564164021355976,-0.128601,0.0858765,0.34491,0.925781
1564164021375439,-0.128723,0.0858765,0.34491,0.925781
1564164021398397,-0.128784,0.0858765,0.344849,0.925781
1564164021415865,-0.128784,0.0858765,0.344849,0.925781
1564164021435827,-0.128967,0.0856934,0.344849,0.925781
1564164021458285,-0.129028,0.0854492,0.344788,0.925781
1564164021476253,-0.128967,0.0852661,0.344727,0.925842
1564164021495717,-0.128906,0.085144,0.344666,0.925903
1564164021521169,-0.128906,0.0848389,0.344604,0.925964
1564164021536142,-0.128784,0.0845947,0.344482,0.926025
1564164021555604,-0.128784,0.0842896,0.34436,0.926086
1564164021578064,-0.12854,0.0840454,0.344238,0.926208
1564164021596031,-0.128296,0.0837402,0.344177,0.92627
1564164021615494,-0.128113,0.0834961,0.344177,0.926331
1564164021637952,-0.128113,0.083313,0.344177,0.926331
1564164021655919,-0.128052,0.0830688,0.344116,0.926392
1564164021676880,-0.12793,0.0829468,0.344055,0.926453
1564164021700337,-0.127686,0.0828857,0.343933,0.926514
1564164021721298,-0.127502,0.0828247,0.343872,0.926575
1564164021737767,-0.127502,0.0827026,0.343811,0.926636
1564164021760225,-0.127502,0.0827026,0.343811,0.926575
1564164021774698,-0.127502,0.0826416,0.34375,0.926636
1564164021798155,-0.12738,0.0825195,0.343689,0.926697
1564164021820115,-0.127258,0.0822754,0.343567,0.926758
1564164021834587,-0.127136,0.0820923,0.343445,0.92688
1564164021858043,-0.127075,0.0820313,0.343323,0.926941
1564164021880502,-0.126953,0.0818481,0.343201,0.927002
1564164021894476,-0.126831,0.081665,0.343018,0.927124
1564164021917434,-0.126709,0.081543,0.342834,0.927185
1564164021940390,-0.126587,0.0814209,0.342651,0.927307
1564164021954863,-0.126587,0.0811768,0.34259,0.927307
1564164021977821,-0.126526,0.0808716,0.342529,0.927368
1564164022001776,-0.12616,0.0805054,0.342529,0.92749
1564164022014752,-0.125732,0.0803223,0.342468,0.927551
1564164022037720,-0.125366,0.0802002,0.342468,0.927612
1564164022060168,-0.125244,0.0802612,0.342529,0.927612
1564164022075140,-0.125183,0.0802002,0.34259,0.927612
1564164022097598,-0.124939,0.0802002,0.34259,0.927673
1564164022120057,-0.124573,0.0800781,0.342468,0.927734
1564164022141517,-0.124207,0.0801392,0.342407,0.927795
1564164022157986,-0.12384,0.0799561,0.342346,0.927917
1564164022180444,-0.123657,0.079895,0.342224,0.927979
1564164022201405,-0.123474,0.0796509,0.342163,0.92804
1564164022219380,-0.123474,0.0794067,0.342041,0.928101
1564164022240333,-0.123535,0.0790405,0.342041,0.928101
1564164022262791,-0.123413,0.0789185,0.342041,0.928162
1564164022278762,-0.12323,0.0787964,0.342041,0.928223
1564164022300222,-0.123291,0.0786133,0.342041,0.928223
1564164022322680,-0.123474,0.0784302,0.34198,0.928223
1564164022337652,-0.123535,0.0783081,0.34198,0.928223
1564164022360110,-0.123535,0.0783081,0.34198,0.928223
1564164022381570,-0.123535,0.0783691,0.34198,0.928223
1564164022404028,-0.123779,0.078186,0.342102,0.928162
1564164022420497,-0.123901,0.078064,0.342224,0.928101
1564164022441458,-0.123535,0.078064,0.342224,0.928162
1564164022457930,-0.123535,0.078064,0.342224,0.928101
1564164022480386,-0.123718,0.078186,0.342346,0.92804
1564164022501351,-0.124146,0.078186,0.342407,0.927979
1564164022517820,-0.124146,0.0782471,0.342407,0.927979
1564164022540275,-0.124268,0.0782471,0.342529,0.927917
1564164022562733,-0.124634,0.0783691,0.342651,0.927795
1564164022577706,-0.125061,0.0784912,0.342957,0.927612
1564164022600167,-0.125488,0.0787354,0.343323,0.927429
1564164022630108,-0.125977,0.0784912,0.343811,0.927185
1564164022637594,-0.126709,0.078186,0.344482,0.92688
1564164022660551,-0.127014,0.0784302,0.345154,0.926575
1564164022682511,-0.127258,0.0787964,0.345703,0.92627
1564164022696984,-0.127991,0.0787964,0.346313,0.925964
1564164022720441,-0.128418,0.0784302,0.346802,0.92572
1564164022742901,-0.128601,0.0775757,0.347229,0.925659
1564164022756872,-0.12854,0.0768433,0.347534,0.925598
1564164022780329,-0.128662,0.0761719,0.347717,0.925537
1564164022802788,-0.129089,0.0756226,0.347778,0.925537
1564164022817263,-0.129211,0.0751343,0.347839,0.925537
1564164022840218,-0.129211,0.074646,0.347778,0.925598
1564164022862676,-0.12915,0.0742188,0.347717,0.925659
1564164022877149,-0.129211,0.0737305,0.347595,0.92572
1564164022907593,-0.129333,0.0735474,0.347473,0.925781
1564164022922565,-0.129395,0.0734253,0.347351,0.925781
1564164022937042,-0.129456,0.0733032,0.347229,0.925842
1564164022960496,-0.129456,0.0733643,0.347229,0.925842
1564164022982955,-0.129456,0.0733643,0.347229,0.925842
1564164022996926,-0.129517,0.0732422,0.347107,0.925903
1564164023020383,-0.129639,0.0730591,0.346924,0.925964
1564164023042844,-0.129639,0.072876,0.34668,0.926086
1564164023063801,-0.129517,0.072998,0.346497,0.926147
1564164023080275,-0.129517,0.0731812,0.346191,0.92627
1564164023108718,-0.129639,0.0731812,0.345947,0.926331
1564164023123695,-0.129517,0.0730591,0.345642,0.926453
1564164023140161,-0.129211,0.072937,0.345215,0.926697
1564164023162619,-0.128967,0.0728149,0.344849,0.92688
1564164023183580,-0.129089,0.0724487,0.344482,0.927002
1564164023200049,-0.129089,0.0721436,0.344055,0.927185
1564164023223007,-0.128601,0.0719604,0.343628,0.927429
1564164023243967,-0.128174,0.0716553,0.343262,0.927612
1564164023260436,-0.127869,0.0714722,0.343018,0.927795
1564164023282895,-0.127319,0.0712891,0.342651,0.92804
1564164023303859,-0.126404,0.071167,0.342163,0.928345
1564164023320326,-0.125122,0.0709839,0.341858,0.92865
1564164023344282,-0.123901,0.0704346,0.341492,0.928955
1564164023363745,-0.12323,0.0697632,0.341309,0.929199
1564164023380215,-0.123291,0.0688477,0.34137,0.929199
1564164023402677,-0.123108,0.0679321,0.341431,0.929321
1564164023423634,-0.122375,0.0672607,0.341431,0.929443
1564164023440103,-0.121521,0.0670166,0.341431,0.929565
1564164023463060,-0.120972,0.0668945,0.341553,0.929626
1564164023485020,-0.121094,0.0664673,0.341736,0.929565
1564164023500491,-0.121277,0.0658569,0.341858,0.929504
1564164023522949,-0.121033,0.0654297,0.341858,0.929565
1564164023545408,-0.120422,0.0653076,0.341736,0.929688
1564164023560380,-0.120178,0.0651855,0.341858,0.929688
1564164023582839,-0.120422,0.0649414,0.342041,0.929626
1564164023605297,-0.120483,0.0646973,0.342224,0.929565
1564164023620767,-0.120178,0.0647583,0.342224,0.929626
1564164023642729,-0.119995,0.0648804,0.342285,0.929626
1564164023665683,-0.119995,0.0648804,0.342285,0.929626
1564164023679657,-0.119995,0.0649414,0.342285,0.929626
1564164023703613,-0.119995,0.0649414,0.342285,0.929626
1564164023725073,-0.119995,0.0649414,0.342285,0.929626
1564164023740045,-0.120056,0.0649414,0.342285,0.929626
1564164023763005,-0.120056,0.0650024,0.342285,0.929626
1564164023792947,-0.120056,0.0650024,0.342285,0.929565
1564164023799438,-0.120056,0.0650024,0.342285,0.929565
1564164023823391,-0.120056,0.0650024,0.342285,0.929565
1564164023845351,-0.120056,0.0650024,0.342285,0.929565
1564164023859824,-0.120056,0.0650635,0.342285,0.929565
1564164023882781,-0.120056,0.0650635,0.342285,0.929565
1564164023905239,-0.120178,0.0646973,0.342285,0.929565
1564164023919712,-0.120178,0.0643921,0.342224,0.929626
1564164023942669,-0.120178,0.0643921,0.342224,0.929626
1564164023965147,-0.120056,0.06427,0.342224,0.929688
1564164023986588,-0.120056,0.0638428,0.342163,0.929749
1564164024002558,-0.119812,0.0633545,0.342041,0.92981
1564164024025516,-0.119141,0.0628662,0.341797,0.930054
1564164024046476,-0.118286,0.0625,0.34137,0.930298
1564164024070432,-0.117188,0.0618896,0.341187,0.930542
1564164024085403,-0.115417,0.0613403,0.341125,0.930847
1564164024106365,-0.113403,0.0615234,0.340759,0.931213
1564164024122835,-0.111755,0.0619507,0.340454,0.931519
1564164024145295,-0.111816,0.0617065,0.340454,0.931519
1564164024166253,-0.11261,0.0604248,0.340393,0.931519
1564164024182724,-0.11261,0.0591431,0.340271,0.931641
1564164024205182,-0.112061,0.0581055,0.340271,0.931763
1564164024226143,-0.111389,0.057251,0.340149,0.931946
1564164024243110,-0.110413,0.0565186,0.339722,0.932251
1564164024265070,-0.108948,0.0563354,0.339233,0.932617
1564164024286531,-0.107605,0.0567017,0.339111,0.9328
1564164024302501,-0.107117,0.0574341,0.338989,0.932861
1564164024325458,-0.107117,0.0577393,0.338501,0.933044
1564164024346439,-0.106628,0.0581055,0.338623,0.933044
1564164024362888,-0.105225,0.0579224,0.338989,0.933044
1564164024385347,-0.104004,0.057251,0.339111,0.933228
1564164024406326,-0.103333,0.0565186,0.339355,0.933228
1564164024422777,-0.102295,0.055603,0.339478,0.93335
1564164024445236,-0.101746,0.0542603,0.339722,0.933411
1564164024467693,-0.102112,0.0522461,0.340088,0.93335
1564164024482666,-0.102051,0.0506592,0.340515,0.933289
1564164024505125,-0.101257,0.0501099,0.340393,0.933411
1564164024527585,-0.100464,0.0504761,0.340149,0.933594
1564164024543068,-0.0994263,0.0515747,0.340576,0.933472
1564164024565012,-0.0985107,0.0518799,0.341309,0.933289
1564164024587969,-0.0980225,0.0529785,0.341309,0.933289
1564164024593001,-0.0960083,0.0552368,0.341797,0.933167
1564164024609430,-0.0936279,0.0571899,0.342773,0.932983
1564164024630932,-0.0928345,0.0585327,0.343262,0.932739
1564164024653351,-0.0923462,0.0593872,0.343262,0.932739
1564164024668356,-0.0916748,0.0608521,0.343628,0.932617
1564164024690816,-0.0903931,0.062561,0.344116,0.932434
1564164024713277,-0.0888062,0.0644531,0.344238,0.932434
1564164024729712,-0.0881348,0.0655518,0.344299,0.932373
1564164024750709,-0.0889282,0.0653076,0.344604,0.93219
1564164024774625,-0.0895386,0.0651855,0.344971,0.932007
1564164024788107,-0.0889893,0.0655518,0.34491,0.932068
1564164024810595,-0.0880127,0.0662231,0.344971,0.932068
1564164024833515,-0.0879517,0.0662231,0.344971,0.932068
1564164024850984,-0.0886841,0.0662842,0.345154,0.931946
1564164024870947,-0.0893555,0.06604,0.345276,0.931885
1564164024901421,-0.0892944,0.06604,0.345276,0.931885
1564164024909874,-0.0886841,0.0662842,0.345215,0.931946
1564164024932331,-0.0882568,0.0662842,0.345154,0.932007
1564164024953329,-0.088562,0.065918,0.345276,0.931946
1564164024968301,-0.0889893,0.0652466,0.345337,0.931946
1564164024990761,-0.0890503,0.0647583,0.345215,0.932007
1564164025013217,-0.088501,0.0645142,0.345093,0.932129
1564164025029665,-0.0884399,0.06427,0.345032,0.932129
1564164025052109,-0.0892334,0.0636597,0.345093,0.932129
1564164025073601,-0.0899048,0.0627441,0.345032,0.932129
1564164025089539,-0.0897827,0.062439,0.34491,0.93219
1564164025110500,-0.0892944,0.0623779,0.344666,0.932312
1564164025132958,-0.0891724,0.0622559,0.344604,0.932373
1564164025149435,-0.0895386,0.0618286,0.344604,0.932373
1564164025178380,-0.0899658,0.0610962,0.344604,0.932373
1564164025193371,-0.0897827,0.0605469,0.344482,0.932495
1564164025209818,-0.0893555,0.0602417,0.344238,0.932617
1564164025230821,-0.0891724,0.0598755,0.344116,0.932739
1564164025253275,-0.0892944,0.0597534,0.343994,0.932739
1564164025269704,-0.0897217,0.0594482,0.344055,0.932739
1564164025290705,-0.0901489,0.0588989,0.344055,0.932739
1564164025313127,-0.090332,0.0585938,0.344055,0.932739
1564164025329592,-0.0901489,0.0584717,0.344177,0.932678
1564164025350556,-0.0900269,0.0583496,0.344238,0.932678
1564164025368524,-0.09021,0.0581665,0.34436,0.932617
1564164025390982,-0.0906372,0.0578003,0.344421,0.932617
1564164025410481,-0.0906372,0.0578003,0.344421,0.932617
1564164025428408,-0.0906372,0.0578003,0.344421,0.932617
1564164025458353,-0.0906372,0.0578003,0.344421,0.932617
1564164025470837,-0.0908203,0.0577393,0.344543,0.932556
1564164025488798,-0.0910034,0.0575562,0.344666,0.932495
1564164025511757,-0.0910034,0.0575562,0.344666,0.932495
1564164025538245,-0.0909424,0.057312,0.344788,0.932434
1564164025548685,-0.0908813,0.0568237,0.34491,0.932434
1564164025571145,-0.0906982,0.0567627,0.345032,0.932434
1564164025590647,-0.090332,0.0569458,0.345154,0.932434
1564164025608574,-0.0903931,0.0568237,0.345276,0.932373
1564164025631034,-0.0908203,0.0563354,0.345398,0.932312
1564164025650999,-0.0910645,0.0559082,0.345398,0.932312
1564164025668464,-0.0911255,0.055542,0.345398,0.932312
1564164025691422,-0.0909424,0.0552979,0.345459,0.932373
1564164025710891,-0.0910034,0.0546875,0.345459,0.932373
1564164025736338,-0.0913086,0.0540161,0.345642,0.932312
1564164025751333,-0.0917358,0.0532227,0.345825,0.932251
1564164025770812,-0.0926514,0.0518188,0.346008,0.93219
1564164025796226,-0.0936279,0.0504761,0.346313,0.932007
1564164025817196,-0.0940552,0.0494385,0.346497,0.931946
1564164025830722,-0.0936279,0.0491333,0.346619,0.932007
1564164025848629,-0.09375,0.048645,0.346985,0.931885
1564164025871087,-0.0946045,0.0476685,0.347473,0.931641
1564164025890552,-0.0956421,0.0462646,0.34845,0.931213
1564164025908519,-0.0963745,0.0447388,0.349121,0.930969
1564164025930975,-0.0955811,0.0452271,0.348511,0.931274
1564164025958423,-0.0941772,0.0471802,0.347229,0.931824
1564164025968405,-0.0932617,0.048584,0.346924,0.931946
1564164025991373,-0.093811,0.0479126,0.34729,0.931763
1564164026013824,-0.0949097,0.0473022,0.347412,0.931641
1564164026027799,-0.095459,0.0482178,0.346802,0.931763
1564164026050263,-0.0953979,0.0496216,0.346375,0.931885
1564164026071722,-0.09552,0.0496216,0.347168,0.93158
1564164026087694,-0.0966797,0.0490723,0.347656,0.931274
1564164026110151,-0.0969238,0.0498657,0.347046,0.931458
1564164026131189,-0.0966187,0.0515747,0.346313,0.931641
1564164026147676,-0.0979614,0.0536499,0.346252,0.931458
1564164026170115,-0.10083,0.0541992,0.346558,0.930969
1564164026191602,-0.103333,0.0537109,0.346313,0.930847
1564164026208044,-0.103699,0.0541382,0.345886,0.930908
1564164026237990,-0.103455,0.055542,0.345703,0.930908
1564164026253993,-0.104492,0.0563965,0.346375,0.930481
1564164026267934,-0.107178,0.0563354,0.347595,0.929749
1564164026290893,-0.110229,0.055481,0.34845,0.929138
1564164026311353,-0.111877,0.0549316,0.34906,0.928772
1564164026327823,-0.112244,0.0551147,0.349304,0.928589
1564164026350279,-0.112366,0.055603,0.349548,0.928467
1564164026372742,-0.113281,0.0556641,0.34967,0.928284
1564164026387718,-0.114685,0.055481,0.349731,0.928101
1564164026410170,-0.115845,0.0553589,0.349976,0.927856
1564164026432628,-0.11615,0.0552979,0.350159,0.927795
1564164026447101,-0.11615,0.0553589,0.350159,0.927795
1564164026470558,-0.116455,0.0553589,0.350342,0.927673
1564164026492517,-0.116882,0.0551758,0.350403,0.927612
1564164026515475,-0.116821,0.055603,0.350403,0.927612
1564164026530447,-0.116821,0.055603,0.350403,0.927551
1564164026552905,-0.116882,0.055603,0.350403,0.927551
1564164026567379,-0.116943,0.0558472,0.35022,0.927612
1564164026590334,-0.117065,0.0562744,0.350037,0.927612
1564164026612793,-0.117188,0.0565796,0.349854,0.927673
1564164026627267,-0.117249,0.0565796,0.349854,0.927673
1564164026650223,-0.117065,0.0567017,0.34967,0.927734
1564164026672683,-0.117126,0.0570679,0.349548,0.927795
1564164026687156,-0.117432,0.057251,0.349426,0.927795
1564164026710112,-0.117676,0.0574341,0.349304,0.927795
1564164026732571,-0.117737,0.0574341,0.349304,0.927795
1564164026755528,-0.117493,0.0574341,0.349121,0.927856
1564164026770499,-0.117493,0.0574951,0.349121,0.927856
1564164026793457,-0.117432,0.0574341,0.348938,0.927917
1564164026806933,-0.117493,0.057373,0.348755,0.92804
1564164026830388,-0.117493,0.0574341,0.348755,0.92804
1564164026852848,-0.11731,0.057373,0.348511,0.928101
1564164026873813,-0.11731,0.057312,0.348328,0.928162
1564164026890278,-0.11731,0.057373,0.348328,0.928162
1564164026912737,-0.117249,0.057251,0.348206,0.928284
1564164026933728,-0.117249,0.057251,0.348206,0.928284
1564164026956152,-0.117188,0.0574341,0.348022,0.928345
1564164026972626,-0.117188,0.0574341,0.348022,0.928345
1564164026993587,-0.117188,0.0574951,0.348022,0.928345
1564164027010552,-0.117188,0.0574951,0.348022,0.928345
1564164027033010,-0.117065,0.0575562,0.3479,0.928345
1564164027053995,-0.116943,0.0578003,0.347778,0.928406
1564164027070945,-0.116943,0.0578003,0.347778,0.928406
1564164027092900,-0.116943,0.0578613,0.347778,0.928406
1564164027113998,-0.116821,0.0579224,0.347717,0.928467
1564164027130403,-0.116882,0.0579834,0.347717,0.928467
1564164027152862,-0.116882,0.0579834,0.347717,0.928467
1564164027173826,-0.116638,0.0578003,0.347656,0.928528
1564164027191810,-0.116394,0.0575562,0.347534,0.928589
1564164027212758,-0.11615,0.0571289,0.347412,0.928711
1564164027233750,-0.115662,0.0564575,0.347107,0.928894
1564164027250190,-0.115173,0.055481,0.346985,0.929077
1564164027273148,-0.114197,0.0551758,0.346741,0.929321
1564164027295105,-0.111572,0.0560303,0.34668,0.929626
1564164027316586,-0.108582,0.0571289,0.346619,0.929871
1564164027332529,-0.106995,0.0578003,0.346924,0.929932
1564164027355487,-0.107422,0.0585327,0.347473,0.929626
1564164027370458,-0.108398,0.0567627,0.347961,0.929443
1564164027400407,-0.108887,0.0550537,0.348083,0.929443
1564164027415384,-0.107788,0.0534058,0.348267,0.929626
1564164027430853,-0.105652,0.0523682,0.348694,0.929749
1564164027454304,-0.103699,0.0518188,0.348389,0.930115
1564164027475264,-0.102905,0.0514526,0.348267,0.930298
1564164027489737,-0.1026,0.0505981,0.348389,0.930298
1564164027512701,-0.101746,0.0500488,0.348389,0.93042
1564164027535153,-0.100037,0.050415,0.348206,0.930664
1564164027549627,-0.0973511,0.0513306,0.348022,0.930969
1564164027572581,-0.0953369,0.052124,0.347961,0.931152
1564164027595044,-0.0938721,0.0535889,0.348022,0.931213
1564164027609517,-0.0930786,0.0545654,0.348328,0.931091
1564164027640458,-0.0930176,0.0554199,0.348511,0.930969
1564164027654931,-0.0925903,0.0570068,0.348389,0.930969
1564164027669401,-0.0921631,0.0585938,0.347961,0.931091
1564164027692879,-0.0917969,0.0583496,0.348206,0.93103
1564164027715337,-0.0910645,0.0578613,0.348267,0.931152
1564164027736320,-0.0897217,0.0586548,0.347717,0.931396
1564164027754245,-0.0883789,0.0600586,0.34729,0.931641
1564164027775206,-0.088562,0.0603638,0.347534,0.931458
1564164027796226,-0.0898438,0.0596313,0.347717,0.931335
1564164027813138,-0.0906372,0.0595093,0.347473,0.931335
1564164027835093,-0.0901489,0.0598755,0.34729,0.931458
1564164027856589,-0.0895996,0.0599365,0.347107,0.93158
1564164027873024,-0.0898438,0.0593262,0.347168,0.93158
1564164027901472,-0.0905762,0.0582886,0.347229,0.931519
1564164027916482,-0.0911255,0.0575562,0.346985,0.93158
1564164027932919,-0.0914307,0.0569458,0.34668,0.931763
1564164027955871,-0.0917358,0.0561523,0.346313,0.931885
1564164027976369,-0.0921021,0.0552979,0.346008,0.932007
1564164027992802,-0.0927734,0.0544434,0.345886,0.932068
1564164028015260,-0.0935669,0.0535889,0.345825,0.932007
1564164028036259,-0.0939941,0.0529175,0.345764,0.932068
1564164028052690,-0.0938721,0.0524292,0.345642,0.932129
1564164028075155,-0.0940552,0.0518799,0.34552,0.93219
1564164028103599,-0.0946655,0.0510864,0.345459,0.93219
1564164028112587,-0.09552,0.0501709,0.345337,0.932251
1564164028135039,-0.0960083,0.0492554,0.345154,0.932312
1564164028156530,-0.0960693,0.0482788,0.34491,0.932434
1564164028180453,-0.0964355,0.0470581,0.344849,0.932434
1564164028195426,-0.0963135,0.0463867,0.345093,0.932434
1564164028216392,-0.0949097,0.0471191,0.345093,0.932556
1564164028231857,-0.0926514,0.0492554,0.34552,0.932495
1564164028255313,-0.0901489,0.0532227,0.346375,0.93219
1564164028277775,-0.0872803,0.0593872,0.347473,0.931702
1564164028292247,-0.0845947,0.0682373,0.348145,0.931091
1564164028315205,-0.0814209,0.0797729,0.347656,0.930603
1564164028337659,-0.076355,0.0949097,0.346191,0.930176
1564164028352155,-0.0692139,0.112854,0.344116,0.929504
1564164028382580,-0.0614624,0.133789,0.341003,0.928406
1564164028397548,-0.0539551,0.155457,0.336975,0.927002
1564164028419009,-0.0474243,0.178467,0.332336,0.924866
1564164028434978,-0.0412598,0.20282,0.327332,0.921936
1564164028458452,-0.034668,0.227356,0.321167,0.91864
1564164028478935,-0.0272827,0.252136,0.314209,0.914795
1564164028496866,-0.019165,0.277283,0.306458,0.910339
1564164028519323,-0.0113525,0.302979,0.297668,0.905212
1564164028538825,-0.00445557,0.328369,0.288147,0.899475
1564164028555256,0.00128174,0.352539,0.277954,0.893494
1564164028577715,0.00549316,0.37561,0.266968,0.88739
1564164028598674,0.00939941,0.397949,0.255798,0.88092
1564164028615144,0.0133667,0.419312,0.244324,0.874207
1564164028637606,0.0157471,0.439148,0.232544,0.867615
1564164028659063,0.0164795,0.457336,0.221008,0.861206
1564164028675536,0.0170288,0.474243,0.209351,0.854919
1564164028697491,0.0181274,0.488892,0.196838,0.849609
1564164028720448,0.0198364,0.502869,0.183411,0.84436
1564164028735919,0.0212402,0.516785,0.170227,0.838684
1564164028757878,0.0221558,0.530457,0.158386,0.832458
1564164028778343,0.0222778,0.542969,0.147522,0.826355
1564164028795328,0.0214233,0.555908,0.13623,0.819702
1564164028817767,0.0205078,0.56781,0.125488,0.813232
1564164028838772,0.0189819,0.580261,0.11499,0.80603
1564164028855201,0.0162964,0.592224,0.106262,0.798462
1564164028877658,0.0129395,0.603516,0.0997314,0.790955
1564164028898636,0.0098877,0.613464,0.0956421,0.783752
1564164028915096,0.00750732,0.622681,0.0924683,0.776917
1564164028938055,0.00708008,0.630798,0.0895996,0.77063
1564164028959006,0.00976563,0.638123,0.086731,0.764893
1564164028974478,0.0144653,0.644531,0.0841675,0.759705
1564164028997934,0.0198975,0.650146,0.0831909,0.754944
1564164029019394,0.0258789,0.654541,0.0834961,0.750916
1564164029025881,0.0325317,0.65802,0.0842285,0.747498
1564164029042351,0.039917,0.660645,0.0847778,0.744812
1564164029064817,0.0477295,0.662537,0.0846558,0.742615
1564164029085772,0.055542,0.663452,0.0845337,0.741333
1564164029102241,0.0625,0.663025,0.085022,0.741089
1564164029123207,0.0678711,0.661377,0.0864868,0.741882
1564164029145690,0.0723267,0.658569,0.0878906,0.743774
1564164029162142,0.0771484,0.65509,0.0883179,0.746338
1564164029183120,0.0822144,0.651062,0.088623,0.749268
1564164029214563,0.086731,0.64679,0.0894775,0.75238
1564164029220519,0.090332,0.642517,0.0905151,0.755432
1564164029242979,0.0933228,0.63855,0.0910645,0.758423
1564164029265936,0.0959473,0.634644,0.0908203,0.761353
1564164029280913,0.0984497,0.630737,0.0903931,0.764343
1564164029303366,0.100525,0.627319,0.0905151,0.766846
1564164029325823,0.101501,0.624084,0.0916748,0.769226
1564164029342296,0.101746,0.620789,0.0932007,0.771667
1564164029363268,0.102356,0.61792,0.0940552,0.773804
1564164029385712,0.103882,0.615479,0.093811,0.775574
1564164029400705,0.105591,0.61322,0.0934448,0.777161
1564164029423163,0.106812,0.611328,0.0936279,0.778442
1564164029445600,0.107361,0.609558,0.0943604,0.779663
1564164029462091,0.107605,0.60791,0.0950928,0.780823
1564164029490539,0.108154,0.606506,0.095459,0.78186
1564164029501001,0.10907,0.605103,0.0953979,0.782776
1564164029520463,0.110413,0.603699,0.0950928,0.783691
1564164029542941,0.111755,0.6026,0.0950928,0.784363
1564164029568373,0.112671,0.601379,0.0953979,0.785156
1564164029580868,0.113464,0.600037,0.0957031,0.786011
1564164029603313,0.114441,0.598633,0.0956421,0.786987
1564164029621775,0.116028,0.597046,0.0953979,0.787964
1564164029640746,0.118225,0.595459,0.0948486,0.788879
1564164029663197,0.120361,0.59375,0.0942993,0.789917
1564164029681165,0.122314,0.591858,0.0938721,0.791077
1564164029700649,0.123962,0.590149,0.0934448,0.792175
1564164029723084,0.125244,0.58844,0.0931396,0.793274
1564164029741056,0.12616,0.586975,0.0930786,0.79425
1564164029760537,0.126404,0.585632,0.0930786,0.795166
1564164029782996,0.126343,0.58429,0.0930786,0.796143
1564164029800942,0.12616,0.583069,0.0931396,0.797119
1564164029822485,0.126038,0.581848,0.0932007,0.797974
1564164029844439,0.12616,0.580627,0.0932007,0.798828
1564164029860909,0.126831,0.579102,0.0933838,0.799805
1564164029881870,0.128418,0.577332,0.09375,0.800842
1564164029903330,0.131042,0.575195,0.0949097,0.801758
1564164029921297,0.13385,0.572205,0.0970459,0.803223
1564164029942258,0.137451,0.568054,0.100281,0.805176
1564164029963248,0.141357,0.562744,0.104126,0.807739
1564164029981191,0.144836,0.556091,0.108704,0.811096
1564164030002147,0.147766,0.54718,0.114258,0.815857
1564164030023205,0.153198,0.536438,0.118896,0.821289
1564164030048628,0.161804,0.524048,0.122498,0.827087
1564164030062103,0.170044,0.509827,0.127136,0.833618
1564164030083101,0.1745,0.49292,0.134094,0.841736
1564164030101031,0.178345,0.473938,0.142151,0.850464
1564164030129486,0.182068,0.452576,0.150146,0.859863
1564164030143452,0.183777,0.429871,0.158447,0.869629
1564164030160920,0.183289,0.406311,0.167236,0.879333
1564164030183878,0.18219,0.381226,0.175659,0.889099
1564164030203346,0.180481,0.354675,0.183716,0.898743
1564164030221307,0.177734,0.327209,0.191284,0.908081
1564164030249761,0.173218,0.29895,0.198608,0.917114
1564164030263229,0.167358,0.270142,0.205994,0.925476
1564164030281196,0.161194,0.241028,0.21344,0.932861
1564164030302656,0.154419,0.211975,0.220215,0.939514
1564164030326112,0.146912,0.183167,0.225952,0.945374
1564164030341085,0.140442,0.15509,0.231873,0.94989
1564164030363544,0.136169,0.128723,0.237366,0.953125
1564164030383006,0.132202,0.104187,0.241638,0.955627
1564164030406970,0.128296,0.0812378,0.245361,0.957397
1564164030423431,0.124695,0.0599365,0.249023,0.958496
1564164030443394,0.120728,0.0390015,0.252625,0.959167
1564164030460362,0.115173,0.019165,0.255737,0.959656
1564164030482821,0.109009,0.00128174,0.258972,0.959656
1564164030503782,0.103271,-0.0144653,0.262024,0.959351
1564164030527738,0.0983887,-0.0288086,0.264954,0.95874
1564164030542709,0.0939941,-0.041748,0.268005,0.957886
1564164030563673,0.0888062,-0.0532837,0.271179,0.956909
1564164030580152,0.0842896,-0.0634155,0.274231,0.955811
1564164030602600,0.0819092,-0.0718384,0.276855,0.954651
1564164030624089,0.0803833,-0.0788574,0.278625,0.953735
1564164030640534,0.0776367,-0.0853271,0.279846,0.953064
1564164030662987,0.0730591,-0.0914917,0.28064,0.952576
1564164030683978,0.0679932,-0.0969849,0.281189,0.952271
1564164030700417,0.0632935,-0.101563,0.281738,0.951965
1564164030730360,0.0587769,-0.105591,0.282288,0.95166
1564164030743834,0.0540161,-0.109009,0.283142,0.951294
1564164030760308,0.0494995,-0.111511,0.284546,0.950806
1564164030782766,0.0456543,-0.113403,0.286133,0.950317
1564164030803744,0.0421753,-0.115173,0.287537,0.949829
1564164030820199,0.0385132,-0.116455,0.289063,0.949402
1564164030842652,0.034668,-0.117615,0.290894,0.948853
1564164030863644,0.0303955,-0.119019,0.292603,0.948242
1564164030879591,0.0254517,-0.120667,0.294006,0.947754
1564164030902541,0.0195923,-0.121887,0.295349,0.947327
1564164030924001,0.0127563,-0.122803,0.296631,0.94696
1564164030939479,0.00488281,-0.123535,0.297852,0.946533
1564164030962928,-0.00378418,-0.124146,0.298706,0.946167
1564164030983889,-0.0136719,-0.123962,0.299377,0.945923
1564164031006379,-0.024353,-0.122681,0.300781,0.945435
1564164031022817,-0.0348511,-0.121216,0.302917,0.94458
1564164031043809,-0.0449829,-0.118835,0.305115,0.943787
1564164031059750,-0.0545654,-0.114624,0.307739,0.942932
1564164031082712,-0.0632324,-0.10968,0.31073,0.942017
1564164031105164,-0.0717163,-0.104675,0.314209,0.940796
1564164031119638,-0.0793457,-0.0984497,0.318726,0.939331
1564164031142594,-0.0838013,-0.0924683,0.322998,0.93811
1564164031165054,-0.0848999,-0.0863647,0.32666,0.937317
1564164031179526,-0.0852051,-0.0797729,0.33075,0.936462
1564164031202983,-0.0836792,-0.0743408,0.334595,0.935669
1564164031232927,-0.0822144,-0.0709839,0.33783,0.934875
1564164031246400,-0.081604,-0.0679932,0.340393,0.934204
1564164031262879,-0.0820923,-0.0649414,0.343018,0.933411
1564164031285329,-0.083313,-0.062439,0.345703,0.932495
1564164031306329,-0.0844116,-0.0598755,0.347473,0.931946
1564164031322760,-0.0863647,-0.0581055,0.348511,0.931458
1564164031345221,-0.0894165,-0.0570679,0.349487,0.930847
1564164031367180,-0.0927734,-0.0560303,0.350769,0.930176
1564164031382648,-0.0944214,-0.0540771,0.351685,0.929749
1564164031405106,-0.0953369,-0.0515137,0.352844,0.929382
1564164031426067,-0.0982056,-0.0494385,0.354065,0.928711
1564164031442536,-0.101685,-0.0474243,0.355347,0.927979
1564164031464994,-0.104065,-0.0446777,0.356506,0.927368
1564164031486480,-0.104919,-0.0410156,0.357788,0.926941
1564164031510425,-0.105896,-0.0377197,0.35907,0.926453
1564164031525384,-0.107605,-0.0349731,0.360352,0.925903
1564164031546345,-0.10907,-0.0322266,0.361389,0.925415
1564164031562814,-0.110229,-0.0290527,0.362122,0.92511
1564164031585272,-0.112,-0.0265503,0.362793,0.924683
1564164031606271,-0.11438,-0.0248413,0.363647,0.924133
1564164031622706,-0.115662,-0.022583,0.364319,0.923767
1564164031645195,-0.116211,-0.0203857,0.364868,0.923523
1564164031666625,-0.117554,-0.0187988,0.365601,0.923096
1564164031682591,-0.118713,-0.0179443,0.366272,0.922668
1564164031711538,-0.118958,-0.0169067,0.366882,0.922424
1564164031726546,-0.118896,-0.0159912,0.367371,0.922302
1564164031742980,-0.119324,-0.015564,0.367676,0.922119
1564164031765443,-0.120117,-0.0154419,0.367859,0.921936
1564164031786399,-0.120422,-0.0151978,0.367981,0.921875
1564164031802868,-0.1203,-0.0151367,0.367981,0.921875
1564164031825326,-0.120361,-0.0151978,0.367981,0.921875
1564164031846347,-0.120911,-0.0157471,0.36792,0.921753
1564164031862765,-0.120972,-0.0160522,0.36792,0.921753
1564164031885215,-0.120728,-0.0163574,0.367859,0.921814
1564164031906215,-0.120605,-0.0168457,0.367676,0.921875
1564164031922653,-0.120544,-0.0172729,0.367493,0.921997
1564164031945112,-0.120422,-0.0176392,0.36731,0.922058
1564164031966586,-0.1203,-0.0178833,0.367126,0.92218
1564164031989021,-0.120117,-0.0181885,0.366882,0.922241
1564164032004993,-0.119873,-0.0185547,0.366638,0.922363
1564164032027956,-0.119446,-0.0187988,0.366272,0.922607
1564164032042927,-0.119141,-0.0189819,0.365845,0.922791
1564164032065879,-0.11908,-0.0192261,0.365479,0.922913
1564164032087839,-0.118713,-0.0195313,0.365112,0.923096
1564164032102812,-0.118225,-0.0195313,0.364868,0.923279
1564164032125277,-0.118164,-0.0194702,0.364624,0.923401
1564164032147734,-0.118164,-0.0196533,0.364441,0.923462
1564164032162707,-0.118042,-0.0198364,0.364258,0.923523
1564164032185157,-0.117798,-0.0199585,0.364075,0.923645
1564164032207617,-0.117676,-0.0200806,0.364014,0.923706
1564164032222096,-0.117615,-0.0202026,0.363892,0.923706
1564164032245052,-0.117615,-0.0205078,0.363831,0.923767
1564164032268035,-0.117554,-0.0206909,0.363647,0.923828
1564164032281986,-0.117737,-0.0209351,0.363464,0.923889
1564164032305437,-0.117798,-0.0209351,0.363464,0.923828
1564164032327900,-0.117676,-0.0209351,0.36322,0.92395
1564164032342364,-0.117676,-0.0209961,0.362976,0.924072
1564164032365330,-0.117798,-0.0211792,0.362793,0.924133
1564164032393769,-0.117615,-0.0211792,0.36261,0.924194
1564164032402258,-0.11731,-0.0209961,0.362366,0.924377
1564164032425211,-0.117432,-0.0209961,0.362183,0.924438
1564164032447677,-0.117493,-0.0210571,0.362183,0.924377
1564164032468667,-0.117432,-0.0210571,0.362061,0.924438
1564164032485106,-0.117126,-0.020874,0.361938,0.9245
1564164032507566,-0.117004,-0.0209351,0.361816,0.924622
1564164032529050,-0.117004,-0.0209961,0.361694,0.924683
1564164032546993,-0.116882,-0.0210571,0.36145,0.924744
1564164032567948,-0.116699,-0.0211182,0.361145,0.924866
1564164032588944,-0.116577,-0.0212402,0.360901,0.924988
1564164032604882,-0.116455,-0.0214844,0.360657,0.92511
1564164032627835,-0.116211,-0.0215454,0.360474,0.925232
1564164032648798,-0.11615,-0.0214233,0.360413,0.925232
1564164032672750,-0.11615,-0.0214233,0.360413,0.925232
1564164032687722,-0.116333,-0.0217285,0.360352,0.925232
1564164032708725,-0.116211,-0.0219116,0.360352,0.925232
1564164032725162,-0.116272,-0.0219727,0.360352,0.925232
1564164032747645,-0.116333,-0.0219727,0.360291,0.925232
1564164032771568,-0.116211,-0.0222778,0.360229,0.925293
1564164032785050,-0.116089,-0.022583,0.360229,0.925293
1564164032808001,-0.116089,-0.0229492,0.360229,0.925293
1564164032828966,-0.116028,-0.0234375,0.360168,0.925293
1564164032845431,-0.115784,-0.0238647,0.360046,0.925354
1564164032867889,-0.115356,-0.024292,0.359924,0.925476
1564164032896337,-0.114929,-0.0248413,0.359741,0.925537
1564164032905322,-0.114563,-0.0255127,0.359619,0.925659
1564164032927797,-0.114075,-0.0262451,0.359497,0.92572
1564164032950236,-0.113525,-0.0262451,0.359619,0.925781
1564164032965216,-0.111694,-0.0256348,0.359619,0.926025
1564164032987667,-0.109802,-0.0244141,0.359497,0.92627
1564164033011628,-0.108704,-0.0235596,0.359558,0.926453
1564164033031586,-0.108887,-0.0236206,0.359741,0.926331
1564164033048053,-0.110962,-0.0240479,0.359741,0.926086
1564164033070014,-0.112732,-0.026001,0.359558,0.925903
1564164033084985,-0.11261,-0.0267334,0.35968,0.925842
1564164033107945,-0.109375,-0.0270386,0.359375,0.926331
1564164033130399,-0.105713,-0.0261841,0.359802,0.926636
1564164033151398,-0.104736,-0.0267944,0.360291,0.926514
1564164033175335,-0.105652,-0.0289307,0.361328,0.925903
1564164033190290,-0.105713,-0.0307617,0.361877,0.925659
1564164033211254,-0.106201,-0.03125,0.361694,0.925659
1564164033228226,-0.103394,-0.0274048,0.361694,0.926086
1564164033251676,-0.100708,-0.0224609,0.361145,0.926758
1564164033271146,-0.102966,-0.0217285,0.359924,0.927002
1564164033287609,-0.110474,-0.0256958,0.359802,0.926086
1564164033310072,-0.117676,-0.0293579,0.360168,0.924927
1564164033339017,-0.120422,-0.0294189,0.359802,0.924744
1564164033347997,-0.118958,-0.0286255,0.358826,0.925293
1564164033377942,-0.117798,-0.0288696,0.357422,0.926025
1564164033391454,-0.11969,-0.0296631,0.355774,0.926331
1564164033407886,-0.123901,-0.031311,0.354126,0.926392
1564164033430345,-0.129333,-0.0341797,0.352966,0.925964
1564164033452802,-0.133728,-0.0369873,0.351868,0.925659
1564164033458298,-0.136353,-0.0383911,0.350647,0.925659
1564164033473264,-0.136841,-0.0383301,0.349487,0.926086
1564164033495721,-0.136536,-0.038269,0.348694,0.926392
1564164033518217,-0.136902,-0.0379639,0.348083,0.926575
1564164033533186,-0.137939,-0.0379639,0.347351,0.926697
1564164033555610,-0.139465,-0.0379028,0.346619,0.926758
1564164033578608,-0.140869,-0.0383301,0.346069,0.926758
1564164033593073,-0.142456,-0.0392456,0.345459,0.926697
1564164033615559,-0.143799,-0.039856,0.345032,0.926636
1564164033631977,-0.144531,-0.039978,0.344543,0.926697
1564164033653429,-0.145081,-0.0402832,0.344055,0.926758
1564164033675887,-0.145325,-0.0408936,0.343628,0.926819
1564164033691857,-0.145325,-0.041748,0.343262,0.926941
1564164033713353,-0.145142,-0.0421143,0.342957,0.927063
1564164033735812,-0.144775,-0.0421753,0.342773,0.927185
1564164033752245,-0.14447,-0.0422363,0.34259,0.927307
1564164033780704,-0.144409,-0.0425415,0.342468,0.927368
1564164033795664,-0.14502,-0.0431519,0.342346,0.927246
1564164033812142,-0.145813,-0.0435791,0.342224,0.927185
1564164033833128,-0.146362,-0.0435791,0.342163,0.927124
1564164033855554,-0.146423,-0.0435791,0.342163,0.927124
1564164033872023,-0.14624,-0.0435791,0.342102,0.927185
1564164033892988,-0.146301,-0.0435791,0.342102,0.927185
1564164033915945,-0.146301,-0.0435791,0.342102,0.927185
1564164033933410,-0.146301,-0.0438232,0.342041,0.927185
1564164033953371,-0.146301,-0.0438232,0.342041,0.927185
1564164033975867,-0.146301,-0.0440063,0.34198,0.927185
1564164033993796,-0.146545,-0.0443115,0.342041,0.927124
1564164034013296,-0.14679,-0.0446167,0.342163,0.927002
1564164034035755,-0.146851,-0.0448608,0.342163,0.926941
1564164034059681,-0.146606,-0.045105,0.342224,0.927002
1564164034073180,-0.146423,-0.0453491,0.342224,0.927002
1564164034095612,-0.146423,-0.0453491,0.342224,0.927002
1564164034113574,-0.146606,-0.0458374,0.342163,0.926941
1564164034133037,-0.147156,-0.0466309,0.342224,0.926819
1564164034155497,-0.147705,-0.0477905,0.342285,0.926636
1564164034173462,-0.147827,-0.0493774,0.34259,0.926453
1564164034192958,-0.147339,-0.050415,0.343079,0.92627
1564164034215889,-0.14624,-0.0514526,0.343933,0.926086
1564164034233351,-0.144958,-0.0528564,0.345032,0.925781
1564164034253350,-0.142273,-0.0531006,0.345459,0.926025
1564164034283258,-0.138855,-0.0524902,0.345276,0.926636
1564164034293739,-0.134827,-0.0506592,0.344849,0.92749
1564164034313204,-0.131042,-0.0478516,0.344177,0.928467
1564164034335693,-0.128174,-0.0462036,0.344055,0.928955
1564164034353627,-0.128296,-0.0464478,0.34436,0.928833
1564164034373097,-0.130005,-0.0473633,0.344971,0.928345
1564164034395589,-0.130432,-0.0478516,0.345215,0.928162
1564164034413561,-0.128357,-0.0464478,0.345703,0.928345
1564164034432979,-0.123718,-0.0448608,0.346375,0.928772
1564164034455474,-0.120056,-0.0435791,0.347107,0.929077
1564164034473405,-0.119812,-0.043335,0.347595,0.928894
1564164034493368,-0.121887,-0.0430908,0.347778,0.928589
1564164034515827,-0.124084,-0.0426636,0.347656,0.928345
1564164034533794,-0.126465,-0.043335,0.347656,0.927979
1564164034562239,-0.127502,-0.043396,0.3479,0.927795
1564164034575716,-0.127869,-0.0421753,0.348022,0.927734
1564164034593683,-0.128662,-0.0408936,0.348083,0.927673
1564164034616139,-0.131226,-0.0408325,0.348938,0.926941
1564164034635605,-0.134094,-0.0424805,0.350037,0.926086
1564164034653571,-0.134888,-0.0432739,0.351013,0.925537
1564164034674539,-0.133362,-0.0427246,0.35144,0.925659
1564164034695992,-0.13208,-0.0418091,0.351685,0.925781
1564164034713460,-0.132629,-0.0419312,0.352051,0.925537
1564164034734420,-0.133789,-0.0424194,0.352173,0.925293
1564164034750897,-0.134277,-0.0424805,0.35199,0.925293
1564164034773348,-0.134277,-0.0427856,0.351807,0.925354
1564164034794814,-0.134338,-0.0429688,0.351624,0.925415
1564164034811276,-0.134521,-0.0430908,0.351501,0.925415
1564164034841226,-0.134583,-0.0430298,0.351318,0.925476
1564164034854710,-0.134583,-0.0430298,0.351318,0.925476
1564164034871166,-0.134583,-0.0430298,0.351318,0.925476
1564164034894129,-0.134583,-0.0430298,0.351318,0.925476
1564164034915090,-0.134399,-0.0426025,0.351257,0.925537
1564164034936545,-0.134155,-0.0422974,0.351318,0.925598
1564164034952516,-0.134155,-0.0422974,0.351318,0.925598
1564164034975472,-0.134216,-0.0422974,0.351318,0.925598
1564164034996468,-0.134155,-0.0420532,0.351135,0.925659
1564164035012916,-0.134155,-0.0419312,0.350952,0.92572
1564164035042846,-0.134155,-0.0419922,0.350952,0.92572
1564164035049341,-0.134094,-0.041748,0.35083,0.925842
1564164035072795,-0.133911,-0.0415649,0.350647,0.925903
1564164035095258,-0.133911,-0.0415649,0.350647,0.925903
1564164035117709,-0.133972,-0.0415039,0.350647,0.925903
1564164035132689,-0.133972,-0.0415039,0.350647,0.925903
1564164035155139,-0.133728,-0.0415039,0.350586,0.925964
1564164035170111,-0.133484,-0.0414429,0.350525,0.926025
1564164035192577,-0.133484,-0.0414429,0.350525,0.926025
1564164035215035,-0.133362,-0.0415649,0.350525,0.926025
1564164035229508,-0.133423,-0.0415649,0.350525,0.926025
1564164035252957,-0.133057,-0.0415039,0.350464,0.926147
1564164035275447,-0.133057,-0.0414429,0.350464,0.926147
1564164035289421,-0.133057,-0.0414429,0.350464,0.926147
1564164035312852,-0.133057,-0.0414429,0.350464,0.926147
1564164035335304,-0.132813,-0.0411987,0.350281,0.926208
1564164035349777,-0.13269,-0.0412598,0.350159,0.926331
1564164035372733,-0.132751,-0.0413208,0.349976,0.926331
1564164035395199,-0.13269,-0.0411987,0.349731,0.926453
1564164035416158,-0.132751,-0.0410767,0.349548,0.926514
1564164035432624,-0.132874,-0.0411377,0.349365,0.926575
1564164035455089,-0.132935,-0.0413208,0.349243,0.926575
1564164035476541,-0.132813,-0.0413818,0.348999,0.926697
1564164035492519,-0.13269,-0.0413818,0.348816,0.926758
1564164035514978,-0.13269,-0.0414429,0.348694,0.926819
1564164035536429,-0.132751,-0.041626,0.348511,0.92688
1564164035552900,-0.132568,-0.0418091,0.348389,0.926941
1564164035575358,-0.132202,-0.0419922,0.348206,0.927063
1564164035596317,-0.132019,-0.0422363,0.348083,0.927124
1564164035614285,-0.132019,-0.0424805,0.3479,0.927185
1564164035635247,-0.131897,-0.0429688,0.347656,0.927246
1564164035656239,-0.13147,-0.0432739,0.347473,0.927368
1564164035673175,-0.131042,-0.0432129,0.347107,0.927612
1564164035695142,-0.13092,-0.0432129,0.346741,0.927734
1564164035725088,-0.130981,-0.043457,0.346558,0.927795
1564164035732564,-0.130981,-0.043457,0.346558,0.927795
1564164035755523,-0.130859,-0.0429688,0.346558,0.927795
1564164035776483,-0.131165,-0.0427856,0.346741,0.927734
1564164035793453,-0.131409,-0.0429688,0.346985,0.927551
1564164035815411,-0.131104,-0.0429077,0.347168,0.927551
1564164035837869,-0.130737,-0.0425415,0.347168,0.927612
1564164035852843,-0.130737,-0.0424805,0.347168,0.927612
1564164035875807,-0.130737,-0.0424805,0.347168,0.927612
1564164035897765,-0.130798,-0.0424805,0.347168,0.927612
1564164035912738,-0.130798,-0.0424805,0.347168,0.927612
1564164035935189,-0.130798,-0.0424805,0.347168,0.927612
1564164035957647,-0.130798,-0.0424194,0.347168,0.927612
1564164035972119,-0.130798,-0.0424194,0.347168,0.927612
1564164036002572,-0.130859,-0.0424194,0.347168,0.927612
1564164036017536,-0.130859,-0.0424194,0.347168,0.927612
1564164036032013,-0.131042,-0.0427246,0.347229,0.927551
1564164036055466,-0.131042,-0.0427246,0.347168,0.927551
1564164036077923,-0.131042,-0.0427246,0.347229,0.927551
1564164036093403,-0.131042,-0.0426636,0.347229,0.927551
1564164036115358,-0.131287,-0.0429077,0.347107,0.927551
1564164036137813,-0.131287,-0.0429077,0.347107,0.927551
1564164036152785,-0.131042,-0.0426636,0.346985,0.927673
1564164036176739,-0.131042,-0.0426025,0.346985,0.927673
1564164036198200,-0.131042,-0.0426025,0.346985,0.927673
1564164036212179,-0.131042,-0.0426025,0.346985,0.927673
1564164036235140,-0.131104,-0.0425415,0.346985,0.927612
1564164036257598,-0.130981,-0.0426636,0.346924,0.927673
1564164036280062,-0.130859,-0.0427856,0.346985,0.927673
1564164036295520,-0.130859,-0.0427246,0.347107,0.927612
1564164036317978,-0.130005,-0.041626,0.347473,0.927673
1564164036338971,-0.126038,-0.0396729,0.348267,0.927979
1564164036355408,-0.118652,-0.0366821,0.348877,0.928894
1564164036377873,-0.115234,-0.0317383,0.350037,0.929016
1564164036398858,-0.114685,-0.0292969,0.351013,0.928833
1564164036415297,-0.116577,-0.0281372,0.352234,0.928162
1564164036437763,-0.119507,-0.02948,0.352783,0.927551
1564164036458753,-0.125122,-0.0346069,0.353638,0.926331
1564164036476216,-0.131531,-0.0415039,0.354919,0.924622
1564164036505138,-0.131775,-0.0452881,0.355164,0.924316
1564164036519104,-0.124756,-0.0440063,0.354309,0.925659
1564164036535074,-0.116333,-0.0405884,0.352844,0.92749
1564164036557532,-0.112549,-0.0373535,0.351624,0.928589
1564164036578992,-0.114075,-0.0356445,0.351501,0.928467
1564164036594463,-0.118591,-0.0360107,0.351807,0.927795
1564164036617921,-0.122803,-0.0367432,0.35144,0.927368
1564164036638914,-0.123596,-0.0361938,0.35083,0.92749
1564164036654351,-0.120178,-0.0339355,0.350159,0.928284
1564164036677830,-0.115967,-0.0322266,0.349304,0.929199
1564164036706295,-0.115417,-0.0323486,0.348389,0.929626
1564164036721288,-0.117859,-0.0339966,0.348145,0.929382
1564164036737697,-0.1203,-0.0352173,0.347656,0.929138
1564164036758693,-0.121094,-0.0354614,0.346924,0.929321
1564164036782615,-0.120667,-0.0350952,0.346069,0.929749
1564164036797587,-0.120728,-0.0352783,0.345337,0.929993
1564164036820044,-0.121033,-0.0353394,0.344727,0.930176
1564164036835530,-0.121399,-0.0352173,0.344177,0.930298
1564164036857975,-0.122192,-0.0357666,0.343689,0.930359
1564164036880432,-0.123352,-0.0366821,0.343384,0.930298
1564164036895412,-0.124023,-0.0373535,0.343018,0.930298
1564164036917864,-0.123535,-0.0374756,0.342773,0.930481
1564164036940328,-0.122864,-0.0375366,0.342468,0.930664
1564164036954793,-0.123108,-0.0380249,0.342224,0.930725
1564164036985237,-0.124084,-0.0385742,0.342224,0.930542
1564164037000209,-0.125,-0.0390625,0.342163,0.93042
1564164037014683,-0.125183,-0.0393677,0.342102,0.93042
1564164037037641,-0.125,-0.0393677,0.341797,0.930542
1564164037060596,-0.124817,-0.0393066,0.341492,0.930725
1564164037074570,-0.125061,-0.0391846,0.341248,0.930725
1564164037097527,-0.125793,-0.0393066,0.341125,0.930725
1564164037119987,-0.126343,-0.0396118,0.341064,0.930664
1564164037134459,-0.126343,-0.0397949,0.341003,0.930664
1564164037157917,-0.125977,-0.0396118,0.340881,0.930725
1564164037179884,-0.125732,-0.0394287,0.34082,0.930786
1564164037194848,-0.125854,-0.0391846,0.340698,0.930847
1564164037217805,-0.12616,-0.0392456,0.340637,0.930847
1564164037240270,-0.126587,-0.0393677,0.340637,0.930786
1564164037261225,-0.126587,-0.0393677,0.340637,0.930786
1564164037277693,-0.126587,-0.0393677,0.340637,0.930786
1564164037300150,-0.126587,-0.0393066,0.340637,0.930786
1564164037321133,-0.127075,-0.0397949,0.340759,0.930664
1564164037338080,-0.127136,-0.039856,0.340759,0.930603
1564164037360049,-0.126587,-0.0393677,0.340759,0.930725
1564164037388986,-0.125977,-0.0391235,0.340759,0.930847
1564164037397971,-0.126465,-0.0395508,0.340881,0.930664
1564164037420435,-0.127136,-0.0401001,0.341064,0.930481
1564164037441392,-0.127075,-0.0402222,0.341125,0.930481
1564164037457859,-0.126404,-0.039978,0.341187,0.930542
1564164037480325,-0.126404,-0.039978,0.341187,0.930542
1564164037501315,-0.126831,-0.0401611,0.341187,0.930481
1564164037517748,-0.12738,-0.0405884,0.341248,0.93042
1564164037540712,-0.127441,-0.0405884,0.341248,0.930359
1564164037561171,-0.127075,-0.0404053,0.341248,0.93042
1564164037577644,-0.126831,-0.0406494,0.341187,0.930481
1564164037600106,-0.127075,-0.0410156,0.341187,0.93042
1564164037621557,-0.127441,-0.0413818,0.341187,0.930359
1564164037637526,-0.127502,-0.0413818,0.341187,0.930359
1564164037667479,-0.127014,-0.0411987,0.341125,0.930481
1564164037681465,-0.12677,-0.0411987,0.341064,0.930542
1564164037697914,-0.126831,-0.0415039,0.341003,0.930481
1564164037720372,-0.126892,-0.041687,0.341003,0.930481
1564164037742837,-0.126709,-0.0418091,0.340942,0.930542
1564164037757809,-0.126465,-0.0418091,0.340881,0.930603
1564164037780272,-0.126404,-0.0419312,0.340881,0.930603
1564164037802718,-0.126587,-0.0422974,0.34082,0.930542
1564164037818189,-0.126648,-0.0426025,0.340881,0.930542
1564164037840148,-0.126465,-0.0426636,0.34082,0.930542
1564164037862615,-0.126038,-0.0427246,0.34082,0.930603
1564164037877081,-0.125916,-0.0430298,0.340942,0.930603
1564164037900037,-0.12616,-0.0435791,0.341003,0.930481
1564164037905536,-0.126526,-0.0443726,0.341125,0.930359
1564164037928024,-0.126587,-0.0449829,0.341248,0.930298
1564164037944463,-0.126587,-0.0460815,0.341492,0.930176
1564164037965914,-0.127014,-0.0480347,0.34198,0.92981
1564164037988383,-0.127563,-0.0504761,0.342834,0.92926
1564164038004847,-0.127136,-0.0523071,0.343506,0.929016
1564164038025840,-0.124512,-0.052124,0.343323,0.929443
1564164038048262,-0.121155,-0.0507202,0.342346,0.930298
1564164038064732,-0.117981,-0.0479736,0.341431,0.931213
1564164038085699,-0.116333,-0.0463257,0.341431,0.931458
1564164038108189,-0.11615,-0.0456543,0.342468,0.931152
1564164038124620,-0.116028,-0.0447388,0.343262,0.930908
1564164038145619,-0.115234,-0.0432129,0.343201,0.931152
1564164038169537,-0.113647,-0.0415649,0.343567,0.931274
1564164038183049,-0.112,-0.0402832,0.344727,0.931091
1564164038205968,-0.109802,-0.0390015,0.345581,0.931091
1564164038228426,-0.108154,-0.0370483,0.346313,0.931091
1564164038242932,-0.106873,-0.03479,0.346924,0.931091
1564164038265858,-0.106995,-0.03302,0.347412,0.930969
1564164038288315,-0.108032,-0.0316772,0.348145,0.930603
1564164038304286,-0.108765,-0.0302124,0.348938,0.930298
1564164038325781,-0.109131,-0.0283813,0.349548,0.930054
1564164038348241,-0.109009,-0.026123,0.350037,0.929993
1564164038364686,-0.109192,-0.0241699,0.350586,0.92981
1564164038385650,-0.110229,-0.022644,0.351135,0.929504
1564164038408130,-0.111816,-0.0210571,0.351807,0.929077
1564164038424577,-0.114014,-0.0201416,0.352295,0.92865
1564164038450016,-0.116272,-0.0189819,0.353088,0.928101
1564164038468021,-0.118042,-0.0176392,0.35376,0.927673
1564164038484472,-0.119751,-0.0165405,0.35437,0.927246
1564164038505417,-0.121399,-0.0158081,0.35498,0.926758
1564164038528375,-0.123291,-0.015625,0.35553,0.926331
1564164038544339,-0.124634,-0.0151367,0.356201,0.925903
1564164038565801,-0.125244,-0.0144043,0.356934,0.925537
1564164038588256,-0.125977,-0.013855,0.357483,0.925232
1564164038604729,-0.127014,-0.0136108,0.357971,0.924927
1564164038625691,-0.128662,-0.0134277,0.358215,0.924622
1564164038648171,-0.130066,-0.0132446,0.358521,0.924255
1564164038666117,-0.13147,-0.0137329,0.358948,0.923889
1564164038685617,-0.132263,-0.0145264,0.359436,0.923584
1564164038703544,-0.132202,-0.0146484,0.359497,0.923584
1564164038726501,-0.131958,-0.0146484,0.359558,0.923584
1564164038745465,-0.131958,-0.0145874,0.359558,0.923584
1564164038763432,-0.132202,-0.0143433,0.359375,0.923645
1564164038785889,-0.132507,-0.0141602,0.359253,0.923645
1564164038805853,-0.132751,-0.0140381,0.359253,0.923645
1564164038823322,-0.132751,-0.0139771,0.359253,0.923584
1564164038846278,-0.132813,-0.0139771,0.359253,0.923584
1564164038865742,-0.132813,-0.0139771,0.359253,0.923584
1564164038883710,-0.133057,-0.0139771,0.359009,0.923645
1564164038906200,-0.133301,-0.0140991,0.358765,0.923706
1564164038925632,-0.133484,-0.0140991,0.358521,0.923767
1564164038943606,-0.133667,-0.0140991,0.358276,0.923828
1564164038966055,-0.134033,-0.0142212,0.358093,0.923889
1564164038985518,-0.134033,-0.0142212,0.358093,0.923889
1564164039004015,-0.134033,-0.013855,0.357971,0.923889
1564164039025948,-0.134033,-0.013855,0.357971,0.923889
1564164039053395,-0.134033,-0.013855,0.357971,0.923889
1564164039063382,-0.134033,-0.0137939,0.357971,0.923889
1564164039086339,-0.134094,-0.0137939,0.357971,0.923889
1564164039105802,-0.134094,-0.0137939,0.357971,0.923889
1564164039129753,-0.134094,-0.0137939,0.357971,0.923889
1564164039146254,-0.134155,-0.0137939,0.357971,0.923889
1564164039165685,-0.134094,-0.0137329,0.357849,0.92395
1564164039183652,-0.134094,-0.0137329,0.357849,0.92395
1564164039206117,-0.134094,-0.0137329,0.357849,0.92395
1564164039227086,-0.134338,-0.013916,0.357788,0.92395
1564164039243542,-0.134399,-0.013916,0.357788,0.92395
1564164039266003,-0.134216,-0.0137329,0.357666,0.924011
1564164039286483,-0.134216,-0.0137329,0.357666,0.924011
1564164039303430,-0.134521,-0.0137939,0.357605,0.924011
1564164039331878,-0.134521,-0.0137939,0.357544,0.924011
1564164039346385,-0.134399,-0.0137939,0.357422,0.924072
1564164039362827,-0.134399,-0.0137329,0.357422,0.924072
1564164039385276,-0.134399,-0.0137329,0.357422,0.924072
1564164039406277,-0.13446,-0.0137939,0.357239,0.924133
1564164039422707,-0.134705,-0.0140991,0.357178,0.924133
1564164039445174,-0.134705,-0.0140991,0.357178,0.924133
1564164039466165,-0.134705,-0.0140381,0.357178,0.924133
1564164039482596,-0.134766,-0.0140381,0.357239,0.924133
1564164039505062,-0.134766,-0.0139771,0.357239,0.924133
1564164039526524,-0.134827,-0.0139771,0.357239,0.924072
1564164039542486,-0.134949,-0.0139771,0.356995,0.924133
1564164039565442,-0.135254,-0.013855,0.356873,0.924194
1564164039586402,-0.135254,-0.013855,0.356873,0.924194
1564164039608926,-0.135254,-0.0134888,0.356812,0.924194
1564164039625332,-0.13501,-0.0130615,0.356812,0.924255
1564164039647796,-0.135071,-0.0130005,0.356812,0.924255
1564164039662768,-0.135071,-0.0130005,0.356812,0.924255
1564164039685219,-0.135132,-0.0130005,0.356812,0.924255
1564164039707686,-0.135132,-0.0129395,0.356812,0.924194
1564164039722659,-0.135132,-0.0129395,0.356812,0.924194
1564164039745116,-0.135193,-0.0129395,0.356812,0.924194
1564164039767574,-0.135193,-0.0128784,0.356812,0.924194
1564164039782040,-0.135254,-0.0128784,0.356812,0.924194
1564164039804998,-0.135254,-0.0128784,0.356812,0.924194
1564164039835442,-0.135376,-0.0130615,0.35675,0.924194
1564164039841929,-0.135498,-0.0133057,0.356628,0.924255
1564164039865386,-0.135254,-0.0134888,0.356445,0.924316
1564164039888341,-0.135132,-0.0136108,0.356323,0.924377
1564164039902316,-0.135132,-0.0136108,0.356323,0.924377
1564164039925281,-0.135132,-0.0136108,0.356323,0.924377
1564164039947734,-0.135193,-0.0136108,0.356323,0.924377
1564164039962213,-0.135193,-0.0135498,0.356323,0.924377
1564164039985164,-0.13501,-0.0136108,0.356201,0.924438
1564164040007620,-0.13501,-0.0135498,0.356201,0.9245
1564164040022096,-0.13501,-0.0135498,0.356201,0.9245
1564164040045049,-0.13501,-0.0135498,0.356201,0.924438
1564164040067508,-0.134888,-0.0134277,0.35614,0.9245
1564164040081981,-0.134583,-0.0134277,0.356018,0.924622
1564164040111449,-0.13446,-0.0133057,0.355835,0.924683
1564164040127895,-0.134399,-0.0133057,0.355652,0.924805
1564164040148858,-0.134338,-0.0134277,0.355408,0.924866
1564164040165327,-0.134216,-0.0137329,0.355164,0.924988
1564164040187788,-0.133789,-0.0141602,0.354858,0.925171
1564164040208751,-0.132996,-0.0144653,0.35437,0.925415
1564164040227212,-0.132263,-0.0151367,0.353943,0.92572
1564164040247675,-0.131592,-0.0151367,0.353455,0.926025
1564164040268635,-0.129333,-0.0136108,0.353333,0.926392
1564164040285103,-0.126343,-0.0116577,0.35376,0.926636
1564164040315049,-0.123352,-0.00994873,0.35437,0.926819
1564164040329023,-0.123047,-0.00750732,0.355408,0.926514
1564164040344503,-0.12439,-0.0065918,0.356506,0.925903
1564164040367951,-0.126221,-0.00708008,0.356995,0.925476
1564164040390409,-0.128357,-0.00921631,0.357361,0.925049
1564164040404383,-0.13147,-0.0135498,0.357178,0.924622
1564164040427840,-0.132751,-0.0174561,0.357605,0.924194
1564164040448803,-0.130859,-0.0194092,0.357483,0.9245
1564164040464777,-0.127563,-0.0198975,0.356567,0.925293
1564164040487729,-0.124634,-0.019043,0.355713,0.926025
1564164040508726,-0.123108,-0.0182495,0.355591,0.92627
1564164040531185,-0.123474,-0.0178833,0.355652,0.926208
1564164040547618,-0.124146,-0.0168457,0.355164,0.926331
1564164040570075,-0.123047,-0.0147705,0.354736,0.926697
1564164040585048,-0.121094,-0.0128174,0.354248,0.927124
1564164040608006,-0.120667,-0.0119629,0.353455,0.927551
1564164040630464,-0.12207,-0.0133057,0.352722,0.927612
1564164040645435,-0.123962,-0.0153809,0.352417,0.927429
1564164040667894,-0.123962,-0.0170288,0.352173,0.92749
1564164040690353,-0.121704,-0.0168457,0.351563,0.92804
1564164040704825,-0.119385,-0.0161743,0.350891,0.928589
1564164040727790,-0.119263,-0.0166626,0.350708,0.92865
1564164040750241,-0.120911,-0.0180054,0.350708,0.928406
1564164040764720,-0.121826,-0.0192871,0.350403,0.928406
1564164040796661,-0.121704,-0.0198975,0.349854,0.928589
1564164040810129,-0.121338,-0.0199585,0.349365,0.928833
1564164040824604,-0.121704,-0.0206909,0.348938,0.928955
1564164040855045,-0.122375,-0.0221558,0.348572,0.928955
1564164040870019,-0.122986,-0.0234985,0.347961,0.929077
1564164040884498,-0.12323,-0.0241089,0.347595,0.929138
1564164040907947,-0.123108,-0.024231,0.34729,0.92926
1564164040930406,-0.123657,-0.0247192,0.347107,0.92926
1564164040944381,-0.12439,-0.0252686,0.346985,0.929199
1564164040967842,-0.124512,-0.0255737,0.346802,0.92926
1564164040997781,-0.124207,-0.0256958,0.34668,0.929321
1564164041011256,-0.124207,-0.0256348,0.34668,0.929321
1564164041027726,-0.124512,-0.0259399,0.346619,0.929321
1564164041050183,-0.125183,-0.026123,0.346497,0.92926
1564164041078663,-0.125183,-0.026123,0.346497,0.92926
1564164041087616,-0.125183,-0.0262451,0.346497,0.92926
1564164041110071,-0.125122,-0.0266724,0.346558,0.929199
1564164041131531,-0.125122,-0.0266724,0.346558,0.929199
1564164041148036,-0.125122,-0.0269165,0.346558,0.929199
1564164041169969,-0.125183,-0.0271606,0.34668,0.929138
1564164041191456,-0.125488,-0.0275879,0.346802,0.929077
1564164041207897,-0.125488,-0.0276489,0.346802,0.929077
1564164041230348,-0.125183,-0.0275879,0.34668,0.929138
1564164041251347,-0.124817,-0.0274048,0.346619,0.92926
1564164041267280,-0.125,-0.02771,0.346558,0.929199
1564164041290246,-0.125488,-0.0281372,0.34668,0.929077
1564164041311198,-0.125488,-0.0281372,0.34668,0.929077
1564164041327676,-0.125244,-0.0280762,0.34668,0.929138
1564164041351623,-0.124878,-0.0280151,0.346619,0.929199
1564164041371087,-0.124878,-0.0280151,0.346619,0.929199
1564164041388055,-0.124878,-0.0280151,0.346619,0.929199
1564164041410024,-0.124878,-0.0280151,0.346619,0.929199
1564164041431476,-0.124878,-0.0280151,0.346619,0.929199
1564164041447444,-0.124878,-0.0279541,0.346619,0.929199
1564164041470401,-0.124878,-0.0279541,0.346619,0.929199
1564164041498849,-0.124939,-0.0279541,0.346619,0.929199
1564164041507833,-0.125122,-0.0281372,0.346558,0.929199
1564164041530289,-0.125305,-0.0282593,0.346375,0.92926
1564164041552752,-0.125305,-0.0282593,0.346375,0.92926
1564164041567724,-0.125305,-0.0281982,0.346375,0.929199
1564164041590199,-0.125488,-0.0283813,0.346375,0.929199
1564164041612652,-0.125854,-0.0286865,0.346497,0.929077
1564164041627618,-0.126099,-0.0289307,0.346497,0.929077
1564164041650069,-0.126099,-0.0289307,0.346497,0.929077
1564164041672534,-0.126099,-0.0291748,0.346497,0.929016
1564164041686999,-0.12616,-0.0296631,0.346558,0.929016
1564164041710456,-0.126404,-0.0302734,0.346619,0.928894
1564164041732921,-0.126831,-0.031189,0.346802,0.928772
1564164041747388,-0.127136,-0.0321045,0.347046,0.928589
1564164041777838,-0.127258,-0.0333252,0.347168,0.928467
1564164041792810,-0.127258,-0.0346069,0.347473,0.928345
1564164041807281,-0.126404,-0.0357666,0.347717,0.928284
1564164041830733,-0.124573,-0.0358276,0.347595,0.928589
1564164041852692,-0.122437,-0.0345459,0.34729,0.929077
1564164041867170,-0.12146,-0.0344849,0.347351,0.929138
1564164041890122,-0.122009,-0.0344849,0.347839,0.928894
1564164041912584,-0.122559,-0.0343018,0.347839,0.928833
1564164041927074,-0.122131,-0.0336914,0.348206,0.928772
1564164041950019,-0.121399,-0.0333252,0.349609,0.928345
1564164041972484,-0.121765,-0.0334473,0.350952,0.927795
1564164041993959,-0.121582,-0.0328979,0.351257,0.927734
1564164042010398,-0.120056,-0.031189,0.350952,0.928101
1564164042032860,-0.118469,-0.0289917,0.35144,0.928223
1564164042053857,-0.118408,-0.027771,0.352417,0.927856
1564164042070288,-0.11969,-0.0269775,0.353271,0.927368
1564164042092746,-0.121216,-0.0263062,0.353882,0.927002
1564164042113739,-0.122009,-0.0256958,0.354126,0.926819
1564164042130185,-0.122131,-0.0247192,0.354858,0.926514
1564164042152636,-0.122131,-0.0244751,0.355347,0.926392
1564164042174097,-0.122559,-0.0241089,0.355408,0.92627
1564164042190073,-0.122803,-0.0227661,0.355347,0.926331
1564164042212531,-0.124695,-0.0209351,0.356018,0.925842
1564164042234019,-0.126099,-0.0214844,0.356934,0.925293
1564164042257939,-0.126038,-0.0215454,0.3573,0.925171
1564164042272912,-0.123291,-0.0187988,0.357483,0.925537
1564164042293875,-0.122864,-0.0167236,0.358093,0.925354
1564164042309344,-0.12561,-0.0167236,0.358948,0.924683
1564164042333298,-0.12854,-0.0170288,0.359924,0.923889
1564164042338295,-0.129089,-0.0164185,0.360291,0.923706
1564164042360752,-0.127686,-0.013916,0.360413,0.923889
1564164042375756,-0.128052,-0.0109863,0.360962,0.923645
1564164042398186,-0.133179,-0.0102539,0.362122,0.922485
1564164042420673,-0.140869,-0.0115967,0.363708,0.920715
1564164042437107,-0.145142,-0.0120239,0.36499,0.919495
1564164042459571,-0.143738,-0.010437,0.365845,0.919373
1564164042480558,-0.140564,-0.00817871,0.366455,0.919678
1564164042496995,-0.140442,-0.00744629,0.367188,0.919434
1564164042518455,-0.1427,-0.00775146,0.367981,0.918762
1564164042540445,-0.143677,-0.00744629,0.368408,0.918396
1564164042555890,-0.143311,-0.00701904,0.368896,0.918274
1564164042577848,-0.143066,-0.00628662,0.369263,0.918213
1564164042600825,-0.143616,-0.00585938,0.369446,0.91803
1564164042615777,-0.144653,-0.00549316,0.369507,0.917847
1564164042638241,-0.145203,-0.00531006,0.36969,0.917664
1564164042662195,-0.145874,-0.00549316,0.369995,0.91748
1564164042675698,-0.145996,-0.00598145,0.370178,0.917358
1564164042698124,-0.14624,-0.0067749,0.370239,0.917297
1564164042720610,-0.146667,-0.00708008,0.3703,0.917236
1564164042735551,-0.147095,-0.00732422,0.370239,0.917175
1564164042758041,-0.147461,-0.00744629,0.370178,0.917114
1564164042775976,-0.147766,-0.00775146,0.370117,0.917053
1564164042795575,-0.147766,-0.00775146,0.369934,0.917175
1564164042817985,-0.148071,-0.00769043,0.369812,0.917175
1564164042835940,-0.148071,-0.00769043,0.369812,0.917175
1564164042855441,-0.147888,-0.00744629,0.36969,0.917236
1564164042878375,-0.147827,-0.00695801,0.369568,0.917297
1564164042895828,-0.147705,-0.0065918,0.369507,0.917358
1564164042915790,-0.147827,-0.00646973,0.369507,0.917358
1564164042941244,-0.147705,-0.00616455,0.369629,0.917297
1564164042956216,-0.147888,-0.00585938,0.369812,0.917236
1564164042975712,-0.14801,-0.0057373,0.369934,0.917114
1564164042998135,-0.14801,-0.00567627,0.369934,0.917114
1564164043016128,-0.14801,-0.0057373,0.369934,0.917114
1564164043035608,-0.148376,-0.0055542,0.36969,0.917175
1564164043058066,-0.148621,-0.00561523,0.369446,0.917236
1564164043075998,-0.148621,-0.0057373,0.369202,0.917358
1564164043096955,-0.148621,-0.00567627,0.368958,0.917419
1564164043117954,-0.148621,-0.00567627,0.368958,0.917419
1564164043136382,-0.148682,-0.00592041,0.368896,0.917419
1564164043164829,-0.14856,-0.00598145,0.368774,0.917542
1564164043178303,-0.148132,-0.00585938,0.36853,0.917664
1564164043196268,-0.148071,-0.00592041,0.368286,0.917786
1564164043218227,-0.14801,-0.00610352,0.368103,0.917847
1564164043238212,-0.147705,-0.00622559,0.367798,0.91803
1564164043256196,-0.147705,-0.00628662,0.367554,0.918152
1564164043277139,-0.147705,-0.00653076,0.367371,0.918213
1564164043298119,-0.147522,-0.0067749,0.367126,0.918335
1564164043316047,-0.147156,-0.00701904,0.366943,0.918457
1564164043337008,-0.146851,-0.00726318,0.366699,0.91864
1564164043365468,-0.146851,-0.00744629,0.366516,0.918701
1564164043375937,-0.146973,-0.00762939,0.366333,0.918701
1564164043398395,-0.146912,-0.0078125,0.366272,0.918762
1564164043418363,-0.146912,-0.0078125,0.366272,0.918762
1564164043443310,-0.14679,-0.0078125,0.366272,0.918762
1564164043458284,-0.14679,-0.00775146,0.366272,0.918762
1564164043478245,-0.14679,-0.00775146,0.366272,0.918762
1564164043496219,-0.14679,-0.00775146,0.366333,0.918762
1564164043518679,-0.14679,-0.00769043,0.366333,0.918762
1564164043538133,-0.14679,-0.00769043,0.366333,0.918762
1564164043556100,-0.14679,-0.00762939,0.366333,0.918762
1564164043578559,-0.146851,-0.00762939,0.366333,0.918762
1564164043598022,-0.146851,-0.00762939,0.366333,0.918762
1564164043615991,-0.146667,-0.00744629,0.366272,0.918823
1564164043645934,-0.146729,-0.00744629,0.366272,0.918823
1564164043658419,-0.146729,-0.00744629,0.366272,0.918823
1564164043675879,-0.146484,-0.00726318,0.36615,0.918884
1564164043698337,-0.146301,-0.00714111,0.366089,0.918945
1564164043721293,-0.146118,-0.00708008,0.366028,0.919006
1564164043736267,-0.146118,-0.00708008,0.366028,0.919006
1564164043758725,-0.145996,-0.00708008,0.366028,0.919006
1564164043778188,-0.145813,-0.00720215,0.365967,0.919067
1564164043795157,-0.145569,-0.00726318,0.365906,0.919128
1564164043817649,-0.145203,-0.00726318,0.365906,0.919189
1564164043839084,-0.14502,-0.00738525,0.365784,0.91925
1564164043855046,-0.144897,-0.00750732,0.365845,0.91925
1564164043877505,-0.144775,-0.00750732,0.365906,0.91925
1564164043898970,-0.144531,-0.00756836,0.365845,0.919312
1564164043921459,-0.144348,-0.00769043,0.365845,0.919373
1564164043937892,-0.144226,-0.00787354,0.365906,0.919312
1564164043958889,-0.144104,-0.00811768,0.365967,0.919312
1564164043975323,-0.14386,-0.00823975,0.365967,0.919373
1564164043998278,-0.143555,-0.00836182,0.366028,0.919373
1564164044018775,-0.143372,-0.00848389,0.366089,0.919373
1564164044035214,-0.143188,-0.00860596,0.36615,0.919373
1564164044057668,-0.143188,-0.00854492,0.36615,0.919373
1564164044078643,-0.143066,-0.00860596,0.366272,0.919373
1564164044095100,-0.142822,-0.00860596,0.366333,0.919373
1564164044125074,-0.142761,-0.00860596,0.366333,0.919373
1564164044139021,-0.142761,-0.00860596,0.366333,0.919373
1564164044154989,-0.142761,-0.00860596,0.366333,0.919373
1564164044177447,-0.142639,-0.00848389,0.366394,0.919373
1564164044198911,-0.142639,-0.00848389,0.366394,0.919373
1564164044215376,-0.142639,-0.00848389,0.366394,0.919373
1564164044237834,-0.142639,-0.00842285,0.366394,0.919373
1564164044258855,-0.142639,-0.00842285,0.366455,0.919373
1564164044275264,-0.1427,-0.00842285,0.366455,0.919373
1564164044297724,-0.1427,-0.00836182,0.366455,0.919373
1564164044320181,-0.142639,-0.00836182,0.366455,0.919373
1564164044335154,-0.142639,-0.00836182,0.366455,0.919373
1564164044357611,-0.142639,-0.00836182,0.366455,0.919373
1564164044380070,-0.142639,-0.00830078,0.366455,0.919373
1564164044395043,-0.142822,-0.00836182,0.366699,0.91925
1564164044417502,-0.1427,-0.00830078,0.366943,0.919189
1564164044439958,-0.142273,-0.00811768,0.367188,0.919128
1564164044455430,-0.142151,-0.00799561,0.367493,0.919006
1564164044477889,-0.142273,-0.00811768,0.367615,0.918945
1564164044500346,-0.142212,-0.00830078,0.367615,0.918945
1564164044514819,-0.141968,-0.00854492,0.367493,0.919067
1564164044537777,-0.141663,-0.00878906,0.367371,0.919128
1564164044560241,-0.141357,-0.00915527,0.367188,0.91925
1564164044574714,-0.140564,-0.00994873,0.366821,0.919556
1564164044605152,-0.139343,-0.0108643,0.36615,0.919983
1564164044621621,-0.138245,-0.0119019,0.365417,0.92041
1564164044634597,-0.13739,-0.0132446,0.364807,0.920776
1564164044657553,-0.136719,-0.0142212,0.36438,0.921021
1564164044680013,-0.135071,-0.0140991,0.364075,0.921387
1564164044701472,-0.131958,-0.0123291,0.36377,0.921936
1564164044717441,-0.128662,-0.0108032,0.363464,0.922546
1564164044740399,-0.127441,-0.00958252,0.364258,0.922424
1564164044761386,-0.126831,-0.00860596,0.364563,0.922424
1564164044777829,-0.126221,-0.00811768,0.365295,0.922241
1564164044800295,-0.124146,-0.00769043,0.366333,0.922119
1564164044828776,-0.121521,-0.00708008,0.367004,0.92218
1564164044837719,-0.120483,-0.00756836,0.367554,0.922119
1564164044860178,-0.121155,-0.00933838,0.368652,0.92157
1564164044881177,-0.121521,-0.0111694,0.368896,0.921387
1564164044897606,-0.120605,-0.0128174,0.368042,0.921814
1564164044921572,-0.119507,-0.0134277,0.367371,0.922241
1564164044941533,-0.118103,-0.0126953,0.367188,0.922485
1564164044957497,-0.11792,-0.0119629,0.366638,0.922729
1564164044980455,-0.119446,-0.0122681,0.366394,0.922668
1564164045001452,-0.121521,-0.013916,0.366028,0.922485
1564164045017884,-0.122314,-0.0155029,0.365417,0.922607
1564164045041839,-0.121155,-0.0167236,0.364685,0.923035
1564164045061311,-0.119202,-0.0177002,0.363831,0.923584
1564164045077786,-0.118347,-0.0197144,0.36322,0.923889
1564164045106258,-0.118896,-0.0220947,0.362427,0.924072
1564164045121229,-0.119202,-0.0234985,0.361389,0.924438
1564164045137662,-0.119263,-0.0240479,0.360352,0.924805
1564164045160121,-0.119263,-0.0252075,0.359619,0.925049
1564164045181119,-0.119446,-0.0265503,0.358887,0.925293
1564164045197550,-0.118774,-0.0273438,0.358154,0.925598
1564164045220017,-0.11792,-0.027771,0.357666,0.925903
1564164045241476,-0.117554,-0.0281372,0.357239,0.926147
1564164045257938,-0.117798,-0.0286865,0.356934,0.926208
1564164045280397,-0.118164,-0.02948,0.356567,0.92627
1564164045310341,-0.118225,-0.0301514,0.356201,0.926331
1564164045317826,-0.117798,-0.0305176,0.355774,0.926575
1564164045340285,-0.117188,-0.0305786,0.355286,0.926819
1564164045362743,-0.117065,-0.0308228,0.354858,0.927002
1564164045386700,-0.117676,-0.031189,0.354614,0.927002
1564164045401671,-0.118042,-0.0313721,0.354431,0.927002
1564164045422633,-0.11792,-0.031311,0.354187,0.927124
1564164045443595,-0.117676,-0.0311279,0.353943,0.927307
1564164045460063,-0.117859,-0.031311,0.353821,0.927307
1564164045483019,-0.118408,-0.0317993,0.353821,0.927185
1564164045496994,-0.118652,-0.0318604,0.353699,0.927246
1564164045519951,-0.118652,-0.0317993,0.353699,0.927246
1564164045542910,-0.118774,-0.0319214,0.35376,0.927185
1564164045556887,-0.119141,-0.0323486,0.35376,0.927124
1564164045580339,-0.119446,-0.0327148,0.353821,0.927063
1564164045602797,-0.119507,-0.0327148,0.353821,0.927063
1564164045617271,-0.119324,-0.0324097,0.35376,0.927124
1564164045640228,-0.119263,-0.0324097,0.35376,0.927124
1564164045663192,-0.119446,-0.0325928,0.35376,0.927063
1564164045677160,-0.119812,-0.0328369,0.35376,0.927002
1564164045700117,-0.119812,-0.0328369,0.35376,0.927002
1564164045722575,-0.119629,-0.0326538,0.35376,0.927063
1564164045737049,-0.119629,-0.0326538,0.35376,0.927063
1564164045760005,-0.119873,-0.0328979,0.35376,0.927002
1564164045782476,-0.120117,-0.0331421,0.353699,0.927002
1564164045803923,-0.120117,-0.0331421,0.353699,0.927002
1564164045819896,-0.119873,-0.0328979,0.353516,0.927063
1564164045842851,-0.119873,-0.0328979,0.353516,0.927063
1564164045863812,-0.119995,-0.03302,0.353577,0.927063
1564164045880282,-0.120361,-0.0335083,0.353699,0.926941
1564164045902741,-0.120667,-0.0337524,0.35376,0.92688
1564164045923700,-0.120605,-0.0339966,0.35376,0.92688
1564164045940669,-0.120667,-0.0342407,0.353882,0.926819
1564164045962628,-0.121582,-0.0350952,0.354187,0.926514
1564164045983589,-0.123047,-0.036438,0.354675,0.926086
1564164046000059,-0.124207,-0.0377197,0.355164,0.92572
1564164046022518,-0.124268,-0.0380249,0.355103,0.92572
1564164046043980,-0.121155,-0.0361328,0.354004,0.926636
1564164046059449,-0.116821,-0.0336914,0.353638,0.927429
1564164046082905,-0.115112,-0.0328369,0.354431,0.927368
1564164046103880,-0.117432,-0.0339966,0.355286,0.926697
1564164046119338,-0.120422,-0.0349121,0.355896,0.926025
1564164046143296,-0.121826,-0.03479,0.356262,0.92572
1564164046166748,-0.121765,-0.0339355,0.356567,0.925659
1564164046180223,-0.121948,-0.0332031,0.357178,0.925415
1564164046202751,-0.123047,-0.0328979,0.357971,0.924988
1564164046226713,-0.124146,-0.0328369,0.358704,0.924561
1564164046240181,-0.125183,-0.0325317,0.359009,0.924316
1564164046268665,-0.125366,-0.031311,0.358765,0.924377
1564164046285098,-0.12561,-0.0301514,0.358582,0.9245
1564164046300069,-0.126465,-0.0297241,0.358826,0.924255
1564164046328538,-0.126343,-0.0297852,0.359497,0.924011
1564164046344987,-0.125061,-0.0286865,0.359863,0.924072
1564164046359962,-0.12439,-0.0267334,0.359558,0.924377
1564164046388908,-0.125366,-0.0253296,0.359619,0.924255
1564164046405374,-0.127197,-0.0245361,0.360291,0.923767
1564164046419854,-0.127991,-0.0231323,0.361084,0.923401
1564164046442812,-0.128113,-0.0202637,0.361816,0.923157
1564164046465262,-0.129333,-0.0175171,0.362366,0.922791
1564164046493751,-0.132202,-0.0155029,0.363281,0.922058
1564164046502693,-0.13623,-0.0135498,0.365295,0.920715
1564164046525153,-0.139404,-0.0112915,0.367188,0.919556
1564164046547610,-0.141357,-0.00799561,0.369202,0.918457
1564164046562583,-0.143555,-0.00469971,0.371277,0.917297
1564164046585041,-0.147461,-0.00268555,0.373352,0.915833
1564164046606500,-0.151428,-0.0012207,0.37561,0.914307
1564164046623976,-0.153198,0.000915527,0.377747,0.913086
1564164046645429,-0.15271,0.00445557,0.379089,0.912598
1564164046666424,-0.151978,0.00836182,0.380066,0.912292
1564164046682858,-0.152405,0.0109253,0.381226,0.911743
1564164046705318,-0.153259,0.0123901,0.382263,0.911133
1564164046726282,-0.153992,0.0134888,0.383057,0.910645
1564164046742754,-0.154114,0.0143433,0.383728,0.910339
1564164046772692,-0.15448,0.0147095,0.384521,0.909973
1564164046787188,-0.155151,0.0145874,0.385437,0.909424
1564164046788665,-0.155884,0.0144653,0.386108,0.909058
1564164046808186,-0.156616,0.013916,0.386658,0.908691
1564164046830591,-0.157532,0.0135498,0.386902,0.908447
1564164046848550,-0.158264,0.0135498,0.387085,0.908203
1564164046868074,-0.158691,0.0136719,0.387085,0.908142
1564164046890533,-0.158997,0.0136719,0.387207,0.90802
1564164046912932,-0.159241,0.0137329,0.387329,0.907959
1564164046928403,-0.15918,0.013916,0.387268,0.907959
1564164046950365,-0.158875,0.0141602,0.387268,0.90802
1564164046973323,-0.158875,0.0141602,0.387268,0.90802
1564164046988327,-0.158936,0.0141602,0.387268,0.90802
1564164047010782,-0.158752,0.0144653,0.387146,0.908081
1564164047027218,-0.158569,0.0146484,0.387024,0.908142
1564164047051174,-0.158386,0.0150146,0.387024,0.908203
1564164047070701,-0.158325,0.0152588,0.386902,0.908264
1564164047088603,-0.157959,0.0155029,0.386719,0.908386
1564164047108108,-0.157532,0.0157471,0.386597,0.908508
1564164047130533,-0.157349,0.015686,0.386597,0.908569
1564164047146995,-0.157288,0.015686,0.386536,0.908569
1564164047167993,-0.157288,0.015564,0.386475,0.90863
1564164047190917,-0.15741,0.0152588,0.386353,0.90863
1564164047208383,-0.157471,0.0150146,0.386169,0.908691
1564164047228345,-0.157227,0.0148926,0.386047,0.908813
1564164047250806,-0.157288,0.0145264,0.385986,0.908813
1564164047268271,-0.157532,0.0140381,0.385925,0.908813
1564164047288269,-0.157349,0.013916,0.385925,0.908875
1564164047310725,-0.157349,0.013916,0.385925,0.908875
1564164047329157,-0.15741,0.013916,0.385925,0.908875
1564164047348129,-0.15741,0.013916,0.385925,0.908875
1564164047370580,-0.157227,0.013855,0.385925,0.908875
1564164047388548,-0.157043,0.0136719,0.385986,0.908875
1564164047409508,-0.157043,0.0135498,0.385986,0.908875
1564164047430469,-0.156921,0.0133667,0.385925,0.908936
1564164047448436,-0.156738,0.0131836,0.385864,0.908997
1564164047467900,-0.156799,0.0131836,0.385864,0.908997
1564164047490388,-0.156799,0.0131836,0.385864,0.908997
1564164047508325,-0.156738,0.0130005,0.385925,0.908997
1564164047531282,-0.156616,0.0127563,0.386047,0.908997
1564164047550746,-0.156616,0.0127563,0.386047,0.908997
1564164047568711,-0.156494,0.0126343,0.386108,0.908936
1564164047588197,-0.156555,0.0125122,0.386292,0.908875
1564164047610633,-0.156555,0.0122681,0.386414,0.908813
1564164047628633,-0.156555,0.0122681,0.386414,0.908813
1564164047648103,-0.156555,0.0122681,0.386414,0.908813
1564164047670564,-0.156555,0.0122681,0.386414,0.908813
1564164047688488,-0.156555,0.0123291,0.386414,0.908813
1564164047707992,-0.156555,0.0123291,0.386414,0.908813
1564164047730449,-0.156616,0.0123291,0.386414,0.908813
1564164047748380,-0.156616,0.0123291,0.386414,0.908813
1564164047768341,-0.156616,0.0123291,0.386414,0.908813
1564164047790806,-0.156677,0.0123291,0.386414,0.908813
1564164047808766,-0.156677,0.0123291,0.386414,0.908813
1564164047829727,-0.156677,0.0123291,0.386414,0.908813
1564164047850723,-0.156677,0.0123291,0.386414,0.908813
1564164047868658,-0.156555,0.0122681,0.386292,0.908875
1564164047889615,-0.15625,0.012085,0.386047,0.909058
1564164047910615,-0.15564,0.0119019,0.385681,0.909302
1564164047936030,-0.154358,0.0115356,0.385254,0.909729
1564164047949504,-0.152588,0.0110474,0.384583,0.910278
1564164047970470,-0.150757,0.0103149,0.383789,0.91095
1564164047988931,-0.149048,0.0103149,0.383118,0.911499
1564164048009394,-0.146423,0.0108032,0.382202,0.912292
1564164048030395,-0.144287,0.012146,0.381531,0.912903
1564164048048320,-0.14209,0.0136719,0.381104,0.913391
1564164048069285,-0.140137,0.0153809,0.380554,0.91394
1564164048090778,-0.138428,0.0169067,0.380493,0.914185
1564164048108709,-0.136658,0.0177002,0.380737,0.914307
1564164048131168,-0.135803,0.0180664,0.381226,0.914246
1564164048146139,-0.135681,0.0178223,0.381409,0.914185
1564164048168597,-0.135803,0.0171509,0.381836,0.914001
1564164048191056,-0.136169,0.0159912,0.382141,0.913818
1564164048213016,-0.136475,0.0148315,0.382813,0.913513
1564164048227495,-0.136047,0.0140381,0.383118,0.913513
1564164048249950,-0.135193,0.0137939,0.382935,0.913696
1564164048271440,-0.133911,0.0137939,0.382446,0.914063
1564164048287876,-0.132935,0.0140991,0.382019,0.914429
1564164048310334,-0.132385,0.0145264,0.381714,0.914612
1564164048331332,-0.132263,0.0150146,0.381531,0.914673
1564164048347765,-0.132446,0.015625,0.381348,0.914734
1564164048370229,-0.132751,0.0150146,0.381104,0.914795
1564164048384695,-0.133057,0.0130615,0.380859,0.914917
1564164048407668,-0.132996,0.0101929,0.380554,0.915039
1564164048437597,-0.132202,0.00854492,0.379761,0.915527
1564164048444592,-0.130554,0.00817871,0.378357,0.916321
1564164048467542,-0.129761,0.00811768,0.376953,0.916992
1564164048490513,-0.131287,0.00665283,0.376038,0.917236
1564164048511468,-0.134338,0.003479,0.375671,0.916931
1564164048527930,-0.13623,0.000854492,0.375244,0.916809
1564164048550389,-0.135742,-6.10352e-05,0.374268,0.917297
1564164048571385,-0.134155,-6.10352e-05,0.37323,0.917969
1564164048587819,-0.133606,-0.000488281,0.372559,0.918274
1564164048610310,-0.13446,-0.00195313,0.372253,0.918274
1564164048624250,-0.135315,-0.00311279,0.371826,0.918335
1564164048647708,-0.134949,-0.00335693,0.371277,0.918579
1564164048670165,-0.134644,-0.0032959,0.37085,0.918823
1564164048691163,-0.135315,-0.00378418,0.370605,0.918823
1564164048713621,-0.13623,-0.00427246,0.370361,0.918762
1564164048730066,-0.136658,-0.0045166,0.370117,0.918823
1564164048751516,-0.13678,-0.00469971,0.369751,0.918945
1564164048767997,-0.13678,-0.00476074,0.369507,0.919067
1564164048789951,-0.137146,-0.00512695,0.369385,0.919067
1564164048811439,-0.137573,-0.00561523,0.369263,0.919006
1564164048827873,-0.137878,-0.00592041,0.369263,0.919006
1564164048850337,-0.137939,-0.00592041,0.369263,0.919006
1564164048871299,-0.137939,-0.00592041,0.369263,0.919006
1564164048887761,-0.138123,-0.00604248,0.369324,0.918945
1564164048916229,-0.138611,-0.00640869,0.369385,0.918823
1564164048931202,-0.139099,-0.00689697,0.369507,0.918701
1564164048947652,-0.139099,-0.00689697,0.369507,0.918701
1564164048970110,-0.138794,-0.00671387,0.369385,0.918762
1564164048992575,-0.138855,-0.00689697,0.369385,0.918762
1564164049007053,-0.139404,-0.00726318,0.369507,0.91864
1564164049030004,-0.139709,-0.00738525,0.369507,0.918579
1564164049051455,-0.139465,-0.00714111,0.369385,0.918701
1564164049067436,-0.139465,-0.00714111,0.369385,0.918701
1564164049090384,-0.139771,-0.00738525,0.369324,0.91864
1564164049112851,-0.140259,-0.00750732,0.369263,0.91864
1564164049127814,-0.140503,-0.0078125,0.369141,0.91864
1564164049150276,-0.140747,-0.00854492,0.36908,0.918579
1564164049172753,-0.141113,-0.00939941,0.369141,0.918518
1564164049187707,-0.141296,-0.0101318,0.369263,0.918457
1564164049210164,-0.141052,-0.0106812,0.369385,0.918396
1564164049232622,-0.140503,-0.0112305,0.369507,0.918457
1564164049247096,-0.140076,-0.0117188,0.369385,0.918579
1564164049270557,-0.139832,-0.0117798,0.369385,0.918579
1564164049292509,-0.138428,-0.0113525,0.36969,0.918701
1564164049306982,-0.13623,-0.0101929,0.369873,0.918945
1564164049330439,-0.135193,-0.00927734,0.3703,0.918945
1564164049352400,-0.135986,-0.00915527,0.37085,0.918579
1564164049366870,-0.137634,-0.00921631,0.371033,0.918274
1564164049390327,-0.138489,-0.00830078,0.37085,0.918213
1564164049412793,-0.138184,-0.00720215,0.370483,0.918457
1564164049427259,-0.138062,-0.00585938,0.3703,0.918518
1564164049450216,-0.138184,-0.00506592,0.370117,0.918579
1564164049473173,-0.138855,-0.00421143,0.369995,0.918579
1564164049487148,-0.139648,-0.00402832,0.370056,0.918396
1564164049510106,-0.139954,-0.00445557,0.370422,0.918213
1564164049532569,-0.139221,-0.00415039,0.371155,0.91803
1564164049553583,-0.138,-0.00311279,0.370972,0.918274
1564164049570001,-0.137634,-0.00146484,0.370789,0.918457
1564164049598939,-0.139099,-0.000183105,0.370667,0.918274
1564164049613926,-0.142273,-0.000732422,0.371033,0.917603
1564164049630388,-0.146912,-0.000427246,0.372253,0.916382
1564164049652846,-0.150757,-0.00012207,0.373108,0.915405
1564164049675304,-0.153687,0.00109863,0.374023,0.914551
1564164049690271,-0.156006,0.00189209,0.374817,0.913818
1564164049712727,-0.15802,0.00158691,0.375671,0.913147
1564164049733722,-0.158691,0.00170898,0.375977,0.912903
1564164049750158,-0.158081,0.00256348,0.375854,0.913086
1564164049772624,-0.15802,0.00360107,0.375671,0.913147
1564164049793614,-0.159119,0.00408936,0.37561,0.912964
1564164049810055,-0.1604,0.00439453,0.375549,0.912781
1564164049832514,-0.160706,0.00488281,0.375427,0.91272
1564164049853974,-0.160767,0.00549316,0.375244,0.912842
1564164049877920,-0.161316,0.00585938,0.375,0.912842
1564164049892892,-0.162231,0.00628662,0.374756,0.912781
1564164049913857,-0.162781,0.00646973,0.374695,0.912659
1564164049930329,-0.162842,0.0067749,0.374634,0.91272
1564164049952782,-0.162842,0.00714111,0.374573,0.91272
1564164049973748,-0.163208,0.00732422,0.374634,0.912659
1564164049990212,-0.163696,0.00726318,0.374695,0.912537
1564164050012670,-0.163757,0.00726318,0.374695,0.912476
1564164050035131,-0.163513,0.00750732,0.374634,0.912598
1564164050049605,-0.163513,0.00750732,0.374634,0.912598
1564164050072563,-0.16394,0.00708008,0.374573,0.912537
1564164050102512,-0.164001,0.00708008,0.374573,0.912476
1564164050109998,-0.163818,0.00695801,0.374634,0.912537
1564164050132449,-0.163818,0.00671387,0.374756,0.912476
1564164050155406,-0.163879,0.00671387,0.374756,0.912476
1564164050170877,-0.163696,0.0067749,0.374817,0.912476
1564164050192840,-0.163452,0.00665283,0.374817,0.912476
1564164050215293,-0.163391,0.00646973,0.374939,0.912476
1564164050229768,-0.163452,0.00640869,0.374939,0.912476
1564164050252725,-0.163452,0.00646973,0.374939,0.912476
1564164050275188,-0.16333,0.00640869,0.375183,0.912415
1564164050289657,-0.163147,0.00646973,0.375427,0.912354
1564164050312620,-0.162903,0.00634766,0.37561,0.912292
1564164050335075,-0.162842,0.00616455,0.375732,0.912231
1564164050349550,-0.162598,0.00622559,0.375916,0.912231
1564164050379988,-0.162598,0.00622559,0.375977,0.912231
1564164050394965,-0.162537,0.00610352,0.37616,0.912109
1564164050409432,-0.162415,0.00598145,0.376343,0.912109
1564164050432391,-0.162354,0.00616455,0.376404,0.912048
1564164050455348,-0.162109,0.00640869,0.376465,0.912048
1564164050469322,-0.162109,0.00640869,0.376465,0.912048
1564164050492778,-0.161865,0.00628662,0.376526,0.912109
1564164050515237,-0.16156,0.00646973,0.376526,0.91217
1564164050536200,-0.161255,0.00653076,0.376526,0.91217
1564164050552666,-0.161255,0.0065918,0.376587,0.91217
1564164050582613,-0.161255,0.0065918,0.376587,0.91217
1564164050597083,-0.161011,0.0067749,0.376526,0.912231
1564164050612554,-0.160706,0.00708008,0.376526,0.912292
1564164050641042,-0.160706,0.00708008,0.376526,0.912292
1564164050657475,-0.160706,0.00708008,0.376526,0.912292
1564164050672444,-0.160461,0.00726318,0.376587,0.912292
1564164050695402,-0.160217,0.00744629,0.376587,0.912354
1564164050716366,-0.160217,0.00738525,0.376831,0.912231
1564164050732832,-0.160217,0.00732422,0.376831,0.912231
1564164050755291,-0.160034,0.00756836,0.376831,0.912292
1564164050776252,-0.160034,0.00756836,0.376831,0.912292
1564164050792720,-0.160034,0.00756836,0.376831,0.912292
1564164050815179,-0.160034,0.00756836,0.376831,0.912292
1564164050836147,-0.159851,0.00775146,0.376831,0.912292
1564164050860096,-0.159851,0.00775146,0.376831,0.912292
1564164050875068,-0.159912,0.00775146,0.376831,0.912292
1564164050896028,-0.159912,0.0078125,0.376831,0.912292
1564164050912496,-0.159912,0.0078125,0.376831,0.912292
1564164050935454,-0.159912,0.00787354,0.377014,0.912231
1564164050955916,-0.159912,0.00793457,0.377014,0.912231
1564164050972884,-0.159912,0.00793457,0.377014,0.912231
1564164050995343,-0.159912,0.00793457,0.377014,0.912231
1564164051017801,-0.159851,0.00793457,0.377014,0.912231
1564164051032773,-0.159912,0.00793457,0.377014,0.912231
1564164051055231,-0.159912,0.00799561,0.377014,0.912231
1564164051077691,-0.159912,0.00799561,0.377075,0.912231
1564164051092664,-0.15979,0.00799561,0.377075,0.912231
1564164051115123,-0.159363,0.00817871,0.377075,0.912292
1564164051137579,-0.159363,0.00823975,0.377075,0.912292
1564164051152052,-0.159607,0.00805664,0.377197,0.912231
1564164051175008,-0.159607,0.00805664,0.377197,0.912231
1564164051197467,-0.159363,0.00823975,0.377136,0.912231
1564164051212439,-0.159363,0.00823975,0.377197,0.912231
1564164051234897,-0.159363,0.00805664,0.377136,0.912231
1564164051240387,-0.159302,0.0078125,0.377197,0.912292
1564164051265840,-0.15918,0.00775146,0.377197,0.912292
1564164051279318,-0.159058,0.00762939,0.377197,0.912292
1564164051300279,-0.159119,0.00720215,0.377075,0.912354
1564164051322733,-0.158813,0.0067749,0.376892,0.912476
1564164051340700,-0.158508,0.00622559,0.376587,0.912659
1564164051360663,-0.15863,0.00512695,0.376099,0.912842
1564164051383121,-0.157288,0.00408936,0.375488,0.91333
1564164051399629,-0.153625,0.00543213,0.37439,0.914368
1564164051420571,-0.151733,0.00671387,0.373779,0.914978
1564164051443105,-0.152283,0.00640869,0.373718,0.914917
1564164051461070,-0.152527,0.00598145,0.37384,0.914795
1564164051496968,-0.152222,0.00628662,0.373352,0.915039
1564164051502957,-0.150208,0.00701904,0.373047,0.915527
1564164051519429,-0.146667,0.00787354,0.373474,0.915894
1564164051543880,-0.144043,0.00927734,0.373413,0.916321
1564164051562844,-0.143127,0.0105591,0.373047,0.916626
1564164051579313,-0.145203,0.0100098,0.373169,0.91626
1564164051600776,-0.147095,0.00756836,0.374451,0.915405
1564164051623239,-0.147583,0.00488281,0.374146,0.915527
1564164051639202,-0.14624,0.00402832,0.372559,0.916382
1564164051660701,-0.143799,0.00549316,0.371094,0.917358
1564164051683154,-0.141907,0.00634766,0.370544,0.917847
1564164051699614,-0.143127,0.0055542,0.370483,0.917664
1564164051720614,-0.145996,0.00463867,0.370056,0.917419
1564164051743014,-0.147461,0.00512695,0.369507,0.917419
1564164051766966,-0.147156,0.00628662,0.369385,0.91748
1564164051780440,-0.146179,0.00714111,0.368958,0.917786
1564164051803398,-0.144958,0.0078125,0.36853,0.918152
1564164051819369,-0.14447,0.00842285,0.368347,0.918335
1564164051840329,-0.144592,0.00811768,0.368469,0.918274
1564164051863286,-0.145508,0.0067749,0.368469,0.918091
1564164051879256,-0.146362,0.00579834,0.368225,0.918091
1564164051902213,-0.146057,0.0057373,0.367737,0.918335
1564164051923218,-0.14563,0.00579834,0.367432,0.918518
1564164051941144,-0.145996,0.00531006,0.367188,0.918579
1564164051960666,-0.146851,0.0043335,0.367126,0.918457
1564164051983083,-0.147156,0.00341797,0.366943,0.918457
1564164052001031,-0.146973,0.00317383,0.36676,0.918579
1564164052021993,-0.146729,0.00299072,0.366577,0.918701
1564164052042953,-0.146973,0.00250244,0.366455,0.918701
1564164052060920,-0.147217,0.00140381,0.366394,0.918701
1564164052080405,-0.1474,0.000610352,0.366333,0.918701
1564164052102844,-0.147217,6.10352e-05,0.366089,0.918823
1564164052120807,-0.147034,-0.000549316,0.365906,0.918945
1564164052140776,-0.1474,-0.00164795,0.365784,0.918945
1564164052158739,-0.148315,-0.00335693,0.36554,0.918823
1564164052181196,-0.148865,-0.00488281,0.365234,0.918884
1564164052200694,-0.148804,-0.00598145,0.364502,0.919189
1564164052218628,-0.148315,-0.00695801,0.363647,0.919617
1564164052248572,-0.148254,-0.00817871,0.362976,0.919861
1564164052260582,-0.14856,-0.00976563,0.362366,0.920044
1564164052278517,-0.148438,-0.0114746,0.361694,0.920288
1564164052300974,-0.147339,-0.0127563,0.36084,0.920776
1564164052323437,-0.145752,-0.0137329,0.359863,0.921387
1564164052338405,-0.144226,-0.0147095,0.35907,0.921936
1564164052360863,-0.142822,-0.015625,0.358093,0.922546
1564164052380358,-0.141907,-0.0167236,0.357178,0.923035
1564164052398294,-0.141235,-0.0177002,0.356262,0.923462
1564164052420754,-0.140686,-0.0186157,0.355103,0.92395
1564164052440750,-0.140198,-0.019043,0.35376,0.924561
1564164052458682,-0.139832,-0.0194092,0.352234,0.925171
1564164052480640,-0.140198,-0.0200195,0.350708,0.925659
1564164052500664,-0.140991,-0.020813,0.349304,0.926086
1564164052526056,-0.141846,-0.0218506,0.347778,0.926514
1564164052541028,-0.142212,-0.0229492,0.345764,0.927124
1564164052561989,-0.141663,-0.0234985,0.343628,0.92804
1564164052578459,-0.140686,-0.0237427,0.341675,0.928894
1564164052601417,-0.14032,-0.0244141,0.339966,0.929565
1564164052621878,-0.14093,-0.0258789,0.338562,0.929932
1564164052638348,-0.141785,-0.027771,0.337341,0.930176
1564164052660806,-0.142029,-0.0291748,0.336304,0.930481
1564164052681327,-0.141541,-0.0302734,0.335388,0.930847
1564164052697737,-0.141052,-0.0313721,0.334717,0.931152
1564164052720196,-0.141235,-0.0328369,0.33429,0.931213
1564164052741191,-0.142029,-0.0344849,0.334045,0.931091
1564164052757625,-0.142883,-0.0359497,0.333984,0.930969
1564164052780083,-0.143555,-0.0370483,0.334229,0.930725
1564164052801083,-0.144104,-0.0380249,0.334595,0.930481
1564164052825000,-0.144714,-0.0388184,0.335083,0.930176
1564164052839980,-0.145508,-0.0396729,0.335693,0.929749
1564164052862431,-0.146851,-0.0404663,0.33667,0.929199
1564164052877403,-0.148132,-0.0414429,0.337769,0.928528
1564164052899860,-0.148987,-0.0419922,0.338867,0.927979
1564164052928806,-0.149353,-0.0422974,0.339844,0.927551
1564164052937789,-0.149719,-0.0424805,0.340942,0.927063
1564164052960248,-0.150391,-0.0427856,0.34198,0.926575
1564164052982706,-0.151184,-0.0432129,0.343018,0.926025
1564164053003711,-0.151733,-0.043396,0.343872,0.925659
1564164053020136,-0.151733,-0.0431519,0.344543,0.925415
1564164053042594,-0.151672,-0.0426636,0.345093,0.925232
1564164053057089,-0.151672,-0.0422974,0.345642,0.924988
1564164053080100,-0.151794,-0.0421753,0.34613,0.924805
1564164053102559,-0.151672,-0.0419312,0.346558,0.924683
1564164053117031,-0.151367,-0.041687,0.346802,0.924683
1564164053139993,-0.15094,-0.0413208,0.347046,0.924683
1564164053162450,-0.150513,-0.0409546,0.347229,0.924683
1564164053176923,-0.150146,-0.0407715,0.34729,0.924744
1564164053199880,-0.149719,-0.0404663,0.347351,0.924805
1564164053222340,-0.149292,-0.0402222,0.347351,0.924866
1564164053237307,-0.148743,-0.039978,0.347168,0.925049
1564164053260287,-0.148132,-0.0396729,0.346924,0.925232
1564164053283227,-0.147522,-0.0394287,0.346619,0.925476
1564164053296697,-0.146973,-0.0390625,0.346069,0.925781
1564164053320154,-0.146484,-0.0386963,0.34552,0.926086
1564164053342615,-0.146057,-0.0385132,0.344788,0.926392
1564164053363594,-0.14563,-0.038208,0.344177,0.926758
1564164053380041,-0.145203,-0.0379639,0.343506,0.927063
1564164053402505,-0.144775,-0.0377808,0.343018,0.927307
1564164053431008,-0.144409,-0.0375977,0.34259,0.927551
1564164053439935,-0.143799,-0.0374146,0.342285,0.927734
1564164053462390,-0.143066,-0.0369873,0.342041,0.927979
1564164053483857,-0.1427,-0.0368042,0.341736,0.928101
1564164053500319,-0.143005,-0.0369263,0.341492,0.928162
1564164053522778,-0.143433,-0.0374146,0.34137,0.928101
1564164053543777,-0.143555,-0.0376587,0.34137,0.928101
1564164053560706,-0.143005,-0.0375366,0.341431,0.928162
1564164053582670,-0.142395,-0.0374146,0.341492,0.928223
1564164053603669,-0.142212,-0.0374756,0.341553,0.928223
1564164053620100,-0.142456,-0.0377197,0.341675,0.928162
1564164053642559,-0.142822,-0.038147,0.341858,0.92804
1564164053663556,-0.142944,-0.0385742,0.34198,0.927917
1564164053679986,-0.142761,-0.0386353,0.342102,0.927917
1564164053709929,-0.142456,-0.0385742,0.342163,0.927979
1564164053723907,-0.142456,-0.0385132,0.342163,0.927979
1564164053740373,-0.142639,-0.0383911,0.342224,0.927917
1564164053763330,-0.142639,-0.0383301,0.342224,0.927917
1564164053783792,-0.142517,-0.038147,0.342224,0.927917
1564164053800265,-0.142334,-0.0378418,0.342163,0.927979
1564164053822720,-0.142151,-0.0374756,0.342102,0.92804
1564164053845178,-0.142151,-0.0374756,0.342102,0.92804
1564164053860171,-0.142151,-0.0374756,0.342102,0.92804
1564164053882608,-0.142151,-0.0374756,0.342102,0.92804
1564164053911077,-0.142151,-0.0374756,0.342102,0.92804
1564164053920042,-0.142151,-0.0374756,0.342102,0.92804
1564164053942500,-0.142151,-0.0374756,0.342102,0.92804
1564164053964958,-0.14209,-0.0376587,0.342102,0.92804
1564164053987418,-0.14209,-0.0380859,0.342163,0.92804
1564164054002386,-0.142334,-0.0386353,0.342285,0.927917
1564164054025344,-0.142578,-0.0391846,0.342529,0.927734
1564164054039321,-0.142578,-0.0395508,0.342712,0.927673
1564164054062774,-0.142334,-0.0396729,0.342896,0.927612
1564164054085231,-0.142212,-0.0397949,0.343018,0.927612
1564164054099206,-0.142334,-0.039978,0.343201,0.927551
1564164054122684,-0.142456,-0.0402222,0.343323,0.927429
1564164054145121,-0.142517,-0.0403442,0.343445,0.927368
1564164054159598,-0.142517,-0.0403442,0.343445,0.927368
1564164054190037,-0.142517,-0.0402832,0.343445,0.927368
1564164054205014,-0.142456,-0.0402222,0.343445,0.927368
1564164054219483,-0.142456,-0.0402222,0.343506,0.927368
1564164054242443,-0.142456,-0.0402222,0.343506,0.927368
1564164054265397,-0.142334,-0.0397949,0.343323,0.92749
1564164054279371,-0.142273,-0.0394897,0.343201,0.927551
1564164054302334,-0.142212,-0.0391235,0.343018,0.927612
1564164054325289,-0.142029,-0.0387573,0.342896,0.927734
1564164054346291,-0.141907,-0.0383301,0.342712,0.927795
1564164054362715,-0.141846,-0.0380249,0.342651,0.927856
1564164054385178,-0.141724,-0.0377197,0.342651,0.927917
1564164054406176,-0.141418,-0.0374756,0.34259,0.927979
1564164054422608,-0.140869,-0.0371704,0.342468,0.928162
1564164054445065,-0.140381,-0.0368042,0.342285,0.928284
1564164054466033,-0.140137,-0.0366211,0.342224,0.928345
1564164054482494,-0.140198,-0.0366211,0.342224,0.928345
1564164054504960,-0.140198,-0.0366211,0.342224,0.928345
1564164054526428,-0.140015,-0.036499,0.342102,0.928406
1564164054542393,-0.139526,-0.0363159,0.34198,0.928528
1564164054565341,-0.139465,-0.0362549,0.34198,0.928528
1564164054586303,-0.139526,-0.0362549,0.34198,0.928528
1564164054602772,-0.139404,-0.0363159,0.341919,0.928589
1564164054625233,-0.138916,-0.0361938,0.341797,0.928711
1564164054646231,-0.138489,-0.0360718,0.341675,0.928833
1564164054670148,-0.138489,-0.0360718,0.341675,0.928833
1564164054685118,-0.138672,-0.0361328,0.341614,0.928833
1564164054706078,-0.138733,-0.0361938,0.341614,0.928833
1564164054722553,-0.13855,-0.0359497,0.341431,0.928894
1564164054745505,-0.138367,-0.0357666,0.34137,0.928955
1564164054767464,-0.138367,-0.0357666,0.34137,0.928955
1564164054782437,-0.138367,-0.0357056,0.34137,0.928955
1564164054804895,-0.138367,-0.0357056,0.34137,0.928955
1564164054827354,-0.138367,-0.0357056,0.34137,0.928955
1564164054842329,-0.138367,-0.0356445,0.34137,0.928955
1564164054871271,-0.138367,-0.0356445,0.34137,0.928955
1564164054887764,-0.138428,-0.0356445,0.34137,0.928955
1564164054902735,-0.138428,-0.0355835,0.34137,0.928955
1564164054925179,-0.138428,-0.0355835,0.34137,0.928955
1564164054947630,-0.138489,-0.0355835,0.34137,0.928955
1564164054962111,-0.13855,-0.0356445,0.341553,0.928894
1564164054985062,-0.13855,-0.0355835,0.341553,0.928894
1564164055007520,-0.138489,-0.0355835,0.341553,0.928894
1564164055022004,-0.138489,-0.0355835,0.341553,0.928894
1564164055044950,-0.138733,-0.0355835,0.341614,0.928833
1564164055067907,-0.138733,-0.0355835,0.341614,0.928833
1564164055081882,-0.138672,-0.0355835,0.341675,0.928833
1564164055105338,-0.138672,-0.0355225,0.341675,0.928833
1564164055127797,-0.138672,-0.0355225,0.341675,0.928833
1564164055150255,-0.138672,-0.0354614,0.341675,0.928833
1564164055165227,-0.138733,-0.0354614,0.341675,0.928833
1564164055187692,-0.138733,-0.0354614,0.341675,0.928833
1564164055202158,-0.138733,-0.0354614,0.341675,0.928833
1564164055225115,-0.138733,-0.0354614,0.341675,0.928833
1564164055247573,-0.138733,-0.0354614,0.341675,0.928833
1564164055268576,-0.138794,-0.0354614,0.341675,0.928833
1564164055285003,-0.138794,-0.0354614,0.341675,0.928833
1564164055307465,-0.138794,-0.0354614,0.341675,0.928833
1564164055328445,-0.138794,-0.0354614,0.341675,0.928833
1564164055345392,-0.138794,-0.0354004,0.341675,0.928833
1564164055374840,-0.138794,-0.0354004,0.341675,0.928833
1564164055388834,-0.138733,-0.0354004,0.341675,0.928833
1564164055405280,-0.138733,-0.0354004,0.341675,0.928833
1564164055427738,-0.138733,-0.0353394,0.341675,0.928833
1564164055448739,-0.138794,-0.0354004,0.341675,0.928833
1564164055465167,-0.138794,-0.0353394,0.341675,0.928833
1564164055487626,-0.138672,-0.0352173,0.341492,0.928894
1564164055508629,-0.13855,-0.0351563,0.34137,0.928955
1564164055525067,-0.13855,-0.0350952,0.34137,0.928955
1564164055547524,-0.13855,-0.0350952,0.34137,0.928955
1564164055576462,-0.138611,-0.0350952,0.34137,0.928955
1564164055585450,-0.13855,-0.0350342,0.34137,0.928955
1564164055607403,-0.13855,-0.0349731,0.34137,0.928955
1564164055628864,-0.13855,-0.0349731,0.34137,0.928955
1564164055645333,-0.138855,-0.0350952,0.341492,0.928894
1564164055667791,-0.13916,-0.0352173,0.341553,0.928772
1564164055688797,-0.13916,-0.0352173,0.341553,0.928772
1564164055703772,-0.13916,-0.0352173,0.341553,0.928772
1564164055712208,-0.13916,-0.0352173,0.341553,0.928772
1564164055733169,-0.13916,-0.0352173,0.341553,0.928772
1564164055755629,-0.13916,-0.0352173,0.341614,0.928772
1564164055771099,-0.13916,-0.0351563,0.341614,0.928772
1564164055793057,-0.138916,-0.0351563,0.341675,0.928772
1564164055815517,-0.138916,-0.0350952,0.341675,0.928772
1564164055830527,-0.138916,-0.0350952,0.341675,0.928772
1564164055855976,-0.138916,-0.0350952,0.341675,0.928772
1564164055875445,-0.138916,-0.0350952,0.341675,0.928772
1564164055890390,-0.138733,-0.0350952,0.341797,0.928772
1564164055912872,-0.138794,-0.0350952,0.341797,0.928772
1564164055935294,-0.138733,-0.0352173,0.342102,0.92865
1564164055950317,-0.138733,-0.0354004,0.342346,0.928589
1564164055980738,-0.138733,-0.0353394,0.342346,0.928589
1564164055995709,-0.138733,-0.0355835,0.342468,0.928528
1564164056010656,-0.138672,-0.0355225,0.342468,0.928528
1564164056033122,-0.138672,-0.0355225,0.342468,0.928528
1564164056055573,-0.138672,-0.0355225,0.342468,0.928528
1564164056070575,-0.138672,-0.0355225,0.342468,0.928528
1564164056093040,-0.138428,-0.0354614,0.342407,0.928589
1564164056115459,-0.138123,-0.0353394,0.342407,0.92865
1564164056130439,-0.138123,-0.0352783,0.342407,0.92865
1564164056153409,-0.138062,-0.0355225,0.342468,0.928589
1564164056170858,-0.138062,-0.0356445,0.34259,0.928589
1564164056190359,-0.137939,-0.0357056,0.342651,0.928589
1564164056213277,-0.137695,-0.0357056,0.342712,0.928589
1564164056230746,-0.137695,-0.0356445,0.342712,0.928589
1564164056250709,-0.137756,-0.0356445,0.342773,0.928528
1564164056273175,-0.137756,-0.0356445,0.342773,0.928528
1564164056290634,-0.137756,-0.0356445,0.342773,0.928528
1564164056312095,-0.137817,-0.0356445,0.342773,0.928528
1564164056333054,-0.137756,-0.0356445,0.342773,0.928528
1564164056351051,-0.137756,-0.0356445,0.342773,0.928528
1564164056371985,-0.137756,-0.0356445,0.342773,0.928528
1564164056392983,-0.137939,-0.0358276,0.342896,0.928467
1564164056411409,-0.137939,-0.0358887,0.342896,0.928467
1564164056431872,-0.137939,-0.0358887,0.342896,0.928467
1564164056452836,-0.137939,-0.0358887,0.342896,0.928467
1564164056470799,-0.137939,-0.0358276,0.342896,0.928467
1564164056491762,-0.137939,-0.0358276,0.342896,0.928467
1564164056513221,-0.137817,-0.0359497,0.342896,0.928467
1564164056535678,-0.137512,-0.0359497,0.342957,0.928528
1564164056551694,-0.137268,-0.0359497,0.342957,0.928528
1564164056573152,-0.137268,-0.0359497,0.342957,0.928528
1564164056591117,-0.137268,-0.0358887,0.342957,0.928528
1564164056612080,-0.137268,-0.0358887,0.342957,0.928528
1564164056633181,-0.137146,-0.0358887,0.342896,0.928589
1564164056651087,-0.136963,-0.0358887,0.342896,0.928589
1564164056687020,-0.137024,-0.0358887,0.342896,0.928589
1564164056693010,-0.137024,-0.0358887,0.342896,0.928589
1564164056710978,-0.137024,-0.0358887,0.342896,0.928589
1564164056733436,-0.136841,-0.0358887,0.342896,0.92865
1564164056760386,-0.136902,-0.0358887,0.342896,0.92865
1564164056770865,-0.136902,-0.0358887,0.342896,0.92865
1564164056793323,-0.136902,-0.0358887,0.342896,0.928589
1564164056815782,-0.136902,-0.0358887,0.342896,0.928589
1564164056830768,-0.136963,-0.0358887,0.342896,0.928589
1564164056853213,-0.136902,-0.0358887,0.342896,0.928589
1564164056873208,-0.136902,-0.0358887,0.342896,0.928589
1564164056898627,-0.136963,-0.0358887,0.342896,0.928589
1564164056913599,-0.136719,-0.0357056,0.342957,0.92865
1564164056933064,-0.136719,-0.0357056,0.342957,0.92865
1564164056951029,-0.136719,-0.0357056,0.342957,0.92865
1564164056973496,-0.136719,-0.0356445,0.342957,0.92865
1564164056993012,-0.136719,-0.0356445,0.342957,0.92865
1564164057010920,-0.136719,-0.0356445,0.342957,0.92865
1564164057040864,-0.136719,-0.0356445,0.342957,0.92865
1564164057052849,-0.136719,-0.0356445,0.342957,0.92865
1564164057070808,-0.13678,-0.0356445,0.342957,0.928589
1564164057093765,-0.13678,-0.0356445,0.342957,0.928589
1564164057113729,-0.13678,-0.0356445,0.342957,0.928589
1564164057130196,-0.13678,-0.0356445,0.342957,0.928589
1564164057152661,-0.13678,-0.0356445,0.342957,0.928589
1564164057173617,-0.13678,-0.0356445,0.342957,0.928589
1564164057190089,-0.13678,-0.0356445,0.342957,0.928589
1564164057213045,-0.13678,-0.0356445,0.342957,0.928589
1564164057240996,-0.13678,-0.0356445,0.342957,0.928589
1564164057249973,-0.13678,-0.0356445,0.342957,0.928589
1564164057272435,-0.13678,-0.0355835,0.342957,0.928589
1564164057293392,-0.13678,-0.0355835,0.342957,0.928589
1564164057317348,-0.13678,-0.0355835,0.342957,0.928589
1564164057332818,-0.13678,-0.0355835,0.342957,0.928589
1564164057353826,-0.13678,-0.0355835,0.342957,0.928589
1564164057370748,-0.13678,-0.0355835,0.342957,0.928589
1564164057392715,-0.13678,-0.0355835,0.342957,0.928589
1564164057413726,-0.13678,-0.0355835,0.342957,0.928589
1564164057430158,-0.13678,-0.0355835,0.342957,0.928589
1564164057452600,-0.136719,-0.0355835,0.342957,0.928589
1564164057473594,-0.136719,-0.0355225,0.342957,0.928589
1564164057490030,-0.136719,-0.0355225,0.342957,0.928589
1564164057512487,-0.13678,-0.0355225,0.342957,0.928589
1564164057533448,-0.13678,-0.0355225,0.343018,0.928589
1564164057549917,-0.13678,-0.0354614,0.343018,0.928589
1564164057572375,-0.13678,-0.0354614,0.343018,0.928589
1564164057593835,-0.136536,-0.0353394,0.34314,0.928589
1564164057610305,-0.136108,-0.0349731,0.343201,0.92865
1564164057632763,-0.135376,-0.0345459,0.34314,0.928833
1564164057655221,-0.134705,-0.0341797,0.34314,0.928894
1564164057670194,-0.134277,-0.0338135,0.343262,0.928955
1564164057692653,-0.133545,-0.0333252,0.343384,0.929016
1564164057722599,-0.132629,-0.0322876,0.343689,0.929077
1564164057730084,-0.131958,-0.0314331,0.344055,0.929077
1564164057752541,-0.13147,-0.0304565,0.344543,0.928955
1564164057774999,-0.131165,-0.02948,0.345093,0.928833
1564164057789473,-0.130859,-0.0283813,0.345764,0.92865
1564164057812429,-0.130615,-0.0271606,0.346558,0.928467
1564164057834920,-0.130432,-0.0257568,0.347534,0.928162
1564164057849362,-0.13031,-0.0241089,0.348694,0.927795
1564164057873317,-0.130371,-0.022583,0.349792,0.927368
1564164057895275,-0.13031,-0.0206299,0.351257,0.92688
1564164057909264,-0.13092,-0.019043,0.352905,0.926208
1564164057932711,-0.131897,-0.0187378,0.354858,0.925354
1564164057955164,-0.132141,-0.0183105,0.357117,0.924438
1564164057969137,-0.130859,-0.0167847,0.358948,0.92395
1564164057992593,-0.128662,-0.0142822,0.359497,0.924072
1564164058015052,-0.12677,-0.0111694,0.359253,0.9245
1564164058036034,-0.12616,-0.00891113,0.359436,0.9245
1564164058052485,-0.126892,-0.00817871,0.360107,0.924194
1564164058074940,-0.12738,-0.00793457,0.361084,0.923706
1564164058089417,-0.127014,-0.00823975,0.362183,0.92334
1564164058112371,-0.126038,-0.00866699,0.362732,0.923218
1564164058134829,-0.125427,-0.00811768,0.363525,0.923035
1564164058156289,-0.125,-0.00726318,0.364441,0.922729
1564164058172759,-0.125732,-0.00653076,0.365173,0.922363
1564164058201250,-0.128052,-0.00567627,0.365906,0.921753
1564164058216218,-0.131592,-0.00543213,0.366699,0.920959
1564164058232648,-0.136169,-0.00512695,0.367798,0.9198
1564164058256631,-0.139221,-0.00488281,0.36853,0.919067
1564164058276128,-0.139648,-0.00396729,0.369202,0.918762
1564164058292538,-0.138855,-0.00366211,0.36969,0.918701
1564164058322483,-0.138062,-0.00311279,0.369995,0.918701
1564164058335956,-0.137817,-0.0022583,0.3703,0.918579
1564164058352926,-0.138062,-0.00152588,0.370728,0.918396
1564164058374916,-0.138184,-0.000488281,0.371094,0.918213
1564164058396343,-0.138245,0.000671387,0.37146,0.91803
1564164058412813,-0.138733,0.00164795,0.371887,0.917847
1564164058435271,-0.138733,0.00244141,0.372314,0.917603
1564164058456273,-0.138794,0.00311279,0.372742,0.91748
1564164058480187,-0.138977,0.00378418,0.372986,0.917297
1564164058495161,-0.139282,0.00439453,0.373047,0.917236
1564164058516121,-0.139832,0.00494385,0.373169,0.917114
1564164058532592,-0.140137,0.00512695,0.373291,0.916992
1564164058555049,-0.140137,0.00512695,0.373291,0.916992
1564164058577508,-0.14032,0.00506592,0.373474,0.916931
1564164058592486,-0.14032,0.00506592,0.373474,0.916931
1564164058614939,-0.140625,0.00512695,0.373596,0.916809
1564164058637402,-0.141052,0.00506592,0.373718,0.916687
1564164058652867,-0.141052,0.00506592,0.373718,0.916687
1564164058675326,-0.140991,0.00512695,0.373718,0.916687
1564164058705270,-0.141174,0.00500488,0.373779,0.916687
1564164058711766,-0.141296,0.00476074,0.373779,0.916626
1564164058735214,-0.141296,0.00476074,0.373779,0.916626
1564164058757673,-0.141357,0.00463867,0.373596,0.916687
1564164058772145,-0.141663,0.00439453,0.373474,0.916748
1564164058795107,-0.141724,0.00408936,0.373352,0.916748
1564164058817561,-0.141724,0.00396729,0.37323,0.916809
1564164058832555,-0.141724,0.00396729,0.37323,0.916809
1564164058854995,-0.141724,0.00396729,0.37323,0.916809
1564164058877449,-0.141724,0.00384521,0.373169,0.916809
1564164058891942,-0.141663,0.00360107,0.373108,0.91687
1564164058915381,-0.141663,0.00366211,0.373108,0.91687
1564164058937838,-0.141602,0.00354004,0.372925,0.916931
1564164058951812,-0.141602,0.003479,0.372803,0.916992
1564164058982753,-0.141602,0.00341797,0.37262,0.917053
1564164058997726,-0.141418,0.00341797,0.372498,0.917175
1564164059011700,-0.141418,0.00341797,0.372498,0.917175
1564164059035171,-0.141479,0.00341797,0.372498,0.917175
1564164059057624,-0.141479,0.003479,0.372498,0.917175
1564164059078613,-0.141479,0.003479,0.372498,0.917114
1564164059095061,-0.141479,0.00354004,0.372498,0.917114
1564164059117505,-0.141541,0.00354004,0.372498,0.917114
1564164059138969,-0.141541,0.00354004,0.372498,0.917114
1564164059155434,-0.141541,0.00360107,0.372498,0.917114
1564164059185378,-0.141541,0.00360107,0.372498,0.917114
1564164059198852,-0.141602,0.00360107,0.372498,0.917114
1564164059214823,-0.141602,0.00360107,0.372498,0.917114
1564164059237780,-0.141602,0.00360107,0.372498,0.917114
1564164059260238,-0.141663,0.00366211,0.372498,0.917114
1564164059275243,-0.141663,0.00366211,0.372498,0.917114
1564164059297670,-0.141724,0.00366211,0.372498,0.917114
1564164059318666,-0.141724,0.00366211,0.372498,0.917114
1564164059335102,-0.141724,0.00372314,0.372498,0.917114
1564164059357558,-0.141724,0.00372314,0.372498,0.917114
1564164059378525,-0.141724,0.00378418,0.372498,0.917114
1564164059394989,-0.141724,0.00378418,0.372498,0.917114
1564164059417447,-0.141724,0.00378418,0.372498,0.917114
1564164059438408,-0.141724,0.00384521,0.372498,0.917114
1564164059454880,-0.141785,0.00366211,0.372559,0.917053
1564164059477334,-0.141724,0.00341797,0.37262,0.917053
1564164059498801,-0.141357,0.00335693,0.37262,0.917114
1564164059515265,-0.140991,0.00317383,0.372498,0.917236
1564164059538222,-0.140564,0.00262451,0.372253,0.917358
1564164059560181,-0.140015,0.00140381,0.371704,0.917664
1564164059575153,-0.138977,0.000366211,0.370789,0.918213
1564164059597612,-0.137207,0.000854492,0.369812,0.918884
1564164059620072,-0.135071,0.00244141,0.369202,0.919434
1564164059635051,-0.132446,0.00390625,0.36908,0.919861
1564164059657534,-0.129639,0.00531006,0.368835,0.920349
1564164059679959,-0.13031,0.00689697,0.369019,0.920166
1564164059694433,-0.132507,0.00689697,0.369263,0.919739
1564164059718904,-0.134399,0.00604248,0.369629,0.919312
1564164059740347,-0.134399,0.00549316,0.36969,0.919312
1564164059755319,-0.132263,0.00592041,0.369995,0.919495
1564164059777777,-0.129761,0.00634766,0.370117,0.9198
1564164059800235,-0.128784,0.00640869,0.369812,0.920105
1564164059821197,-0.128784,0.00616455,0.370056,0.919983
1564164059837666,-0.129395,0.00531006,0.370789,0.919617
1564164059866113,-0.129517,0.00567627,0.3703,0.9198
1564164059874597,-0.128113,0.00756836,0.369202,0.92041
1564164059897555,-0.125488,0.010376,0.36853,0.921021
1564164059920014,-0.123596,0.0132446,0.367493,0.921631
1564164059941005,-0.123718,0.0142822,0.366882,0.921875
1564164059957476,-0.124817,0.013916,0.366455,0.921875
1564164059979908,-0.125916,0.0131226,0.365723,0.922058
1564164060001361,-0.125854,0.012146,0.36499,0.922363
1564164060017831,-0.125122,0.0111084,0.364014,0.922852
1564164060039789,-0.124878,0.0100098,0.362976,0.923279
1564164060061248,-0.124878,0.0088501,0.362244,0.923584
1564164060077737,-0.125061,0.00817871,0.361267,0.92395
1564164060100196,-0.125977,0.00732422,0.360291,0.924255
1564164060121157,-0.128052,0.00579834,0.359863,0.924133
1564164060128123,-0.130127,0.00396729,0.359497,0.924011
1564164060143096,-0.130615,0.00292969,0.358948,0.924133
1564164060173078,-0.129578,0.00280762,0.358337,0.9245
1564164060196556,-0.12854,0.00317383,0.35791,0.924805
1564164060203022,-0.128723,0.00311279,0.357788,0.924866
1564164060225463,-0.1297,0.00238037,0.357849,0.924683
1564164060243430,-0.13031,0.0020752,0.357666,0.924683
1564164060262913,-0.130005,0.0022583,0.357361,0.924805
1564164060292823,-0.129822,0.00244141,0.357178,0.924927
1564164060303302,-0.13031,0.00219727,0.357178,0.924866
1564164060323267,-0.131042,0.00170898,0.357178,0.924744
1564164060345729,-0.131592,0.00146484,0.357117,0.924683
1564164060369678,-0.131531,0.00164795,0.356995,0.924744
1564164060383151,-0.13147,0.00170898,0.356995,0.924744
1564164060405649,-0.131958,0.00115967,0.3573,0.924622
1564164060424082,-0.132751,0.000366211,0.357544,0.924377
1564164060443041,-0.132751,0.000366211,0.357544,0.924377
1564164060465499,-0.132385,0.000976563,0.357361,0.9245
1564164060483466,-0.132385,0.0010376,0.357361,0.9245
1564164060506423,-0.133118,0.000488281,0.357422,0.924377
1564164060525409,-0.13385,-0.00012207,0.357422,0.924255
1564164060543356,-0.133728,-0.000183105,0.357361,0.924316
1564164060570322,-0.133301,6.10352e-05,0.3573,0.924377
1564164060585294,-0.13324,6.10352e-05,0.3573,0.924377
1564164060603261,-0.133545,-0.000244141,0.3573,0.924377
1564164060623215,-0.133789,-0.000549316,0.357239,0.924316
1564164060648658,-0.133789,-0.000915527,0.357178,0.924377
1564164060663130,-0.133606,-0.000915527,0.357056,0.924438
1564164060683095,-0.133545,-0.000854492,0.357056,0.924438
1564164060705552,-0.133667,-0.000854492,0.357056,0.924438
1564164060724036,-0.134094,-0.00115967,0.357117,0.924316
1564164060743001,-0.134155,-0.00115967,0.357117,0.924316
1564164060765440,-0.133972,-0.00115967,0.356995,0.924377
1564164060783409,-0.133972,-0.00115967,0.356995,0.924377
1564164060802890,-0.133911,-0.00109863,0.356995,0.924377
1564164060825348,-0.134155,-0.00128174,0.356995,0.924377
1564164060850783,-0.134521,-0.00158691,0.356995,0.924316
1564164060862762,-0.134521,-0.00158691,0.356995,0.924316
1564164060885237,-0.134399,-0.00140381,0.356812,0.924438
1564164060903190,-0.134155,-0.0012207,0.356689,0.9245
1564164060925643,-0.134277,-0.00140381,0.356567,0.924561
1564164060945625,-0.134583,-0.00177002,0.356567,0.9245
1564164060963571,-0.134827,-0.0022583,0.356506,0.924438
1564164060983055,-0.134705,-0.00244141,0.356384,0.924561
1564164061005494,-0.134399,-0.00244141,0.356201,0.924622
1564164061023480,-0.134399,-0.00244141,0.356201,0.924622
1564164061044422,-0.134583,-0.00268555,0.356201,0.924622
1564164061065382,-0.134644,-0.00311279,0.356201,0.924622
1564164061083350,-0.134766,-0.00341797,0.356323,0.924561
1564164061104330,-0.134949,-0.00402832,0.356445,0.9245
1564164061125290,-0.135864,-0.0055542,0.356995,0.924133
1564164061143257,-0.137207,-0.00769043,0.358093,0.923462
1564164061164199,-0.137512,-0.00946045,0.359131,0.923035
1564164061185179,-0.13623,-0.00994873,0.359314,0.923096
1564164061203629,-0.134338,-0.00927734,0.358826,0.923584
1564164061224586,-0.132874,-0.00848389,0.358459,0.92395
1564164061253034,-0.132202,-0.00744629,0.358154,0.924194
1564164061263514,-0.132019,-0.00634766,0.357056,0.924683
1564164061284479,-0.132813,-0.00506592,0.355469,0.925171
1564164061305455,-0.134033,-0.00366211,0.354736,0.925293
1564164061323407,-0.134766,-0.00360107,0.355408,0.924866
1564164061344368,-0.134827,-0.00372314,0.356689,0.924438
1564164061365325,-0.132751,-0.00231934,0.357361,0.924438
1564164061383311,-0.1297,0.00012207,0.357666,0.924744
1564164061413237,-0.128052,0.00152588,0.358521,0.924683
1564164061425213,-0.129028,0.00109863,0.359314,0.924194
1564164061443181,-0.130737,0.000305176,0.359314,0.92395
1564164061465640,-0.131409,-0.000183105,0.358948,0.924011
1564164061485601,-0.13092,-0.00012207,0.358765,0.924133
1564164061503568,-0.130737,-0.000793457,0.358704,0.924194
1564164061532035,-0.131592,-0.0020752,0.358765,0.924072
1564164061546009,-0.132202,-0.00274658,0.358948,0.923889
1564164061562462,-0.131897,-0.00256348,0.359253,0.923828
1564164061584918,-0.131775,-0.00238037,0.35968,0.923645
1564164061606378,-0.133423,-0.00238037,0.360046,0.923279
1564164061622348,-0.135498,-0.00256348,0.360596,0.922791
1564164061644806,-0.137268,-0.00262451,0.361328,0.922241
1564164061659279,-0.138306,-0.00250244,0.36145,0.922058
1564164061683234,-0.138672,-0.00158691,0.361206,0.922058
1564164061712681,-0.139404,-0.000732422,0.360718,0.92218
1564164061719168,-0.141541,-0.00109863,0.360291,0.921997
1564164061742624,-0.144653,-0.00286865,0.360291,0.921509
1564164061765086,-0.146729,-0.00445557,0.360413,0.921143
1564164061786063,-0.146606,-0.00421143,0.360229,0.921204
1564164061808502,-0.145569,-0.00372314,0.360168,0.921448
1564164061824972,-0.146057,-0.00396729,0.360229,0.921326
1564164061839451,-0.147278,-0.00457764,0.360291,0.921082
1564164061862402,-0.147705,-0.00469971,0.360107,0.921082
1564164061885362,-0.147583,-0.00445557,0.359802,0.921265
1564164061906320,-0.147888,-0.00421143,0.359619,0.921265
1564164061922290,-0.148499,-0.00408936,0.359558,0.921204
1564164061945247,-0.149048,-0.00396729,0.359619,0.921082
1564164061966227,-0.149475,-0.00378418,0.359741,0.920959
1564164061982680,-0.149719,-0.00366211,0.359924,0.920837
1564164062005140,-0.149902,-0.00341797,0.360352,0.920654
1564164062026099,-0.150024,-0.00299072,0.360779,0.920471
1564164062042566,-0.150146,-0.00268555,0.361206,0.920288
1564164062065026,-0.15033,-0.00231934,0.361572,0.920105
1564164062085989,-0.150391,-0.0022583,0.362,0.919922
1564164062102456,-0.150452,-0.00219727,0.362305,0.9198
1564164062124914,-0.150391,-0.00213623,0.362488,0.919739
1564164062145875,-0.150391,-0.00201416,0.362732,0.919617
1564164062162346,-0.150391,-0.00189209,0.362854,0.919556
1564164062185301,-0.15033,-0.00164795,0.363159,0.919495
1564164062206262,-0.150024,-0.00152588,0.363464,0.919434
1564164062222731,-0.14978,-0.00140381,0.36377,0.919312
1564164062245191,-0.149414,-0.0012207,0.363953,0.919312
1564164062266155,-0.149048,-0.00115967,0.363953,0.919373
1564164062282621,-0.148804,-0.00134277,0.363892,0.919434
1564164062312565,-0.148621,-0.00115967,0.36377,0.919495
1564164062326059,-0.148499,-0.0010376,0.363647,0.919556
1564164062342509,-0.148376,-0.00115967,0.363586,0.919617
1564164062364987,-0.148132,-0.00128174,0.363525,0.919678
1564164062387426,-0.147705,-0.00128174,0.363464,0.9198
1564164062402401,-0.147461,-0.00128174,0.363464,0.9198
1564164062424857,-0.147461,-0.00152588,0.363586,0.9198
1564164062447315,-0.1474,-0.00170898,0.363708,0.919739
1564164062462286,-0.147095,-0.00170898,0.363892,0.919739
1564164062485244,-0.146851,-0.00146484,0.364014,0.919739
1564164062507206,-0.146851,-0.00146484,0.364014,0.919739
1564164062521679,-0.146851,-0.00140381,0.364014,0.919739
1564164062545133,-0.146851,-0.00140381,0.364014,0.919678
1564164062567610,-0.146545,-0.00109863,0.364197,0.919678
1564164062588571,-0.146545,-0.000854492,0.364502,0.919556
1564164062605041,-0.146606,-0.000671387,0.364746,0.919434
1564164062627483,-0.146606,-0.000488281,0.364929,0.919373
1564164062641953,-0.146851,-0.000244141,0.365173,0.91925
1564164062664911,-0.147095,0,0.365356,0.919128
1564164062687369,-0.147339,0.00012207,0.365601,0.919006
1564164062701842,-0.147278,0.000244141,0.365784,0.918945
1564164062724799,-0.147156,0.000610352,0.365967,0.918884
1564164062747257,-0.147278,0.000915527,0.366211,0.918762
1564164062761731,-0.147461,0.0012207,0.366455,0.91864
1564164062792693,-0.147522,0.00128174,0.366455,0.91864
1564164062807664,-0.147522,0.00128174,0.366455,0.91864
1564164062821619,-0.147339,0.0010376,0.366333,0.918701
1564164062845076,-0.147156,0.000610352,0.36615,0.918823
1564164062875519,-0.147278,0.000244141,0.365845,0.918945
1564164062888514,-0.147644,-0.000427246,0.365479,0.919006
1564164062904967,-0.147644,-0.00134277,0.365112,0.919128
1564164062927423,-0.146484,-0.00164795,0.364685,0.919495
1564164062948882,-0.144958,-0.00140381,0.364319,0.919861
1564164062964853,-0.143433,-0.000671387,0.364197,0.920166
1564164062994797,-0.140808,0.000366211,0.364258,0.920532
1564164063008771,-0.137146,0.0020752,0.364258,0.921082
1564164063025240,-0.134766,0.0045166,0.363708,0.921631
1564164063047702,-0.134277,0.00561523,0.363159,0.921936
1564164063070160,-0.135925,0.00592041,0.363281,0.921631
1564164063084134,-0.136719,0.00482178,0.363708,0.921387
1564164063107607,-0.137024,0.00384521,0.363525,0.921387
1564164063128548,-0.137207,0.00286865,0.36322,0.921509
1564164063145520,-0.137268,0.00170898,0.363525,0.921387
1564164063167480,-0.137024,0.000427246,0.364136,0.921143
1564164063195942,-0.137085,-0.000732422,0.364258,0.921143
1564164063204907,-0.136658,-0.000366211,0.363953,0.921265
1564164063227365,-0.136047,0.000793457,0.363892,0.921448
1564164063251321,-0.135437,0.00231934,0.363831,0.921509
1564164063272282,-0.135193,0.00354004,0.363342,0.921753
1564164063287752,-0.135437,0.00445557,0.362976,0.921875
1564164063310214,-0.135437,0.00543213,0.362366,0.922119
1564164063325184,-0.135193,0.00610352,0.361511,0.922485
1564164063348160,-0.134888,0.00634766,0.360901,0.922729
1564164063370100,-0.134277,0.00598145,0.360535,0.922974
1564164063385072,-0.133911,0.00512695,0.360046,0.923218
1564164063407550,-0.134277,0.00439453,0.359375,0.923462
1564164063429988,-0.134583,0.00445557,0.35907,0.923523
1564164063444461,-0.134705,0.00463867,0.358887,0.923584
1564164063473427,-0.134827,0.00457764,0.358459,0.923706
1564164063489877,-0.135437,0.00396729,0.358276,0.923706
1564164063504354,-0.136658,0.00305176,0.358337,0.923523
1564164063527307,-0.137451,0.00219727,0.358276,0.923401
1564164063550265,-0.137207,0.00177002,0.35791,0.923584
1564164063564242,-0.136047,0.00195313,0.357422,0.92395
1564164063587694,-0.135315,0.0020752,0.357117,0.924194
1564164063610157,-0.136047,0.00158691,0.35675,0.924194
1564164063624627,-0.136597,0.00146484,0.356201,0.924316
1564164063647603,-0.136108,0.00158691,0.355591,0.924622
1564164063670046,-0.135925,0.00134277,0.355408,0.924744
1564164063684516,-0.136414,0.000854492,0.355286,0.924683
1564164063707493,-0.137024,0.000671387,0.355103,0.924683
1564164063729932,-0.137573,0.000427246,0.354797,0.924744
1564164063744408,-0.137817,6.10352e-05,0.354553,0.924805
1564164063767361,-0.138,-0.000183105,0.35437,0.924866
1564164063789820,-0.138062,-0.000427246,0.354187,0.924866
1564164063811279,-0.138489,-0.000610352,0.354187,0.924805
1564164063827749,-0.138733,-0.000671387,0.354065,0.924866
1564164063850208,-0.138489,-0.00012207,0.353699,0.924988
1564164063871188,-0.137756,0.000610352,0.353577,0.925171
1564164063887641,-0.137573,0.000488281,0.35376,0.92511
1564164063910096,-0.138367,-0.00012207,0.354248,0.924805
1564164063931058,-0.138977,-0.000427246,0.354492,0.924622
1564164063947530,-0.139282,-0.000427246,0.354492,0.924622
1564164063977471,-0.139587,-0.000610352,0.35437,0.924561
1564164063990965,-0.140076,-0.000793457,0.354309,0.924561
1564164064007416,-0.140503,-0.000976563,0.354248,0.9245
1564164064029873,-0.140808,-0.00134277,0.354187,0.924438
1564164064051334,-0.141052,-0.00158691,0.354126,0.924438
1564164064067803,-0.141052,-0.00158691,0.354126,0.924438
1564164064090264,-0.141052,-0.00158691,0.354126,0.924438
1564164064111222,-0.141052,-0.00152588,0.354126,0.924438
1564164064129189,-0.141052,-0.0012207,0.354187,0.924438
1564164064150152,-0.141052,-0.0012207,0.354187,0.924438
1564164064170632,-0.141174,-0.00134277,0.354187,0.924438
1564164064189097,-0.141052,-0.00140381,0.354187,0.924438
1564164064210039,-0.140686,-0.0012207,0.354004,0.924561
1564164064232497,-0.140686,-0.0012207,0.354004,0.924561
1564164064247468,-0.141052,-0.00152588,0.354004,0.9245
1564164064269930,-0.141418,-0.00201416,0.354065,0.924438
1564164064292386,-0.141479,-0.00201416,0.354065,0.924438
1564164064307857,-0.141296,-0.00177002,0.354126,0.924438
1564164064329816,-0.141296,-0.00170898,0.354126,0.924438
1564164064352773,-0.141907,-0.00231934,0.354309,0.924255
1564164064367745,-0.142822,-0.00323486,0.354248,0.924133
1564164064390224,-0.1427,-0.00317383,0.354004,0.924255
1564164064412664,-0.141663,-0.00238037,0.353821,0.9245
1564164064426637,-0.141052,-0.00189209,0.35376,0.924622
1564164064456101,-0.141663,-0.00219727,0.354004,0.924438
1564164064472551,-0.142517,-0.00286865,0.35437,0.924133
1564164064487045,-0.142517,-0.00286865,0.35437,0.924133
1564164064509984,-0.141968,-0.00238037,0.354309,0.924255
1564164064532939,-0.141907,-0.00231934,0.354309,0.924255
1564164064546914,-0.142456,-0.00274658,0.354431,0.924133
1564164064569873,-0.143066,-0.00317383,0.354675,0.92395
1564164064575360,-0.142944,-0.00311279,0.354675,0.92395
1564164064597837,-0.142578,-0.00274658,0.354614,0.924011
1564164064614288,-0.1427,-0.00292969,0.354675,0.924011
1564164064635248,-0.143188,-0.00335693,0.354736,0.923889
1564164064657726,-0.143616,-0.00378418,0.354797,0.923828
1564164064674176,-0.143677,-0.00378418,0.354797,0.923767
1564164064695635,-0.143677,-0.00378418,0.354797,0.923767
1564164064718094,-0.143799,-0.00402832,0.354858,0.923767
1564164064736560,-0.144043,-0.00439453,0.35498,0.923645
1564164064755545,-0.144104,-0.00476074,0.355164,0.923584
1564164064777987,-0.143982,-0.00494385,0.355286,0.923523
1564164064794453,-0.143799,-0.00476074,0.355591,0.923462
1564164064815417,-0.143616,-0.00445557,0.355957,0.92334
1564164064837891,-0.143799,-0.0043335,0.356506,0.923157
1564164064854342,-0.144531,-0.0043335,0.357117,0.922791
1564164064875303,-0.144958,-0.00408936,0.357727,0.922485
1564164064897761,-0.144653,-0.0032959,0.358215,0.922302
1564164064914230,-0.144409,-0.00268555,0.358948,0.922119
1564164064938186,-0.144714,-0.00238037,0.359802,0.921692
1564164064957650,-0.145081,-0.00213623,0.360596,0.921326
1564164064974119,-0.145142,-0.00152588,0.361328,0.921021
1564164064995578,-0.14502,-0.000793457,0.362122,0.920715
1564164065018036,-0.144775,-0.000244141,0.362976,0.92041
1564164065034507,-0.144836,6.10352e-05,0.363831,0.920105
1564164065055487,-0.144836,0.000244141,0.364502,0.9198
1564164065086909,-0.144775,0.000610352,0.365051,0.919617
1564164065094396,-0.144592,0.00115967,0.365601,0.919434
1564164065115356,-0.144287,0.0012207,0.366211,0.91925
1564164065140812,-0.143921,0.00177002,0.36676,0.919067
1564164065154284,-0.143799,0.00299072,0.366821,0.919067
1564164065175245,-0.143738,0.0045166,0.365845,0.919434
1564164065197723,-0.143738,0.00585938,0.364563,0.919983
1564164065216169,-0.144287,0.00616455,0.364258,0.919983
1564164065235632,-0.144653,0.00537109,0.364624,0.9198
1564164065258091,-0.143921,0.00427246,0.365356,0.919617
1564164065276057,-0.141479,0.00445557,0.36615,0.919678
1564164065295521,-0.139282,0.00518799,0.366394,0.919922
1564164065317999,-0.138672,0.00604248,0.366333,0.920044
1564164065335967,-0.140137,0.00665283,0.366089,0.919922
1564164065362916,-0.141968,0.00683594,0.365417,0.919861
1564164065377888,-0.142578,0.00762939,0.365479,0.9198
1564164065395835,-0.141968,0.0088501,0.365662,0.9198
1564164065418294,-0.142212,0.00994873,0.365723,0.919678
1564164065437776,-0.143921,0.0110474,0.366028,0.919312
1564164065455724,-0.146729,0.0119019,0.366638,0.918579
1564164065475191,-0.149841,0.0128784,0.367493,0.917725
1564164065498144,-0.151855,0.0142212,0.368347,0.917053
1564164065516112,-0.153076,0.0155029,0.369324,0.916443
1564164065535583,-0.153992,0.0164185,0.370422,0.915833
1564164065558034,-0.154846,0.0168457,0.371643,0.915161
1564164065576000,-0.155518,0.0175171,0.372437,0.914734
1564164065595483,-0.155823,0.0184326,0.37323,0.914368
1564164065613451,-0.156616,0.0189819,0.37384,0.91394
1564164065643394,-0.157471,0.0192871,0.374268,0.913574
1564164065655372,-0.158081,0.0198364,0.374512,0.913391
1564164065673339,-0.158447,0.0202637,0.374634,0.913269
1564164065695797,-0.158875,0.0203857,0.374817,0.913147
1564164065716742,-0.159241,0.0200806,0.375122,0.912964
1564164065733208,-0.159119,0.0200195,0.375244,0.912903
1564164065755667,-0.158936,0.0199585,0.375244,0.912964
1564164065775629,-0.158997,0.0197754,0.375305,0.912903
1564164065793098,-0.159363,0.0196533,0.375183,0.912903
1564164065816054,-0.159363,0.0198975,0.375,0.912964
1564164065844501,-0.159424,0.0198975,0.375,0.912964
1564164065853504,-0.159424,0.0199585,0.375,0.912964
1564164065875943,-0.159424,0.0199585,0.375,0.912964
1564164065896904,-0.159119,0.0200195,0.374878,0.913086
1564164065920879,-0.158936,0.0201416,0.374756,0.913147
1564164065935832,-0.158936,0.0201416,0.374756,0.913147
1564164065956796,-0.158997,0.0199585,0.374634,0.913208
1564164065973762,-0.158997,0.0199585,0.374634,0.913208
1564164065995721,-0.158875,0.0197754,0.374573,0.913208
1564164066016186,-0.158508,0.0197754,0.37439,0.91333
1564164066032653,-0.15802,0.0200195,0.374146,0.913574
1564164066055111,-0.157837,0.0201416,0.373901,0.913696
1564164066076091,-0.157837,0.0201416,0.373901,0.913696
1564164066092544,-0.157898,0.0201416,0.373901,0.913635
1564164066122485,-0.157593,0.0202637,0.37384,0.913757
1564164066137460,-0.157288,0.0202637,0.37384,0.913818
1564164066152430,-0.157349,0.0202637,0.37384,0.913818
1564164066174891,-0.157349,0.0203247,0.37384,0.913818
1564164066197845,-0.157349,0.0203247,0.37384,0.913818
1564164066212322,-0.157349,0.0203247,0.37384,0.913757
1564164066235278,-0.157043,0.0203247,0.373718,0.913879
1564164066257734,-0.156921,0.0202026,0.373657,0.91394
1564164066272705,-0.15686,0.0199585,0.373535,0.914001
1564164066295166,-0.156677,0.0198364,0.373474,0.914063
1564164066325128,-0.156372,0.0196533,0.373413,0.914124
1564164066331596,-0.156372,0.0196533,0.373413,0.914124
1564164066355056,-0.156372,0.0196533,0.373413,0.914124
1564164066377514,-0.156372,0.0195313,0.373413,0.914124
1564164066398475,-0.155823,0.0194702,0.373291,0.914307
1564164066414942,-0.155151,0.0198364,0.373108,0.91449
1564164066437401,-0.15509,0.0200806,0.372925,0.914551
1564164066451874,-0.155396,0.0200195,0.372742,0.914551
1564164066474830,-0.155334,0.0198975,0.372559,0.914673
1564164066497787,-0.15509,0.0198975,0.372437,0.914734
1564164066511762,-0.154724,0.0202026,0.372314,0.914856
1564164066535217,-0.154724,0.0202026,0.372314,0.914856
1564164066557676,-0.154724,0.0202637,0.372314,0.914856
1564164066571652,-0.154602,0.0202026,0.372253,0.914917
1564164066595107,-0.154419,0.0201416,0.372253,0.914917
1564164066617584,-0.154419,0.0201416,0.372253,0.914917
1564164066638529,-0.154419,0.0202026,0.372253,0.914917
1564164066654995,-0.154419,0.0200806,0.372192,0.914978
1564164066677453,-0.154358,0.0199585,0.372131,0.914978
1564164066698418,-0.154358,0.0199585,0.372131,0.914978
1564164066714884,-0.154358,0.0199585,0.372131,0.914978
1564164066737342,-0.154358,0.0200195,0.372131,0.914978
1564164066758805,-0.154358,0.0200195,0.372131,0.914978
1564164066774773,-0.154236,0.0200195,0.372131,0.915039
1564164066797231,-0.153931,0.0202026,0.37207,0.9151
1564164066818708,-0.153931,0.0202026,0.37207,0.9151
1564164066835161,-0.153931,0.0202026,0.37207,0.9151
1564164066859116,-0.153992,0.0202026,0.37207,0.9151
1564164066878599,-0.153625,0.0200806,0.371887,0.915222
1564164066895049,-0.15332,0.0198364,0.371521,0.915405
1564164066917508,-0.152771,0.0194092,0.371033,0.91571
1564164066938488,-0.152405,0.019104,0.370483,0.916016
1564164066955440,-0.151245,0.0192261,0.369873,0.916443
1564164066977402,-0.149536,0.0203247,0.369507,0.91687
1564164066998859,-0.148254,0.0220337,0.370117,0.916809
1564164067014826,-0.14624,0.0231323,0.37085,0.916809
1564164067037285,-0.145874,0.0250854,0.371094,0.916687
1564164067058744,-0.146118,0.0245361,0.371826,0.916382
1564164067074216,-0.148132,0.0212402,0.372131,0.916016
1564164067099169,-0.14978,0.0183716,0.37262,0.915588
1564164067120134,-0.14978,0.0163574,0.372986,0.915466
1564164067141094,-0.148865,0.0152588,0.372864,0.91571
1564164067157562,-0.148315,0.0150757,0.372681,0.915894
1564164067180020,-0.147461,0.0155029,0.372864,0.915894
1564164067194992,-0.14679,0.0161133,0.37323,0.915894
1564164067217453,-0.145752,0.0162354,0.373169,0.916077
1564164067239909,-0.145691,0.0161743,0.373169,0.916077
1564164067260889,-0.146362,0.0172119,0.373474,0.915833
1564164067277339,-0.146423,0.0193481,0.373535,0.91571
1564164067307283,-0.146057,0.0210571,0.373047,0.915955
1564164067314270,-0.146057,0.0220947,0.372009,0.916382
1564164067337726,-0.146362,0.0216675,0.371765,0.916443
1564164067360188,-0.14679,0.020813,0.371582,0.916443
1564164067374158,-0.145996,0.020752,0.370972,0.916809
1564164067397615,-0.144653,0.0214233,0.370056,0.917358
1564164067420077,-0.143738,0.0216675,0.369385,0.917786
1564164067434546,-0.143982,0.0211792,0.368591,0.918091
1564164067457504,-0.14502,0.0200806,0.367798,0.918274
1564164067479965,-0.14624,0.0188599,0.367126,0.918396
1564164067494435,-0.14679,0.0178833,0.366699,0.918457
1564164067517392,-0.146973,0.0170288,0.366394,0.918579
1564164067539851,-0.146667,0.0163574,0.365845,0.918884
1564164067554327,-0.146484,0.015564,0.365295,0.919128
1564164067584768,-0.146973,0.0145874,0.36499,0.919189
1564164067600238,-0.147766,0.0132446,0.364868,0.919128
1564164067621219,-0.148193,0.0123291,0.364624,0.919189
1564164067637668,-0.147888,0.012085,0.364319,0.919312
1564164067661624,-0.1474,0.0120239,0.364014,0.919556
1564164067681089,-0.147644,0.0115356,0.363831,0.919556
1564164067697558,-0.14856,0.0106201,0.363892,0.919373
1564164067720016,-0.149231,0.00994873,0.363831,0.919373
1564164067740980,-0.149109,0.00994873,0.363464,0.919495
1564164067757446,-0.148621,0.0101318,0.363159,0.919678
1564164067779905,-0.148621,0.0100708,0.363159,0.919739
1564164067800885,-0.149109,0.00952148,0.363342,0.919556
1564164067817340,-0.149475,0.00927734,0.363403,0.919495
1564164067839794,-0.149292,0.00946045,0.363342,0.919556
1564164067862751,-0.149292,0.00952148,0.363342,0.919495
1564164067877723,-0.149414,0.00946045,0.363708,0.919373
1564164067900182,-0.149353,0.00915527,0.363953,0.919312
1564164067921145,-0.149475,0.0088501,0.364075,0.919189
1564164067937613,-0.149536,0.0088501,0.364075,0.919189
1564164067960073,-0.14978,0.00897217,0.364075,0.919189
1564164067981050,-0.149902,0.00891113,0.364136,0.919128
1564164067997500,-0.150024,0.00872803,0.364258,0.919067
1564164068019962,-0.150085,0.00854492,0.364319,0.919006
1564164068042417,-0.149902,0.00842285,0.36438,0.919067
1564164068063377,-0.14978,0.00830078,0.364319,0.919067
1564164068079851,-0.149719,0.00836182,0.364319,0.919067
1564164068102307,-0.149902,0.00811768,0.364319,0.919067
1564164068117278,-0.150085,0.00787354,0.36438,0.919006
1564164068140236,-0.150024,0.00762939,0.36438,0.919006
1564164068162693,-0.149841,0.00762939,0.364319,0.919067
1564164068177683,-0.149841,0.00769043,0.364319,0.919067
1564164068200124,-0.150024,0.00750732,0.36438,0.919006
1564164068222582,-0.150024,0.00750732,0.36438,0.919006
1564164068237057,-0.149719,0.00756836,0.364441,0.919067
1564164068267499,-0.149658,0.00744629,0.364563,0.919006
1564164068282471,-0.149902,0.00720215,0.364685,0.918884
1564164068296944,-0.149902,0.00720215,0.364685,0.918884
1564164068319905,-0.14978,0.00726318,0.364746,0.918945
1564164068342862,-0.149597,0.00726318,0.364868,0.918884
1564164068356836,-0.149536,0.00708008,0.364929,0.918884
1564164068379790,-0.149597,0.00683594,0.365051,0.918823
1564164068402248,-0.149658,0.00689697,0.365051,0.918823
1564164068423708,-0.149658,0.00689697,0.365051,0.918823
1564164068440178,-0.149414,0.00701904,0.365295,0.918762
1564164068470122,-0.14917,0.00726318,0.365479,0.918701
1564164068476610,-0.148804,0.00756836,0.365662,0.918701
1564164068500067,-0.148315,0.00787354,0.365723,0.918762
1564164068522525,-0.148193,0.00769043,0.365906,0.918701
1564164068543505,-0.148315,0.00732422,0.36615,0.918579
1564164068559955,-0.148438,0.00720215,0.366333,0.918518
1564164068582417,-0.148071,0.00738525,0.366455,0.918518
1564164068603374,-0.147705,0.00744629,0.366516,0.918518
1564164068619847,-0.147827,0.00720215,0.366699,0.918457
1564164068642302,-0.148132,0.00671387,0.366882,0.918335
1564164068663761,-0.148071,0.00646973,0.367004,0.918274
1564164068680231,-0.147827,0.00628662,0.367126,0.918274
1564164068702689,-0.147827,0.00628662,0.367126,0.918274
1564164068723651,-0.147949,0.00604248,0.367249,0.918213
1564164068740140,-0.148193,0.00561523,0.367371,0.918152
1564164068762581,-0.148376,0.00518799,0.367432,0.918091
1564164068783559,-0.148499,0.00488281,0.36731,0.918091
1564164068800012,-0.14856,0.00457764,0.367371,0.918091
1564164068822471,-0.148743,0.0043335,0.367432,0.91803
1564164068843448,-0.148865,0.00396729,0.367554,0.917969
1564164068859901,-0.149231,0.00341797,0.367798,0.917847
1564164068882356,-0.149597,0.00268555,0.368042,0.917664
1564164068903321,-0.149658,0.00213623,0.368408,0.91748
1564164068919789,-0.149658,0.00146484,0.369202,0.917175
1564164068942744,-0.149719,6.10352e-05,0.370422,0.916687
1564164068963208,-0.151001,-0.000732422,0.371887,0.915894
1564164068980177,-0.153259,-0.000732422,0.373413,0.914856
1564164069002636,-0.154419,0.000183105,0.374512,0.914246
1564164069025093,-0.15387,0.00115967,0.37616,0.913635
1564164069030580,-0.15271,0.00201416,0.378296,0.912964
1564164069045552,-0.1521,0.00274658,0.380432,0.91217
1564164069068031,-0.151001,0.0043335,0.38147,0.911926
1564164069090469,-0.148987,0.00628662,0.382324,0.911865
1564164069105442,-0.146729,0.00836182,0.38385,0.91156
1564164069127919,-0.145691,0.00970459,0.384949,0.911255
1564164069150377,-0.145508,0.0107422,0.385376,0.911133
1564164069172816,-0.145935,0.0123291,0.385315,0.911072
1564164069187789,-0.146362,0.0143433,0.385254,0.911011
1564164069210250,-0.147095,0.0162354,0.385254,0.910828
1564164069225238,-0.147888,0.0174561,0.385193,0.910706
1564164069250675,-0.14917,0.0185547,0.385742,0.910217
1564164069270135,-0.150208,0.0200806,0.386292,0.90979
1564164069285606,-0.151917,0.0218506,0.387146,0.909119
1564164069308064,-0.154053,0.0233765,0.388428,0.908203
1564164069330523,-0.156555,0.0246582,0.389709,0.907166
1564164069345496,-0.158813,0.026123,0.391052,0.906128
1564164069367956,-0.160278,0.0272827,0.392273,0.905334
1564164069390412,-0.16095,0.0283203,0.393311,0.904724
1564164069405403,-0.161377,0.0291138,0.394165,0.904236
1564164069427862,-0.161438,0.029541,0.394592,0.904053
1564164069450320,-0.161743,0.0301514,0.394714,0.903931
1564164069465276,-0.162231,0.0305786,0.394592,0.90387
1564164069487733,-0.16272,0.0308838,0.394287,0.903931
1564164069510208,-0.163086,0.0311279,0.394043,0.903931
1564164069528156,-0.163147,0.031311,0.393921,0.903992
1564164069548119,-0.163269,0.0314941,0.393799,0.903992
1564164069570576,-0.163635,0.0316162,0.39386,0.90387
1564164069587046,-0.164063,0.0316772,0.393982,0.903809
1564164069608009,-0.164063,0.0316772,0.393921,0.903748
1564164069630465,-0.164124,0.0319214,0.393921,0.903748
1564164069652927,-0.164307,0.0322266,0.393982,0.903687
1564164069667915,-0.164673,0.0325928,0.393921,0.903625
1564164069685866,-0.164917,0.0327148,0.393921,0.903625
1564164069706825,-0.164917,0.0327759,0.393921,0.903625
1564164069730799,-0.164917,0.0327759,0.393921,0.903625
1564164069745752,-0.164917,0.0327759,0.393921,0.903625
1564164069766715,-0.164917,0.0327759,0.393921,0.903625
1564164069787693,-0.164917,0.0327759,0.393921,0.903625
1564164069805640,-0.164978,0.0327759,0.393921,0.903625
1564164069826601,-0.164978,0.0327759,0.393921,0.903625
1564164069855547,-0.164917,0.0327759,0.393921,0.903625
1564164069866028,-0.164978,0.0327759,0.393921,0.903625
1564164069887009,-0.164978,0.0327759,0.393921,0.903625
1564164069907969,-0.164795,0.03302,0.393921,0.903625
1564164069926420,-0.164795,0.03302,0.393921,0.903625
1564164069948376,-0.164856,0.0330811,0.393921,0.903625
1564164069967838,-0.164856,0.0330811,0.393921,0.903625
1564164069985809,-0.164795,0.0333252,0.393799,0.903625
1564164070008264,-0.164795,0.0333862,0.393799,0.903625
1564164070027727,-0.164795,0.0333862,0.393799,0.903625
1564164070045694,-0.164795,0.0333862,0.393799,0.903625
1564164070068173,-0.164673,0.0335083,0.393677,0.903748
1564164070088114,-0.164673,0.0335693,0.393677,0.903687
1564164070105583,-0.164734,0.0335693,0.393677,0.903687
1564164070135530,-0.164734,0.0335693,0.393677,0.903687
1564164070148005,-0.164734,0.0336304,0.393677,0.903687
1564164070165472,-0.164734,0.0336304,0.393677,0.903687
1564164070188432,-0.164734,0.0336914,0.393677,0.903687
1564164070209395,-0.164734,0.0336914,0.393677,0.903687
1564164070225863,-0.164795,0.0336914,0.393677,0.903687
1564164070248338,-0.164795,0.0337524,0.393677,0.903687
1564164070267801,-0.164795,0.0337524,0.393677,0.903687
1564164070285768,-0.164856,0.0337524,0.393677,0.903687
1564164070308206,-0.164856,0.0338135,0.393677,0.903687
1564164070335159,-0.164856,0.0338135,0.393677,0.903687
1564164070345637,-0.164856,0.0338135,0.393677,0.903687
1564164070368095,-0.164917,0.0338745,0.393677,0.903625
1564164070388057,-0.164917,0.0338745,0.393677,0.903625
1564164070410535,-0.164978,0.0339355,0.393677,0.903625
1564164070428503,-0.164978,0.0339355,0.393677,0.903625
1564164070447946,-0.164856,0.0343018,0.393738,0.903625
1564164070465913,-0.164612,0.0345459,0.393799,0.903625
1564164070487376,-0.164368,0.034729,0.393799,0.903687
1564164070511329,-0.164124,0.034668,0.393677,0.903809
1564164070525303,-0.163818,0.0344238,0.393494,0.903931
1564164070547263,-0.163391,0.0339355,0.393372,0.904053
1564164070568721,-0.163025,0.03302,0.393311,0.904175
1564164070585191,-0.162109,0.0325317,0.393005,0.90448
1564164070607669,-0.160278,0.0328369,0.392517,0.905029
1564164070636099,-0.158569,0.0339355,0.391968,0.905518
1564164070645080,-0.158081,0.0350952,0.392212,0.905457
1564164070667538,-0.158081,0.0357666,0.391907,0.905579
1564164070689997,-0.157715,0.0368042,0.391663,0.905701
1564164070704969,-0.157227,0.0374146,0.391602,0.905762
1564164070728924,-0.156494,0.0377808,0.391663,0.905884
1564164070748388,-0.15564,0.0385742,0.391235,0.906189
1564164070764861,-0.155518,0.0388794,0.390686,0.906433
1564164070787316,-0.15625,0.0376587,0.390686,0.906372
1564164070808779,-0.156799,0.0361328,0.391235,0.906067
1564164070825245,-0.156555,0.0359497,0.391113,0.906189
1564164070847704,-0.155518,0.0371704,0.390076,0.906738
1564164070871658,-0.15387,0.0393677,0.388611,0.907593
1564164070885134,-0.152893,0.0409546,0.387329,0.908203
1564164070915081,-0.15387,0.039856,0.38623,0.908569
1564164070930052,-0.156189,0.0368042,0.385071,0.908813
1564164070944523,-0.156921,0.034729,0.383484,0.909424
1564164070967481,-0.155151,0.0341797,0.38147,0.910583
1564164070989940,-0.152771,0.0327148,0.379639,0.911804
1564164071010899,-0.152222,0.0301514,0.378235,0.912537
1564164071027370,-0.152771,0.0275269,0.376892,0.913086
1564164071049831,-0.153198,0.0252075,0.37561,0.913635
1564164071064301,-0.153015,0.0233154,0.374573,0.914124
1564164071087258,-0.152527,0.0217896,0.37384,0.914551
1564164071117701,-0.152222,0.0205688,0.373291,0.914856
1564164071124190,-0.1521,0.0197754,0.372925,0.9151
1564164071147650,-0.151978,0.019104,0.372742,0.915161
1564164071170108,-0.152039,0.0181274,0.37262,0.915222
1564164071191084,-0.1521,0.0172119,0.372375,0.915344
1564164071207535,-0.151855,0.0167236,0.372009,0.915527
1564164071229996,-0.151489,0.0167236,0.371704,0.91571
1564164071244486,-0.151367,0.0165405,0.37146,0.915833
1564164071267430,-0.151367,0.0160522,0.371277,0.915894
1564164071289882,-0.151245,0.0158691,0.371033,0.916016
1564164071304355,-0.151123,0.0158081,0.370911,0.916077
1564164071327313,-0.151306,0.015686,0.370972,0.916077
1564164071350270,-0.151672,0.015564,0.370972,0.916016
1564164071371230,-0.151672,0.015564,0.370972,0.916016
1564164071395186,-0.15155,0.0157471,0.371033,0.916016
1564164071410158,-0.151428,0.0158691,0.371033,0.916016
1564164071431139,-0.151428,0.0159302,0.371033,0.916016
1564164071447608,-0.151428,0.0159302,0.371033,0.916016
1564164071470546,-0.151489,0.0159302,0.371033,0.916016
1564164071491027,-0.151489,0.0159302,0.371033,0.916016
1564164071507481,-0.151489,0.0159302,0.371033,0.916016
1564164071529936,-0.151489,0.0159302,0.371033,0.916016
1564164071550916,-0.151489,0.0159302,0.371033,0.916016
1564164071567370,-0.151489,0.0159912,0.371033,0.916016
1564164071589827,-0.151489,0.0158081,0.371155,0.915955
1564164071611288,-0.151306,0.0157471,0.371277,0.915955
1564164071627255,-0.151306,0.0157471,0.371277,0.915955
1564164071650212,-0.151489,0.015686,0.371521,0.915833
1564164071672670,-0.151733,0.0155029,0.371826,0.915649
1564164071687658,-0.151733,0.0155029,0.371826,0.915649
1564164071710103,-0.151367,0.0158691,0.371765,0.91571
1564164071731065,-0.150879,0.0162964,0.371765,0.915771
1564164071748031,-0.150818,0.0162964,0.371765,0.915771
1564164071769993,-0.151123,0.0161133,0.371948,0.91571
1564164071790951,-0.151123,0.0161133,0.371948,0.91571
1564164071807421,-0.151123,0.0161133,0.371948,0.91571
1564164071829884,-0.15094,0.0162964,0.372009,0.91571
1564164071852337,-0.15094,0.0162964,0.372009,0.91571
1564164071866810,-0.151001,0.0162964,0.372009,0.91571
1564164071889771,-0.151001,0.0162964,0.372009,0.91571
1564164071912724,-0.151001,0.0163574,0.372009,0.91571
1564164071927696,-0.151001,0.0163574,0.372009,0.91571
1564164071950174,-0.151001,0.0163574,0.372009,0.91571
1564164071972613,-0.151001,0.0163574,0.372009,0.915649
1564164071987093,-0.151001,0.0164185,0.372009,0.915649
1564164072010047,-0.151001,0.0164185,0.372009,0.915649
1564164072032505,-0.151062,0.0164185,0.372009,0.915649
1564164072046975,-0.151062,0.0164185,0.372009,0.915649
1564164072077419,-0.151001,0.0164795,0.371826,0.915771
1564164072092391,-0.15094,0.0164795,0.371826,0.915771
1564164072106864,-0.151001,0.0164795,0.371826,0.915771
1564164072129821,-0.151123,0.0162354,0.371887,0.91571
1564164072152282,-0.151123,0.0162354,0.371887,0.91571
1564164072166753,-0.151123,0.0162964,0.371887,0.91571
1564164072190208,-0.151123,0.0162964,0.371887,0.91571
1564164072212666,-0.151306,0.0159912,0.371765,0.91571
1564164072226641,-0.151672,0.0158081,0.371704,0.91571
1564164072250098,-0.151672,0.0158081,0.371704,0.91571
1564164072272555,-0.151672,0.0158081,0.371704,0.91571
1564164072287029,-0.151428,0.0157471,0.371643,0.915771
1564164072309986,-0.151367,0.0155029,0.371765,0.915771
1564164072332448,-0.151672,0.0150146,0.371887,0.915649
1564164072354906,-0.152344,0.0143433,0.372314,0.915344
1564164072369875,-0.153076,0.0133057,0.372925,0.915039
1564164072392334,-0.153687,0.0120239,0.373474,0.914673
1564164072413294,-0.153931,0.0108032,0.373596,0.914673
1564164072430263,-0.153564,0.0106201,0.372803,0.915039
1564164072452721,-0.152466,0.0114746,0.37146,0.91571
1564164072473681,-0.151184,0.0126343,0.369995,0.916565
1564164072490154,-0.151062,0.0135498,0.369202,0.91687
1564164072512610,-0.152039,0.0134888,0.368774,0.91687
1564164072533573,-0.153137,0.0130615,0.368652,0.916748
1564164072550041,-0.153259,0.0129395,0.368652,0.916748
1564164072579985,-0.152039,0.0136719,0.368652,0.916931
1564164072593479,-0.150696,0.0146484,0.369141,0.916931
1564164072609932,-0.150085,0.015625,0.370056,0.916626
1564164072632886,-0.150269,0.0162354,0.370789,0.916321
1564164072653367,-0.151123,0.0170288,0.371277,0.915955
1564164072669818,-0.151978,0.0182495,0.371155,0.915833
1564164072692276,-0.15271,0.019043,0.370972,0.915771
1564164072713735,-0.153015,0.0198975,0.37146,0.915527
1564164072730205,-0.152649,0.0210571,0.372253,0.915222
1564164072752663,-0.15332,0.0216675,0.372986,0.914795
1564164072775124,-0.155029,0.0214844,0.37384,0.914124
1564164072790098,-0.156799,0.0210571,0.374817,0.913452
1564164072812552,-0.158264,0.0220947,0.376099,0.912659
1564164072835030,-0.159424,0.0230103,0.377136,0.911987
1564164072857469,-0.161316,0.0239258,0.378296,0.911133
1564164072873939,-0.163818,0.0247803,0.379333,0.910278
1564164072894902,-0.165894,0.0247192,0.380493,0.909424
1564164072909376,-0.166504,0.0253906,0.381348,0.908936
1564164072932330,-0.166016,0.0264893,0.382324,0.908569
1564164072955287,-0.16626,0.0270996,0.383362,0.908081
1564164072969261,-0.167175,0.0274048,0.384155,0.907593
1564164072992717,-0.167908,0.0278931,0.384705,0.907166
1564164073014676,-0.168274,0.0286255,0.385132,0.90686
1564164073029150,-0.168518,0.0291748,0.385498,0.906677
1564164073060113,-0.169067,0.0292358,0.385803,0.906433
1564164073075066,-0.169678,0.0294189,0.385986,0.90625
1564164073089538,-0.1698,0.0297241,0.385986,0.906189
1564164073112498,-0.169922,0.0300293,0.385986,0.906189
1564164073135459,-0.170044,0.0301514,0.386047,0.906128
1564164073149429,-0.169922,0.0306396,0.386108,0.906128
1564164073172384,-0.1698,0.03125,0.386108,0.906128
1564164073194842,-0.169861,0.031311,0.386108,0.906128
1564164073209318,-0.169861,0.031311,0.386108,0.906067
1564164073232272,-0.169861,0.031311,0.386108,0.906067
1564164073255229,-0.169922,0.0316772,0.385925,0.906128
1564164073276191,-0.170227,0.0319214,0.385681,0.906189
1564164073292660,-0.170349,0.0321045,0.385437,0.90625
1564164073315118,-0.170288,0.0323486,0.385254,0.906372
1564164073336081,-0.170288,0.0323486,0.385254,0.906372
1564164073352549,-0.170288,0.0323486,0.385254,0.906372
1564164073375010,-0.170288,0.0323486,0.385254,0.906372
1564164073395987,-0.170166,0.0323486,0.385132,0.906433
1564164073412937,-0.169983,0.0324707,0.384949,0.906555
1564164073434896,-0.169922,0.0325317,0.384949,0.906555
1564164073455857,-0.169983,0.0325317,0.384949,0.906555
1564164073472327,-0.169983,0.0325928,0.384949,0.906494
1564164073479314,-0.169983,0.0324097,0.384888,0.906555
1564164073500278,-0.1698,0.0323486,0.384766,0.906677
1564164073522733,-0.169556,0.0321655,0.384644,0.906738
1564164073537724,-0.169556,0.0322266,0.384644,0.906738
1564164073560163,-0.169556,0.0322266,0.384644,0.906738
1564164073583123,-0.169617,0.0322266,0.384644,0.906738
1564164073597612,-0.169617,0.0322266,0.384644,0.906738
1564164073620557,-0.169617,0.0322266,0.384644,0.906738
1564164073643011,-0.169617,0.0322266,0.384644,0.906738
1564164073658001,-0.169495,0.0320435,0.38446,0.90686
1564164073687944,-0.169373,0.0316162,0.384338,0.906921
1564164073702897,-0.169434,0.031311,0.384155,0.906982
1564164073717870,-0.169556,0.031189,0.384033,0.907043
1564164073743326,-0.169983,0.0307617,0.383972,0.906982
1564164073758295,-0.170166,0.0299683,0.383972,0.906982
1564164073777758,-0.170044,0.0298462,0.38385,0.907104
1564164073800237,-0.169617,0.0303955,0.383728,0.907166
1564164073818183,-0.169617,0.0303955,0.383728,0.907166
1564164073837667,-0.169861,0.0301514,0.383911,0.907104
1564164073860106,-0.169739,0.0300903,0.384033,0.907043
1564164073878072,-0.16925,0.0303955,0.384155,0.907104
1564164073898034,-0.16925,0.0304565,0.384155,0.907043
1564164073920494,-0.169556,0.0304565,0.384277,0.906982
1564164073938480,-0.169556,0.0304565,0.384277,0.906982
1564164073957923,-0.169373,0.0305176,0.384338,0.906982
1564164073980402,-0.169373,0.0308838,0.384399,0.906921
1564164073998348,-0.169373,0.0309448,0.384399,0.906921
1564164074020807,-0.169373,0.0310059,0.384399,0.906921
1564164074040270,-0.169373,0.0310059,0.384399,0.906921
1564164074058240,-0.169128,0.0310669,0.384399,0.906982
1564164074077701,-0.169128,0.0310669,0.384399,0.906982
1564164074100180,-0.169128,0.0310669,0.384399,0.906982
1564164074118127,-0.16925,0.0308838,0.38446,0.906921
1564164074138089,-0.169067,0.0305176,0.38446,0.906982
1564164074160547,-0.168762,0.0299072,0.384338,0.907104
1564164074178513,-0.168701,0.0298462,0.384338,0.907104
1564164074197991,-0.16864,0.0302734,0.384155,0.907166
1564164074220455,-0.168762,0.0310059,0.383789,0.907288
1564164074244394,-0.168579,0.0311279,0.383484,0.907471
1564164074257866,-0.168701,0.0310059,0.382996,0.907654
1564164074280335,-0.168396,0.0310059,0.382507,0.907898
1564164074298291,-0.167786,0.0310059,0.381836,0.908325
1564164074319253,-0.167053,0.0316772,0.381165,0.908691
1564164074340213,-0.166809,0.0328369,0.380493,0.908997
1564164074358680,-0.166748,0.0337524,0.3797,0.909302
1564164074379141,-0.166748,0.0341797,0.378906,0.909607
1564164074400601,-0.166138,0.0340576,0.378174,0.910034
1564164074418069,-0.164795,0.0343628,0.377502,0.910522
1564164074447014,-0.164063,0.0351563,0.376831,0.910889
1564164074460489,-0.164124,0.0351563,0.376404,0.911072
1564164074478456,-0.164185,0.034668,0.376038,0.911255
1564164074499421,-0.163269,0.0344238,0.375671,0.91156
1564164074521876,-0.161926,0.0341187,0.375549,0.911865
1564164074538348,-0.161255,0.0341187,0.37561,0.911987
1564164074559306,-0.159424,0.0354614,0.375977,0.912109
1564164074580278,-0.155273,0.038147,0.375854,0.91272
1564164074598254,-0.151733,0.0411987,0.376099,0.913086
1564164074620713,-0.150146,0.0423584,0.376709,0.913086
1564164074640176,-0.151733,0.041687,0.376099,0.913086
1564164074658124,-0.155212,0.0405273,0.375183,0.912903
1564164074682098,-0.158569,0.0375366,0.375244,0.912476
1564164074700543,-0.159912,0.0349731,0.374817,0.912476
1564164074718510,-0.157166,0.0353394,0.37384,0.91333
1564164074740968,-0.152588,0.0375366,0.372803,0.91449
1564164074760433,-0.150574,0.0392456,0.372192,0.914978
1564164074778399,-0.1521,0.0389404,0.372681,0.914551
1564164074801376,-0.155212,0.0371094,0.373718,0.913696
1564164074820340,-0.157043,0.0358276,0.374146,0.913269
1564164074838787,-0.156006,0.036499,0.373474,0.913635
1564164074860746,-0.15332,0.0379639,0.372559,0.914429
1564164074880210,-0.151489,0.0388184,0.372009,0.914917
1564164074898177,-0.151917,0.0375366,0.371826,0.914978
1564164074926126,-0.153748,0.0354614,0.371582,0.914856
1564164074941101,-0.154541,0.0349121,0.37085,0.915039
1564164074957567,-0.153992,0.0355225,0.369751,0.915527
1564164074979526,-0.15332,0.0354614,0.368958,0.915955
1564164075002484,-0.153687,0.034729,0.368286,0.916199
1564164075017454,-0.154236,0.0338745,0.367615,0.916443
1564164075039913,-0.154358,0.0334473,0.367126,0.916626
1564164075054386,-0.153687,0.032959,0.36676,0.91687
1564164075077843,-0.153137,0.0324097,0.366272,0.917236
1564164075099802,-0.153137,0.0317993,0.365967,0.917358
1564164075121261,-0.153198,0.0317993,0.365967,0.917358
1564164075137233,-0.153198,0.0317993,0.365967,0.917358
1564164075160204,-0.153503,0.0314331,0.366272,0.917175
1564164075181151,-0.154114,0.0306396,0.366455,0.917053
1564164075197621,-0.15387,0.0305176,0.366394,0.917114
1564164075220097,-0.15271,0.0314331,0.365906,0.91748
1564164075241558,-0.152283,0.0320435,0.365601,0.917664
1564164075257509,-0.153259,0.0314941,0.365479,0.917542
1564164075279967,-0.154541,0.0305786,0.365356,0.917358
1564164075300938,-0.154785,0.0306396,0.365173,0.917419
1564164075317397,-0.154236,0.0310669,0.36499,0.917603
1564164075339858,-0.153809,0.031189,0.364929,0.917664
1564164075361317,-0.153992,0.0310059,0.36499,0.917603
1564164075377287,-0.154602,0.0305786,0.365173,0.91748
1564164075407233,-0.154907,0.0304565,0.365234,0.917358
1564164075421207,-0.154785,0.0307617,0.365234,0.917419
1564164075437673,-0.154236,0.0314941,0.365112,0.917542
1564164075460152,-0.154114,0.0319824,0.365051,0.917542
1564164075481093,-0.154724,0.0319824,0.365173,0.917419
1564164075497565,-0.155457,0.0313721,0.365356,0.917236
1564164075520021,-0.155518,0.031311,0.365356,0.917236
1564164075540982,-0.155273,0.0317383,0.365234,0.917297
1564164075557951,-0.155334,0.0317993,0.365234,0.917297
1564164075579910,-0.156128,0.0313721,0.365356,0.917114
1564164075603869,-0.156677,0.0310669,0.365479,0.916992
1564164075617340,-0.156433,0.0310669,0.36554,0.916992
1564164075640299,-0.155762,0.0311279,0.365601,0.917053
1564164075662257,-0.155273,0.0314331,0.365479,0.917175
1564164075685213,-0.15509,0.0320435,0.365234,0.917297
1564164075700219,-0.155151,0.0322876,0.365051,0.917358
1564164075722644,-0.155396,0.0320435,0.36499,0.917358
1564164075737653,-0.155579,0.0316772,0.365051,0.917297
1564164075760077,-0.155579,0.0316772,0.365051,0.917297
1564164075782536,-0.15564,0.0316772,0.365051,0.917297
1564164075797018,-0.155884,0.0316162,0.365112,0.917236
1564164075819966,-0.156189,0.0313721,0.365295,0.917114
1564164075842425,-0.156189,0.031311,0.365295,0.917114
1564164075856897,-0.156189,0.0313721,0.365295,0.917114
1564164075879886,-0.15625,0.03125,0.365112,0.917175
1564164075909798,-0.156616,0.0309448,0.365112,0.917114
1564164075916789,-0.15686,0.0303345,0.36499,0.917175
1564164075939742,-0.157166,0.0300903,0.364807,0.917175
1564164075962700,-0.157349,0.0299072,0.364685,0.917236
1564164075976681,-0.157471,0.0298462,0.364746,0.917175
1564164076000130,-0.157532,0.0292969,0.364929,0.917114
1564164076022589,-0.157715,0.0289307,0.36499,0.917053
1564164076037061,-0.157532,0.0290527,0.364868,0.917114
1564164076060021,-0.157532,0.0291138,0.364868,0.917114
1564164076082477,-0.157837,0.0289307,0.364868,0.917114
1564164076103457,-0.158081,0.0288086,0.364807,0.917053
1564164076119908,-0.15802,0.0288086,0.364624,0.917175
1564164076142374,-0.157959,0.0288696,0.364624,0.917175
1564164076163333,-0.158386,0.0288696,0.364624,0.917053
1564164076186283,-0.158386,0.0288696,0.364624,0.917053
1564164076202256,-0.158447,0.0288696,0.364624,0.917053
1564164076223719,-0.158447,0.0288086,0.364624,0.917053
1564164076240682,-0.15863,0.0290527,0.364502,0.917114
1564164076262642,-0.15863,0.0291138,0.364502,0.917114
1564164076283643,-0.158691,0.0289917,0.364563,0.917053
1564164076300080,-0.158447,0.0285645,0.364502,0.917114
1564164076322531,-0.157715,0.0287476,0.364319,0.917358
1564164076343529,-0.157043,0.0289307,0.364197,0.91748
1564164076359962,-0.157227,0.0284424,0.364197,0.91748
1564164076389905,-0.158325,0.0273438,0.36438,0.917236
1564164076403422,-0.158997,0.0261841,0.364502,0.917114
1564164076419884,-0.158936,0.0251465,0.364502,0.917175
1564164076442313,-0.158691,0.0236816,0.364746,0.917175
1564164076464771,-0.158997,0.0211182,0.36554,0.916809
1564164076479738,-0.160095,0.0178223,0.366699,0.91626
1564164076502696,-0.1604,0.0159302,0.367676,0.915833
1564164076523657,-0.159241,0.015564,0.368164,0.915833
1564164076540126,-0.15802,0.0151978,0.368408,0.915955
1564164076562587,-0.157043,0.0141602,0.369019,0.915894
1564164076585043,-0.157043,0.0120239,0.370117,0.915466
1564164076600020,-0.157959,0.00970459,0.37085,0.915039
1564164076622474,-0.158264,0.00732422,0.370667,0.9151
1564164076644931,-0.158752,0.00524902,0.369751,0.915405
1564164076667392,-0.160156,0.00335693,0.368164,0.915833
1564164076682361,-0.162476,0.000915527,0.36615,0.916199
1564164076704821,-0.164307,-0.00250244,0.36499,0.916382
1564164076726280,-0.166077,-0.0065918,0.365173,0.915955
1564164076742753,-0.16748,-0.0109253,0.365479,0.915527
1564164076765208,-0.168396,-0.0144653,0.364929,0.915527
1564164076793739,-0.168701,-0.017395,0.363831,0.915833
1564164076802715,-0.168762,-0.0203857,0.362915,0.916138
1564164076825217,-0.170227,-0.024231,0.362427,0.916016
1564164076846156,-0.172729,-0.0291138,0.362244,0.915466
1564164076868592,-0.174683,-0.0337524,0.361938,0.915039
1564164076885084,-0.174927,-0.0375366,0.361206,0.9151
1564164076906061,-0.174133,-0.0403442,0.360413,0.915466
1564164076922491,-0.173828,-0.0431519,0.359741,0.915649
1564164076945452,-0.174744,-0.0463867,0.35907,0.915588
1564164076965971,-0.17627,-0.0493164,0.358459,0.915405
1564164076982383,-0.177063,-0.0515747,0.357788,0.915405
1564164077005339,-0.177063,-0.0532227,0.357117,0.915527
1564164077026304,-0.176941,-0.0546875,0.356384,0.915771
1564164077042271,-0.177368,-0.0562134,0.35553,0.915894
1564164077072713,-0.178223,-0.0574341,0.354736,0.916016
1564164077086247,-0.179016,-0.0584717,0.353882,0.916077
1564164077102661,-0.179626,-0.0593872,0.353027,0.91626
1564164077125123,-0.180115,-0.0601807,0.352234,0.916443
1564164077146113,-0.18042,-0.06073,0.351501,0.916565
1564164077162547,-0.180603,-0.0610352,0.350891,0.916809
1564164077185005,-0.180359,-0.0611572,0.350281,0.917053
1564164077205973,-0.179993,-0.0609741,0.349854,0.917297
1564164077222436,-0.179932,-0.0610352,0.349548,0.917419
1564164077245394,-0.179932,-0.0612793,0.349365,0.91748
1564164077266353,-0.179504,-0.0614014,0.349304,0.917603
1564164077282327,-0.178406,-0.0612793,0.349243,0.917786
1564164077304783,-0.17749,-0.0610352,0.349121,0.918091
1564164077326254,-0.177124,-0.0610352,0.34906,0.918152
1564164077350200,-0.177185,-0.0610352,0.34906,0.918152
1564164077365175,-0.177246,-0.0615234,0.348938,0.918152
1564164077386144,-0.177002,-0.0618286,0.348755,0.918213
1564164077402614,-0.176453,-0.0617676,0.348572,0.918396
1564164077425059,-0.175964,-0.0615845,0.348511,0.918579
1564164077446058,-0.175964,-0.0616455,0.34845,0.918579
1564164077462489,-0.17627,-0.0617676,0.348633,0.918396
1564164077484948,-0.176514,-0.0618896,0.348877,0.918274
1564164077507413,-0.176331,-0.0617065,0.349121,0.918213
1564164077521884,-0.175781,-0.0612183,0.349304,0.918274
1564164077544836,-0.175293,-0.0606689,0.349548,0.918335
1564164077573791,-0.175049,-0.0603638,0.34967,0.918396
1564164077582268,-0.174805,-0.0601807,0.349731,0.918396
1564164077605225,-0.174866,-0.0601807,0.349731,0.918396
1564164077627681,-0.174866,-0.0601196,0.34967,0.918396
1564164077642654,-0.174744,-0.0598755,0.349609,0.918457
1564164077665112,-0.174438,-0.0595093,0.349487,0.918579
1564164077687570,-0.174194,-0.0592041,0.349487,0.918701
1564164077702043,-0.174194,-0.0592041,0.349487,0.918701
1564164077725000,-0.174194,-0.0592041,0.349426,0.918701
1564164077747459,-0.174133,-0.0591431,0.349487,0.918701
1564164077761932,-0.173706,-0.0588989,0.349487,0.918762
1564164077784965,-0.173462,-0.0587158,0.349426,0.918884
1564164077807432,-0.173218,-0.0585938,0.349426,0.918945
1564164077821897,-0.173218,-0.0585938,0.349426,0.918945
1564164077844855,-0.173035,-0.0583496,0.349365,0.919006
1564164077867810,-0.172607,-0.0580444,0.349304,0.919128
1564164077881784,-0.17218,-0.0578003,0.349121,0.91925
1564164077905241,-0.171997,-0.0574341,0.348999,0.919373
1564164077927699,-0.171997,-0.0574341,0.348999,0.919373
1564164077933198,-0.171631,-0.0571899,0.348999,0.919434
1564164077950156,-0.171204,-0.0568237,0.348755,0.919678
1564164077970619,-0.170654,-0.0562744,0.348511,0.919861
1564164077993078,-0.170288,-0.0557251,0.348389,0.920044
1564164078009547,-0.169983,-0.0552979,0.348328,0.920105
1564164078030517,-0.169678,-0.0548096,0.348328,0.920227
1564164078054463,-0.168823,-0.0540161,0.348267,0.920471
1564164078069436,-0.167847,-0.0529785,0.348206,0.920715
1564164078090397,-0.167175,-0.0521851,0.348145,0.920898
1564164078112855,-0.167175,-0.052124,0.348145,0.920898
1564164078130821,-0.167175,-0.052063,0.348206,0.920898
1564164078150285,-0.166565,-0.0517578,0.348206,0.921021
1564164078172744,-0.16571,-0.0510864,0.348022,0.921265
1564164078189213,-0.165283,-0.0504761,0.347778,0.921448
1564164078210672,-0.165344,-0.0500488,0.347534,0.92157
1564164078232633,-0.165649,-0.0498047,0.347351,0.921631
1564164078249109,-0.165649,-0.0495605,0.347229,0.921692
1564164078270561,-0.165466,-0.0491333,0.346985,0.921814
1564164078293019,-0.165283,-0.0487061,0.346802,0.921936
1564164078309488,-0.165161,-0.0484619,0.346619,0.922058
1564164078333445,-0.165222,-0.0484619,0.346619,0.922058
1564164078352912,-0.165222,-0.0484619,0.346619,0.922058
1564164078369382,-0.165222,-0.0484009,0.346619,0.922058
1564164078390386,-0.165222,-0.0484009,0.346619,0.922058
1564164078412836,-0.165222,-0.0484009,0.346619,0.922058
1564164078429270,-0.164917,-0.0481567,0.346436,0.92218
1564164078450227,-0.164612,-0.0480347,0.346313,0.922302
1564164078472686,-0.164368,-0.0479736,0.346191,0.922363
1564164078490656,-0.164185,-0.0477905,0.345947,0.922485
1564164078510615,-0.164063,-0.0476685,0.345764,0.922607
1564164078533072,-0.163818,-0.0474243,0.345581,0.922729
1564164078550545,-0.163635,-0.0472412,0.345398,0.922852
1564164078570554,-0.163635,-0.0472412,0.345398,0.922852
1564164078593003,-0.163452,-0.046936,0.345215,0.922913
1564164078611427,-0.163391,-0.0466309,0.345032,0.923035
1564164078630434,-0.16333,-0.0463257,0.34491,0.923157
1564164078652895,-0.16333,-0.0463257,0.34491,0.923157
1564164078670817,-0.16333,-0.0463257,0.34491,0.923096
1564164078690323,-0.163391,-0.0463257,0.34491,0.923096
1564164078712739,-0.163696,-0.0461426,0.344727,0.923157
1564164078730706,-0.164124,-0.0460815,0.344482,0.923157
1564164078750210,-0.164612,-0.0460205,0.344238,0.923157
1564164078773133,-0.1651,-0.0457764,0.344116,0.923096
1564164078790595,-0.165588,-0.0455933,0.344116,0.923035
1564164078813053,-0.165833,-0.0454712,0.344116,0.922974
1564164078833015,-0.166138,-0.0453491,0.344238,0.922913
1564164078850981,-0.166504,-0.0455322,0.344421,0.922791
1564164078870488,-0.166931,-0.0456543,0.344727,0.922607
1564164078892947,-0.16748,-0.0460205,0.345093,0.922302
1564164078910872,-0.167969,-0.0463867,0.34552,0.922058
1564164078930334,-0.168457,-0.0466919,0.345947,0.921814
1564164078960318,-0.168945,-0.046936,0.346375,0.921509
1564164078970761,-0.169556,-0.0470581,0.346863,0.921265
1564164078990254,-0.170288,-0.0470581,0.347351,0.920898
1564164079015679,-0.170898,-0.0469971,0.347717,0.920654
1564164079030650,-0.171143,-0.046814,0.3479,0.920532
1564164079051643,-0.171204,-0.0463257,0.348022,0.920532
1564164079073071,-0.171082,-0.0457764,0.347961,0.920593
1564164079090539,-0.171021,-0.0450439,0.347839,0.920715
1564164079111998,-0.170959,-0.0443115,0.347473,0.920898
1564164079128467,-0.170837,-0.0435791,0.346985,0.921143
1564164079150925,-0.170532,-0.0429077,0.346375,0.921448
1564164079171887,-0.170105,-0.0423584,0.345764,0.921753
1564164079188358,-0.169678,-0.0420532,0.345093,0.922119
1564164079210816,-0.169128,-0.0418091,0.344482,0.922485
1564164079239267,-0.16864,-0.0418091,0.343811,0.922791
1564164079248246,-0.168335,-0.0419922,0.343262,0.923035
1564164079270704,-0.16803,-0.0422974,0.342773,0.923279
1564164079293162,-0.167664,-0.0425415,0.342346,0.923462
1564164079308135,-0.167419,-0.0429077,0.34198,0.923645
1564164079331091,-0.167297,-0.0432129,0.341675,0.923767
1564164079351553,-0.167358,-0.0435791,0.341492,0.923828
1564164079368521,-0.167419,-0.0439453,0.341309,0.923828
1564164079389983,-0.167542,-0.0443115,0.341187,0.923828
1564164079412440,-0.167542,-0.0445557,0.341125,0.923889
1564164079426913,-0.167664,-0.0447998,0.341003,0.923889
1564164079450371,-0.167847,-0.0449829,0.340942,0.923828
1564164079472329,-0.16803,-0.045105,0.34082,0.923828
1564164079486802,-0.168274,-0.0452881,0.34082,0.923828
1564164079517277,-0.168457,-0.0455322,0.340759,0.923767
1564164079532716,-0.168457,-0.0454712,0.340759,0.923767
1564164079546692,-0.168457,-0.0454712,0.340759,0.923767
1564164079571645,-0.168457,-0.0454712,0.340759,0.923767
1564164079592604,-0.168457,-0.0455933,0.340942,0.923706
1564164079606578,-0.16864,-0.0458374,0.341187,0.923584
1564164079630034,-0.168762,-0.0460815,0.341492,0.923462
1564164079652515,-0.168518,-0.0461426,0.341675,0.923401
1564164079666965,-0.168274,-0.0460815,0.341797,0.923401
1564164079689923,-0.168274,-0.0460205,0.341797,0.923401
1564164079719868,-0.168518,-0.0461426,0.341858,0.92334
1564164079726854,-0.168762,-0.0462646,0.342041,0.923218
1564164079749817,-0.168823,-0.0462646,0.342041,0.923218
1564164079772270,-0.168762,-0.0463257,0.342224,0.923157
1564164079794728,-0.168884,-0.0462646,0.342407,0.923035
1564164079810202,-0.169006,-0.0460815,0.342712,0.922913
1564164079832658,-0.169189,-0.0458984,0.342957,0.922852
1564164079847134,-0.169434,-0.0456543,0.34314,0.922729
1564164079870089,-0.169678,-0.0454102,0.343323,0.922607
1564164079892557,-0.169861,-0.045105,0.343506,0.922546
1564164079913508,-0.1698,-0.0446777,0.343689,0.922485
1564164079929978,-0.169617,-0.0442505,0.343933,0.922424
1564164079952437,-0.169373,-0.0438843,0.344238,0.922424
1564164079973402,-0.169006,-0.0435791,0.344482,0.922363
1564164079997354,-0.168762,-0.043335,0.344727,0.922363
1564164080012826,-0.16864,-0.043335,0.34491,0.922302
1564164080033784,-0.16864,-0.043335,0.34491,0.922302
1564164080049762,-0.168396,-0.0432129,0.345032,0.922302
1564164080072713,-0.168091,-0.0430298,0.344971,0.922424
1564164080093673,-0.167908,-0.0428467,0.344849,0.922485
1564164080110143,-0.167969,-0.0428467,0.344849,0.922485
1564164080132601,-0.167969,-0.0428467,0.344849,0.922485
1564164080153565,-0.16803,-0.0428467,0.34491,0.922485
1564164080170036,-0.167847,-0.0426636,0.345032,0.922424
1564164080192988,-0.167603,-0.0426025,0.345215,0.922424
1564164080213487,-0.167358,-0.0424194,0.345337,0.922424
1564164080229984,-0.167358,-0.0424194,0.345337,0.922424
1564164080252442,-0.167358,-0.0424194,0.345337,0.922424
1564164080274901,-0.167358,-0.0424194,0.345337,0.922424
1564164080289873,-0.167358,-0.0424194,0.345337,0.922424
1564164080312335,-0.167358,-0.0423584,0.345337,0.922424
1564164080333797,-0.167358,-0.0423584,0.345337,0.922424
1564164080349762,-0.167358,-0.0422974,0.345337,0.922424
1564164080372721,-0.167297,-0.0424805,0.345459,0.922363
1564164080402665,-0.167358,-0.0427246,0.345581,0.922302
1564164080410157,-0.167297,-0.0428467,0.345703,0.922302
1564164080432609,-0.167297,-0.0429688,0.345886,0.922241
1564164080455068,-0.16748,-0.0432739,0.346008,0.922119
1564164080470039,-0.167725,-0.0435791,0.346191,0.921997
1564164080492500,-0.167908,-0.0438232,0.346436,0.921875
1564164080514957,-0.168091,-0.0440063,0.34668,0.921692
1564164080529430,-0.168213,-0.0441284,0.346985,0.92157
1564164080552393,-0.168213,-0.0443726,0.347229,0.921448
1564164080574854,-0.168091,-0.0444946,0.347412,0.921387
1564164080589318,-0.168091,-0.0444336,0.347412,0.921387
1564164080612276,-0.16803,-0.0444336,0.347412,0.921448
1564164080635233,-0.16803,-0.0446167,0.347534,0.921387
1564164080649233,-0.167969,-0.0446167,0.347534,0.921387
1564164080680162,-0.167542,-0.0446167,0.347473,0.921509
1564164080695122,-0.167053,-0.0445557,0.347473,0.92157
1564164080709594,-0.166748,-0.0444946,0.347473,0.921631
1564164080732552,-0.166382,-0.0444336,0.347351,0.921753
1564164080755011,-0.165955,-0.0442505,0.347168,0.921936
1564164080769496,-0.165649,-0.0440063,0.346924,0.922058
1564164080792441,-0.165527,-0.0438232,0.346741,0.92218
1564164080814906,-0.165649,-0.0435791,0.346558,0.922241
1564164080829377,-0.165527,-0.043335,0.346375,0.922302
1564164080852362,-0.165527,-0.0430908,0.34613,0.922424
1564164080874793,-0.165527,-0.0430908,0.34613,0.922424
1564164080903741,-0.165588,-0.0430908,0.34613,0.922424
1564164080912227,-0.165588,-0.0430908,0.34613,0.922424
1564164080935181,-0.165527,-0.0428467,0.34613,0.922424
1564164080956140,-0.165527,-0.0428467,0.34613,0.922424
1564164080972605,-0.165527,-0.0428467,0.34613,0.922424
1564164080995064,-0.165649,-0.0430908,0.346252,0.922363
1564164081016030,-0.165771,-0.043396,0.346497,0.922241
1564164081032497,-0.165771,-0.0435791,0.34668,0.92218
1564164081054974,-0.165649,-0.0437622,0.346863,0.922119
1564164081075952,-0.165527,-0.0438232,0.347046,0.922058
1564164081092382,-0.165466,-0.0439453,0.347229,0.921997
1564164081114874,-0.165405,-0.0441284,0.347351,0.921936
1564164081136310,-0.165405,-0.0441284,0.347351,0.921936
1564164081152285,-0.165222,-0.0438843,0.347351,0.921997
1564164081181225,-0.1651,-0.0435181,0.34729,0.922058
1564164081196188,-0.1651,-0.0431519,0.347229,0.922119
1564164081212662,-0.165222,-0.0428467,0.347168,0.922119
1564164081235617,-0.165283,-0.0426025,0.347107,0.922119
1564164081256080,-0.165222,-0.0423584,0.347107,0.92218
1564164081272547,-0.165039,-0.0421143,0.347107,0.92218
1564164081295028,-0.165039,-0.0421143,0.347107,0.92218
1564164081316968,-0.165039,-0.0421143,0.347107,0.92218
1564164081332435,-0.1651,-0.0420532,0.347107,0.92218
1564164081354894,-0.1651,-0.0420532,0.347107,0.92218
1564164081377353,-0.1651,-0.0420532,0.347107,0.92218
1564164081392325,-0.165222,-0.0422363,0.347229,0.922119
1564164081414782,-0.165344,-0.0424805,0.347351,0.922058
1564164081437242,-0.165344,-0.0426636,0.347412,0.921997
1564164081460200,-0.165344,-0.0426636,0.347412,0.921997
1564164081475172,-0.165283,-0.0426636,0.347412,0.921997
