timestamp,roll,pitch,yaw
1564164020265503,-0.128208,0.225888,0.691852
1564164020288461,-0.12719,0.227626,0.692054
1564164020310919,-0.126446,0.229026,0.693105
1564164020333376,-0.126695,0.230091,0.694909
1564164020348348,-0.12628,0.230109,0.696532
1564164020370807,-0.12532,0.229975,0.697397
1564164020393266,-0.126092,0.230486,0.697058
1564164020408737,-0.129552,0.232465,0.697484
1564164020430695,-0.135753,0.233851,0.697523
1564164020462137,-0.144225,0.234103,0.697398
1564164020468625,-0.15151,0.233265,0.697298
1564164020492081,-0.156796,0.231956,0.696191
1564164020513542,-0.159929,0.231684,0.69621
1564164020528514,-0.163144,0.23163,0.695648
1564164020554965,-0.16677,0.231388,0.694447
1564164020581915,-0.169539,0.231628,0.693408
1564164020590898,-0.171831,0.232086,0.692398
1564164020598386,-0.17396,0.232534,0.691798
1564164020618847,-0.175019,0.233769,0.691253
1564164020642802,-0.176069,0.235019,0.690852
1564164020665759,-0.177934,0.235696,0.690773
1564164020718161,-0.179668,0.236834,0.690585
1564164020719160,-0.180244,0.237815,0.690469
1564164020725152,-0.1806,0.238625,0.690658
1564164020740121,-0.181432,0.239703,0.690559
1564164020761581,-0.182483,0.240779,0.690812
1564164020775555,-0.183204,0.242384,0.691043
1564164020798013,-0.183865,0.243159,0.691103
1564164020820476,-0.18348,0.2445,0.691441
1564164020835942,-0.183549,0.24575,0.691788
1564164020858401,-0.184509,0.246683,0.692191
1564164020889343,-0.18542,0.247043,0.69235
1564164020895831,-0.184991,0.247129,0.692231
1564164020918289,-0.184061,0.247561,0.692176
1564164020940749,-0.184109,0.248136,0.692421
1564164020963206,-0.185088,0.248279,0.692722
1564164020978178,-0.185246,0.247718,0.692973
1564164021000636,-0.184461,0.2477,0.693058
1564164021018603,-0.184302,0.247773,0.693068
1564164021038068,-0.185009,0.248024,0.692985
1564164021060525,-0.185621,0.248225,0.692799
1564164021075497,-0.185583,0.248342,0.6928
1564164021097957,-0.185544,0.248459,0.692801
1564164021120416,-0.185478,0.248581,0.692914
1564164021135885,-0.185439,0.248697,0.692915
1564164021165829,-0.1854,0.248814,0.692917
1564164021180802,-0.185443,0.24909,0.692911
1564164021195774,-0.185172,0.249199,0.692527
1564164021218232,-0.185086,0.249228,0.692022
1564164021243685,-0.185145,0.249174,0.691474
1564164021255662,-0.185005,0.24931,0.690938
1564164021278121,-0.185013,0.249389,0.690536
1564164021296587,-0.185384,0.249599,0.69011
1564164021315551,-0.185651,0.250047,0.689799
1564164021338010,-0.185612,0.250163,0.6898
1564164021355976,-0.185694,0.250323,0.689793
1564164021375439,-0.185935,0.25041,0.689776
1564164021398397,-0.186066,0.250437,0.689623
1564164021415865,-0.186066,0.250437,0.689623
1564164021435827,-0.186544,0.250218,0.689594
1564164021458285,-0.18683,0.249778,0.689436
1564164021476253,-0.186852,0.24938,0.689329
1564164021495717,-0.186836,0.249097,0.689223
1564164021521169,-0.187055,0.248509,0.689106
1564164021536142,-0.187006,0.247934,0.688861
1564164021555604,-0.187236,0.247329,0.6886
1564164021578064,-0.186961,0.246678,0.688405
1564164021596031,-0.186698,0.245916,0.688321
1564164021615494,-0.186507,0.245331,0.688376
1564164021637952,-0.186623,0.244981,0.688373
1564164021655919,-0.186683,0.244466,0.688266
1564164021676880,-0.186546,0.24414,0.688169
1564164021700337,-0.186139,0.243829,0.687944
1564164021721298,-0.185842,0.243577,0.687856
1564164021737767,-0.185945,0.243338,0.687742
1564164021760225,-0.185929,0.243328,0.687709
1564164021774698,-0.185994,0.243206,0.687597
1564164021798155,-0.185856,0.242881,0.6875
1564164021820115,-0.185806,0.242306,0.687256
1564164021834587,-0.185733,0.241859,0.687047
1564164021858043,-0.185687,0.241678,0.686798
1564164021880502,-0.185598,0.24122,0.686555
1564164021894476,-0.185535,0.240757,0.686201
1564164021917434,-0.185417,0.2404,0.685815
1564164021940390,-0.185315,0.240054,0.685462
1564164021954863,-0.185479,0.239572,0.685315
1564164021977821,-0.185577,0.23894,0.685208
1564164022001776,-0.185117,0.238003,0.685319
1564164022014752,-0.184416,0.237347,0.685261
1564164022037720,-0.183787,0.236866,0.68534
1564164022060168,-0.183498,0.236912,0.6855
1564164022075140,-0.183406,0.236768,0.685652
1564164022097598,-0.182941,0.236606,0.685717
1564164022120057,-0.182332,0.236094,0.685506
1564164022141517,-0.181597,0.235947,0.685442
1564164022157986,-0.181033,0.235344,0.685409
1564164022180444,-0.180746,0.235078,0.685176
1564164022201405,-0.180565,0.234478,0.685085
1564164022219380,-0.180754,0.233991,0.684827
1564164022240333,-0.181106,0.233335,0.684816
1564164022262791,-0.180959,0.233026,0.684863
1564164022278762,-0.180691,0.232674,0.684918
1564164022300222,-0.180927,0.232368,0.684909
1564164022322680,-0.181413,0.232132,0.68474
1564164022337652,-0.18161,0.231942,0.684732
1564164022360110,-0.18161,0.231942,0.684732
1564164022381570,-0.181572,0.232058,0.684732
1564164022404028,-0.182133,0.231902,0.684956
1564164022420497,-0.182416,0.231776,0.685196
1564164022441458,-0.181711,0.231528,0.685275
1564164022457930,-0.181696,0.231519,0.685241
1564164022480386,-0.181944,0.231901,0.685475
1564164022501351,-0.18276,0.232208,0.685533
1564164022517820,-0.182721,0.232324,0.685534
1564164022540275,-0.182927,0.232431,0.685774
1564164022562733,-0.183521,0.232934,0.685952
1564164022577706,-0.18419,0.233516,0.686522
1564164022600167,-0.184772,0.234348,0.687238
1564164022630108,-0.185749,0.234314,0.6882
1564164022637594,-0.187201,0.234376,0.689533
1564164022660551,-0.187462,0.235184,0.690922
1564164022682511,-0.187544,0.236149,0.69203
1564164022696984,-0.188811,0.236781,0.693221
1564164022720441,-0.189746,0.236478,0.694193
1564164022742901,-0.19057,0.235085,0.695151
1564164022756872,-0.190856,0.233718,0.69585
1564164022780329,-0.191483,0.232567,0.696237
1564164022802788,-0.192667,0.231843,0.696333
1564164022817263,-0.193212,0.231018,0.696466
1564164022840218,-0.193551,0.230083,0.696357
1564164022862676,-0.19373,0.22922,0.696256
1564164022877149,-0.194198,0.228312,0.695997
1564164022907593,-0.194589,0.228028,0.695728
1564164022922565,-0.194806,0.227807,0.695433
1564164022937042,-0.195038,0.227596,0.695171
1564164022960496,-0.194999,0.227712,0.69517
1564164022982955,-0.194999,0.227712,0.69517
1564164022996926,-0.195231,0.2275,0.694908
1564164023020383,-0.195631,0.227199,0.694495
1564164023042844,-0.195816,0.226805,0.693985
1564164023063801,-0.195541,0.22691,0.693597
1564164023080275,-0.195501,0.227196,0.692938
1564164023108718,-0.195793,0.227226,0.692378
1564164023123695,-0.195707,0.226845,0.691738
1564164023140161,-0.195311,0.226319,0.690896
1564164023162619,-0.195009,0.225845,0.690158
1564164023183580,-0.195567,0.225156,0.689349
1564164023200049,-0.195871,0.224489,0.688443
1564164023223007,-0.195151,0.22372,0.687624
1564164023243967,-0.194604,0.222769,0.686912
1564164023260436,-0.194202,0.222169,0.686472
1564164023282895,-0.193352,0.221374,0.685805
1564164023303859,-0.191776,0.220417,0.684923
1564164023320326,-0.189493,0.219136,0.684516
1564164023344282,-0.187572,0.217187,0.683962
1564164023363745,-0.186765,0.215429,0.683747
1564164023380215,-0.187457,0.213746,0.6839
1564164023402677,-0.1877,0.21191,0.684146
1564164023423634,-0.18672,0.210139,0.684304
1564164023440103,-0.18523,0.209095,0.684466
1564164023463060,-0.18423,0.208518,0.684847
1564164023485020,-0.184701,0.207828,0.68524
1564164023500491,-0.185418,0.206819,0.685488
1564164023522949,-0.185227,0.205845,0.685556
1564164023545408,-0.184155,0.205173,0.6854
1564164023560380,-0.183739,0.204801,0.685715
1564164023582839,-0.184334,0.204545,0.686094
1564164023605297,-0.184571,0.204161,0.686491
1564164023620767,-0.183949,0.204071,0.686554
1564164023642729,-0.183505,0.20419,0.686714
1564164023665683,-0.183505,0.20419,0.686714
1564164023679657,-0.183466,0.204306,0.686713
1564164023703613,-0.183466,0.204306,0.686713
1564164023725073,-0.183466,0.204306,0.686713
1564164023740045,-0.183586,0.204349,0.686706
1564164023763005,-0.183547,0.204465,0.686705
1564164023792947,-0.183532,0.204456,0.686672
1564164023799438,-0.183532,0.204456,0.686672
1564164023823391,-0.183532,0.204456,0.686672
1564164023845351,-0.183532,0.204456,0.686672
1564164023859824,-0.183493,0.204572,0.686671
1564164023882781,-0.183493,0.204572,0.686671
1564164023905239,-0.183966,0.203962,0.686666
1564164023919712,-0.184183,0.203376,0.686562
1564164023942669,-0.184183,0.203376,0.686562
1564164023965147,-0.184037,0.203067,0.686611
1564164023986588,-0.184333,0.202249,0.68651
1564164024002558,-0.184198,0.20113,0.686292
1564164024025516,-0.183287,0.199707,0.685929
1564164024046476,-0.181963,0.198344,0.68515
1564164024070432,-0.180287,0.196408,0.684975
1564164024085403,-0.177263,0.194158,0.685181
1564164024106365,-0.173348,0.193067,0.68471
1564164024122835,-0.16997,0.192702,0.68431
1564164024145295,-0.170245,0.192281,0.684308
1564164024166253,-0.17262,0.190385,0.684114
1564164024182724,-0.173483,0.18794,0.683923
1564164024205182,-0.173107,0.185607,0.684067
1564164024226143,-0.172404,0.183516,0.683964
1564164024243110,-0.171091,0.181391,0.683235
1564164024265070,-0.168496,0.179966,0.682424
1564164024286531,-0.165706,0.179729,0.682346
1564164024302501,-0.164315,0.180762,0.68212
1564164024325458,-0.164215,0.181256,0.681068
1564164024346439,-0.163018,0.181641,0.681391
1564164024362888,-0.160367,0.180405,0.68238
1564164024385347,-0.158455,0.178338,0.682887
1564164024406326,-0.157597,0.176538,0.683531
1564164024422777,-0.156189,0.174126,0.68399
1564164024445236,-0.155979,0.171261,0.684668
1564164024467693,-0.15794,0.167768,0.685508
1564164024482666,-0.158794,0.164804,0.686524
1564164024505125,-0.157654,0.163204,0.686383
1564164024527585,-0.155944,0.163319,0.685962
1564164024543068,-0.153157,0.164756,0.686951
1564164024565012,-0.151078,0.164828,0.688634
1564164024587969,-0.149418,0.166569,0.688654
1564164024593001,-0.143978,0.169532,0.689875
1564164024609430,-0.137961,0.171744,0.692271
1564164024630932,-0.135445,0.173798,0.693363
1564164024653351,-0.133941,0.175076,0.693416
1564164024668356,-0.131614,0.177437,0.694292
1564164024690816,-0.127921,0.179847,0.695496
1564164024713277,-0.123596,0.182346,0.695989
1564164024729712,-0.121555,0.183963,0.696203
1564164024750709,-0.123173,0.184086,0.696734
1564164024774625,-0.124348,0.184325,0.697432
1564164024788107,-0.123066,0.184631,0.697389
1564164024810595,-0.120731,0.18523,0.697656
1564164024833515,-0.120614,0.185187,0.697662
1564164024850984,-0.121938,0.185834,0.697954
1564164024870947,-0.123366,0.185856,0.698131
1564164024901421,-0.123248,0.185813,0.698137
1564164024909874,-0.121929,0.185845,0.698098
1564164024932331,-0.121125,0.185542,0.698031
1564164024953329,-0.121929,0.185075,0.698241
1564164024968301,-0.12319,0.184114,0.698319
1564164024990761,-0.123659,0.183217,0.698043
1564164025013217,-0.122802,0.182362,0.697869
1564164025029665,-0.122854,0.181846,0.697724
1564164025052109,-0.12478,0.181257,0.697771
1564164025073601,-0.126688,0.179981,0.697538
1564164025089539,-0.126682,0.179303,0.697288
1564164025110500,-0.125835,0.178816,0.696826
1564164025132958,-0.125699,0.178496,0.696724
1564164025149435,-0.126688,0.177943,0.696679
1564164025178380,-0.127996,0.176855,0.696623
1564164025193371,-0.128044,0.175679,0.696409
1564164025209818,-0.127476,0.174772,0.695935
1564164025230821,-0.127403,0.173944,0.695725
1564164025253275,-0.127733,0.173776,0.695424
1564164025269704,-0.12875,0.173507,0.695523
1564164025290705,-0.129936,0.172765,0.695476
1564164025313127,-0.130491,0.172315,0.695456
1564164025329592,-0.130193,0.171971,0.695725
1564164025350556,-0.130032,0.171666,0.695878
1564164025368524,-0.13048,0.171463,0.696114
1564164025390982,-0.131538,0.171079,0.696215
1564164025410481,-0.131538,0.171079,0.696215
1564164025428408,-0.131538,0.171079,0.696215
1564164025458353,-0.131538,0.171079,0.696215
1564164025470837,-0.131906,0.171107,0.696452
1564164025488798,-0.132354,0.170904,0.696688
1564164025511757,-0.132354,0.170904,0.696688
1564164025538245,-0.132373,0.170415,0.696945
1564164025548685,-0.132565,0.169471,0.697234
1564164025571145,-0.13224,0.169249,0.697536
1564164025590647,-0.1314,0.169362,0.697857
1564164025608574,-0.131573,0.169189,0.698105
1564164025631034,-0.132694,0.16858,0.698318
1564164025650999,-0.133448,0.167943,0.698294
1564164025668464,-0.133808,0.167293,0.698288
1564164025691422,-0.133623,0.166721,0.698479
1564164025710891,-0.134146,0.16561,0.698472
1564164025736338,-0.135148,0.164582,0.698844
1564164025751333,-0.136466,0.163409,0.699207
1564164025770812,-0.139129,0.161426,0.699538
1564164025796226,-0.141835,0.159614,0.700094
1564164025817196,-0.143317,0.157984,0.700473
1564164025830722,-0.142699,0.157137,0.70083
1564164025848629,-0.1432,0.156359,0.701624
1564164025871087,-0.145401,0.155187,0.702595
1564164025890552,-0.14816,0.153419,0.704618
1564164025908519,-0.150482,0.151169,0.706056
1564164025930975,-0.148744,0.151438,0.704827
1564164025958423,-0.144964,0.153937,0.702162
1564164025968405,-0.14232,0.155895,0.701551
1564164025991373,-0.143754,0.155066,0.702284
1564164026013824,-0.146238,0.154699,0.702437
1564164026027799,-0.146765,0.156706,0.701009
1564164026050263,-0.145778,0.159242,0.700048
1564164026071722,-0.145876,0.159451,0.701738
1564164026087694,-0.148366,0.159295,0.702644
1564164026110151,-0.148403,0.160863,0.701273
1564164026131189,-0.146789,0.16375,0.699645
1564164026147676,-0.14797,0.168581,0.699265
1564164026170115,-0.153009,0.171644,0.699473
1564164026191602,-0.158166,0.172417,0.698632
1564164026208044,-0.158651,0.173399,0.697621
1564164026237990,-0.157275,0.175843,0.697185
1564164026253993,-0.158554,0.178282,0.698431
1564164026267934,-0.163497,0.180239,0.700676
1564164026290893,-0.169743,0.180903,0.702113
1564164026311353,-0.173151,0.181131,0.703228
1564164026327823,-0.173672,0.181772,0.703668
1564164026350279,-0.173531,0.182822,0.704154
1564164026372742,-0.175211,0.183596,0.704262
1564164026387718,-0.178008,0.184242,0.704192
1564164026410170,-0.180256,0.184867,0.70454
1564164026432628,-0.180855,0.185006,0.704915
1564164026447101,-0.180814,0.185121,0.704913
1564164026470558,-0.181358,0.185368,0.705253
1564164026492517,-0.182288,0.185334,0.705334
1564164026515475,-0.181887,0.186097,0.705324
1564164026530447,-0.181873,0.186091,0.705291
1564164026552905,-0.181992,0.186134,0.705285
1564164026567379,-0.181984,0.186602,0.704873
1564164026590334,-0.18196,0.187452,0.704415
1564164026612793,-0.182031,0.188079,0.703995
1564164026627267,-0.182149,0.188122,0.70399
1564164026650223,-0.181748,0.188186,0.703602
1564164026672683,-0.181654,0.188899,0.70333
1564164026687156,-0.182141,0.189433,0.703009
1564164026710112,-0.182509,0.189923,0.702693
1564164026732571,-0.182628,0.189967,0.702688
1564164026755528,-0.182189,0.189756,0.70231
1564164026770499,-0.182149,0.189872,0.702308
1564164026793457,-0.182105,0.189676,0.701917
1564164026806933,-0.182314,0.189575,0.701547
1564164026830388,-0.182274,0.18969,0.701545
1564164026852848,-0.182,0.189393,0.70102
1564164026873813,-0.182076,0.189241,0.700623
1564164026890278,-0.182036,0.189357,0.700621
1564164026912737,-0.18204,0.189068,0.700409
1564164026933728,-0.18204,0.189068,0.700409
1564164026956152,-0.181836,0.189334,0.70001
1564164026972626,-0.181836,0.189334,0.70001
1564164026993587,-0.181796,0.18945,0.700008
1564164027010552,-0.181796,0.18945,0.700008
1564164027033010,-0.181533,0.189449,0.699729
1564164027053995,-0.181164,0.189803,0.699477
1564164027070945,-0.181164,0.189803,0.699477
1564164027092900,-0.181124,0.189918,0.699475
1564164027113998,-0.180868,0.18994,0.699374
1564164027130403,-0.180947,0.190098,0.699366
1564164027152862,-0.180947,0.190098,0.699366
1564164027173826,-0.180613,0.189572,0.699283
1564164027191810,-0.180326,0.188916,0.699057
1564164027212758,-0.180173,0.18792,0.698871
1564164027233750,-0.17974,0.186255,0.698315
1564164027250190,-0.179486,0.184056,0.698202
1564164027273148,-0.177871,0.182761,0.697854
1564164027295105,-0.172292,0.182546,0.698076
1564164027316586,-0.165832,0.18253,0.698302
1564164027332529,-0.162294,0.182754,0.699184
1564164027355487,-0.162509,0.184525,0.700264
1564164027370458,-0.165472,0.181955,0.701258
1564164027400407,-0.167532,0.179098,0.701541
1564164027415384,-0.166514,0.175269,0.702207
1564164027430853,-0.163053,0.171904,0.703481
1564164027454304,-0.159755,0.16946,0.703132
1564164027475264,-0.158517,0.168201,0.703015
1564164027489737,-0.158485,0.166399,0.703348
1564164027512701,-0.157227,0.164771,0.703495
1564164027535153,-0.153758,0.164243,0.703319
1564164027549627,-0.148055,0.16407,0.703247
1564164027572581,-0.143691,0.164154,0.703352
1564164027595044,-0.1399,0.165905,0.703637
1564164027609517,-0.137665,0.167233,0.704354
1564164027640458,-0.136933,0.168825,0.704725
1564164027654931,-0.135062,0.171497,0.704481
1564164027669401,-0.133251,0.174129,0.703593
1564164027692879,-0.13267,0.173447,0.704166
1564164027715337,-0.131604,0.172032,0.704435
1564164027736320,-0.1286,0.172512,0.703404
1564164027754245,-0.125175,0.174172,0.702678
1564164027775206,-0.12526,0.1749,0.703144
1564164027796226,-0.12817,0.174437,0.703376
1564164027813138,-0.129807,0.174722,0.702726
1564164027835093,-0.128667,0.175051,0.702412
1564164027856589,-0.127614,0.174761,0.702098
1564164027873024,-0.128484,0.173789,0.702209
1564164027901472,-0.130568,0.172347,0.702238
1564164027916482,-0.132153,0.171311,0.701639
1564164027932919,-0.133215,0.170337,0.700987
1564164027955871,-0.134395,0.168997,0.70016
1564164027976369,-0.135725,0.167596,0.699474
1564164027992802,-0.137609,0.166435,0.699162
1564164028015260,-0.139699,0.165359,0.698923
1564164028036259,-0.140985,0.164384,0.698781
1564164028052690,-0.141099,0.163359,0.698542
1564164028075155,-0.14184,0.162433,0.698278
1564164028103599,-0.143547,0.16135,0.698096
1564164028112587,-0.145822,0.160201,0.69779
1564164028135039,-0.147399,0.158784,0.697373
1564164028156530,-0.14821,0.156948,0.696883
1564164028180453,-0.149729,0.154887,0.696744
1564164028195426,-0.149916,0.153582,0.697344
1564164028216392,-0.146753,0.153996,0.697491
1564164028231857,-0.14094,0.156525,0.698587
1564164028255313,-0.133346,0.162391,0.700596
1564164028277775,-0.123503,0.172167,0.70323
1564164028292247,-0.112207,0.187062,0.705058
1564164028315205,-0.0983191,0.206552,0.704773
1564164028337659,-0.0785061,0.231494,0.703398
1564164028352155,-0.0528029,0.260363,0.702169
1564164028382580,-0.0239113,0.294581,0.700388
1564164028397548,0.00500823,0.330568,0.69813
1564164028419009,0.0331492,0.370023,0.696086
1564164028434978,0.0619347,0.412592,0.695261
1564164028458452,0.0918259,0.455582,0.693918
1564164028478935,0.123914,0.49889,0.693235
1564164028496866,0.1584,0.542863,0.693544
1564164028519323,0.193376,0.588698,0.694151
1564164028538825,0.227075,0.635136,0.694924
1564164028555256,0.257977,0.680614,0.694911
1564164028577715,0.285014,0.725745,0.693226
1564164028598674,0.311772,0.77025,0.692402
1564164028615144,0.33869,0.813358,0.692035
1564164028637606,0.360756,0.855195,0.689539
1564164028659063,0.377651,0.895365,0.685411
1564164028675536,0.392743,0.933571,0.680099
1564164028697491,0.404645,0.967725,0.670077
1564164028720448,0.415931,1.00085,0.657522
1564164028735919,0.427022,1.0345,0.645932
1564164028757878,0.439143,1.06781,0.638373
1564164028778343,0.448547,1.0991,0.630946
1564164028795328,0.455378,1.13261,0.621898
1564164028817767,0.460688,1.16396,0.612402
1564164028838772,0.466374,1.19728,0.604655
1564164028855201,0.471352,1.22936,0.600498
1564164028877658,0.479004,1.26012,0.603308
1564164028898636,0.49324,1.28599,0.615781
1564164028915096,0.514359,1.30988,0.635593
1564164028938055,0.545802,1.32919,0.663372
1564164028959006,0.595521,1.34447,0.705078
1564164028974478,0.658206,1.35531,0.757351
1564164028997934,0.731992,1.36227,0.822006
1564164029019394,0.807314,1.36397,0.889243
1564164029025881,0.879769,1.36188,0.953276
1564164029042351,0.945058,1.35753,1.00887
1564164029064817,1.00004,1.35098,1.05257
1564164029085772,1.04263,1.34354,1.0839
1564164029102241,1.06786,1.33399,1.09993
1564164029123207,1.07642,1.32354,1.10294
1564164029145690,1.07048,1.31295,1.09267
1564164029162142,1.05859,1.30245,1.07452
1564164029183120,1.04418,1.29084,1.05333
1564164029214563,1.0288,1.27905,1.03273
1564164029220519,1.01212,1.26765,1.01238
1564164029242979,0.995828,1.25835,0.992595
1564164029265936,0.978061,1.24988,0.970717
1564164029280913,0.960611,1.24191,0.949062
1564164029303366,0.946874,1.2343,0.932518
1564164029325823,0.933243,1.22709,0.91914
1564164029342296,0.918018,1.22006,0.905748
1564164029363268,0.905717,1.21406,0.89379
1564164029385712,0.897161,1.20884,0.882684
1564164029400705,0.890303,1.20379,0.872835
1564164029423163,0.885026,1.19925,0.866058
1564164029445600,0.8793,1.19506,0.860588
1564164029462091,0.873251,1.19136,0.855236
1564164029490539,0.868902,1.18836,0.850616
1564164029501001,0.865016,1.18503,0.845319
1564164029520463,0.86224,1.18164,0.840162
1564164029542941,0.861642,1.17857,0.837621
1564164029568373,0.859618,1.17543,0.834707
1564164029580868,0.856627,1.17206,0.831004
1564164029603313,0.853357,1.16895,0.826226
1564164029621775,0.851055,1.16494,0.821271
1564164029640746,0.850359,1.16065,0.816596
1564164029663197,0.849006,1.15632,0.811347
1564164029681165,0.846548,1.15167,0.805429
1564164029700649,0.843973,1.14773,0.799832
1564164029723084,0.840466,1.14391,0.794011
1564164029741056,0.837302,1.1407,0.789414
1564164029760537,0.83253,1.13805,0.784278
1564164029782996,0.826799,1.13572,0.778625
1564164029800942,0.82136,1.13385,0.773524
1564164029822485,0.816137,1.13163,0.76856
1564164029844439,0.811694,1.12933,0.763929
1564164029860909,0.808295,1.12588,0.759803
1564164029881870,0.807436,1.1212,0.757141
1564164029903330,0.81003,1.11398,0.757573
1564164029921297,0.811754,1.10449,0.758257
1564164029942258,0.813654,1.09124,0.759537
1564164029963248,0.813474,1.07515,0.759158
1564164029981191,0.808806,1.05642,0.755968
1564164030002147,0.797327,1.03346,0.748176
1564164030023205,0.787608,1.00603,0.737098
1564164030048628,0.782446,0.974152,0.724288
1564164030062103,0.774404,0.938655,0.710555
1564164030083101,0.754469,0.899503,0.693945
1564164030101031,0.732425,0.856311,0.677787
1564164030129486,0.708432,0.809051,0.659804
1564164030143452,0.680734,0.760685,0.641759
1564164030160920,0.650125,0.711883,0.625158
1564164030183878,0.618861,0.660976,0.60858
1564164030203346,0.587213,0.607978,0.592374
1564164030221307,0.554903,0.554208,0.576837
1564164030249761,0.5206,0.500128,0.56235
1564164030263229,0.48551,0.445678,0.55011
1564164030281196,0.451759,0.390749,0.540703
1564164030302656,0.418427,0.336618,0.532579
1564164030326112,0.385006,0.283723,0.524843
1564164030341085,0.355465,0.231572,0.520552
1564164030363544,0.332126,0.181733,0.518647
1564164030383006,0.310814,0.135653,0.516593
1564164030406970,0.290842,0.0927288,0.51529
1564164030423431,0.272632,0.0528185,0.515557
1564164030443394,0.25405,0.0138208,0.516786
1564164030460362,0.233016,-0.0221264,0.518269
1564164030482821,0.211772,-0.0540267,0.521362
1564164030503782,0.192394,-0.0819656,0.525273
1564164030527738,0.175298,-0.107584,0.529734
1564164030542709,0.15973,-0.130734,0.53512
1564164030563673,0.143166,-0.15071,0.54144
1564164030580152,0.128512,-0.168249,0.547903
1564164030602600,0.118884,-0.183544,0.553506
1564164030624089,0.111764,-0.196473,0.557394
1564164030640534,0.102608,-0.207585,0.560477
1564164030662987,0.0900679,-0.217011,0.563118
1564164030683978,0.0769651,-0.224839,0.565506
1564164030700417,0.0650522,-0.231083,0.567893
1564164030730360,0.0537776,-0.236351,0.570302
1564164030743834,0.0422672,-0.240293,0.573435
1564164030760308,0.0315992,-0.242593,0.577652
1564164030782766,0.0225455,-0.244081,0.582105
1564164030803744,0.0143153,-0.245503,0.586083
1564164030820199,0.00598335,-0.24586,0.590343
1564164030842652,-0.00271891,-0.245836,0.595276
1564164030863644,-0.0123786,-0.245977,0.600062
1564164030879591,-0.0234177,-0.246169,0.604432
1564164030902541,-0.035959,-0.244949,0.60881
1564164030924001,-0.0501837,-0.242517,0.613225
1564164030939479,-0.0662787,-0.239039,0.617652
1564164030962928,-0.0837199,-0.234816,0.62141
1564164030983889,-0.102936,-0.22831,0.62482
1564164031006379,-0.123094,-0.219071,0.629562
1564164031022817,-0.142873,-0.209409,0.635639
1564164031043809,-0.161266,-0.198155,0.641415
1564164031059750,-0.177346,-0.183611,0.647266
1564164031082712,-0.191135,-0.168136,0.653377
1564164031105164,-0.2045,-0.152479,0.6603
1564164031119638,-0.215422,-0.134782,0.668788
1564164031142594,-0.220304,-0.119641,0.676407
1564164031165054,-0.218548,-0.106637,0.682357
1564164031179526,-0.214929,-0.0931804,0.689076
1564164031202983,-0.208566,-0.0832156,0.695546
1564164031232927,-0.203691,-0.0772501,0.701371
1564164031246400,-0.200612,-0.0715451,0.705964
1564164031262879,-0.199544,-0.0649615,0.710762
1564164031285329,-0.200229,-0.058879,0.715892
1564164031306329,-0.200566,-0.0529646,0.719075
1564164031322760,-0.203016,-0.048066,0.720899
1564164031345221,-0.208051,-0.043757,0.722816
1564164031367180,-0.213684,-0.0391619,0.725429
1564164031382648,-0.215399,-0.0341498,0.72691
1564164031405106,-0.215308,-0.0284775,0.728764
1564164031426067,-0.219224,-0.0222877,0.730889
1564164031442536,-0.224331,-0.0157516,0.733179
1564164031464994,-0.226817,-0.0086659,0.734964
1564164031486480,-0.225772,-0.000960276,0.736795
1564164031510425,-0.225207,0.00615707,0.738723
1564164031525384,-0.226417,0.0127881,0.740818
1564164031546345,-0.227153,0.0191886,0.742371
1564164031562814,-0.227012,0.026082,0.7432
1564164031585272,-0.228493,0.0321696,0.74402
1564164031606271,-0.231699,0.0372832,0.745417
1564164031622706,-0.23244,0.0425654,0.746314
1564164031645195,-0.231851,0.0471674,0.746988
1564164031666625,-0.233184,0.0512716,0.748162
1564164031682591,-0.234698,0.0538755,0.749352
1564164031711538,-0.23437,0.0561259,0.750433
1564164031726546,-0.233572,0.057893,0.751315
1564164031742980,-0.234042,0.0590756,0.751853
1564164031765443,-0.23543,0.0599353,0.752177
1564164031786399,-0.235823,0.0606426,0.752385
1564164031802868,-0.235545,0.0606653,0.752369
1564164031825326,-0.235706,0.0605976,0.752384
1564164031846347,-0.237126,0.059977,0.752307
1564164031862765,-0.237466,0.0594584,0.752376
1564164031885215,-0.237236,0.0586981,0.752327
1564164031906215,-0.237368,0.0576601,0.752034
1564164031922653,-0.237587,0.0567777,0.751762
1564164031945112,-0.23763,0.0559651,0.751442
1564164031966586,-0.237598,0.0553759,0.751129
1564164031989021,-0.237477,0.0546166,0.750651
1564164032004993,-0.237299,0.0536975,0.750218
1564164032027956,-0.236706,0.052836,0.749531
1564164032042927,-0.236284,0.0521649,0.748658
1564164032065879,-0.23636,0.051577,0.747916
1564164032087839,-0.235913,0.0506507,0.747213
1564164032102812,-0.235014,0.0502287,0.746723
1564164032125277,-0.234872,0.0502344,0.746199
1564164032147734,-0.235012,0.0498501,0.745844
1564164032162707,-0.234919,0.0493767,0.745484
1564164032185157,-0.234563,0.0489248,0.74514
1564164032207617,-0.234431,0.0485932,0.745054
1564164032222096,-0.234398,0.0482942,0.744793
1564164032245052,-0.234632,0.0477129,0.744752
1564164032268035,-0.234655,0.0472841,0.744395
1564164032281986,-0.235189,0.0469201,0.74406
1564164032305437,-0.235291,0.0469671,0.744029
1564164032327900,-0.235076,0.0468156,0.743518
1564164032342364,-0.235139,0.0466401,0.743025
1564164032365330,-0.235511,0.0463442,0.742674
1564164032393769,-0.235168,0.0461655,0.742271
1564164032402258,-0.234484,0.0462178,0.741745
1564164032425211,-0.234724,0.0462607,0.741352
1564164032447677,-0.234871,0.0461946,0.741336
1564164032468667,-0.234763,0.046119,0.74108
1564164032485106,-0.234057,0.0462055,0.740775
1564164032507566,-0.233891,0.0459704,0.740564
1564164032529050,-0.233944,0.0458262,0.740325
1564164032546993,-0.233759,0.0455652,0.739796
1564164032567948,-0.233468,0.0452432,0.739154
1564164032588944,-0.233341,0.0448667,0.738672
1564164032604882,-0.233302,0.0442643,0.738217
1564164032627835,-0.2329,0.0439271,0.73786
1564164032648798,-0.232693,0.0440949,0.737687
1564164032672750,-0.232693,0.0440949,0.737687
1564164032687722,-0.23326,0.0436476,0.737621
1564164032708725,-0.233159,0.0432204,0.737659
1564164032725162,-0.23332,0.0431514,0.737675
1564164032747645,-0.233434,0.0431812,0.737534
1564164032771568,-0.233432,0.042511,0.737491
1564164032785050,-0.23342,0.0418577,0.737557
1564164032808001,-0.233684,0.0411794,0.737643
1564164032828966,-0.233918,0.0402169,0.737612
1564164032845431,-0.233769,0.0392184,0.737451
1564164032867889,-0.233284,0.0380851,0.737316
1564164032896337,-0.232871,0.0367147,0.737035
1564164032905322,-0.232679,0.0351732,0.73696
1564164032927797,-0.232285,0.033434,0.736864
1564164032950236,-0.231257,0.0330634,0.73716
1564164032965216,-0.227377,0.0328639,0.737076
1564164032987667,-0.222935,0.0337256,0.736568
1564164033011628,-0.220267,0.0345237,0.736575
1564164033031586,-0.220642,0.034588,0.736959
1564164033048053,-0.224852,0.0353017,0.736999
1564164033070014,-0.229591,0.0329245,0.736994
1564164033084985,-0.229882,0.0315105,0.737416
1564164033107945,-0.224029,0.0285238,0.736906
1564164033130399,-0.216527,0.0275487,0.737727
1564164033151398,-0.215114,0.0258231,0.738905
1564164033175335,-0.218341,0.0227779,0.74154
1564164033190290,-0.219779,0.0195617,0.743132
1564164033211254,-0.221054,0.0189722,0.742843
1564164033228226,-0.212995,0.0240376,0.74205
1564164033251676,-0.204406,0.0311137,0.739944
1564164033271146,-0.20816,0.0338419,0.737134
1564164033287609,-0.225118,0.0319097,0.737504
1564164033310072,-0.241276,0.0304631,0.738927
1564164033339017,-0.246506,0.0322521,0.738108
1564164033347997,-0.243202,0.0324018,0.735852
1564164033377942,-0.241251,0.0307439,0.732976
1564164033391454,-0.24542,0.0302141,0.729579
1564164033407886,-0.254592,0.0297452,0.726399
1564164033430345,-0.266907,0.028006,0.724536
1564164033452802,-0.277231,0.0256367,0.722876
1564164033458298,-0.283212,0.0245515,0.720619
1564164033473264,-0.284138,0.0246568,0.718167
1564164033495721,-0.283527,0.0243164,0.716455
1564164033518217,-0.284021,0.0249564,0.715067
1564164033533186,-0.286006,0.0254676,0.713497
1564164033555610,-0.288879,0.0264322,0.711905
1564164033578608,-0.29186,0.0264587,0.710851
1564164033593073,-0.295522,0.0256907,0.709793
1564164033615559,-0.29851,0.0253691,0.709052
1564164033631977,-0.299998,0.0255023,0.708042
1564164033653429,-0.30126,0.0251686,0.707081
1564164033675887,-0.302148,0.0240757,0.706344
1564164033691857,-0.302756,0.0223747,0.705845
1564164033713353,-0.302668,0.021471,0.705315
1564164033735812,-0.302018,0.0210433,0.704954
1564164033752245,-0.301487,0.0206576,0.704597
1564164033780704,-0.30159,0.0200092,0.704445
1564164033795664,-0.303163,0.0192702,0.704343
1564164033812142,-0.30498,0.0189908,0.704225
1564164033833128,-0.306026,0.0193543,0.704089
1564164033855554,-0.306144,0.0193961,0.704093
1564164033872023,-0.3058,0.0192476,0.703973
1564164033892988,-0.305919,0.0192893,0.703977
1564164033915945,-0.305919,0.0192893,0.703977
1564164033933410,-0.306086,0.0188187,0.703919
1564164033953371,-0.306086,0.0188187,0.703919
1564164033975867,-0.30621,0.0184612,0.70384
1564164033993796,-0.306888,0.0180855,0.704068
1564164034013296,-0.307555,0.0177333,0.704405
1564164034035755,-0.307829,0.0173279,0.70446
1564164034059681,-0.307549,0.0167205,0.704699
1564164034073180,-0.307366,0.0161425,0.704769
1564164034095612,-0.307366,0.0161425,0.704769
1564164034113574,-0.308045,0.0153501,0.704776
1564164034133037,-0.309646,0.0142843,0.705164
1564164034155497,-0.311492,0.012546,0.705651
1564164034173462,-0.312835,0.00979674,0.706823
1564164034192958,-0.312621,0.00770188,0.708181
1564164034215889,-0.311261,0.00529456,0.710335
1564164034233351,-0.309808,0.00216355,0.713105
1564164034253350,-0.304888,-4.60446e-05,0.714089
1564164034283258,-0.297975,-0.0013921,0.713498
1564164034293739,-0.28905,-0.00098221,0.712019
1564164034313204,-0.279918,0.00134651,0.709772
1564164034335693,-0.273321,0.00235558,0.709014
1564164034353627,-0.273727,0.00207563,0.70974
1564164034373097,-0.277609,0.00175685,0.711306
1564164034395589,-0.278759,0.00122625,0.711961
1564164034413561,-0.273844,0.00250773,0.712588
1564164034432979,-0.263945,0.00237473,0.71355
1564164034455474,-0.256128,0.00236795,0.714774
1564164034473405,-0.255483,0.00278499,0.71572
1564164034493368,-0.259236,0.00475216,0.716047
1564164034515827,-0.263082,0.00706454,0.715651
1564164034533794,-0.268052,0.00750483,0.715816
1564164034562239,-0.270067,0.00819118,0.716371
1564164034575716,-0.269893,0.0107476,0.716273
1564164034593683,-0.270493,0.013699,0.716044
1564164034616139,-0.275272,0.0158812,0.717776
1564164034635605,-0.281855,0.0151952,0.72056
1564164034653571,-0.283896,0.014592,0.722835
1564164034674539,-0.280624,0.0146411,0.723618
1564164034695992,-0.277545,0.0154895,0.723883
1564164034713460,-0.278658,0.0157675,0.724676
1564164034734420,-0.281193,0.0157336,0.725055
1564164034750897,-0.282163,0.0159154,0.724681
1564164034773348,-0.282384,0.0152962,0.724384
1564164034794814,-0.282635,0.0149458,0.724053
1564164034811276,-0.283066,0.0148158,0.723821
1564164034841226,-0.28314,0.0149171,0.723413
1564164034854710,-0.28314,0.0149171,0.723413
1564164034871166,-0.28314,0.0149171,0.723413
1564164034894129,-0.28314,0.0149171,0.723413
1564164034915090,-0.282489,0.0155577,0.723157
1564164034936545,-0.281819,0.0159624,0.72322
1564164034952516,-0.281819,0.0159624,0.72322
1564164034975472,-0.281937,0.0160053,0.723224
1564164034996468,-0.281644,0.0163601,0.722751
1564164035012916,-0.281557,0.0165319,0.722321
1564164035042846,-0.281601,0.0164189,0.72234
1564164035049341,-0.281329,0.0167852,0.722041
1564164035072795,-0.280845,0.0169416,0.72158
1564164035095258,-0.280845,0.0169416,0.72158
1564164035117709,-0.280919,0.0170975,0.721565
1564164035132689,-0.280919,0.0170975,0.721565
1564164035155139,-0.280459,0.0169049,0.721441
1564164035170111,-0.279955,0.0168253,0.721297
1564164035192577,-0.279955,0.0168253,0.721297
1564164035215035,-0.279808,0.0165136,0.721328
1564164035229508,-0.279925,0.0165564,0.721331
1564164035252957,-0.279202,0.0163863,0.721212
1564164035275447,-0.279158,0.0164994,0.721194
1564164035289421,-0.279158,0.0164994,0.721194
1564164035312852,-0.279158,0.0164994,0.721194
1564164035335304,-0.278513,0.0167269,0.720711
1564164035349777,-0.278343,0.0164858,0.720504
1564164035372733,-0.27849,0.0163668,0.720102
1564164035395199,-0.278296,0.0164754,0.719559
1564164035416158,-0.278327,0.0166907,0.719134
1564164035432624,-0.278608,0.0166093,0.718768
1564164035455089,-0.278847,0.0162801,0.718546
1564164035476541,-0.278667,0.0160067,0.718056
1564164035492519,-0.278433,0.0158679,0.717657
1564164035514978,-0.278482,0.0157173,0.717425
1564164035536429,-0.278732,0.0153667,0.717094
1564164035552900,-0.278516,0.0148621,0.716889
1564164035575358,-0.277957,0.0142087,0.716563
1564164035596317,-0.277784,0.0135911,0.716377
1564164035614285,-0.27796,0.0130848,0.716061
1564164035635247,-0.278069,0.0120247,0.715673
1564164035656239,-0.27748,0.0111029,0.715381
1564164035673175,-0.276643,0.0108021,0.714616
1564164035695142,-0.276408,0.0106109,0.713825
1564164035725088,-0.276701,0.0101469,0.713514
1564164035732564,-0.276701,0.0101469,0.713514
1564164035755523,-0.276117,0.0109684,0.713354
1564164035776483,-0.276574,0.011573,0.713708
1564164035793453,-0.27715,0.0114825,0.714249
1564164035815411,-0.276533,0.0114319,0.714634
1564164035837869,-0.27558,0.0118518,0.714529
1564164035852843,-0.275537,0.0119651,0.71451
1564164035875807,-0.275537,0.0119651,0.71451
1564164035897765,-0.275654,0.0120075,0.714514
1564164035912738,-0.275654,0.0120075,0.714514
1564164035935189,-0.275654,0.0120075,0.714514
1564164035957647,-0.275611,0.0121207,0.714495
1564164035972119,-0.275611,0.0121207,0.714495
1564164036002572,-0.275728,0.0121631,0.714499
1564164036017536,-0.275728,0.0121631,0.714499
1564164036032013,-0.276289,0.0117452,0.714714
1564164036055466,-0.276284,0.0117292,0.714573
1564164036077923,-0.276289,0.0117452,0.714714
1564164036093403,-0.276245,0.0118585,0.714695
1564164036115358,-0.276881,0.011543,0.714504
1564164036137813,-0.276881,0.011543,0.714504
1564164036152785,-0.276256,0.0117841,0.714195
1564164036176739,-0.276213,0.0118973,0.714176
1564164036198200,-0.276213,0.0118973,0.714176
1564164036212179,-0.276213,0.0118973,0.714176
1564164036235140,-0.276271,0.0120581,0.714129
1564164036257598,-0.276134,0.0117257,0.71405
1564164036280062,-0.27599,0.0114305,0.714221
1564164036295520,-0.275941,0.0115809,0.714452
1564164036317978,-0.273555,0.0131162,0.714938
1564164036338971,-0.26466,0.0141587,0.716105
1564164036355408,-0.248605,0.014643,0.716723
1564164036377873,-0.238643,0.0217035,0.717984
1564164036398858,-0.235875,0.0260911,0.719511
1564164036415297,-0.23859,0.0298975,0.721786
1564164036437763,-0.24505,0.029636,0.723207
1564164036458753,-0.259256,0.0243833,0.726193
1564164036476216,-0.276232,0.0166156,0.730654
1564164036505138,-0.279408,0.00988241,0.732257
1564164036519104,-0.265253,0.00693456,0.730115
1564164036535074,-0.246947,0.00680427,0.726145
1564164036557532,-0.237531,0.00977767,0.722778
1564164036578992,-0.239185,0.0140058,0.722058
1564164036594463,-0.247962,0.016622,0.722754
1564164036617921,-0.256436,0.0181678,0.722111
1564164036638914,-0.257552,0.0195849,0.720648
1564164036654351,-0.249522,0.0211608,0.718706
1564164036677830,-0.240389,0.0211272,0.716543
1564164036706295,-0.239461,0.0202774,0.71465
1564164036721288,-0.245237,0.0188733,0.714512
1564164036737697,-0.250698,0.0182039,0.71371
1564164036758693,-0.252387,0.0181115,0.712221
1564164036782615,-0.25135,0.0182595,0.710345
1564164036797587,-0.251603,0.0177671,0.708833
1564164036820044,-0.252234,0.0177037,0.707551
1564164036835530,-0.252843,0.0180413,0.706333
1564164036857975,-0.254736,0.0174417,0.705432
1564164036880432,-0.257574,0.0164643,0.705017
1564164036895412,-0.259312,0.0155853,0.704401
1564164036917864,-0.258483,0.0149491,0.703941
1564164036940328,-0.257255,0.0142864,0.703312
1564164036954793,-0.258064,0.0134799,0.702934
1564164036985237,-0.260286,0.0131399,0.703054
1564164037000209,-0.262358,0.0128521,0.703045
1564164037014683,-0.26292,0.0123942,0.703005
1564164037037641,-0.262574,0.012183,0.702354
1564164037060596,-0.262199,0.0120808,0.701718
1564164037074570,-0.262566,0.0124137,0.701135
1564164037097527,-0.264054,0.0126557,0.700933
1564164037119987,-0.265308,0.0124518,0.700884
1564164037134459,-0.265431,0.0120955,0.700797
1564164037157917,-0.264602,0.012151,0.700472
1564164037179884,-0.264013,0.0123052,0.700294
1564164037194848,-0.264084,0.0128075,0.699981
1564164037217805,-0.26471,0.0128864,0.699877
1564164037240270,-0.265605,0.012955,0.699906
1564164037261225,-0.265605,0.012955,0.699906
1564164037277693,-0.265605,0.012955,0.699906
1564164037300150,-0.265562,0.0130686,0.699888
1564164037321133,-0.266825,0.012533,0.70028
1564164037338080,-0.266971,0.0124659,0.70027
1564164037360049,-0.265599,0.0129907,0.700156
1564164037388986,-0.264281,0.0130197,0.700111
1564164037397971,-0.265486,0.0126024,0.700452
1564164037420435,-0.267135,0.0120988,0.700981
1564164037441392,-0.267108,0.0118455,0.701155
1564164037457859,-0.265661,0.0118524,0.701213
1564164037480325,-0.265661,0.0118524,0.701213
1564164037501315,-0.266599,0.011808,0.701262
1564164037517748,-0.267948,0.0114083,0.701532
1564164037540712,-0.268051,0.0114549,0.701504
1564164037561171,-0.267231,0.0115407,0.701458
1564164037577644,-0.266941,0.0108993,0.701408
1564164037600106,-0.267654,0.0103894,0.701501
1564164037621557,-0.268602,0.00996283,0.701602
1564164037637526,-0.26872,0.0100045,0.701606
1564164037667479,-0.267675,0.00998643,0.701443
1564164037681465,-0.267214,0.00979935,0.701319
1564164037697914,-0.267526,0.00926259,0.701242
1564164037720372,-0.267772,0.00896345,0.701301
1564164037742837,-0.267515,0.00859082,0.701218
1564164037757809,-0.267054,0.00840379,0.701093
1564164037780272,-0.267022,0.00813498,0.701126
1564164037802718,-0.267612,0.00756791,0.701076
1564164037818189,-0.267949,0.007057,0.701313
1564164037840148,-0.267634,0.00680313,0.701179
1564164037862615,-0.266868,0.00639309,0.701202
1564164037877081,-0.266857,0.00577262,0.701567
1564164037900037,-0.267689,0.00494273,0.701828
1564164037905536,-0.268935,0.0037576,0.702313
1564164037928024,-0.269479,0.00269994,0.702754
1564164037944463,-0.270247,0.00072889,0.703595
1564164037965914,-0.27241,-0.00245359,0.705174
1564164037988383,-0.275155,-0.00634455,0.707682
1564164038004847,-0.27565,-0.00984441,0.709668
1564164038025840,-0.27055,-0.0113975,0.709201
1564164038048262,-0.263194,-0.0114163,0.706683
1564164038064732,-0.255263,-0.00878286,0.70396
1564164038085699,-0.250986,-0.00686155,0.703473
1564164038108189,-0.250183,-0.00546693,0.705494
1564164038124620,-0.249314,-0.00363956,0.70692
1564164038145619,-0.24676,-0.00137854,0.706411
1564164038169537,-0.242608,0.000674278,0.706749
1564164038183049,-0.238595,0.00220373,0.708874
1564164038205968,-0.233547,0.00326331,0.710369
1564164038228426,-0.229066,0.00591984,0.711453
1564164038242932,-0.225061,0.00936801,0.712217
1564164038265858,-0.224049,0.0128616,0.712847
1564164038288315,-0.225052,0.0162645,0.714071
1564164038304286,-0.225399,0.0196924,0.715426
1564164038325781,-0.224787,0.0235028,0.716288
1564164038348241,-0.222971,0.0277292,0.716852
1564164038364686,-0.22193,0.0316207,0.717588
1564164038385650,-0.222797,0.0353228,0.718394
1564164038408130,-0.224648,0.0395584,0.719425
1564164038424577,-0.228132,0.0429371,0.720198
1564164038450016,-0.231545,0.0468915,0.721559
1564164038468021,-0.233916,0.0508121,0.722644
1564164038484472,-0.236339,0.0542246,0.723638
1564164038505417,-0.238888,0.0569187,0.724677
1564164038528375,-0.242305,0.0587532,0.725735
1564164038544339,-0.244456,0.0607966,0.726995
1564164038565801,-0.245043,0.0627855,0.728358
1564164038588256,-0.246001,0.0644755,0.72937
1564164038604729,-0.24776,0.0658042,0.730315
1564164038625691,-0.25073,0.0673973,0.730714
1564164038648171,-0.253217,0.0688341,0.731218
1564164038666117,-0.256184,0.069061,0.732163
1564164038685617,-0.258211,0.0683008,0.733345
1564164038703544,-0.258182,0.0680469,0.733515
1564164038726501,-0.257714,0.0678871,0.733653
1564164038745465,-0.25767,0.0680002,0.733638
1564164038763432,-0.257977,0.0685779,0.73319
1564164038785889,-0.258431,0.0691044,0.732868
1564164038805853,-0.258815,0.0695062,0.732844
1564164038823322,-0.258756,0.069621,0.732797
1564164038846278,-0.258873,0.0696649,0.732798
1564164038865742,-0.258873,0.0696649,0.732798
1564164038883710,-0.259353,0.0697739,0.732265
1564164038906200,-0.259919,0.0696566,0.73176
1564164038925632,-0.260281,0.0697213,0.731226
1564164038943606,-0.260643,0.0697858,0.730691
1564164038966055,-0.261446,0.0697718,0.730333
1564164038985518,-0.261446,0.0697718,0.730333
1564164039004015,-0.261184,0.0704173,0.72996
1564164039025948,-0.261184,0.0704173,0.72996
1564164039053395,-0.261184,0.0704173,0.72996
1564164039063382,-0.26114,0.0705304,0.729946
1564164039086339,-0.261258,0.0705742,0.729947
1564164039105802,-0.261258,0.0705742,0.729947
1564164039129753,-0.261258,0.0705742,0.729947
1564164039146254,-0.261376,0.070618,0.729948
1564164039165685,-0.261227,0.0706527,0.72968
1564164039183652,-0.261227,0.0706527,0.72968
1564164039206117,-0.261227,0.0706527,0.72968
1564164039227086,-0.261826,0.0704722,0.729586
1564164039243542,-0.261944,0.070516,0.729587
1564164039266003,-0.261474,0.0706894,0.729287
1564164039286483,-0.261474,0.0706894,0.729287
1564164039303430,-0.262104,0.0707787,0.729165
1564164039331878,-0.262102,0.0707622,0.729023
1564164039346385,-0.26188,0.0706401,0.728768
1564164039362827,-0.261837,0.0707532,0.728753
1564164039385276,-0.261837,0.0707532,0.728753
1564164039406277,-0.262008,0.0706328,0.728374
1564164039422707,-0.262693,0.0702257,0.728309
1564164039445174,-0.262693,0.0702257,0.728309
1564164039466165,-0.26265,0.0703388,0.728294
1564164039482596,-0.26277,0.070399,0.728438
1564164039505062,-0.262727,0.0705121,0.728424
1564164039526524,-0.262828,0.0705575,0.728392
1564164039542486,-0.263073,0.0705772,0.727857
1564164039565442,-0.263589,0.070987,0.727582
1564164039586402,-0.263589,0.070987,0.727582
1564164039608926,-0.263329,0.0716491,0.727352
1564164039625332,-0.262573,0.0722646,0.727278
1564164039647796,-0.262647,0.0724214,0.727265
1564164039662768,-0.262647,0.0724214,0.727265
1564164039685219,-0.262765,0.0724651,0.727266
1564164039707686,-0.262706,0.0725798,0.727219
1564164039722659,-0.262706,0.0725798,0.727219
1564164039745116,-0.262824,0.0726234,0.72722
1564164039767574,-0.262781,0.0727365,0.727205
1564164039782040,-0.262899,0.0727802,0.727207
1564164039804998,-0.262899,0.0727802,0.727207
1564164039835442,-0.263262,0.0725116,0.72711
1564164039841929,-0.263683,0.0721117,0.726918
1564164039865386,-0.263351,0.0715465,0.726562
1564164039888341,-0.263214,0.0711983,0.726336
1564164039902316,-0.263214,0.0711983,0.726336
1564164039925281,-0.263214,0.0711983,0.726336
1564164039947734,-0.263332,0.0712419,0.726337
1564164039962213,-0.263289,0.071355,0.726323
1564164039985164,-0.262992,0.0710763,0.726081
1564164040007620,-0.262965,0.0711878,0.726099
1564164040022096,-0.262965,0.0711878,0.726099
1564164040045049,-0.262949,0.0711895,0.726066
1564164040067508,-0.262641,0.0713104,0.725925
1564164040081981,-0.262081,0.0710562,0.725699
1564164040111449,-0.261771,0.0711444,0.725273
1564164040127895,-0.26168,0.0710483,0.724909
1564164040148858,-0.261657,0.070711,0.7244
1564164040165327,-0.261661,0.0699891,0.723966
1564164040187788,-0.261176,0.0688055,0.723444
1564164040208751,-0.259908,0.0675378,0.722492
1564164040227212,-0.259032,0.0656496,0.721803
1564164040247675,-0.2578,0.0650353,0.720812
1564164040268635,-0.252467,0.0662259,0.720316
1564164040285103,-0.245411,0.0678371,0.720944
1564164040315049,-0.23852,0.069038,0.722046
1564164040329023,-0.236169,0.0736188,0.723793
1564164040344503,-0.237977,0.0765594,0.725862
1564164040367951,-0.241743,0.0770917,0.726895
1564164040390409,-0.247255,0.074758,0.728003
1564164040404383,-0.256194,0.0689138,0.728373
1564164040427840,-0.261334,0.0627207,0.730106
1564164040448803,-0.259153,0.0577044,0.730412
1564164040464777,-0.253325,0.0541745,0.728721
1564164040487729,-0.247236,0.0534246,0.726827
1564164040508726,-0.243798,0.0537701,0.726443
1564164040531185,-0.244229,0.0547276,0.726477
1564164040547618,-0.244797,0.0570054,0.72518
1564164040570075,-0.241298,0.0599587,0.723881
1564164040585048,-0.236262,0.0620677,0.722499
1564164040608006,-0.234924,0.0631498,0.720685
1564164040630464,-0.238557,0.0614675,0.719327
1564164040645435,-0.243594,0.0588776,0.719024
1564164040667894,-0.244756,0.0557532,0.718866
1564164040690353,-0.240398,0.054333,0.717638
1564164040704825,-0.23558,0.0537694,0.716158
1564164040727790,-0.235696,0.0527298,0.715871
1564164040750241,-0.239742,0.0513987,0.716089
1564164040764720,-0.242387,0.0495843,0.715704
1564164040796661,-0.242601,0.0482228,0.714665
1564164040810129,-0.241979,0.0477244,0.713663
1564164040824604,-0.243206,0.0465093,0.712921
1564164040855045,-0.245505,0.0441642,0.712446
1564164040870019,-0.247619,0.041937,0.711446
1564164040884498,-0.248512,0.0408787,0.71079
1564164040907947,-0.248377,0.0404856,0.710173
1564164040930406,-0.249766,0.0399139,0.709892
1564164040944381,-0.251539,0.0393738,0.709745
1564164040967842,-0.251993,0.0388422,0.709435
1564164040997781,-0.251499,0.0383699,0.709204
1564164041011256,-0.251456,0.0384834,0.709188
1564164041027726,-0.252254,0.0381123,0.709137
1564164041050183,-0.253653,0.0382101,0.708896
1564164041078663,-0.253653,0.0382101,0.708896
1564164041087616,-0.253739,0.0379831,0.708928
1564164041110071,-0.253908,0.0371647,0.709145
1564164041131531,-0.253908,0.0371647,0.709145
1564164041148036,-0.254078,0.0367107,0.709209
1564164041169969,-0.254358,0.0363329,0.709525
1564164041191456,-0.255236,0.0357842,0.7099
1564164041207897,-0.255278,0.0356707,0.709916
1564164041230348,-0.254656,0.0355384,0.709637
1564164041251347,-0.253849,0.0356029,0.709497
1564164041267280,-0.254397,0.0351505,0.709411
1564164041290246,-0.255614,0.0347322,0.709762
1564164041311198,-0.255614,0.0347322,0.709762
1564164041327676,-0.255115,0.0346729,0.709768
1564164041351623,-0.254379,0.0345136,0.709627
1564164041371087,-0.254379,0.0345136,0.709627
1564164041388055,-0.254379,0.0345136,0.709627
1564164041410024,-0.254379,0.0345136,0.709627
1564164041431476,-0.254379,0.0345136,0.709627
1564164041447444,-0.254336,0.0346271,0.709611
1564164041470401,-0.254336,0.0346271,0.709611
1564164041498849,-0.254454,0.0346694,0.709613
1564164041507833,-0.254931,0.0344407,0.709528
1564164041530289,-0.255374,0.0342913,0.709176
1564164041552752,-0.255374,0.0342913,0.709176
1564164041567724,-0.255317,0.0344083,0.709128
1564164041590199,-0.255797,0.0341947,0.709185
1564164041612652,-0.256693,0.0339188,0.7095
1564164041627618,-0.257334,0.0336342,0.709575
1564164041650069,-0.257334,0.0336342,0.709575
1564164041672534,-0.25749,0.0331839,0.709608
1564164041686999,-0.257953,0.0323339,0.709883
1564164041710456,-0.258825,0.0313914,0.710136
1564164041732921,-0.260272,0.0300401,0.710765
1564164041747388,-0.261474,0.0286244,0.7115
1564164041777838,-0.262547,0.0264804,0.712064
1564164041792810,-0.263442,0.0241857,0.713067
1564164041807281,-0.26262,0.0215041,0.713884
1564164041830733,-0.259206,0.0200648,0.71368
1564164041852692,-0.254287,0.0208519,0.712759
1564164041867170,-0.252386,0.0202975,0.712864
1564164041890122,-0.253416,0.0208152,0.713895
1564164041912584,-0.254328,0.0215419,0.713841
1564164041927074,-0.253084,0.0224723,0.714468
1564164041950019,-0.251408,0.0230119,0.71736
1564164041972484,-0.252156,0.0234052,0.720237
1564164041993959,-0.251418,0.0243745,0.720756
1564164042010398,-0.24734,0.026378,0.719712
1564164042032860,-0.242792,0.0294525,0.720271
1564164042053857,-0.241777,0.0319286,0.722036
1564164042070288,-0.243601,0.0345367,0.723618
1564164042092746,-0.245994,0.0370289,0.724737
1564164042113739,-0.24705,0.0387923,0.725086
1564164042130185,-0.246552,0.0408846,0.726391
1564164042152636,-0.246372,0.0414628,0.727403
1564164042174097,-0.246904,0.0424666,0.727405
1564164042190073,-0.246427,0.0451125,0.726974
1564164042212531,-0.248666,0.050043,0.727896
1564164042234019,-0.251656,0.0502802,0.729919
1564164042257939,-0.251568,0.0502212,0.730722
1564164042272912,-0.244433,0.0533762,0.730603
1564164042293875,-0.242112,0.0570738,0.731441
1564164042309344,-0.247247,0.0592817,0.733149
1564164042333298,-0.252927,0.0611019,0.735155
1564164042338295,-0.253512,0.0627288,0.735784
1564164042360752,-0.249076,0.066374,0.735556
1564164042375756,-0.247643,0.0722114,0.736065
1564164042398186,-0.256712,0.0776135,0.73808
1564164042420673,-0.272066,0.0812053,0.74129
1564164042437107,-0.280323,0.0839372,0.743822
1564164042459571,-0.276454,0.0860867,0.745356
1564164042480558,-0.268797,0.0880911,0.746383
1564164042496995,-0.26798,0.089564,0.747807
1564164042518455,-0.272387,0.0909036,0.74941
1564164042540445,-0.273958,0.0923172,0.750159
1564164042555890,-0.272916,0.0929766,0.751143
1564164042577848,-0.271904,0.0942528,0.751804
1564164042600825,-0.272608,0.0955034,0.752045
1564164042615777,-0.274299,0.0969689,0.752016
1564164042638241,-0.275179,0.0977699,0.752311
1564164042662195,-0.276561,0.0980225,0.75298
1564164042675698,-0.277117,0.0972682,0.75346
1564164042698124,-0.278146,0.096006,0.753757
1564164042720610,-0.279176,0.0957802,0.753944
1564164042735551,-0.280161,0.095631,0.753828
1564164042758041,-0.280939,0.0956613,0.753684
1564164042775976,-0.281732,0.0953088,0.753582
1564164042795575,-0.281764,0.0952525,0.753216
1564164042817985,-0.282309,0.0955555,0.752917
1564164042835940,-0.282309,0.0955555,0.752917
1564164042855441,-0.281794,0.0958322,0.752602
1564164042878375,-0.281339,0.0966496,0.75223
1564164042895828,-0.280856,0.097215,0.752032
1564164042915790,-0.281004,0.0975307,0.752004
1564164042941244,-0.280532,0.0980397,0.752187
1564164042956216,-0.280651,0.0987934,0.752517
1564164042975712,-0.280766,0.0991469,0.752711
1564164042998135,-0.280722,0.0992594,0.752697
1564164043016128,-0.280766,0.0991469,0.752711
1564164043035608,-0.281358,0.0996832,0.752128
1564164043058066,-0.28189,0.0996785,0.751601
1564164043075998,-0.28201,0.0993791,0.751119
1564164043096955,-0.281981,0.099418,0.750562
1564164043117954,-0.281981,0.099418,0.750562
1564164043136382,-0.282274,0.0989949,0.750476
1564164043164829,-0.282115,0.0987539,0.750267
1564164043178303,-0.281231,0.0985883,0.749725
1564164043196268,-0.281189,0.0983564,0.749229
1564164043218227,-0.281218,0.0979183,0.748872
1564164043238212,-0.280763,0.0973745,0.748278
1564164043256196,-0.280838,0.0971879,0.747783
1564164043277139,-0.281028,0.0966823,0.747442
1564164043298119,-0.28088,0.0960227,0.746988
1564164043316047,-0.280378,0.0952462,0.746677
1564164043337008,-0.28001,0.0944961,0.746255
1564164043365468,-0.280156,0.0941032,0.7459
1564164043375937,-0.280521,0.0938011,0.745514
1564164043398395,-0.28055,0.0933993,0.745446
1564164043418363,-0.28055,0.0933993,0.745446
1564164043443310,-0.280314,0.0933095,0.745445
1564164043458284,-0.28027,0.0934221,0.74543
1564164043478245,-0.28027,0.0934221,0.74543
1564164043496219,-0.280271,0.0934401,0.745574
1564164043518679,-0.280227,0.0935528,0.745559
1564164043538133,-0.280227,0.0935528,0.745559
1564164043556100,-0.280184,0.0936654,0.745545
1564164043578559,-0.280302,0.0937103,0.745546
1564164043598022,-0.280302,0.0937103,0.745546
1564164043615991,-0.279833,0.0938946,0.745389
1564164043645934,-0.279951,0.0939395,0.74539
1564164043658419,-0.279951,0.0939395,0.74539
1564164043675879,-0.279363,0.0940611,0.74509
1564164043698337,-0.278937,0.0941329,0.744948
1564164043721293,-0.278555,0.0940921,0.744821
1564164043736267,-0.278555,0.0940921,0.744821
1564164043758725,-0.278319,0.0940024,0.74482
1564164043778188,-0.278068,0.0936236,0.744736
1564164043795157,-0.277655,0.0933127,0.744637
1564164043817649,-0.276964,0.0930427,0.744666
1564164043839084,-0.276712,0.0926462,0.744438
1564164043855046,-0.276564,0.0923489,0.744609
1564164043877505,-0.276328,0.092277,0.744752
1564164043898970,-0.275916,0.0919662,0.744653
1564164043921459,-0.275666,0.0916053,0.744712
1564164043937892,-0.275545,0.0911962,0.744864
1564164043958889,-0.275484,0.0906734,0.745064
1564164043975323,-0.275117,0.0902676,0.745122
1564164043998278,-0.274615,0.0898356,0.745291
1564164044018775,-0.27435,0.0894932,0.745461
1564164044035214,-0.274084,0.0891508,0.745631
1564164044057668,-0.27404,0.0892635,0.745617
1564164044078643,-0.27385,0.0890961,0.745917
1564164044095100,-0.273379,0.088934,0.746057
1564164044125074,-0.273262,0.0888892,0.746057
1564164044139021,-0.273262,0.0888892,0.746057
1564164044154989,-0.273262,0.0888892,0.746057
1564164044177447,-0.272939,0.0890422,0.74617
1564164044198911,-0.272939,0.0890422,0.74617
1564164044215376,-0.272939,0.0890422,0.74617
1564164044237834,-0.272895,0.0891549,0.746156
1564164044258855,-0.272896,0.0891723,0.7463
1564164044275264,-0.273014,0.0892173,0.7463
1564164044297724,-0.27297,0.0893299,0.746286
1564164044320181,-0.272852,0.089285,0.746285
1564164044335154,-0.272852,0.089285,0.746285
1564164044357611,-0.272852,0.089285,0.746285
1564164044380070,-0.272809,0.0893977,0.746271
1564164044395043,-0.273177,0.0894918,0.746797
1564164044417502,-0.272884,0.0895856,0.747323
1564164044439958,-0.271914,0.0896795,0.747817
1564164044455430,-0.271562,0.0899039,0.748441
1564164044477889,-0.27187,0.0898045,0.748725
1564164044500346,-0.271884,0.0894216,0.748767
1564164044514819,-0.27162,0.088754,0.748599
1564164044537777,-0.271222,0.0880425,0.748397
1564164044560241,-0.270927,0.0870874,0.748113
1564164044574714,-0.270043,0.0849289,0.747589
1564164044605152,-0.26845,0.0821435,0.746435
1564164044621621,-0.267178,0.0792076,0.745169
1564164044634597,-0.26658,0.075924,0.744234
1564164044657553,-0.266043,0.0735053,0.743582
1564164044680013,-0.26287,0.0724336,0.742999
1564164044701472,-0.255744,0.073337,0.742104
1564164044717441,-0.248463,0.0736618,0.741317
1564164044740399,-0.245229,0.0752357,0.742833
1564164044761386,-0.243363,0.0766742,0.743335
1564164044777829,-0.241808,0.0773198,0.74485
1564164044800295,-0.23751,0.0768498,0.747115
1564164044828776,-0.232071,0.076213,0.748579
1564164044837719,-0.230434,0.0746798,0.749927
1564164044860178,-0.232891,0.0721787,0.752584
1564164044881177,-0.234887,0.0691296,0.753444
1564164044897606,-0.234421,0.0651914,0.751989
1564164044921572,-0.232852,0.0630812,0.750745
1564164044941533,-0.229691,0.0633518,0.750265
1564164044957497,-0.228852,0.0644354,0.748947
1564164044980455,-0.231967,0.0649354,0.74843
1564164045001452,-0.237076,0.0633278,0.74786
1564164045017884,-0.239756,0.0608229,0.746855
1564164045041839,-0.238504,0.0575254,0.745607
1564164045061311,-0.23558,0.0540695,0.744064
1564164045077786,-0.235457,0.0495647,0.743226
1564164045106258,-0.238244,0.0453638,0.742031
1564164045121229,-0.239885,0.0427235,0.740139
1564164045137662,-0.240436,0.0414858,0.738039
1564164045160121,-0.241296,0.0391519,0.736738
1564164045181119,-0.242637,0.0366096,0.735494
1564164045197550,-0.241959,0.0344673,0.734116
1564164045220017,-0.240677,0.0329313,0.73321
1564164045241476,-0.240274,0.0318765,0.732419
1564164045257938,-0.241134,0.0309576,0.731887
1564164045280397,-0.2424,0.0296584,0.731282
1564164045310341,-0.242993,0.0283674,0.730635
1564164045317826,-0.24247,0.0272686,0.729843
1564164045340285,-0.241374,0.0265915,0.728823
1564164045362743,-0.241332,0.0259407,0.727982
1564164045386700,-0.242748,0.0256374,0.727536
1564164045401671,-0.243569,0.0255143,0.727174
1564164045422633,-0.243305,0.0254757,0.726649
1564164045443595,-0.242733,0.0255735,0.726118
1564164045460063,-0.243208,0.0253347,0.72589
1564164045483019,-0.244582,0.0248254,0.725979
1564164045496994,-0.245099,0.0248522,0.725755
1564164045519951,-0.245056,0.0249654,0.725739
1564164045542910,-0.245367,0.0248437,0.725886
1564164045556887,-0.246361,0.0243143,0.725984
1564164045580339,-0.247198,0.0238696,0.726206
1564164045602797,-0.247315,0.0239128,0.726209
1564164045617271,-0.246755,0.0243307,0.726009
1564164045640228,-0.246638,0.0242875,0.726006
1564164045663192,-0.247106,0.0240815,0.726031
1564164045677160,-0.247969,0.0238918,0.726082
1564164045700117,-0.247969,0.0238918,0.726082
1564164045722575,-0.247501,0.0240978,0.726056
1564164045737049,-0.247501,0.0240978,0.726056
1564164045760005,-0.24813,0.0238218,0.726101
1564164045782476,-0.248769,0.0235272,0.726036
1564164045803923,-0.248769,0.0235272,0.726036
1564164045819896,-0.248128,0.0237593,0.725565
1564164045842851,-0.248128,0.0237593,0.725565
1564164045863812,-0.248454,0.0236339,0.725746
1564164045880282,-0.249485,0.0230249,0.726115
1564164045902741,-0.250235,0.022807,0.726305
1564164045923700,-0.250294,0.0223111,0.726368
1564164045940669,-0.25058,0.0219352,0.726689
1564164045962628,-0.252899,0.0210947,0.727519
1564164045983589,-0.256609,0.0197952,0.72888
1564164046000059,-0.259708,0.0183925,0.73025
1564164046022518,-0.260042,0.0178556,0.730199
1564164046043980,-0.252845,0.0188157,0.727421
1564164046059449,-0.242948,0.0201334,0.726102
1564164046082905,-0.239103,0.0206964,0.727608
1564164046103880,-0.244277,0.0204359,0.729662
1564164046119338,-0.250547,0.0210582,0.731128
1564164046143296,-0.2531,0.0223943,0.731859
1564164046166748,-0.252369,0.0240118,0.732302
1564164046180223,-0.252171,0.0256639,0.733406
1564164046202751,-0.254003,0.0272374,0.735001
1564164046226713,-0.256007,0.0283473,0.736521
1564164046240181,-0.257733,0.0297488,0.73707
1564164046268665,-0.257196,0.032073,0.73621
1564164046285098,-0.256841,0.03434,0.735547
1564164046300069,-0.258125,0.03582,0.735911
1564164046328538,-0.257914,0.0358037,0.73736
1564164046344987,-0.254696,0.0370013,0.737902
1564164046359962,-0.252051,0.0400378,0.736817
1564164046388908,-0.252881,0.0433597,0.736574
1564164046405374,-0.255732,0.0463412,0.737749
1564164046419854,-0.256186,0.0497305,0.739083
1564164046442812,-0.254318,0.0553217,0.73996
1564164046465262,-0.254609,0.0614415,0.740422
1564164046493751,-0.258513,0.0675152,0.741768
1564164046502693,-0.264563,0.074647,0.745399
1564164046525153,-0.268783,0.0816996,0.748749
1564164046547610,-0.269906,0.0898122,0.752165
1564164046562583,-0.271468,0.0981324,0.755714
1564164046585041,-0.277158,0.105386,0.759403
1564164046606500,-0.283341,0.111756,0.763612
1564164046623976,-0.284857,0.117684,0.76755
1564164046645429,-0.281178,0.124233,0.769726
1564164046666424,-0.27681,0.131155,0.771105
1564164046682858,-0.275587,0.136547,0.773074
1564164046705318,-0.275971,0.140208,0.774932
1564164046726282,-0.276424,0.143029,0.776347
1564164046742754,-0.275928,0.144897,0.777631
1564164046772692,-0.276238,0.146091,0.779259
1564164046787188,-0.277439,0.14666,0.781162
1564164046788665,-0.27882,0.147207,0.78258
1564164046808186,-0.280519,0.146933,0.783784
1564164046830591,-0.282484,0.147047,0.784286
1564164046848550,-0.283827,0.147671,0.784577
1564164046868074,-0.284548,0.148228,0.784512
1564164046890533,-0.2851,0.148503,0.784732
1564164046912932,-0.285508,0.148844,0.784976
1564164046928403,-0.285256,0.149113,0.784796
1564164046950365,-0.284502,0.149324,0.78479
1564164046973323,-0.284502,0.149324,0.78479
1564164046988327,-0.284621,0.149372,0.784788
1564164047010782,-0.284063,0.149751,0.784475
1564164047027218,-0.283594,0.149907,0.784185
1564164047051174,-0.282988,0.150438,0.784155
1564164047070701,-0.282713,0.150802,0.783852
1564164047088603,-0.281865,0.150909,0.783442
1564164047108108,-0.280897,0.150988,0.783182
1564164047130533,-0.280605,0.150735,0.783231
1564164047146995,-0.280488,0.150668,0.783085
1564164047167993,-0.280598,0.150426,0.782994
1564164047190917,-0.281063,0.149921,0.782753
1564164047208383,-0.281384,0.149464,0.78239
1564164047228345,-0.281041,0.149014,0.782192
1564164047250806,-0.281429,0.148369,0.782111
1564164047268271,-0.282264,0.147643,0.78205
1564164047288269,-0.282016,0.147277,0.78211
1564164047310725,-0.282016,0.147277,0.78211
1564164047329157,-0.282135,0.147325,0.782109
1564164047348129,-0.282135,0.147325,0.782109
1564164047370580,-0.281824,0.14707,0.782124
1564164047388548,-0.281601,0.14661,0.782308
1564164047409508,-0.281691,0.146386,0.782331
1564164047430469,-0.281608,0.145936,0.782254
1564164047448436,-0.281408,0.145439,0.782179
1564164047467900,-0.281526,0.145487,0.782178
1564164047490388,-0.281526,0.145487,0.782178
1564164047508325,-0.281541,0.145122,0.78236
1564164047531282,-0.28148,0.144617,0.782702
1564164047550746,-0.28148,0.144617,0.782702
1564164047568711,-0.281313,0.144315,0.78284
1564164047588197,-0.281498,0.144195,0.783268
1564164047610633,-0.281656,0.143784,0.783574
1564164047628633,-0.281656,0.143784,0.783574
1564164047648103,-0.281656,0.143784,0.783574
1564164047670564,-0.281656,0.143784,0.783574
1564164047688488,-0.281611,0.143896,0.783562
1564164047707992,-0.281611,0.143896,0.783562
1564164047730449,-0.28173,0.143944,0.783561
1564164047748380,-0.28173,0.143944,0.783561
1564164047768341,-0.28173,0.143944,0.783561
1564164047790806,-0.281848,0.143991,0.78356
1564164047808766,-0.281848,0.143991,0.78356
1564164047829727,-0.281848,0.143991,0.78356
1564164047850723,-0.281848,0.143991,0.78356
1564164047868658,-0.281678,0.143747,0.783314
1564164047889615,-0.281282,0.1431,0.782869
1564164047910615,-0.280315,0.142178,0.782169
1564164047936030,-0.278238,0.140383,0.78147
1564164047949504,-0.275346,0.137914,0.780283
1564164047970470,-0.272555,0.134919,0.778916
1564164047988931,-0.269424,0.133405,0.777635
1564164048009394,-0.264242,0.132021,0.77583
1564164048030395,-0.259323,0.132665,0.774356
1564164048048320,-0.254116,0.133675,0.773384
1564164048069285,-0.249271,0.135185,0.772134
1564164048090778,-0.244935,0.136679,0.771924
1564164048108709,-0.240973,0.136855,0.772501
1564164048131168,-0.239029,0.137006,0.773605
1564164048146139,-0.23895,0.136509,0.774049
1564164048168597,-0.239612,0.135475,0.775067
1564164048191056,-0.241108,0.133696,0.775862
1564164048213016,-0.242444,0.131969,0.777474
1564164048227495,-0.242199,0.13026,0.778337
1564164048249950,-0.240791,0.129105,0.778054
1564164048271440,-0.238441,0.127994,0.777111
1564164048287876,-0.236451,0.127699,0.776262
1564164048310334,-0.235139,0.127988,0.775578
1564164048331332,-0.234568,0.128747,0.775104
1564164048347765,-0.234492,0.129967,0.774604
1564164048370229,-0.235549,0.129012,0.774137
1564164048384695,-0.237605,0.125582,0.773911
1564164048407668,-0.239634,0.120167,0.773705
1564164048437597,-0.239464,0.116319,0.772359
1564164048444592,-0.236801,0.114028,0.769525
1564164048467542,-0.235519,0.112955,0.766565
1564164048490513,-0.239589,0.111171,0.76475
1564164048511468,-0.247685,0.107521,0.764257
1564164048527930,-0.253205,0.103994,0.763669
1564164048550389,-0.253064,0.101671,0.761797
1564164048571385,-0.25019,0.100197,0.7597
1564164048587819,-0.249525,0.0988161,0.758358
1564164048610310,-0.252229,0.0966702,0.757928
1564164048624250,-0.254728,0.0950532,0.757189
1564164048647708,-0.254262,0.0941786,0.756071
1564164048670165,-0.253692,0.0939465,0.755178
1564164048691163,-0.255335,0.093479,0.754705
1564164048713621,-0.257432,0.0931931,0.754203
1564164048730066,-0.258444,0.0929928,0.753714
1564164048751516,-0.258841,0.0926438,0.752954
1564164048767997,-0.258915,0.0924629,0.752457
1564164048789951,-0.259884,0.0920251,0.752249
1564164048811439,-0.261042,0.0914077,0.752037
1564164048827873,-0.26185,0.0910708,0.752106
1564164048850337,-0.261967,0.091116,0.752107
1564164048871299,-0.261967,0.091116,0.752107
1564164048887761,-0.262393,0.0910442,0.752246
1564164048916229,-0.263566,0.0907491,0.752409
1564164048931202,-0.264828,0.0902461,0.752744
1564164048947652,-0.264828,0.0902461,0.752744
1564164048970110,-0.264123,0.0903226,0.752445
1564164048992575,-0.264373,0.09003,0.752487
1564164049007053,-0.265665,0.0897978,0.752796
1564164049030004,-0.266325,0.0898,0.752794
1564164049051455,-0.265709,0.0900332,0.752514
1564164049067436,-0.265709,0.0900332,0.752514
1564164049090384,-0.266457,0.089793,0.752395
1564164049112851,-0.267485,0.0899127,0.752284
1564164049127814,-0.268175,0.0894964,0.752068
1564164049150276,-0.269158,0.0883101,0.752061
1564164049172753,-0.270467,0.087024,0.752375
1564164049187707,-0.271336,0.0858451,0.752803
1564164049210164,-0.27125,0.0846872,0.753184
1564164049232622,-0.270609,0.0833005,0.753626
1564164049247096,-0.270171,0.0820465,0.753512
1564164049270557,-0.269745,0.081753,0.753523
1564164049292509,-0.266771,0.081582,0.754184
1564164049306982,-0.261769,0.0821349,0.754447
1564164049330439,-0.259117,0.083169,0.755234
1564164049352400,-0.260466,0.0841405,0.756317
1564164049366870,-0.263602,0.0853109,0.75662
1564164049390327,-0.26456,0.0875852,0.755959
1564164049412793,-0.263234,0.0892783,0.754977
1564164049427259,-0.262039,0.0916127,0.754281
1564164049450216,-0.261714,0.0931159,0.75371
1564164049473173,-0.262389,0.0951578,0.753242
1564164049487148,-0.263737,0.0961042,0.753252
1564164049510106,-0.264588,0.0956473,0.754112
1564164049532569,-0.262912,0.0958717,0.755674
1564164049553583,-0.259874,0.096823,0.755147
1564164049570001,-0.258025,0.0995399,0.754469
1564164049598939,-0.259874,0.102964,0.753819
1564164049613926,-0.266211,0.104421,0.754437
1564164049630388,-0.274616,0.108808,0.756602
1564164049652846,-0.281562,0.112511,0.75803
1564164049675304,-0.286113,0.117243,0.759463
1564164049690271,-0.289825,0.120698,0.760765
1564164049712727,-0.293756,0.121927,0.762491
1564164049733722,-0.294898,0.122757,0.763053
1564164049750158,-0.29315,0.123829,0.762673
1564164049772624,-0.292302,0.125634,0.762041
1564164049793614,-0.294034,0.127344,0.761682
1564164049810055,-0.296256,0.128855,0.761361
1564164049832514,-0.296482,0.129945,0.760927
1564164049853974,-0.296202,0.131057,0.760424
1564164049877920,-0.297014,0.132068,0.759758
1564164049892892,-0.29848,0.133467,0.759042
1564164049913857,-0.299384,0.134198,0.758785
1564164049930329,-0.299305,0.134787,0.758605
1564164049952782,-0.299045,0.135442,0.75838
1564164049973748,-0.299609,0.136075,0.758447
1564164049990212,-0.300568,0.13635,0.758534
1564164050012670,-0.300668,0.136396,0.7585
1564164050035131,-0.300056,0.136642,0.758371
1564164050049605,-0.300056,0.136642,0.758371
1564164050072563,-0.301178,0.136157,0.758281
1564164050102512,-0.301278,0.136202,0.758247
1564164050109998,-0.301026,0.13586,0.758455
1564164050132449,-0.301179,0.13545,0.758765
1564164050155406,-0.301299,0.135496,0.758765
1564164050170877,-0.300896,0.13549,0.758898
1564164050192840,-0.300506,0.135081,0.758927
1564164050215293,-0.300516,0.134738,0.759259
1564164050229768,-0.300679,0.134671,0.759272
1564164050252725,-0.300635,0.134784,0.759258
1564164050275188,-0.300418,0.134659,0.75982
1564164050289657,-0.299995,0.134712,0.760355
1564164050312620,-0.299584,0.134362,0.760787
1564164050335075,-0.299575,0.134018,0.761084
1564164050349550,-0.299052,0.134005,0.761509
1564164050379988,-0.299052,0.134025,0.761654
1564164050394965,-0.29898,0.133813,0.76205
1564164050409432,-0.298827,0.133555,0.762514
1564164050432391,-0.298556,0.133865,0.762586
1564164050455348,-0.297904,0.134149,0.76268
1564164050469322,-0.297904,0.134149,0.76268
1564164050492778,-0.297533,0.13376,0.762888
1564164050515237,-0.296825,0.133866,0.762884
1564164050536200,-0.296186,0.133746,0.762874
1564164050552666,-0.296141,0.133878,0.763006
1564164050582613,-0.296141,0.133878,0.763006
1564164050597083,-0.295553,0.134011,0.762857
1564164050612554,-0.294758,0.134342,0.762828
1564164050641042,-0.294758,0.134342,0.762828
1564164050657475,-0.294758,0.134342,0.762828
1564164050672444,-0.294149,0.134513,0.762936
1564164050695402,-0.29356,0.134665,0.762933
1564164050716366,-0.293563,0.13463,0.763461
1564164050732832,-0.293607,0.134518,0.763474
1564164050755291,-0.293093,0.134829,0.763457
1564164050776252,-0.293093,0.134829,0.763457
1564164050792720,-0.293093,0.134829,0.763457
1564164050815179,-0.293093,0.134829,0.763457
1564164050836147,-0.292605,0.135027,0.763421
1564164050860096,-0.292605,0.135027,0.763421
1564164050875068,-0.292723,0.135073,0.76342
1564164050896028,-0.29268,0.135186,0.763407
1564164050912496,-0.29268,0.135186,0.763407
1564164050935454,-0.292614,0.135356,0.763797
1564164050955916,-0.29257,0.135469,0.763784
1564164050972884,-0.29257,0.135469,0.763784
1564164050995343,-0.29257,0.135469,0.763784
1564164051017801,-0.292451,0.135422,0.763785
1564164051032773,-0.29257,0.135469,0.763784
1564164051055231,-0.292526,0.135581,0.763771
1564164051077691,-0.292525,0.135601,0.763917
1564164051092664,-0.292287,0.135508,0.763918
1564164051115123,-0.291342,0.135521,0.763918
1564164051137579,-0.291298,0.135633,0.763905
1564164051152052,-0.291885,0.13552,0.764198
1564164051175008,-0.291885,0.13552,0.764198
1564164051197467,-0.291278,0.135652,0.764017
1564164051212439,-0.291277,0.135671,0.764163
1564164051234897,-0.29141,0.135315,0.764056
1564164051240387,-0.291485,0.134839,0.764287
1564164051265840,-0.291291,0.134634,0.764301
1564164051279318,-0.291141,0.134316,0.764328
1564164051300279,-0.291588,0.133538,0.76416
1564164051322733,-0.291341,0.132462,0.763885
1564164051340700,-0.291203,0.131123,0.763379
1564164051360663,-0.292294,0.129039,0.762552
1564164051383121,-0.290582,0.125922,0.761603
1564164051399629,-0.282817,0.125293,0.759299
1564164051420571,-0.27841,0.126049,0.757935
1564164051443105,-0.279678,0.125881,0.757814
1564164051461070,-0.280422,0.125313,0.758123
1564164051496968,-0.279688,0.125499,0.757036
1564164051502957,-0.2754,0.125248,0.756449
1564164051519429,-0.268024,0.124295,0.757535
1564164051543880,-0.262059,0.124902,0.757391
1564164051562844,-0.259462,0.126481,0.756466
1564164051579313,-0.263766,0.127055,0.756625
1564164051600776,-0.268917,0.124336,0.759643
1564164051623239,-0.271834,0.119661,0.759512
1564164051639202,-0.270107,0.116613,0.756393
1564164051660701,-0.264621,0.117071,0.753178
1564164051683154,-0.260493,0.117085,0.751993
1564164051699614,-0.263371,0.11651,0.751891
1564164051720614,-0.269513,0.11683,0.750907
1564164051743014,-0.27201,0.118661,0.749497
1564164051766966,-0.270612,0.120542,0.74901
1564164051780440,-0.268204,0.121273,0.748006
1564164051803398,-0.265472,0.121488,0.747077
1564164051819369,-0.264148,0.122204,0.746632
1564164051840329,-0.264581,0.121765,0.746945
1564164051863286,-0.267255,0.119958,0.747095
1564164051879256,-0.269607,0.118714,0.746704
1564164051902213,-0.269133,0.118234,0.745697
1564164051923218,-0.268317,0.117943,0.745067
1564164051941144,-0.269392,0.11724,0.744618
1564164051960666,-0.271707,0.116046,0.7446
1564164051983083,-0.272948,0.114524,0.744356
1564164052001031,-0.272801,0.113884,0.744042
1564164052021993,-0.272493,0.113312,0.743715
1564164052042953,-0.273313,0.112553,0.743529
1564164052060920,-0.274564,0.110684,0.743618
1564164052080405,-0.275482,0.109334,0.743644
1564164052102844,-0.275551,0.108112,0.743254
1564164052120807,-0.275663,0.106794,0.743022
1564164052140776,-0.277152,0.104997,0.742978
1564164052158739,-0.280105,0.102441,0.742726
1564164052181196,-0.28227,0.0999338,0.742397
1564164052200694,-0.283012,0.0976374,0.741097
1564164052218628,-0.282869,0.0952155,0.739546
1564164052248572,-0.283676,0.0927118,0.738394
1564164052260582,-0.285436,0.0898169,0.737453
1564164052278517,-0.286467,0.0863654,0.736434
1564164052300974,-0.285364,0.082935,0.734998
1564164052323437,-0.283127,0.0796792,0.733257
1564164052338405,-0.280994,0.0765267,0.731911
1564164052360863,-0.279063,0.073524,0.730157
1564164052380358,-0.278173,0.0705574,0.728539
1564164052398294,-0.27765,0.0679951,0.726865
1564164052420754,-0.277325,0.0655629,0.724645
1564164052440750,-0.276797,0.0640236,0.72194
1564164052458682,-0.276453,0.0626341,0.7188
1564164052480640,-0.277663,0.0613128,0.715686
1564164052500664,-0.279815,0.0599844,0.712891
1564164052526056,-0.282247,0.0582048,0.709889
1564164052541028,-0.283798,0.055819,0.705864
1564164052561989,-0.283264,0.0537692,0.701544
1564164052578459,-0.281677,0.0520524,0.69752
1564164052601417,-0.281525,0.0500398,0.694108
1564164052621878,-0.28374,0.0473136,0.691505
1564164052638348,-0.286692,0.04401,0.689406
1564164052660806,-0.288147,0.0412481,0.687604
1564164052681327,-0.287989,0.0385917,0.685997
1564164052697737,-0.287826,0.0360085,0.684919
1564164052720196,-0.289166,0.0332768,0.684421
1564164052741191,-0.291782,0.0306758,0.684343
1564164052757625,-0.294406,0.0285093,0.684641
1564164052780083,-0.296414,0.0269998,0.685456
1564164052801083,-0.298111,0.0256728,0.68651
1564164052825000,-0.299796,0.0247694,0.68776
1564164052839980,-0.301857,0.0239227,0.689261
1564164052862431,-0.304943,0.02368,0.691556
1564164052877403,-0.308016,0.0231092,0.69413
1564164052899860,-0.309996,0.0230398,0.696603
1564164052928806,-0.31088,0.0230495,0.698748
1564164052937789,-0.311671,0.0233292,0.701102
1564164052960248,-0.313139,0.0235752,0.703379
1564164052982706,-0.314914,0.0236873,0.705676
1564164053003711,-0.316079,0.0240163,0.70755
1564164053020136,-0.31589,0.0246933,0.708884
1564164053042594,-0.315417,0.0257375,0.709882
1564164053057089,-0.315131,0.0266028,0.710895
1564164053080100,-0.315269,0.0270768,0.711891
1564164053102559,-0.314856,0.0275839,0.712722
1564164053117031,-0.314108,0.0278979,0.713183
1564164053139993,-0.313035,0.0283527,0.713596
1564164053162450,-0.311958,0.0287887,0.713869
1564164053176923,-0.311137,0.0288864,0.713958
1564164053199880,-0.310111,0.0291675,0.714003
1564164053222340,-0.309124,0.0293175,0.713928
1564164053237307,-0.30792,0.0293183,0.713488
1564164053260287,-0.30655,0.0293723,0.712883
1564164053283227,-0.305237,0.0292913,0.71219
1564164053296697,-0.303954,0.029403,0.710931
1564164053320154,-0.302791,0.0295587,0.709676
1564164053342615,-0.301863,0.029365,0.708063
1564164053363594,-0.300875,0.0294301,0.706725
1564164053380041,-0.299909,0.0293703,0.705235
1564164053402505,-0.298983,0.0292564,0.704155
1564164053431008,-0.298179,0.029203,0.70322
1564164053439935,-0.296894,0.029023,0.70252
1564164053462390,-0.295222,0.0292265,0.701909
1564164053483857,-0.294394,0.0292197,0.701192
1564164053500319,-0.295072,0.0291273,0.700718
1564164053522778,-0.296217,0.028482,0.700584
1564164053543777,-0.296625,0.028112,0.700668
1564164053560706,-0.295493,0.0279764,0.70077
1564164053582670,-0.294243,0.0277989,0.700869
1564164053603669,-0.293934,0.0275779,0.701018
1564164053620100,-0.294571,0.0273307,0.701358
1564164053642559,-0.295561,0.0268493,0.701871
1564164053663556,-0.296072,0.0261838,0.702231
1564164053679986,-0.295768,0.0259801,0.702521
1564164053709929,-0.295154,0.0258972,0.702656
1564164053723907,-0.295111,0.0260105,0.702636
1564164053740373,-0.295369,0.0263846,0.702717
1564164053763330,-0.295327,0.0264979,0.702698
1564164053783792,-0.294961,0.0267543,0.702633
1564164053800265,-0.294405,0.0271735,0.702417
1564164053822720,-0.293805,0.0277061,0.702183
1564164053845178,-0.293805,0.0277061,0.702183
1564164053860171,-0.293805,0.0277061,0.702183
1564164053882608,-0.293805,0.0277061,0.702183
1564164053911077,-0.293805,0.0277061,0.702183
1564164053920042,-0.293805,0.0277061,0.702183
1564164053942500,-0.293805,0.0277061,0.702183
1564164053964958,-0.293815,0.0273243,0.702237
1564164053987418,-0.294118,0.0265484,0.702512
1564164054002386,-0.294952,0.0257398,0.702917
1564164054025344,-0.295779,0.0249712,0.703573
1564164054039321,-0.296033,0.0243486,0.704079
1564164054062774,-0.295642,0.0240116,0.704493
1564164054085231,-0.2955,0.0237361,0.704806
1564164054099206,-0.295863,0.0235371,0.705262
1564164054122684,-0.296248,0.0232125,0.705565
1564164054145121,-0.296446,0.0230676,0.705857
1564164054159598,-0.296446,0.0230676,0.705857
1564164054190037,-0.296403,0.0231809,0.705838
1564164054205014,-0.296241,0.0232522,0.705814
1564164054219483,-0.296246,0.0232696,0.705955
1564164054242443,-0.296246,0.0232696,0.705955
1564164054265397,-0.295727,0.0239165,0.705452
1564164054279371,-0.295402,0.0244012,0.705102
1564164054302334,-0.295029,0.024982,0.704592
1564164054325289,-0.29444,0.0254918,0.704247
1564164054346291,-0.293907,0.0261444,0.703715
1564164054362715,-0.293587,0.0266471,0.703507
1564164054385178,-0.293153,0.0271253,0.703436
1564164054406176,-0.292402,0.0273475,0.703233
1564164054422608,-0.291163,0.0274896,0.702921
1564164054445065,-0.28998,0.0277747,0.702422
1564164054466033,-0.28939,0.027926,0.702243
1564164054482494,-0.289509,0.0279678,0.702247
1564164054504960,-0.289509,0.0279678,0.702247
1564164054526428,-0.289076,0.0280305,0.70195
1564164054542393,-0.288025,0.0279934,0.701649
1564164054565341,-0.287864,0.0280651,0.701627
1564164054586303,-0.287983,0.0281068,0.70163
1564164054602772,-0.2878,0.0278884,0.701534
1564164054625233,-0.286792,0.0277384,0.701252
1564164054646231,-0.285903,0.0276304,0.700974
1564164054670148,-0.285903,0.0276304,0.700974
1564164054685118,-0.286296,0.0276253,0.700862
1564164054706078,-0.286457,0.0275536,0.700884
1564164054722553,-0.285935,0.027827,0.70041
1564164054745505,-0.285465,0.0280209,0.700235
1564164054767464,-0.285465,0.0280209,0.700235
1564164054782437,-0.285423,0.0281344,0.700217
1564164054804895,-0.285423,0.0281344,0.700217
1564164054827354,-0.285423,0.0281344,0.700217
1564164054842329,-0.28538,0.0282478,0.700198
1564164054871271,-0.28538,0.0282478,0.700198
1564164054887764,-0.285498,0.0282895,0.700202
1564164054902735,-0.285456,0.0284029,0.700183
1564164054925179,-0.285456,0.0284029,0.700183
1564164054947630,-0.285574,0.0284446,0.700186
1564164054962111,-0.285731,0.028428,0.700598
1564164054985062,-0.285689,0.0285414,0.700579
1564164055007520,-0.285571,0.0284997,0.700576
1564164055022004,-0.285571,0.0284997,0.700576
1564164055044950,-0.286032,0.0286878,0.700698
1564164055067907,-0.286032,0.0286878,0.700698
1564164055081882,-0.285918,0.028663,0.700835
1564164055105338,-0.285875,0.0287765,0.700817
1564164055127797,-0.285875,0.0287765,0.700817
1564164055150255,-0.285833,0.0288899,0.700798
1564164055165227,-0.285951,0.0289316,0.700801
1564164055187692,-0.285951,0.0289316,0.700801
1564164055202158,-0.285951,0.0289316,0.700801
1564164055225115,-0.285951,0.0289316,0.700801
1564164055247573,-0.285951,0.0289316,0.700801
1564164055268576,-0.28607,0.0289734,0.700805
1564164055285003,-0.28607,0.0289734,0.700805
1564164055307465,-0.28607,0.0289734,0.700805
1564164055328445,-0.28607,0.0289734,0.700805
1564164055345392,-0.286027,0.0290868,0.700786
1564164055374840,-0.286027,0.0290868,0.700786
1564164055388834,-0.285909,0.0290451,0.700783
1564164055405280,-0.285909,0.0290451,0.700783
1564164055427738,-0.285866,0.0291585,0.700764
1564164055448739,-0.286027,0.0290868,0.700786
1564164055465167,-0.285985,0.0292002,0.700768
1564164055487626,-0.285667,0.0292885,0.700334
1564164055508629,-0.285396,0.0292804,0.70006
1564164055525067,-0.285353,0.0293939,0.700042
1564164055547524,-0.285353,0.0293939,0.700042
1564164055576462,-0.285472,0.0294356,0.700045
1564164055585450,-0.285311,0.0295073,0.700023
1564164055607403,-0.285268,0.0296208,0.700005
1564164055628864,-0.285268,0.0296208,0.700005
1564164055645333,-0.285937,0.0296405,0.700307
1564164055667791,-0.286586,0.0296478,0.700437
1564164055688797,-0.286586,0.0296478,0.700437
1564164055703772,-0.286586,0.0296478,0.700437
1564164055712208,-0.286586,0.0296478,0.700437
1564164055733169,-0.286586,0.0296478,0.700437
1564164055755629,-0.28659,0.0296647,0.700578
1564164055771099,-0.286547,0.0297782,0.700559
1564164055793057,-0.286078,0.0296283,0.700687
1564164055815517,-0.286035,0.0297417,0.700668
1564164055830527,-0.286035,0.0297417,0.700668
1564164055855976,-0.286035,0.0297417,0.700668
1564164055875445,-0.286035,0.0297417,0.700668
1564164055890390,-0.285689,0.0296504,0.700939
1564164055912872,-0.285807,0.0296921,0.700943
1564164055935294,-0.285762,0.0295169,0.701615
1564164055950317,-0.285889,0.0292487,0.702201
1564164055980738,-0.285847,0.0293621,0.702183
1564164055995709,-0.286009,0.0289467,0.702506
1564164056010656,-0.285848,0.0290183,0.702484
1564164056033122,-0.285848,0.0290183,0.702484
1564164056055573,-0.285848,0.0290183,0.702484
1564164056070575,-0.285848,0.0290183,0.702484
1564164056093040,-0.285344,0.0289432,0.702344
1564164056115459,-0.284684,0.0289566,0.702322
1564164056130439,-0.284641,0.02907,0.702304
1564164056153409,-0.284681,0.0285958,0.702483
1564164056170858,-0.284775,0.0284027,0.702801
1564164056190359,-0.284585,0.0282224,0.702954
1564164056213277,-0.284116,0.0280719,0.703081
1564164056230746,-0.284073,0.0281853,0.703063
1564164056250709,-0.28418,0.0282483,0.703175
1564164056273175,-0.28418,0.0282483,0.703175
1564164056290634,-0.28418,0.0282483,0.703175
1564164056312095,-0.284298,0.0282902,0.703178
1564164056333054,-0.28418,0.0282483,0.703175
1564164056351051,-0.28418,0.0282483,0.703175
1564164056371985,-0.28418,0.0282483,0.703175
1564164056392983,-0.284655,0.0280718,0.703489
1564164056411409,-0.284697,0.0279584,0.703508
1564164056431872,-0.284697,0.0279584,0.703508
1564164056452836,-0.284697,0.0279584,0.703508
1564164056470799,-0.284655,0.0280718,0.703489
1564164056491762,-0.284655,0.0280718,0.703489
1564164056513221,-0.284503,0.0277613,0.70352
1564164056535678,-0.283932,0.0275643,0.703676
1564164056551694,-0.283459,0.0273968,0.703662
1564164056573152,-0.283459,0.0273968,0.703662
1564164056591117,-0.283417,0.0275102,0.703644
1564164056612080,-0.283417,0.0275102,0.703644
1564164056633181,-0.283192,0.0274053,0.703528
1564164056651087,-0.282837,0.0272797,0.703518
1564164056687020,-0.282956,0.0273215,0.703522
1564164056693010,-0.282956,0.0273215,0.703522
1564164056710978,-0.282956,0.0273215,0.703522
1564164056733436,-0.282617,0.0271915,0.703543
1564164056760386,-0.282735,0.0272334,0.703547
1564164056770865,-0.282735,0.0272334,0.703547
1564164056793323,-0.282719,0.0272378,0.703515
1564164056815782,-0.282719,0.0272378,0.703515
1564164056830768,-0.282837,0.0272797,0.703518
1564164056853213,-0.282719,0.0272378,0.703515
1564164056873208,-0.282719,0.0272378,0.703515
1564164056898627,-0.282837,0.0272797,0.703518
1564164056913599,-0.282257,0.0274647,0.703622
1564164056933064,-0.282257,0.0274647,0.703622
1564164056951029,-0.282257,0.0274647,0.703622
1564164056973496,-0.282214,0.0275781,0.703604
1564164056993012,-0.282214,0.0275781,0.703604
1564164057010920,-0.282214,0.0275781,0.703604
1564164057040864,-0.282214,0.0275781,0.703604
1564164057052849,-0.282214,0.0275781,0.703604
1564164057070808,-0.282316,0.0276243,0.703575
1564164057093765,-0.282316,0.0276243,0.703575
1564164057113729,-0.282316,0.0276243,0.703575
1564164057130196,-0.282316,0.0276243,0.703575
1564164057152661,-0.282316,0.0276243,0.703575
1564164057173617,-0.282316,0.0276243,0.703575
1564164057190089,-0.282316,0.0276243,0.703575
1564164057213045,-0.282316,0.0276243,0.703575
1564164057240996,-0.282316,0.0276243,0.703575
1564164057249973,-0.282316,0.0276243,0.703575
1564164057272435,-0.282274,0.0277377,0.703557
1564164057293392,-0.282274,0.0277377,0.703557
1564164057317348,-0.282274,0.0277377,0.703557
1564164057332818,-0.282274,0.0277377,0.703557
1564164057353826,-0.282274,0.0277377,0.703557
1564164057370748,-0.282274,0.0277377,0.703557
1564164057392715,-0.282274,0.0277377,0.703557
1564164057413726,-0.282274,0.0277377,0.703557
1564164057430158,-0.282274,0.0277377,0.703557
1564164057452600,-0.282156,0.0276958,0.703554
1564164057473594,-0.282113,0.0278092,0.703535
1564164057490030,-0.282113,0.0278092,0.703535
1564164057512487,-0.282231,0.0278511,0.703539
1564164057533448,-0.282235,0.0278678,0.703679
1564164057549917,-0.282193,0.0279812,0.703661
1564164057572375,-0.282193,0.0279812,0.703661
1564164057593835,-0.281643,0.0280738,0.703892
1564164057610305,-0.28058,0.0284732,0.703933
1564164057632763,-0.278907,0.0287349,0.703722
1564164057655221,-0.277368,0.0289504,0.703611
1564164057670194,-0.27631,0.0293664,0.703795
1564164057692653,-0.274576,0.0297994,0.703928
1564164057722599,-0.272117,0.0311762,0.70432
1564164057730084,-0.270246,0.0323998,0.70489
1564164057752541,-0.26862,0.0340151,0.705655
1564164057774999,-0.26735,0.0357715,0.706575
1564164057789473,-0.265986,0.0377893,0.707716
1564164057812429,-0.264659,0.0401066,0.709113
1564164057834920,-0.263298,0.0428594,0.710831
1564164057849362,-0.261874,0.0461568,0.712887
1564164057873317,-0.260866,0.0493401,0.714817
1564164057895275,-0.259318,0.0533272,0.717463
1564164057909264,-0.259275,0.0571606,0.720562
1564164057932711,-0.260796,0.0589655,0.724608
1564164057955164,-0.260811,0.0605627,0.72929
1564164057969137,-0.257196,0.0629686,0.732903
1564164057992593,-0.251234,0.0661599,0.733615
1564164058015052,-0.245485,0.0704911,0.732538
1564164058036034,-0.242715,0.0742843,0.732471
1564164058052485,-0.243539,0.0763463,0.733735
1564164058074940,-0.244199,0.0774089,0.735717
1564164058089417,-0.243639,0.0768641,0.738159
1564164058112371,-0.242048,0.0755044,0.739461
1564164058134829,-0.240453,0.0762801,0.741104
1564164058156289,-0.23896,0.0777847,0.742912
1564164058172759,-0.239759,0.0798657,0.744296
1564164058201250,-0.243453,0.083342,0.745539
1564164058216218,-0.249885,0.0866119,0.746958
1564164058232648,-0.258182,0.0908591,0.748893
1564164058256631,-0.263698,0.0937766,0.750194
1564164058276128,-0.263786,0.0959742,0.751418
1564164058292538,-0.262023,0.0960856,0.752469
1564164058322483,-0.2601,0.0965949,0.753069
1564164058335956,-0.258982,0.0980759,0.753545
1564164058352926,-0.258876,0.0997289,0.754305
1564164058374916,-0.258314,0.101837,0.754859
1564164058396343,-0.257545,0.104125,0.755392
1564164058412813,-0.257731,0.106412,0.756109
1564164058435271,-0.257091,0.107995,0.756832
1564164058456273,-0.256688,0.109399,0.757648
1564164058480187,-0.256505,0.110842,0.757996
1564164058495161,-0.256636,0.112215,0.757989
1564164058516121,-0.257265,0.113674,0.758103
1564164058532592,-0.257687,0.114275,0.758289
1564164058555049,-0.257687,0.114275,0.758289
1564164058577508,-0.258065,0.114351,0.758701
1564164058592486,-0.258065,0.114351,0.758701
1564164058614939,-0.258575,0.114726,0.75891
1564164058637402,-0.259409,0.114968,0.759142
1564164058652867,-0.259409,0.114968,0.759142
1564164058675326,-0.259247,0.115035,0.75913
1564164058705270,-0.259688,0.114965,0.759297
1564164058711766,-0.260083,0.114606,0.75931
1564164058735214,-0.260083,0.114606,0.75931
1564164058757673,-0.260308,0.114375,0.758932
1564164058772145,-0.261091,0.11412,0.758721
1564164058795107,-0.26143,0.113567,0.758491
1564164058817561,-0.261536,0.113308,0.758258
1564164058832555,-0.261536,0.113308,0.758258
1564164058854995,-0.261536,0.113308,0.758258
1564164058877449,-0.261624,0.113065,0.758137
1564164058891942,-0.2617,0.112552,0.758074
1564164058915381,-0.261656,0.112664,0.758062
1564164058937838,-0.261644,0.112342,0.757685
1564164058951812,-0.261706,0.112195,0.757441
1564164058982753,-0.261768,0.11203,0.757052
1564164058997726,-0.261449,0.111859,0.75683
1564164059011700,-0.261449,0.111859,0.75683
1564164059035171,-0.261567,0.111905,0.75683
1564164059057624,-0.261523,0.112017,0.756818
1564164059078613,-0.261506,0.112017,0.756784
1564164059095061,-0.261462,0.11213,0.756772
1564164059117505,-0.26158,0.112175,0.756772
1564164059138969,-0.26158,0.112175,0.756772
1564164059155434,-0.261536,0.112288,0.75676
1564164059185378,-0.261536,0.112288,0.75676
1564164059198852,-0.261653,0.112334,0.75676
1564164059214823,-0.261653,0.112334,0.75676
1564164059237780,-0.261653,0.112334,0.75676
1564164059260238,-0.261727,0.112492,0.756747
1564164059275243,-0.261727,0.112492,0.756747
1564164059297670,-0.261845,0.112538,0.756747
1564164059318666,-0.261845,0.112538,0.756747
1564164059335102,-0.261801,0.112651,0.756735
1564164059357558,-0.261801,0.112651,0.756735
1564164059378525,-0.261757,0.112763,0.756723
1564164059394989,-0.261757,0.112763,0.756723
1564164059417447,-0.261757,0.112763,0.756723
1564164059438408,-0.261713,0.112876,0.756711
1564164059454880,-0.261946,0.112601,0.756858
1564164059477334,-0.262003,0.112122,0.757051
1564164059498801,-0.261357,0.111735,0.757098
1564164059515265,-0.260817,0.111088,0.756913
1564164059538222,-0.260423,0.109686,0.756512
1564164059560181,-0.260329,0.106868,0.755621
1564164059575153,-0.259227,0.103922,0.753963
1564164059597612,-0.255645,0.103235,0.751921
1564164059620072,-0.250538,0.104416,0.750471
1564164059635051,-0.244549,0.105146,0.750151
1564164059657534,-0.238272,0.105601,0.749604
1564164059679959,-0.238379,0.109083,0.749655
1564164059694433,-0.242493,0.110773,0.749978
1564164059718904,-0.246631,0.110692,0.750747
1564164059740347,-0.247023,0.109692,0.750992
1564164059755319,-0.24265,0.108977,0.751755
1564164059777777,-0.237609,0.10794,0.752158
1564164059800235,-0.235771,0.107251,0.751599
1564164059821197,-0.235912,0.106861,0.752153
1564164059837666,-0.237598,0.10592,0.753832
1564164059866113,-0.23762,0.106564,0.75271
1564164059874597,-0.233735,0.108745,0.75013
1564164059897555,-0.226853,0.111838,0.748451
1564164059920014,-0.221352,0.115511,0.745925
1564164059941005,-0.220927,0.117382,0.744459
1564164059957476,-0.223308,0.117407,0.743479
1564164059979908,-0.226046,0.116564,0.741942
1564164060001361,-0.226711,0.114528,0.740527
1564164060017831,-0.226176,0.111828,0.73866
1564164060039789,-0.226605,0.109357,0.736621
1564164060061248,-0.227507,0.107024,0.735246
1564164060077737,-0.228436,0.105671,0.733253
1564164060100196,-0.230886,0.104505,0.731252
1564164060121157,-0.235924,0.103061,0.730425
1564164060128123,-0.241175,0.101064,0.729814
1564164060143096,-0.242876,0.0993463,0.728781
1564164060173078,-0.241056,0.0982141,0.727574
1564164060196556,-0.238879,0.0980389,0.726672
1564164060203022,-0.239291,0.098026,0.726429
1564164060225463,-0.241637,0.0973819,0.726607
1564164060243430,-0.243028,0.0972058,0.726233
1564164060262913,-0.242344,0.0972475,0.72555
1564164060292823,-0.241896,0.0974091,0.725152
1564164060303302,-0.242992,0.0973055,0.725164
1564164060323267,-0.244714,0.0969233,0.72519
1564164060345729,-0.245928,0.0968476,0.72506
1564164060369678,-0.245699,0.097112,0.724771
1564164060383151,-0.245539,0.0971816,0.72476
1564164060405649,-0.246831,0.0965918,0.725515
1564164060424082,-0.248852,0.0957522,0.726111
1564164060443041,-0.248852,0.0957522,0.726111
1564164060465499,-0.247752,0.0965743,0.725627
1564164060483466,-0.24771,0.0966877,0.725615
1564164060506423,-0.249475,0.0962094,0.7258
1564164060525409,-0.251283,0.0956018,0.725857
1564164060543356,-0.251105,0.0953844,0.725759
1564164060570322,-0.250126,0.0955147,0.7256
1564164060585294,-0.250008,0.0954709,0.7256
1564164060603261,-0.25081,0.0951232,0.725661
1564164060623215,-0.251478,0.0947153,0.725547
1564164060648658,-0.251749,0.0940188,0.725511
1564164060663130,-0.25141,0.0938546,0.725258
1564164060683095,-0.25125,0.0939241,0.725245
1564164060705552,-0.251486,0.0940117,0.725246
1564164060724036,-0.252492,0.0937681,0.725386
1564164060743001,-0.25261,0.0938119,0.725386
1564164060765440,-0.252272,0.0936476,0.725133
1564164060783409,-0.252272,0.0936476,0.725133
1564164060802890,-0.252111,0.0937171,0.72512
1564164060825348,-0.252711,0.0935522,0.725158
1564164060850783,-0.253615,0.0932484,0.725189
1564164060862762,-0.253615,0.0932484,0.725189
1564164060885237,-0.253283,0.093451,0.724788
1564164060903190,-0.252699,0.093583,0.724497
1564164060925643,-0.253078,0.0932973,0.724281
1564164060945625,-0.253907,0.092836,0.724325
1564164060963571,-0.254702,0.0920879,0.724252
1564164060983055,-0.254625,0.0916269,0.72407
1564164061005494,-0.25405,0.0913587,0.723673
1564164061023480,-0.25405,0.0913587,0.723673
1564164061044422,-0.254573,0.0910364,0.723725
1564164061065382,-0.254988,0.0902867,0.723815
1564164061083350,-0.255421,0.0898408,0.724133
1564164061104330,-0.256185,0.0888723,0.724516
1564164061125290,-0.258928,0.0868491,0.725941
1564164061143257,-0.262856,0.0841615,0.72864
1564164061164199,-0.264595,0.081395,0.731248
1564164061185179,-0.262484,0.0796158,0.731803
1564164061203629,-0.258477,0.0793546,0.730742
1564164061224586,-0.255181,0.0796664,0.729884
1564164061253034,-0.253214,0.0810225,0.729065
1564164061263514,-0.252201,0.0826312,0.726516
1564164061284479,-0.252946,0.0851506,0.7228
1564164061305455,-0.254355,0.0884311,0.720864
1564164061323407,-0.255622,0.0892509,0.722195
1564164061344368,-0.255722,0.089418,0.724989
1564164061365325,-0.250739,0.0907166,0.726257
1564164061383311,-0.243226,0.0931387,0.726643
1564164061413237,-0.239054,0.0947821,0.728347
1564164061425213,-0.24111,0.0948964,0.730024
1564164061443181,-0.244897,0.0946567,0.730044
1564164061465640,-0.246549,0.0941383,0.729313
1564164061485601,-0.245596,0.0938513,0.728938
1564164061503568,-0.245728,0.0924569,0.72896
1564164061532035,-0.248242,0.0907101,0.729296
1564164061546009,-0.249844,0.0899535,0.729766
1564164061562462,-0.249113,0.0901544,0.730409
1564164061584918,-0.248704,0.09052,0.731275
1564164061606378,-0.251789,0.0918103,0.731943
1564164061622348,-0.255799,0.0931235,0.733015
1564164061644806,-0.259119,0.0944973,0.734458
1564164061659279,-0.26099,0.0955116,0.734624
1564164061683234,-0.261053,0.0974057,0.733858
1564164061712681,-0.261902,0.0993839,0.732598
1564164061719168,-0.266245,0.100133,0.731578
1564164061742624,-0.273384,0.0991096,0.731712
1564164061765086,-0.278422,0.0977126,0.732174
1564164061786063,-0.27803,0.0980217,0.73172
1564164061808502,-0.275742,0.0981548,0.73159
1564164061824972,-0.276827,0.098075,0.731726
1564164061839451,-0.279556,0.0978489,0.731887
1564164061862402,-0.28047,0.097878,0.731489
1564164061885362,-0.280112,0.0981494,0.730814
1564164061906320,-0.280532,0.0987677,0.73033
1564164061922290,-0.281616,0.0994171,0.730129
1564164061945247,-0.282564,0.100059,0.730182
1564164061966227,-0.283233,0.100745,0.730362
1564164061982680,-0.283589,0.101203,0.730698
1564164062005140,-0.283725,0.101918,0.731545
1564164062026099,-0.283613,0.102927,0.732349
1564164062042566,-0.283586,0.103711,0.733183
1564164062065026,-0.283634,0.104633,0.73386
1564164062085989,-0.283659,0.10492,0.734751
1564164062102456,-0.283701,0.10517,0.735388
1564164062124914,-0.283522,0.105294,0.735771
1564164062145875,-0.283402,0.105595,0.73625
1564164062162346,-0.283299,0.105858,0.736476
1564164062185301,-0.282992,0.106357,0.737105
1564164062206262,-0.282296,0.106452,0.737761
1564164062222731,-0.281701,0.106592,0.738384
1564164062245191,-0.280861,0.106717,0.738773
1564164062266155,-0.280124,0.106562,0.738792
1564164062282621,-0.279796,0.106026,0.738722
1564164062312565,-0.279328,0.106194,0.738426
1564164062326059,-0.279022,0.106294,0.738145
1564164062342509,-0.278889,0.105961,0.738061
1564164062364987,-0.278518,0.105538,0.737977
1564164062387426,-0.277723,0.105207,0.737899
1564164062402401,-0.277249,0.105029,0.737899
1564164062424857,-0.277421,0.104613,0.73824
1564164062447315,-0.277415,0.104266,0.738535
1564164062462286,-0.276823,0.104097,0.738965
1564164062485244,-0.276177,0.104406,0.739197
1564164062507206,-0.276177,0.104406,0.739197
1564164062521679,-0.276134,0.104519,0.739184
1564164062545133,-0.276117,0.104519,0.739151
1564164062567610,-0.27531,0.104914,0.739514
1564164062588571,-0.275103,0.105456,0.740112
1564164062605041,-0.275058,0.105912,0.740581
1564164062627483,-0.274911,0.106304,0.740939
1564164062641953,-0.275178,0.107007,0.741395
1564164062664911,-0.275444,0.107692,0.741707
1564164062687369,-0.275797,0.10817,0.742189
1564164062701842,-0.275574,0.108405,0.742561
1564164062724799,-0.275061,0.109046,0.74288
1564164062747257,-0.275046,0.109772,0.743324
1564164062761731,-0.27515,0.110543,0.743767
1564164062792693,-0.275225,0.110701,0.743754
1564164062807664,-0.275225,0.110701,0.743754
1564164062821619,-0.275061,0.110079,0.743552
1564164062845076,-0.275043,0.1091,0.743279
1564164062875519,-0.275574,0.108423,0.742705
1564164062888514,-0.276778,0.107342,0.742022
1564164062904967,-0.27746,0.105541,0.741428
1564164062927423,-0.275529,0.103998,0.740685
1564164062948882,-0.2725,0.103223,0.739964
1564164062964853,-0.269111,0.103424,0.739681
1564164062994797,-0.263398,0.103439,0.739802
1564164063008771,-0.25526,0.103923,0.739759
1564164063025240,-0.24909,0.106558,0.738302
1564164063047702,-0.24746,0.108092,0.736972
1564164063070160,-0.250347,0.109892,0.737024
1564164063084134,-0.252583,0.10855,0.738099
1564164063107607,-0.253861,0.106913,0.737853
1564164063128548,-0.254937,0.105153,0.73739
1564164063145520,-0.255838,0.103133,0.738272
1564164063167480,-0.256206,0.100748,0.739835
1564164063195942,-0.257145,0.0986793,0.740359
1564164063204907,-0.256093,0.0989606,0.739631
1564164063227365,-0.254143,0.100645,0.739352
1564164063251321,-0.251903,0.103009,0.738942
1564164063272282,-0.250638,0.104961,0.737689
1564164063287752,-0.2505,0.106738,0.736717
1564164063310214,-0.249885,0.108386,0.735227
1564164063325184,-0.249049,0.109225,0.733291
1564164063348160,-0.248361,0.109294,0.731945
1564164063370100,-0.247505,0.108075,0.73129
1564164063385072,-0.247462,0.106094,0.730436
1564164063407550,-0.24875,0.10482,0.729126
1564164063429988,-0.249316,0.105072,0.728428
1564164063444461,-0.249443,0.105451,0.727996
1564164063473427,-0.249757,0.105311,0.72707
1564164063489877,-0.251363,0.104567,0.726753
1564164063504354,-0.254312,0.103762,0.72697
1564164063527307,-0.256409,0.10273,0.726928
1564164063550265,-0.256283,0.10166,0.726255
1564164063564242,-0.25401,0.101034,0.725274
1564164063587694,-0.252574,0.100652,0.724668
1564164063610157,-0.254331,0.100171,0.723906
1564164063624627,-0.255513,0.100187,0.722708
1564164063647603,-0.254566,0.0998985,0.72142
1564164063670046,-0.254413,0.0992642,0.721107
1564164063684516,-0.255679,0.0986719,0.720887
1564164063707493,-0.256988,0.098717,0.720496
1564164063729932,-0.258237,0.098571,0.719865
1564164063744408,-0.258979,0.0979969,0.719403
1564164063767361,-0.259519,0.0976228,0.719058
1564164063789820,-0.259805,0.0971617,0.718682
1564164063811279,-0.260743,0.0971256,0.718688
1564164063827749,-0.261275,0.0971518,0.718449
1564164063850208,-0.260456,0.0978971,0.717543
1564164063871188,-0.258582,0.0987044,0.717203
1564164063887641,-0.258294,0.0983979,0.717624
1564164063910096,-0.26017,0.0979631,0.718728
1564164063931058,-0.261515,0.0978988,0.719265
1564164063947530,-0.262107,0.0981162,0.719265
1564164063977471,-0.262808,0.0979592,0.718986
1564164063990965,-0.263882,0.0979495,0.718883
1564164064007416,-0.26482,0.0978964,0.718747
1564164064029873,-0.265648,0.0974162,0.718652
1564164064051334,-0.266289,0.0971191,0.718563
1564164064067803,-0.266289,0.0971191,0.718563
1564164064090264,-0.266289,0.0971191,0.718563
1564164064111222,-0.266247,0.0972325,0.718549
1564164064129189,-0.266038,0.0978167,0.718626
1564164064150152,-0.266038,0.0978167,0.718626
1564164064170632,-0.266359,0.0976768,0.718653
1564164064189097,-0.266164,0.0974766,0.718665
1564164064210039,-0.26536,0.097504,0.718263
1564164064232497,-0.26536,0.097504,0.718263
1564164064247468,-0.266264,0.0971977,0.718297
1564164064269930,-0.267294,0.0965687,0.718515
1564164064292386,-0.267413,0.0966121,0.718515
1564164064307857,-0.266889,0.0969527,0.718603
1564164064329816,-0.266847,0.0970661,0.71859
1564164064352773,-0.268403,0.0964197,0.719055
1564164064367745,-0.270778,0.0953546,0.719055
1564164064390224,-0.270531,0.0953102,0.718536
1564164064412664,-0.268036,0.0959924,0.718059
1564164064426637,-0.266548,0.0964477,0.717872
1564164064456101,-0.267894,0.0963849,0.718413
1564164064472551,-0.269934,0.0958523,0.719257
1564164064487045,-0.269934,0.0958523,0.719257
1564164064509984,-0.268564,0.0963498,0.719069
1564164064532939,-0.268403,0.0964197,0.719055
1564164064546914,-0.269731,0.0960529,0.719372
1564164064569873,-0.271162,0.0957656,0.719942
1564164064575360,-0.270883,0.095792,0.719928
1564164064597837,-0.269936,0.096193,0.719734
1564164064614288,-0.2703,0.0959575,0.719918
1564164064635248,-0.271509,0.0955307,0.720094
1564164064657726,-0.272618,0.0950602,0.720302
1564164064674176,-0.27272,0.0951042,0.72027
1564164064695635,-0.27272,0.0951042,0.72027
1564164064718094,-0.273126,0.0947557,0.720469
1564164064736560,-0.27382,0.0942865,0.720774
1564164064755545,-0.274177,0.0937042,0.721253
1564164064777987,-0.27405,0.0933133,0.721547
1564164064794453,-0.273554,0.093611,0.722184
1564164064815417,-0.272956,0.0941531,0.722903
1564164064837891,-0.273181,0.0946708,0.724062
1564164064854342,-0.274506,0.0953758,0.725298
1564164064875303,-0.275085,0.0963153,0.726509
1564164064897761,-0.273892,0.0977098,0.727371
1564164064914230,-0.272946,0.098879,0.72885
1564164064938186,-0.27321,0.0999153,0.730556
1564164064957650,-0.273651,0.100865,0.732167
1564164064974119,-0.273258,0.102255,0.733587
1564164064995578,-0.272424,0.103754,0.735125
1564164065018036,-0.271479,0.104843,0.736849
1564164065034507,-0.271297,0.105701,0.738629
1564164065055487,-0.271082,0.106235,0.740005
1564164065086909,-0.270653,0.107028,0.741122
1564164065094396,-0.269857,0.108069,0.742201
1564164065115356,-0.26917,0.108134,0.743528
1564164065140812,-0.268019,0.109038,0.744611
1564164065154284,-0.266916,0.111223,0.744503
1564164065175245,-0.265828,0.113722,0.742088
1564164065197723,-0.265049,0.115843,0.739095
1564164065216169,-0.265904,0.116723,0.73831
1564164065235632,-0.267116,0.115626,0.739229
1564164065258091,-0.26641,0.113265,0.741084
1564164065276057,-0.261563,0.112035,0.742968
1564164065295521,-0.256859,0.111842,0.74355
1564164065317999,-0.255108,0.112959,0.743314
1564164065335967,-0.257479,0.115099,0.742542
1564164065362916,-0.260887,0.116595,0.740871
1564164065377888,-0.261494,0.118531,0.740823
1564164065395835,-0.25945,0.120396,0.741032
1564164065418294,-0.259116,0.122627,0.740902
1564164065437776,-0.261551,0.126003,0.741195
1564164065455724,-0.266183,0.129823,0.742033
1564164065475191,-0.271286,0.134171,0.74335
1564164065498144,-0.274048,0.138396,0.744715
1564164065516112,-0.275321,0.141961,0.746432
1564164065535583,-0.276247,0.144661,0.748516
1564164065558034,-0.277373,0.146451,0.750949
1564164065576000,-0.278055,0.148432,0.752463
1564164065595483,-0.277866,0.150592,0.753978
1564164065613451,-0.278875,0.152385,0.755077
1564164065643394,-0.2802,0.153717,0.755815
1564164065655372,-0.280939,0.155266,0.756181
1564164065673339,-0.281311,0.156368,0.756319
1564164065695797,-0.282015,0.156972,0.756654
1564164065716742,-0.282878,0.156777,0.757324
1564164065733208,-0.282659,0.156608,0.757597
1564164065755667,-0.282363,0.156358,0.757647
1564164065775629,-0.28259,0.156083,0.75779
1564164065793098,-0.283397,0.156097,0.757509
1564164065816054,-0.283251,0.156491,0.757062
1564164065844501,-0.28337,0.156538,0.75706
1564164065853504,-0.283327,0.156651,0.75705
1564164065875943,-0.283327,0.156651,0.75705
1564164065896904,-0.28273,0.156497,0.756824
1564164065920879,-0.282309,0.156547,0.75655
1564164065935832,-0.282309,0.156547,0.75655
1564164065956796,-0.282581,0.156218,0.756323
1564164065973762,-0.282581,0.156218,0.756323
1564164065995721,-0.282474,0.155767,0.756214
1564164066016186,-0.281803,0.155436,0.755855
1564164066032653,-0.280761,0.155449,0.755378
1564164066055111,-0.280364,0.155463,0.754847
1564164066076091,-0.280364,0.155463,0.754847
1564164066092544,-0.280465,0.155507,0.754811
1564164066122485,-0.279822,0.155487,0.754721
1564164066137460,-0.279245,0.155259,0.754764
1564164066152430,-0.279364,0.155305,0.754762
1564164066174891,-0.279321,0.155418,0.754751
1564164066197845,-0.279321,0.155418,0.754751
1564164066212322,-0.279302,0.155415,0.754717
1564164066235278,-0.278748,0.15515,0.754503
1564164066257734,-0.278617,0.154815,0.754416
1564164066272705,-0.278693,0.154281,0.754203
1564164066295166,-0.278442,0.1539,0.754118
1564164066325128,-0.277996,0.153314,0.754048
1564164066331596,-0.277996,0.153314,0.754048
1564164066355056,-0.277996,0.153314,0.754048
1564164066377514,-0.278082,0.153088,0.754069
1564164066398475,-0.277113,0.152529,0.753906
1564164066414942,-0.275607,0.152649,0.753525
1564164066437401,-0.275342,0.153,0.753082
1564164066451874,-0.275987,0.153059,0.752648
1564164066474830,-0.275998,0.152735,0.752302
1564164066497787,-0.275545,0.152515,0.752052
1564164066511762,-0.274657,0.152771,0.751786
1564164066535217,-0.274657,0.152771,0.751786
1564164066557676,-0.274614,0.152884,0.751776
1564164066571652,-0.27444,0.152662,0.751678
1564164066595107,-0.274125,0.152411,0.751694
1564164066617584,-0.274125,0.152411,0.751694
1564164066638529,-0.274082,0.152524,0.751683
1564164066654995,-0.274189,0.152282,0.751593
1564164066677453,-0.274158,0.151991,0.75147
1564164066698418,-0.274158,0.151991,0.75147
1564164066714884,-0.274158,0.151991,0.75147
1564164066737342,-0.274115,0.152104,0.75146
1564164066758805,-0.274115,0.152104,0.75146
1564164066774773,-0.273895,0.152014,0.751497
1564164066797231,-0.273192,0.152107,0.751363
1564164066818708,-0.273192,0.152107,0.751363
1564164066835161,-0.273192,0.152107,0.751363
1564164066859116,-0.273311,0.152153,0.751361
1564164066878599,-0.272726,0.151599,0.751024
1564164066895049,-0.272371,0.150811,0.750304
1564164066917508,-0.27171,0.149468,0.7494
1564164066938488,-0.271321,0.148471,0.748325
1564164066955440,-0.269124,0.147658,0.747121
1564164066977402,-0.265165,0.148323,0.74635
1564164066998859,-0.26143,0.150714,0.747529
1564164067014826,-0.256709,0.151461,0.749168
1564164067037285,-0.25458,0.154875,0.749402
1564164067058744,-0.255317,0.154241,0.751051
1564164067074216,-0.261435,0.149721,0.752017
1564164067099169,-0.266522,0.14578,0.75337
1564164067120134,-0.2679,0.14216,0.754523
1564164067141094,-0.266975,0.139409,0.754581
1564164067157562,-0.266097,0.138607,0.75429
1564164067180020,-0.264129,0.138809,0.75467
1564164067194992,-0.262381,0.139541,0.755452
1564164067217453,-0.260336,0.138973,0.755411
1564164067239909,-0.260261,0.138814,0.755423
1564164067260889,-0.260746,0.141321,0.755824
1564164067277339,-0.259309,0.145334,0.755549
1564164067307283,-0.257476,0.148088,0.754258
1564164067314270,-0.256909,0.149722,0.751859
1564164067337726,-0.257831,0.149091,0.751368
1564164067360188,-0.259271,0.147774,0.751054
1564164067374158,-0.257902,0.1469,0.749837
1564164067397615,-0.255015,0.146893,0.747897
1564164067420077,-0.253215,0.146485,0.746527
1564164067434546,-0.25415,0.145543,0.744878
1564164067457504,-0.257018,0.144052,0.743237
1564164067479965,-0.260304,0.142501,0.741876
1564164067494435,-0.262086,0.140972,0.741046
1564164067517392,-0.263083,0.139436,0.740532
1564164067539851,-0.263062,0.137812,0.739522
1564164067554327,-0.263344,0.13605,0.738499
1564164067584768,-0.265,0.13451,0.737974
1564164067600238,-0.267464,0.132565,0.73788
1564164067621219,-0.268956,0.131111,0.737499
1564164067637668,-0.268575,0.130345,0.736897
1564164067661624,-0.267744,0.129789,0.736329
1564164067681089,-0.268563,0.129008,0.735985
1564164067697558,-0.270927,0.127996,0.736189
1564164067720016,-0.272703,0.127226,0.736166
1564164067740980,-0.272508,0.127028,0.73537
1564164067757446,-0.271488,0.126922,0.734722
1564164067779905,-0.271548,0.12681,0.734767
1564164067800885,-0.272825,0.126201,0.7352
1564164067817340,-0.273689,0.126034,0.735353
1564164067839794,-0.273223,0.126222,0.735209
1564164067862751,-0.273163,0.126334,0.735164
1564164067877723,-0.273401,0.126418,0.735971
1564164067900182,-0.273473,0.12588,0.736575
1564164067921145,-0.273886,0.125439,0.736856
1564164067937613,-0.274004,0.125484,0.736855
1564164067960073,-0.274395,0.125889,0.736827
1564164067981050,-0.274656,0.125883,0.736949
1564164067997500,-0.275002,0.125669,0.737238
1564164068019962,-0.275229,0.125392,0.737385
1564164068042417,-0.274975,0.125051,0.737589
1564164068063377,-0.274823,0.124717,0.737471
1564164068079851,-0.274662,0.124785,0.73746
1564164068102307,-0.275189,0.124467,0.737507
1564164068117278,-0.275697,0.124167,0.737665
1564164068140236,-0.275749,0.12367,0.737715
1564164068162693,-0.275411,0.123518,0.737606
1564164068177683,-0.275368,0.123631,0.737594
1564164068200124,-0.275834,0.123444,0.73774
1564164068222582,-0.275834,0.123444,0.73774
1564164068237057,-0.275214,0.123352,0.737908
1564164068267499,-0.275161,0.123117,0.738188
1564164068282471,-0.27577,0.122879,0.738456
1564164068296944,-0.27577,0.122879,0.738456
1564164068319905,-0.275506,0.122922,0.738623
1564164068342862,-0.27513,0.122823,0.738879
1564164068356836,-0.275139,0.122458,0.739061
1564164068379790,-0.275409,0.122086,0.739365
1564164068402248,-0.275485,0.122244,0.739352
1564164068423708,-0.275485,0.122244,0.739352
1564164068440178,-0.274904,0.122363,0.739873
1564164068470122,-0.274238,0.12269,0.740225
1564164068476610,-0.273309,0.12304,0.7406
1564164068500067,-0.272162,0.123264,0.740721
1564164068522525,-0.272033,0.122889,0.741158
1564164068543505,-0.272489,0.122372,0.741741
1564164068559955,-0.272792,0.12229,0.742163
1564164068582417,-0.271949,0.122395,0.742419
1564164068603374,-0.271194,0.122256,0.742555
1564164068619847,-0.271583,0.121948,0.743001
1564164068642302,-0.272482,0.121323,0.743462
1564164068663761,-0.272517,0.120862,0.743767
1564164068680231,-0.27217,0.120379,0.744095
1564164068702689,-0.27217,0.120379,0.744095
1564164068723651,-0.27256,0.120053,0.744399
1564164068740140,-0.273317,0.119479,0.744739
1564164068762581,-0.273957,0.118842,0.744936
1564164068783559,-0.274411,0.118332,0.744709
1564164068800012,-0.274744,0.117831,0.744916
1564164068822471,-0.275254,0.117532,0.745077
1564164068843448,-0.275732,0.116982,0.745408
1564164068859901,-0.276795,0.11631,0.746032
1564164068882356,-0.277971,0.1153,0.746663
1564164068903321,-0.278425,0.11444,0.747546
1564164068919789,-0.278812,0.113438,0.7494
1564164068942744,-0.279791,0.11126,0.752328
1564164068963208,-0.282616,0.111198,0.755539
1564164068980177,-0.286695,0.113361,0.758591
1564164069002636,-0.288104,0.11626,0.760658
1564164069025093,-0.286147,0.118153,0.764022
1564164069030580,-0.283072,0.119501,0.768553
1564164069045552,-0.28111,0.121033,0.773056
1564164069068031,-0.277741,0.123421,0.775074
1564164069090469,-0.272385,0.125719,0.776707
1564164069105442,-0.266387,0.128239,0.779817
1564164069127919,-0.263288,0.130222,0.782049
1564164069150377,-0.262124,0.132109,0.782824
1564164069172816,-0.261759,0.13534,0.782358
1564164069187789,-0.261082,0.139358,0.781824
1564164069210250,-0.261051,0.143404,0.781391
1564164069225238,-0.261655,0.146246,0.780958
1564164069250675,-0.263166,0.149415,0.781798
1564164069270135,-0.263909,0.153184,0.782611
1564164069285606,-0.265688,0.158014,0.783968
1564164069308064,-0.268381,0.162857,0.786248
1564164069330523,-0.271924,0.167543,0.788485
1564164069345496,-0.274852,0.172403,0.790852
1564164069367956,-0.276539,0.176054,0.793137
1564164069390412,-0.276834,0.178802,0.795134
1564164069405403,-0.276878,0.180854,0.796805
1564164069427862,-0.276599,0.181818,0.797677
1564164069450320,-0.276697,0.183218,0.797806
1564164069465276,-0.277321,0.184351,0.797393
1564164069487733,-0.278086,0.185207,0.79662
1564164069510208,-0.278635,0.185869,0.795975
1564164069528156,-0.278647,0.186218,0.795684
1564164069548119,-0.278758,0.186612,0.795355
1564164069570576,-0.27934,0.187143,0.795402
1564164069587046,-0.280102,0.187635,0.795636
1564164069608009,-0.280086,0.18761,0.795454
1564164069630465,-0.280026,0.188109,0.795416
1564164069652927,-0.280136,0.188833,0.795479
1564164069667915,-0.280567,0.189777,0.795228
1564164069685866,-0.280954,0.190197,0.7952
1564164069706825,-0.28091,0.190309,0.795191
1564164069730799,-0.28091,0.190309,0.795191
1564164069745752,-0.28091,0.190309,0.795191
1564164069766715,-0.28091,0.190309,0.795191
1564164069787693,-0.28091,0.190309,0.795191
1564164069805640,-0.281029,0.190358,0.795188
1564164069826601,-0.281029,0.190358,0.795188
1564164069855547,-0.28091,0.190309,0.795191
1564164069866028,-0.281029,0.190358,0.795188
1564164069887009,-0.281029,0.190358,0.795188
1564164069907969,-0.280492,0.190661,0.795163
1564164069926420,-0.280492,0.190661,0.795163
1564164069948376,-0.280566,0.190822,0.795152
1564164069967838,-0.280566,0.190822,0.795152
1564164069985809,-0.280276,0.191182,0.794823
1564164070008264,-0.280231,0.191294,0.794815
1564164070027727,-0.280231,0.191294,0.794815
1564164070045694,-0.280231,0.191294,0.794815
1564164070068173,-0.27995,0.191388,0.794575
1564164070088114,-0.279886,0.191496,0.794533
1564164070105583,-0.280005,0.191545,0.79453
1564164070135530,-0.280005,0.191545,0.79453
1564164070148005,-0.27996,0.191658,0.794521
1564164070165472,-0.27996,0.191658,0.794521
1564164070188432,-0.279916,0.19177,0.794513
1564164070209395,-0.279916,0.19177,0.794513
1564164070225863,-0.280035,0.191819,0.79451
1564164070248338,-0.27999,0.191931,0.794502
1564164070267801,-0.27999,0.191931,0.794502
1564164070285768,-0.28011,0.19198,0.794499
1564164070308206,-0.280065,0.192093,0.79449
1564164070335159,-0.280065,0.192093,0.79449
1564164070345637,-0.280065,0.192093,0.79449
1564164070368095,-0.28012,0.19225,0.794445
1564164070388057,-0.28012,0.19225,0.794445
1564164070410535,-0.280194,0.192411,0.794433
1564164070428503,-0.280194,0.192411,0.794433
1564164070447946,-0.279683,0.193008,0.794538
1564164070465913,-0.279023,0.193282,0.794666
1564164070487376,-0.278431,0.193428,0.794688
1564164070511329,-0.278046,0.193087,0.794479
1564164070525303,-0.27768,0.19234,0.79415
1564164070547263,-0.277251,0.191066,0.794008
1564164070568721,-0.27725,0.189075,0.794069
1564164070585191,-0.275938,0.187363,0.793608
1564164070607669,-0.272347,0.186337,0.792773
1564164070636099,-0.2684,0.186852,0.791649
1564164070645080,-0.266563,0.188674,0.792086
1564164070667538,-0.266131,0.189823,0.791329
1564164070689997,-0.264714,0.191375,0.790697
1564164070704969,-0.263339,0.192097,0.790537
1564164070728924,-0.261678,0.192217,0.790751
1564164070748388,-0.25956,0.192888,0.78984
1564164070764861,-0.259216,0.1932,0.788614
1564164070787316,-0.261514,0.191524,0.788678
1564164070808779,-0.263564,0.189297,0.789992
1564164070825245,-0.263269,0.188735,0.789799
1564164070847704,-0.260601,0.189874,0.787496
1564164070871658,-0.256164,0.192232,0.784262
1564164070885134,-0.253399,0.194045,0.781381
1564164070915081,-0.256294,0.192468,0.778982
1564164070930052,-0.263175,0.188295,0.776534
1564164070944523,-0.266392,0.184566,0.773264
1564164070967481,-0.263819,0.181615,0.769213
1564164070989940,-0.260707,0.176571,0.765793
1564164071010899,-0.261763,0.171012,0.7632
1564164071027370,-0.264935,0.166189,0.760637
1564164071049831,-0.267639,0.161852,0.758208
1564164071064301,-0.268815,0.157912,0.756303
1564164071087258,-0.2691,0.154511,0.755055
1564164071117701,-0.269481,0.151864,0.754126
1564164071124190,-0.26989,0.1502,0.753525
1564164071147650,-0.270151,0.148812,0.75324
1564164071170108,-0.270982,0.147015,0.75315
1564164071191084,-0.271792,0.145297,0.752795
1564164071207535,-0.271727,0.144103,0.752117
1564164071229996,-0.271078,0.143741,0.751501
1564164071244486,-0.271014,0.14324,0.751023
1564164071267430,-0.271382,0.142282,0.750709
1564164071289882,-0.271317,0.141781,0.750231
1564164071304355,-0.271144,0.141541,0.749989
1564164071327313,-0.271585,0.141471,0.750151
1564164071350270,-0.272366,0.141518,0.750131
1564164071371230,-0.272366,0.141518,0.750131
1564164071395186,-0.271997,0.141784,0.750246
1564164071410158,-0.271674,0.141918,0.750227
1564164071431139,-0.27163,0.142031,0.750216
1564164071447608,-0.27163,0.142031,0.750216
1564164071470546,-0.271749,0.142077,0.750215
1564164071491027,-0.271749,0.142077,0.750215
1564164071507481,-0.271749,0.142077,0.750215
1564164071529936,-0.271749,0.142077,0.750215
1564164071550916,-0.271749,0.142077,0.750215
1564164071567370,-0.271706,0.14219,0.750204
1564164071589827,-0.271814,0.141887,0.750493
1564164071611288,-0.271496,0.141674,0.750799
1564164071627255,-0.271496,0.141674,0.750799
1564164071650212,-0.271853,0.141769,0.751319
1564164071672670,-0.272394,0.141701,0.751971
1564164071687658,-0.272394,0.141701,0.751971
1564164071710103,-0.271442,0.142087,0.751802
1564164071731065,-0.270208,0.142512,0.751771
1564164071748031,-0.270089,0.142467,0.751772
1564164071769993,-0.270789,0.142411,0.752199
1564164071790951,-0.270789,0.142411,0.752199
1564164071807421,-0.270789,0.142411,0.752199
1564164071829884,-0.270301,0.142631,0.752316
1564164071852337,-0.270301,0.142631,0.752316
1564164071866810,-0.27042,0.142677,0.752315
1564164071889771,-0.27042,0.142677,0.752315
1564164071912724,-0.270377,0.14279,0.752304
1564164071927696,-0.270377,0.14279,0.752304
1564164071950174,-0.270377,0.14279,0.752304
1564164071972613,-0.270359,0.142788,0.75227
1564164071987093,-0.270316,0.1429,0.75226
1564164072010047,-0.270316,0.1429,0.75226
1564164072032505,-0.270434,0.142946,0.752258
1564164072046975,-0.270434,0.142946,0.752258
1564164072077419,-0.270314,0.142962,0.75188
1564164072092391,-0.270196,0.142916,0.751882
1564164072106864,-0.270314,0.142962,0.75188
1564164072129821,-0.270704,0.142618,0.752032
1564164072152282,-0.270704,0.142618,0.752032
1564164072166753,-0.270661,0.142731,0.752021
1564164072190208,-0.270661,0.142731,0.752021
1564164072212666,-0.271237,0.142267,0.751781
1564164072226641,-0.272081,0.142184,0.751661
1564164072250098,-0.272081,0.142184,0.751661
1564164072272555,-0.272081,0.142184,0.751661
1564164072287029,-0.271669,0.141871,0.751566
1564164072309986,-0.271719,0.141411,0.751901
1564164072332448,-0.272618,0.140771,0.752206
1564164072354906,-0.274298,0.140156,0.753163
1564164072369875,-0.276352,0.138969,0.754626
1564164072392334,-0.278329,0.137222,0.755964
1564164072413294,-0.27967,0.13519,0.756487
1564164072430263,-0.279214,0.134338,0.754844
1564164072452721,-0.276697,0.134692,0.751874
1564164072473681,-0.273669,0.135449,0.748667
1564164072490154,-0.272897,0.136818,0.746782
1564164072512610,-0.274853,0.137302,0.745761
1564164072533573,-0.277261,0.137288,0.745465
1564164072550041,-0.277585,0.137153,0.745486
1564164072579985,-0.274746,0.137605,0.745471
1564164072593479,-0.271432,0.138562,0.746475
1564164072609932,-0.269441,0.140183,0.748317
1564164072632886,-0.269255,0.141663,0.749776
1564164072653367,-0.270236,0.143908,0.750575
1564164072669818,-0.271009,0.146768,0.749981
1564164072692276,-0.271868,0.148728,0.749354
1564164072713735,-0.271772,0.150681,0.750225
1564164072730205,-0.27012,0.152786,0.75176
1564164072752663,-0.270842,0.154631,0.753147
1564164072775124,-0.274067,0.155821,0.754791
1564164072790098,-0.27758,0.156651,0.756768
1564164072812552,-0.27941,0.160058,0.759167
1564164072835030,-0.280775,0.162939,0.761083
1564164072857469,-0.283508,0.166416,0.763166
1564164072873939,-0.287483,0.170218,0.764945
1564164072894902,-0.291265,0.172051,0.767189
1564164072909376,-0.291786,0.174026,0.768832
1564164072932330,-0.289877,0.175985,0.770809
1564164072955287,-0.289708,0.177625,0.772924
1564164072969261,-0.291085,0.179144,0.774477
1564164072992717,-0.292004,0.18078,0.775453
1564164073014676,-0.292074,0.182546,0.776179
1564164073029150,-0.292079,0.183865,0.776862
1564164073060113,-0.293017,0.184499,0.777429
1564164073075066,-0.294014,0.185368,0.777713
1564164073089538,-0.294015,0.186023,0.777625
1564164073112498,-0.294036,0.186682,0.77757
1564164073135459,-0.294165,0.18702,0.777659
1564164073149429,-0.293571,0.187846,0.777734
1564164073172384,-0.292894,0.188876,0.777642
1564164073194842,-0.292971,0.189037,0.77763
1564164073209318,-0.29295,0.189033,0.777596
1564164073232272,-0.29295,0.189033,0.777596
1564164073255229,-0.29284,0.189697,0.777127
1564164073276191,-0.293301,0.190307,0.776519
1564164073292660,-0.293446,0.19066,0.775929
1564164073315118,-0.293204,0.191007,0.775519
1564164073336081,-0.293204,0.191007,0.775519
1564164073352549,-0.293204,0.191007,0.775519
1564164073375010,-0.293204,0.191007,0.775519
1564164073395987,-0.292991,0.190873,0.775264
1564164073412937,-0.292596,0.1909,0.77488
1564164073434896,-0.292432,0.190965,0.774873
1564164073455857,-0.292553,0.191012,0.77487
1564164073472327,-0.292489,0.191121,0.774827
1564164073479314,-0.292643,0.190766,0.774742
1564164073500278,-0.292375,0.190475,0.774533
1564164073522733,-0.292053,0.189908,0.774312
1564164073537724,-0.292009,0.190021,0.774303
1564164073560163,-0.292009,0.190021,0.774303
1564164073583123,-0.292129,0.190068,0.7743
1564164073597612,-0.292129,0.190068,0.7743
1564164073620557,-0.292129,0.190068,0.7743
1564164073643011,-0.292129,0.190068,0.7743
1564164073658001,-0.292071,0.189579,0.77396
1564164073687944,-0.292163,0.188657,0.773772
1564164073702897,-0.292532,0.188082,0.773409
1564164073717870,-0.292887,0.187913,0.773162
1564164073743326,-0.294015,0.187434,0.77303
1564164073758295,-0.29494,0.186112,0.77315
1564164073777758,-0.294835,0.185756,0.772949
1564164073800237,-0.29363,0.186398,0.772618
1564164073818183,-0.29363,0.186398,0.772618
1564164073837667,-0.294253,0.186198,0.773055
1564164073860106,-0.294029,0.186028,0.77333
1564164073878072,-0.292865,0.186256,0.773631
1564164073898034,-0.292801,0.186365,0.773587
1564164073920494,-0.293374,0.186642,0.773834
1564164073938480,-0.293374,0.186642,0.773834
1564164073957923,-0.292966,0.186632,0.77398
1564164073980402,-0.292682,0.187325,0.774035
1564164073998348,-0.292638,0.187438,0.774025
1564164074020807,-0.292594,0.187551,0.774016
1564164074040270,-0.292594,0.187551,0.774016
1564164074058240,-0.292091,0.187476,0.774051
1564164074077701,-0.292091,0.187476,0.774051
1564164074100180,-0.292091,0.187476,0.774051
1564164074118127,-0.292438,0.187251,0.774188
1564164074138089,-0.292359,0.186435,0.774288
1564164074160547,-0.292242,0.185036,0.774173
1564164074178513,-0.292166,0.184875,0.774185
1564164074197991,-0.291772,0.185557,0.773712
1564164074220455,-0.291552,0.186887,0.772775
1564164074244394,-0.291184,0.186876,0.77213
1564164074257866,-0.2916,0.18659,0.771068
1564164074280335,-0.29111,0.1862,0.770041
1564164074298291,-0.29009,0.185522,0.76869
1564164074319253,-0.288335,0.18599,0.767206
1564164074340213,-0.287178,0.187738,0.765593
1564164074358680,-0.286565,0.189136,0.763718
1564164074379141,-0.286417,0.189679,0.761915
1564164074400601,-0.285488,0.188764,0.760441
1564164074418069,-0.282835,0.188104,0.759122
1564164074447014,-0.281004,0.188814,0.757635
1564164074460489,-0.281212,0.188732,0.756708
1564164074478456,-0.281756,0.187763,0.755999
1564164074499421,-0.280247,0.186509,0.755373
1564164074521876,-0.277925,0.184898,0.755362
1564164074538348,-0.276641,0.184413,0.75561
1564164074559306,-0.272123,0.185633,0.756463
1564164074580278,-0.262309,0.187451,0.756386
1564164074598254,-0.253339,0.19052,0.75703
1564164074620713,-0.249375,0.191648,0.758472
1564164074640176,-0.252998,0.191428,0.756977
1564164074658124,-0.260637,0.191632,0.754593
1564164074682098,-0.269166,0.188623,0.754678
1564164074700543,-0.273616,0.184749,0.753927
1564164074718510,-0.268305,0.183084,0.752154
1564164074740968,-0.258239,0.183451,0.750277
1564164074760433,-0.253305,0.184955,0.748997
1564164074778399,-0.256337,0.18566,0.749877
1564164074801376,-0.263368,0.184876,0.751938
1564164074820340,-0.267686,0.183991,0.752792
1564164074838787,-0.265346,0.184263,0.751354
1564164074860746,-0.259376,0.184721,0.749565
1564164074880210,-0.255388,0.184792,0.748522
1564164074898177,-0.257143,0.182678,0.748247
1564164074926126,-0.262145,0.180116,0.747759
1564164074941101,-0.264186,0.179477,0.746141
1564164074957567,-0.262912,0.179889,0.743735
1564164074979526,-0.261822,0.179055,0.742121
1564164075002484,-0.263163,0.177773,0.740734
1564164075017454,-0.264944,0.1764,0.739357
1564164075039913,-0.265564,0.175555,0.738349
1564164075054386,-0.264679,0.174048,0.737714
1564164075077843,-0.264119,0.172488,0.736859
1564164075099802,-0.264592,0.171265,0.736288
1564164075121261,-0.264711,0.17131,0.736285
1564164075137233,-0.264711,0.17131,0.736285
1564164075160204,-0.265486,0.170939,0.736948
1564164075181151,-0.267177,0.169965,0.737404
1564164075197621,-0.266804,0.169541,0.737321
1564164075220097,-0.264045,0.170255,0.736283
1564164075241558,-0.262865,0.170992,0.735591
1564164075257509,-0.265124,0.170647,0.735266
1564164075279967,-0.268214,0.169844,0.73495
1564164075300938,-0.268681,0.170085,0.734528
1564164075317397,-0.267379,0.170427,0.734156
1564164075339858,-0.26648,0.170323,0.734047
1564164075361317,-0.266942,0.170133,0.734177
1564164075377287,-0.268382,0.169839,0.73458
1564164075407233,-0.269023,0.16985,0.734662
1564164075421207,-0.268594,0.170331,0.734655
1564164075437673,-0.267062,0.171257,0.73435
1564164075460152,-0.266494,0.172057,0.734139
1564164075481093,-0.267647,0.17254,0.734333
1564164075497565,-0.269433,0.171992,0.734722
1564164075520021,-0.269594,0.171924,0.734728
1564164075540982,-0.26885,0.172504,0.73442
1564164075557951,-0.268928,0.172662,0.734408
1564164075579910,-0.270714,0.172482,0.734623
1564164075603869,-0.271955,0.172353,0.734866
1564164075617340,-0.271472,0.172191,0.735022
1564164075640299,-0.270127,0.171829,0.735223
1564164075662257,-0.269006,0.172004,0.734978
1564164075685213,-0.268283,0.172936,0.734384
1564164075700219,-0.268267,0.173382,0.733944
1564164075722644,-0.268916,0.173089,0.733823
1564164075737653,-0.269502,0.172558,0.733979
1564164075760077,-0.269502,0.172558,0.733979
1564164075782536,-0.269622,0.172604,0.733976
1564164075797018,-0.27012,0.172686,0.734085
1564164075819966,-0.270837,0.172508,0.734475
1564164075842425,-0.270879,0.172394,0.734484
1564164075856897,-0.270837,0.172508,0.734475
1564164075879886,-0.27107,0.172272,0.734089
1564164075909798,-0.271978,0.171971,0.734085
1564164075916789,-0.272899,0.170981,0.73391
1564164075939742,-0.273675,0.170694,0.733499
1564164075962700,-0.274185,0.170454,0.733263
1564164075976681,-0.274444,0.170446,0.733379
1564164076000130,-0.274908,0.169524,0.733863
1564164076022589,-0.275495,0.168994,0.734025
1564164076037061,-0.275078,0.16905,0.733757
1564164076060021,-0.275036,0.169164,0.733747
1564164076082477,-0.275761,0.169049,0.733763
1564164076103457,-0.276308,0.168979,0.733594
1564164076119908,-0.276236,0.168883,0.733229
1564164076142374,-0.276074,0.168951,0.733222
1564164076163333,-0.276876,0.16926,0.733136
1564164076186283,-0.276876,0.16926,0.733136
1564164076202256,-0.276996,0.169305,0.733133
1564164076223719,-0.277038,0.169191,0.733143
1564164076240682,-0.277258,0.169746,0.73284
1564164076262642,-0.277216,0.169859,0.73283
1564164076283643,-0.277397,0.169693,0.732958
1564164076300080,-0.27723,0.168701,0.732926
1564164076322531,-0.275751,0.168456,0.732628
1564164076343529,-0.274352,0.168269,0.732406
1564164076359962,-0.275044,0.167496,0.732476
1564164076389905,-0.277864,0.166308,0.732908
1564164076403422,-0.279928,0.16468,0.733296
1564164076419884,-0.280534,0.162709,0.733508
1564164076442313,-0.281043,0.159885,0.734349
1564164076464771,-0.28325,0.155589,0.736473
1564164076479738,-0.287461,0.150642,0.7395
1564164076502696,-0.289205,0.147665,0.741938
1564164076523657,-0.287173,0.146283,0.743194
1564164076540126,-0.285069,0.144778,0.743938
1564164076562587,-0.283849,0.142322,0.745574
1564164076585043,-0.28519,0.138708,0.748366
1564164076600020,-0.288466,0.135331,0.750326
1564164076622474,-0.290767,0.131106,0.750421
1564164076644931,-0.293293,0.127352,0.748864
1564164076667392,-0.297516,0.124397,0.745759
1564164076682361,-0.303893,0.120953,0.741767
1564164076704821,-0.309937,0.115612,0.739974
1564164076726280,-0.316153,0.109436,0.741239
1564164076742753,-0.321844,0.102596,0.742918
1564164076765208,-0.326145,0.0965684,0.742647
1564164076793739,-0.328899,0.0910211,0.741101
1564164076802715,-0.331221,0.0852436,0.740023
1564164076825217,-0.336789,0.0790802,0.740062
1564164076846156,-0.345028,0.0718969,0.74103
1564164076868592,-0.352067,0.0647243,0.741766
1564164076885084,-0.355276,0.0577017,0.741447
1564164076906061,-0.355836,0.0516751,0.740769
1564164076922491,-0.357306,0.0460586,0.740325
1564164076945452,-0.361408,0.0405592,0.740017
1564164076965971,-0.366453,0.0360898,0.739749
1564164076982383,-0.369622,0.0322841,0.739148
1564164077005339,-0.37082,0.0290148,0.738321
1564164077026304,-0.371677,0.0259583,0.737341
1564164077042271,-0.373603,0.0231505,0.736091
1564164077072713,-0.376148,0.0212247,0.734901
1564164077086247,-0.378409,0.0195733,0.733464
1564164077102661,-0.380259,0.0179989,0.73203
1564164077125123,-0.381784,0.0165815,0.730679
1564164077146113,-0.382752,0.0155104,0.729318
1564164077162547,-0.383352,0.0148294,0.728189
1564164077185005,-0.382974,0.0141841,0.726942
1564164077205973,-0.38215,0.0140798,0.725974
1564164077222436,-0.382081,0.0138004,0.725356
1564164077245394,-0.382261,0.013279,0.725072
1564164077266353,-0.381543,0.0127195,0.725009
1564164077282327,-0.379342,0.0121318,0.724811
1564164077304783,-0.377446,0.0118598,0.724501
1564164077326254,-0.376738,0.011575,0.724359
1564164077350200,-0.376858,0.0116176,0.724365
1564164077365175,-0.377326,0.0107203,0.724298
1564164077386144,-0.37707,0.00991709,0.724017
1564164077402614,-0.375983,0.00955877,0.723615
1564164077425059,-0.37494,0.00951066,0.723447
1564164077446058,-0.374978,0.00937704,0.723333
1564164077462489,-0.37563,0.00945263,0.723738
1564164077484948,-0.376188,0.00949995,0.724311
1564164077507413,-0.375701,0.00980211,0.724745
1564164077521884,-0.3743,0.0103722,0.72494
1564164077544836,-0.372981,0.0111181,0.725256
1564164077573791,-0.372309,0.0115434,0.725418
1564164077582268,-0.371701,0.0117303,0.725459
1564164077605225,-0.371821,0.011773,0.725465
1564164077627681,-0.371769,0.0118638,0.725298
1564164077642654,-0.371361,0.0121982,0.725076
1564164077665112,-0.370517,0.0126004,0.724678
1564164077687570,-0.369852,0.012976,0.724592
1564164077702043,-0.369852,0.012976,0.724592
1564164077725000,-0.369845,0.0129548,0.724452
1564164077747459,-0.369687,0.0130455,0.724562
1564164077761932,-0.368688,0.0131883,0.724454
1564164077784965,-0.368106,0.0133186,0.72428
1564164077807432,-0.367556,0.0133652,0.724239
1564164077821897,-0.367556,0.0133652,0.724239
1564164077844855,-0.36703,0.0136577,0.724014
1564164077867810,-0.365999,0.0138849,0.723774
1564164077881784,-0.365,0.013958,0.723278
1564164077905241,-0.364398,0.0144475,0.722895
1564164077927699,-0.364398,0.0144475,0.722895
1564164077933198,-0.363519,0.0146338,0.722795
1564164077950156,-0.362464,0.0148977,0.722175
1564164077970619,-0.361016,0.0154211,0.721439
1564164077993078,-0.359942,0.0161145,0.721001
1564164078009547,-0.359044,0.0166606,0.720695
1564164078030517,-0.358128,0.0173333,0.720538
1564164078054463,-0.355945,0.0181514,0.72014
1564164078069436,-0.353346,0.0193352,0.719639
1564164078090397,-0.351505,0.0202894,0.719232
1564164078112855,-0.351461,0.0204019,0.719208
1564164078130821,-0.351422,0.0205347,0.719325
1564164078150285,-0.350043,0.0206591,0.719223
1564164078172744,-0.347941,0.0212153,0.718604
1564164078189213,-0.346697,0.0219435,0.717871
1564164078210672,-0.346522,0.0226805,0.717214
1564164078232633,-0.346946,0.023276,0.716754
1564164078249109,-0.346777,0.0236797,0.716412
1564164078270561,-0.346126,0.0242475,0.715738
1564164078293019,-0.345481,0.0248358,0.715205
1564164078309488,-0.345088,0.0251291,0.714747
1564164078333445,-0.345208,0.0251714,0.714751
1564164078352912,-0.345208,0.0251714,0.714751
1564164078369382,-0.345164,0.025284,0.714728
1564164078390386,-0.345164,0.025284,0.714728
1564164078412836,-0.345164,0.025284,0.714728
1564164078429270,-0.344412,0.0254506,0.714256
1564164078450227,-0.343753,0.0254124,0.713971
1564164078472686,-0.343239,0.0253098,0.713682
1564164078490656,-0.342765,0.025429,0.713102
1564164078510615,-0.34246,0.0254981,0.71269
1564164078533072,-0.341828,0.0257082,0.712224
1564164078550545,-0.34136,0.0258482,0.711786
1564164078570554,-0.34136,0.0258482,0.711786
1564164078593003,-0.340786,0.0262195,0.71127
1564164078611427,-0.34047,0.0266696,0.710795
1564164078630434,-0.34016,0.0271398,0.710462
1564164078652895,-0.34016,0.0271398,0.710462
1564164078670817,-0.340141,0.0271455,0.71043
1564164078690323,-0.34026,0.0271876,0.710434
1564164078712739,-0.340731,0.0276708,0.709999
1564164078730706,-0.341504,0.027998,0.709444
1564164078750210,-0.342396,0.0283669,0.708895
1564164078773133,-0.343151,0.0291194,0.708526
1564164078790595,-0.34396,0.0297994,0.70846
1564164078813053,-0.344334,0.0301985,0.7084
1564164078833015,-0.344837,0.0306802,0.708624
1564164078850981,-0.345664,0.0306664,0.709075
1564164078870488,-0.346558,0.0308541,0.709756
1564164078892947,-0.347832,0.0307078,0.710613
1564164078910872,-0.349012,0.0305354,0.711639
1564164078930334,-0.350149,0.0304767,0.712644
1564164078960318,-0.351223,0.0305375,0.713594
1564164078970761,-0.352475,0.0309241,0.714679
1564164078990254,-0.35384,0.0316333,0.715663
1564164079015679,-0.35495,0.0323182,0.716399
1564164079030650,-0.355275,0.0328995,0.716704
1564164079051643,-0.355055,0.0338833,0.716804
1564164079073071,-0.354436,0.0347837,0.716478
1564164079090539,-0.35382,0.0360378,0.71598
1564164079111998,-0.353205,0.0372034,0.714954
1564164079128467,-0.352481,0.0382802,0.713675
1564164079150925,-0.351451,0.0390715,0.712161
1564164079171887,-0.35027,0.0395548,0.710685
1564164079188358,-0.349278,0.0395633,0.709193
1564164079210816,-0.348094,0.0393972,0.707857
1564164079239267,-0.347178,0.0388084,0.706442
1564164079248246,-0.346741,0.0380546,0.705355
1564164079270704,-0.346394,0.0370963,0.704453
1564164079293162,-0.345869,0.036235,0.703633
1564164079308135,-0.345674,0.0352525,0.703006
1564164079331091,-0.345662,0.0344921,0.702474
1564164079351553,-0.346044,0.0337902,0.702224
1564164079368521,-0.346406,0.0330936,0.701943
1564164079389983,-0.346893,0.032459,0.701807
1564164079412440,-0.347078,0.0319818,0.701789
1564164079426913,-0.34748,0.0315728,0.701609
1564164079450371,-0.347944,0.0313443,0.701518
1564164079472329,-0.34838,0.0312025,0.701296
1564164079486802,-0.348989,0.0310305,0.701381
1564164079517277,-0.349496,0.0306891,0.701314
1564164079532716,-0.349453,0.0308019,0.701291
1564164079546692,-0.349453,0.0308019,0.701291
1564164079571645,-0.349453,0.0308019,0.701291
1564164079592604,-0.349535,0.0306435,0.701725
1564164079606578,-0.35005,0.0304108,0.702325
1564164079630034,-0.350449,0.0301573,0.703062
1564164079652515,-0.350009,0.029945,0.703456
1564164079666965,-0.349496,0.029932,0.703695
1564164079689923,-0.349453,0.0300448,0.703672
1564164079719868,-0.350005,0.0300124,0.703844
1564164079726854,-0.350549,0.030027,0.704263
1564164079749817,-0.350669,0.0300688,0.704268
1564164079772270,-0.350589,0.0299818,0.704675
1564164079794728,-0.350763,0.0302513,0.705017
1564164079810202,-0.350861,0.0307875,0.705593
1564164079832658,-0.351093,0.0313395,0.706065
1564164079847134,-0.351378,0.0320311,0.706347
1564164079870089,-0.351662,0.0327228,0.706629
1564164079892557,-0.351802,0.0334798,0.706915
1564164079913508,-0.351376,0.0342942,0.707139
1564164079929978,-0.350715,0.0350453,0.707496
1564164079952437,-0.350001,0.0356567,0.708045
1564164079973402,-0.349065,0.0360557,0.708436
1564164079997354,-0.348433,0.0364205,0.708891
1564164080012826,-0.348188,0.0364034,0.709272
1564164080033784,-0.348188,0.0364034,0.709272
1564164080049762,-0.347632,0.0365013,0.709492
1564164080072713,-0.346936,0.0365975,0.709328
1564164080093673,-0.346456,0.0367629,0.709
1564164080110143,-0.346576,0.036805,0.709004
1564164080132601,-0.346576,0.036805,0.709004
1564164080153565,-0.346701,0.0368677,0.709149
1564164080170036,-0.346202,0.0371256,0.709319
1564164080192988,-0.345694,0.0371311,0.709702
1564164080213487,-0.345095,0.0373413,0.7099
1564164080229984,-0.345095,0.0373413,0.7099
1564164080252442,-0.345095,0.0373413,0.7099
1564164080274901,-0.345095,0.0373413,0.7099
1564164080289873,-0.345095,0.0373413,0.7099
1564164080312335,-0.345052,0.037454,0.709878
1564164080333797,-0.345052,0.037454,0.709878
1564164080349762,-0.345009,0.0375667,0.709855
1564164080372721,-0.345009,0.0372325,0.710167
1564164080402665,-0.345292,0.0368701,0.710509
1564164080410157,-0.345269,0.0366435,0.710831
1564164080432609,-0.345351,0.0364847,0.711265
1564164080455068,-0.345899,0.0360997,0.711606
1564164080470039,-0.346571,0.0357777,0.712091
1564164080492500,-0.347086,0.0355468,0.712692
1564164080514957,-0.347538,0.0354342,0.713237
1564164080529430,-0.347851,0.0354072,0.71393
1564164080552393,-0.348007,0.03505,0.714518
1564164080574854,-0.347851,0.0348071,0.714945
1564164080589318,-0.347807,0.0349196,0.714923
1564164080612276,-0.347707,0.0348718,0.714951
1564164080635233,-0.347828,0.0345806,0.715268
1564164080649233,-0.347709,0.0345382,0.715263
1564164080680162,-0.346904,0.0342097,0.715158
1564164080695122,-0.345921,0.0339772,0.715135
1564164080709594,-0.345298,0.0338722,0.715124
1564164080732552,-0.344564,0.0336786,0.714859
1564164080755011,-0.343638,0.0336423,0.714438
1564164080769496,-0.342883,0.0337891,0.713829
1564164080792441,-0.342536,0.0339708,0.713397
1564164080814906,-0.342606,0.0344401,0.712926
1564164080829377,-0.342197,0.03474,0.712439
1564164080852362,-0.342041,0.0350992,0.711852
1564164080874793,-0.342041,0.0350992,0.711852
1564164080903741,-0.342161,0.0351415,0.711856
1564164080912227,-0.342161,0.0351415,0.711856
1564164080935181,-0.341868,0.0355499,0.711763
1564164080956140,-0.341868,0.0355499,0.711763
1564164080972605,-0.341868,0.0355499,0.711763
1564164080995064,-0.342272,0.0352295,0.712109
1564164081016030,-0.34271,0.0348424,0.712726
1564164081032497,-0.342836,0.0345705,0.713183
1564164081054974,-0.342723,0.034214,0.713632
1564164081075952,-0.342523,0.0340826,0.714036
1564164081092382,-0.342487,0.033881,0.714466
1564164081114874,-0.342489,0.0335465,0.714778
1564164081136310,-0.342489,0.0335465,0.714778
1564164081152285,-0.341975,0.0338643,0.714709
1564164081181225,-0.341488,0.0344297,0.714459
1564164081196188,-0.341241,0.03508,0.714217
1564164081212662,-0.341258,0.0357078,0.713974
1564164081235617,-0.341199,0.0361806,0.713749
1564164081256080,-0.340925,0.0365835,0.713689
1564164081272547,-0.340392,0.0369069,0.713589
1564164081295028,-0.340392,0.0369069,0.713589
1564164081316968,-0.340392,0.0369069,0.713589
1564164081332435,-0.340469,0.037062,0.713571
1564164081354894,-0.340469,0.037062,0.713571
1564164081377353,-0.340469,0.037062,0.713571
1564164081392325,-0.340829,0.0368543,0.713894
1564164081414782,-0.341233,0.0365342,0.714239
1564164081437242,-0.341349,0.0362217,0.714414
1564164081460200,-0.341349,0.0362217,0.714414
1564164081475172,-0.341229,0.0361793,0.71441
