timestamp,x,y,z,w
1563815718539888,0.275757,0.243164,-0.843079,0.392578
1563815718554878,0.28595,0.254028,-0.837708,0.389771
1563815718585861,0.295471,0.264404,-0.832581,0.386719
1563815718600852,0.304382,0.273804,-0.82782,0.383545
1563815718616843,0.312805,0.282227,-0.823303,0.380371
1563815718638830,0.32074,0.289673,-0.819092,0.377197
1563815718659819,0.328186,0.296204,-0.815247,0.374023
1563815718674810,0.335449,0.302002,-0.811646,0.37085
1563815718729778,0.342224,0.307312,-0.808105,0.36792
1563815718731777,0.348328,0.312317,-0.80481,0.365295
1563815718739772,0.353821,0.317017,-0.801636,0.362915
1563815718759761,0.358643,0.32135,-0.798706,0.360779
1563815718779750,0.363037,0.325073,-0.796082,0.358826
1563815718842713,0.367065,0.328369,-0.793762,0.356812
1563815718842713,0.37085,0.331543,-0.791687,0.354675
1563815718843712,0.374329,0.334473,-0.789673,0.352722
1563815718862701,0.377319,0.337524,-0.787659,0.351135
1563815718877693,0.379639,0.340454,-0.785889,0.349854
1563815718901679,0.381775,0.343567,-0.783997,0.348572
1563815718917670,0.383484,0.346497,-0.78241,0.347412
1563815718944655,0.384277,0.348511,-0.781555,0.346375
1563815718954649,0.385742,0.351074,-0.780334,0.345032
1563815718977636,0.386108,0.352966,-0.779602,0.344299
1563815718997623,0.38678,0.355103,-0.778564,0.34375
1563815719014615,0.387329,0.356934,-0.777588,0.343384
1563815719037601,0.387817,0.358276,-0.776917,0.343018
1563815719057591,0.388184,0.359253,-0.776428,0.34259
1563815719082575,0.388611,0.360046,-0.776001,0.342224
1563815719105562,0.389038,0.36084,-0.775574,0.341858
1563815719117558,0.389404,0.361633,-0.775208,0.341553
1563815719135545,0.389893,0.362427,-0.774719,0.341309
1563815719157535,0.390259,0.363098,-0.774292,0.341064
1563815719177521,0.390381,0.363159,-0.77417,0.341064
1563815719195511,0.390503,0.363281,-0.774109,0.341003
1563815719217498,0.390991,0.363342,-0.773804,0.341003
1563815719237487,0.391235,0.363464,-0.773621,0.341064
1563815719262472,0.391418,0.36377,-0.773315,0.341309
1563815719277464,0.391479,0.364258,-0.77301,0.341309
1563815719306448,0.391541,0.364319,-0.772949,0.341309
1563815719315442,0.391602,0.364441,-0.772888,0.341248
1563815719336429,0.391663,0.364685,-0.772705,0.341309
1563815719359416,0.391541,0.365112,-0.772461,0.341492
1563815719381404,0.391357,0.365601,-0.772217,0.341736
1563815719396396,0.391174,0.366028,-0.772095,0.341919
1563815719417383,0.390991,0.366089,-0.772034,0.342163
1563815719434374,0.390747,0.365967,-0.772095,0.342346
1563815719456361,0.390564,0.365906,-0.772156,0.34259
1563815719477349,0.390259,0.365967,-0.772095,0.342896
1563815719494339,0.389954,0.36615,-0.772034,0.343262
1563815719516327,0.389709,0.36615,-0.772034,0.343567
1563815719553305,0.389587,0.366211,-0.772034,0.343689
1563815719568296,0.389587,0.366333,-0.771912,0.34375
1563815719576293,0.389587,0.366577,-0.771729,0.343872
1563815719598279,0.389709,0.366821,-0.771484,0.343994
1563815719614271,0.389771,0.366821,-0.771484,0.343994
1563815719636258,0.389832,0.366882,-0.771423,0.343994
1563815719658246,0.389771,0.367188,-0.771362,0.343811
1563815719674246,0.389648,0.367615,-0.771301,0.343689
1563815719697223,0.389343,0.368225,-0.77124,0.343567
1563815719719210,0.389099,0.368469,-0.771301,0.343323
1563815719733202,0.388977,0.368652,-0.771423,0.343018
1563815719757189,0.388794,0.369019,-0.771484,0.342773
1563815719779176,0.38855,0.369385,-0.771484,0.342651
1563815719794168,0.388428,0.369873,-0.771362,0.342468
1563815719823150,0.388306,0.370117,-0.771423,0.342224
1563815719839142,0.388245,0.370239,-0.771484,0.342102
1563815719862129,0.388123,0.370422,-0.771423,0.342102
1563815719883116,0.387939,0.370605,-0.771362,0.342224
1563815719899108,0.387939,0.370667,-0.771362,0.342224
1563815719922094,0.387939,0.370728,-0.771301,0.342224
1563815719943082,0.387939,0.370789,-0.771301,0.342224
1563815719959073,0.388,0.370789,-0.77124,0.342224
1563815719982060,0.387756,0.371216,-0.771179,0.342224
1563815720003048,0.387512,0.371765,-0.770996,0.342224
1563815720027034,0.387268,0.372192,-0.770935,0.342224
1563815720043024,0.387024,0.372498,-0.770935,0.342163
1563815720063017,0.387085,0.372559,-0.770874,0.342163
1563815720079004,0.387085,0.372559,-0.770874,0.342163
1563815720101992,0.387146,0.37262,-0.770874,0.342163
1563815720122981,0.387146,0.37262,-0.770813,0.342163
1563815720138970,0.387207,0.372681,-0.770813,0.342102
1563815720161956,0.387207,0.372681,-0.770813,0.342102
1563815720189941,0.387329,0.372864,-0.770569,0.342224
1563815720204932,0.387329,0.372925,-0.770569,0.342224
1563815720221922,0.38739,0.372925,-0.770569,0.342224
1563815720243909,0.387207,0.372986,-0.770508,0.342346
1563815720258900,0.387085,0.373169,-0.770447,0.342468
1563815720281889,0.386963,0.373413,-0.770386,0.342529
1563815720304876,0.386841,0.373657,-0.770325,0.342468
1563815720318866,0.38678,0.373962,-0.770203,0.342468
1563815720341853,0.386719,0.374268,-0.770081,0.342529
1563815720363841,0.386719,0.374268,-0.770081,0.342529
1563815720378832,0.38678,0.374268,-0.77002,0.342529
1563815720401819,0.386841,0.374329,-0.77002,0.342529
1563815720423808,0.386841,0.374329,-0.77002,0.342529
1563815720438797,0.386902,0.37439,-0.769958,0.342529
1563815720467781,0.386902,0.37439,-0.769958,0.342529
1563815720490767,0.386902,0.374573,-0.769897,0.342407
1563815720498764,0.386963,0.374573,-0.769836,0.342407
1563815720521750,0.387024,0.374878,-0.769714,0.342285
1563815720543737,0.387024,0.374939,-0.769714,0.342285
1563815720565725,0.387085,0.374939,-0.769653,0.342285
1563815720581716,0.387085,0.375,-0.769653,0.342285
1563815720604701,0.387085,0.375,-0.769653,0.342285
1563815720618695,0.387085,0.375,-0.769653,0.342224
1563815720641683,0.387146,0.375061,-0.769653,0.342224
1563815720664670,0.387146,0.375061,-0.769653,0.342224
1563815720678659,0.387146,0.375061,-0.769592,0.342224
1563815720701647,0.387024,0.375366,-0.769592,0.342102
1563815720731628,0.386963,0.375732,-0.76947,0.34198
1563815720746620,0.386841,0.376099,-0.769409,0.341858
1563815720769610,0.38678,0.376343,-0.769348,0.341797
1563815720784599,0.38678,0.376587,-0.769287,0.341675
1563815720806586,0.38678,0.376587,-0.769287,0.341675
1563815720821597,0.38678,0.376587,-0.769287,0.341675
1563815720844564,0.386841,0.376587,-0.769287,0.341675
1563815720865572,0.386841,0.376648,-0.769226,0.341675
1563815720881545,0.386902,0.376648,-0.769226,0.341675
1563815720904531,0.386902,0.376648,-0.769226,0.341675
1563815720926517,0.386902,0.376587,-0.769287,0.341553
1563815720947509,0.386902,0.376465,-0.76947,0.34137
1563815720964496,0.386841,0.376404,-0.769592,0.341187
1563815720985503,0.386597,0.376404,-0.769653,0.341187
1563815721001476,0.386353,0.376465,-0.769836,0.341125
1563815721025461,0.38623,0.376404,-0.77002,0.340881
1563815721048448,0.386047,0.376282,-0.770264,0.340698
1563815721061440,0.385925,0.376343,-0.770386,0.340454
1563815721084428,0.385681,0.376465,-0.770508,0.340271
1563815721105418,0.385559,0.376587,-0.77063,0.340027
1563815721121407,0.385376,0.376953,-0.770691,0.339722
1563815721144394,0.385071,0.377625,-0.770691,0.339294
1563815721166382,0.384583,0.378601,-0.77063,0.338867
1563815721181371,0.383911,0.379639,-0.770691,0.33844
1563815721205358,0.383301,0.380615,-0.770691,0.338013
1563815721226365,0.382751,0.381531,-0.770691,0.337524
1563815721249333,0.382263,0.382446,-0.770691,0.337036
1563815721264324,0.381958,0.383362,-0.77063,0.336609
1563815721287311,0.381592,0.384277,-0.770508,0.336182
1563815721301302,0.381348,0.385071,-0.770386,0.335876
1563815721338281,0.381104,0.385803,-0.770203,0.335632
1563815721346295,0.380981,0.386108,-0.770203,0.335388
1563815721361268,0.381042,0.386292,-0.770203,0.335205
1563815721384255,0.381042,0.386292,-0.770203,0.335205
1563815721407242,0.381104,0.386292,-0.770203,0.335205
1563815721421236,0.381104,0.386353,-0.770203,0.335144
1563815721444221,0.381104,0.386353,-0.770142,0.335144
1563815721467208,0.381042,0.386353,-0.770203,0.335144
1563815721481203,0.381042,0.386353,-0.770203,0.335144
1563815721504186,0.381104,0.386353,-0.770142,0.335144
1563815721527178,0.381104,0.386353,-0.770142,0.335144
1563815721548161,0.381104,0.386414,-0.770142,0.335144
1563815721564152,0.381104,0.386414,-0.770142,0.335083
1563815721570152,0.381104,0.386414,-0.770142,0.335083
1563815721600135,0.381104,0.386414,-0.770142,0.335083
1563815721615123,0.381104,0.386475,-0.770142,0.335083
1563815721637131,0.381104,0.386475,-0.770142,0.335083
1563815721652104,0.381104,0.386414,-0.770142,0.335083
1563815721669091,0.381104,0.386475,-0.770142,0.335083
1563815721693078,0.381104,0.386475,-0.770142,0.335083
1563815721712067,0.38092,0.386597,-0.770142,0.335144
1563815721729057,0.38092,0.386658,-0.770142,0.335083
1563815721750049,0.380676,0.38678,-0.770203,0.335022
1563815721772052,0.380493,0.386902,-0.770264,0.334839
1563815721789024,0.380432,0.387085,-0.770264,0.334778
1563815721817007,0.380432,0.38739,-0.770203,0.334656
1563815721832018,0.380432,0.38739,-0.770203,0.334595
1563815721855985,0.380493,0.38739,-0.770142,0.334595
1563815721869977,0.380493,0.38739,-0.770142,0.334595
1563815721893964,0.380493,0.387451,-0.770142,0.334595
1563815721908954,0.380493,0.387451,-0.770142,0.334595
1563815721929942,0.380493,0.387451,-0.770142,0.334595
1563815721951949,0.380493,0.387451,-0.770142,0.334595
1563815721968939,0.380493,0.387451,-0.770142,0.334595
1563815721989926,0.380493,0.387512,-0.770142,0.334595
1563815722011895,0.380493,0.387512,-0.770142,0.334595
1563815722028886,0.380493,0.387512,-0.770142,0.334595
1563815722049877,0.380493,0.387512,-0.770142,0.334534
1563815722079859,0.380493,0.387512,-0.770142,0.334534
1563815722089850,0.380432,0.387512,-0.770142,0.334534
1563815722110838,0.380188,0.387573,-0.770325,0.334412
1563815722156812,0.380188,0.387573,-0.770325,0.334412
1563815722158811,0.380249,0.387573,-0.770264,0.334412
1563815722170804,0.380249,0.387634,-0.770264,0.334412
1563815722191811,0.380249,0.387634,-0.770264,0.334412
1563815722209782,0.380249,0.387634,-0.770264,0.334412
1563815722229771,0.380249,0.387634,-0.770264,0.334412
1563815722251758,0.380066,0.387634,-0.770325,0.334534
1563815722269747,0.379944,0.387573,-0.770386,0.334534
1563815722289736,0.379944,0.387573,-0.770386,0.334534
1563815722311724,0.379761,0.387756,-0.770447,0.334412
1563815722329712,0.379639,0.387817,-0.770508,0.334351
1563815722349702,0.379517,0.387939,-0.770508,0.334229
1563815722371690,0.379517,0.388184,-0.770508,0.334106
1563815722389678,0.379456,0.388184,-0.770508,0.334106
1563815722412668,0.379456,0.388184,-0.770508,0.334106
1563815722431654,0.379517,0.388245,-0.770447,0.334106
1563815722450643,0.379456,0.388245,-0.770447,0.334106
1563815722470633,0.379456,0.388245,-0.770447,0.334106
1563815722492639,0.379456,0.388306,-0.770447,0.334045
1563815722509610,0.379456,0.388306,-0.770447,0.334045
1563815722529599,0.379456,0.388306,-0.770447,0.334045
1563815722552585,0.379211,0.388489,-0.770508,0.334045
1563815722569575,0.379211,0.388489,-0.770508,0.334045
1563815722589564,0.379211,0.388489,-0.770508,0.334045
1563815722612551,0.379211,0.388489,-0.770508,0.334045
1563815722643534,0.379211,0.38855,-0.770447,0.334045
1563815722649529,0.379211,0.38855,-0.770508,0.334045
1563815722672517,0.379211,0.38855,-0.770508,0.334045
1563815722690505,0.379211,0.38855,-0.770508,0.333984
1563815722717489,0.379211,0.38855,-0.770447,0.333984
1563815722733482,0.379211,0.38855,-0.770508,0.333984
1563815722754469,0.379028,0.388733,-0.770569,0.333862
1563815722771461,0.378845,0.388916,-0.77063,0.33374
1563815722787450,0.378662,0.389038,-0.770752,0.333496
1563815722810436,0.378418,0.38916,-0.770874,0.333252
1563815722831427,0.378296,0.389282,-0.770935,0.33313
1563815722847418,0.378174,0.389465,-0.770996,0.332947
1563815722870410,0.378052,0.389587,-0.771057,0.332764
1563815722891400,0.377991,0.389587,-0.771118,0.332764
1563815722907384,0.377991,0.389587,-0.771057,0.332764
1563815722930370,0.377991,0.389587,-0.771118,0.332764
1563815722951361,0.377991,0.389587,-0.771118,0.332703
1563815722967348,0.377991,0.389648,-0.771057,0.332703
1563815722990355,0.377686,0.389648,-0.77124,0.332703
1563815723012322,0.377319,0.389648,-0.771484,0.332642
1563815723033331,0.376892,0.389771,-0.771667,0.33252
1563815723063295,0.376526,0.390076,-0.771729,0.332397
1563815723078292,0.376099,0.390259,-0.771851,0.332336
1563815723086284,0.375916,0.390381,-0.771973,0.332214
1563815723117265,0.375793,0.390442,-0.772034,0.332092
1563815723131256,0.375793,0.390442,-0.772034,0.332092
1563815723147244,0.375793,0.390503,-0.771973,0.332092
1563815723169231,0.375793,0.390503,-0.771973,0.332092
1563815723192218,0.375793,0.390503,-0.771973,0.332092
1563815723206210,0.37561,0.390564,-0.772156,0.331909
1563815723229207,0.375305,0.390625,-0.772278,0.331787
1563815723258224,0.375,0.390747,-0.772461,0.331543
1563815723266176,0.374573,0.39093,-0.772705,0.33136
1563815723289163,0.374146,0.391235,-0.772827,0.331177
1563815723335136,0.37384,0.391479,-0.772949,0.330933
1563815723337135,0.373657,0.391663,-0.77301,0.33075
1563815723349131,0.373657,0.391846,-0.77301,0.330627
1563815723372119,0.373657,0.391846,-0.77301,0.330627
1563815723386111,0.373657,0.391846,-0.77301,0.330627
1563815723415094,0.373596,0.391846,-0.77301,0.330627
1563815723432083,0.373596,0.391846,-0.77301,0.330566
1563815723446107,0.373535,0.392212,-0.772949,0.330444
1563815723470060,0.373413,0.392578,-0.772827,0.330383
1563815723492055,0.373169,0.393005,-0.772766,0.3302
1563815723506040,0.372925,0.393311,-0.772827,0.330078
1563815723529026,0.37262,0.393616,-0.772888,0.329895
1563815723552013,0.372314,0.393921,-0.772888,0.329834
1563815723579996,0.371948,0.394226,-0.772888,0.329956
1563815723588990,0.371704,0.39447,-0.772827,0.330017
1563815723617997,0.371704,0.39447,-0.772827,0.330017
1563815723641963,0.371704,0.39447,-0.772827,0.330017
1563815723656952,0.371704,0.39447,-0.772827,0.330017
1563815723671951,0.371765,0.394714,-0.772705,0.329956
1563815723692991,0.371765,0.394714,-0.772705,0.329956
1563815723708924,0.371765,0.394714,-0.772705,0.329956
1563815723731911,0.371643,0.394775,-0.772766,0.329834
1563815723752898,0.37146,0.394714,-0.772949,0.329712
1563815723768893,0.371216,0.394836,-0.773132,0.329468
1563815723798876,0.370972,0.39502,-0.773193,0.329285
1563815723812863,0.370789,0.395142,-0.773376,0.329102
1563815723828866,0.370667,0.395142,-0.773499,0.328979
1563815723857896,0.370605,0.395142,-0.773499,0.328979
1563815723873831,0.370605,0.395142,-0.773499,0.328979
1563815723888819,0.370605,0.395142,-0.773499,0.328979
1563815723911806,0.370605,0.395142,-0.773499,0.328979
1563815723934796,0.37085,0.394836,-0.773499,0.328979
1563815723949786,0.371216,0.394531,-0.773499,0.328979
1563815723971771,0.371521,0.394165,-0.773438,0.329102
1563815723994761,0.371582,0.394043,-0.773438,0.329285
1563815724009752,0.371582,0.394043,-0.773438,0.329285
1563815724031741,0.371582,0.394043,-0.773438,0.329285
1563815724054727,0.371399,0.394165,-0.77356,0.329163
1563815724076718,0.371216,0.394409,-0.77356,0.328918
1563815724099699,0.371033,0.394653,-0.77356,0.328857
1563815724114691,0.370911,0.395081,-0.773499,0.328735
1563815724128686,0.370911,0.395264,-0.773438,0.328552
1563815724151668,0.371521,0.394897,-0.773438,0.32843
1563815724174655,0.372681,0.394165,-0.773254,0.328308
1563815724188648,0.373962,0.393066,-0.773071,0.328552
1563815724212632,0.375122,0.391968,-0.772949,0.328918
1563815724235621,0.376038,0.390869,-0.772888,0.329285
1563815724248615,0.376709,0.389832,-0.773071,0.329285
1563815724271601,0.377075,0.388855,-0.773499,0.329102
1563815724301615,0.377136,0.388123,-0.773987,0.328674
1563815724308586,0.376892,0.387756,-0.774475,0.328308
1563815724332565,0.376221,0.387756,-0.774963,0.327881
1563815724354557,0.375427,0.388,-0.775452,0.327393
1563815724368545,0.374512,0.388,-0.776062,0.326965
1563815724391530,0.373718,0.388062,-0.776611,0.326538
1563815724414516,0.372986,0.388062,-0.777039,0.326294
1563815724435505,0.372192,0.388123,-0.777466,0.326172
1563815724451503,0.371582,0.388123,-0.77771,0.326172
1563815724474486,0.371155,0.388184,-0.777893,0.326233
1563815724495483,0.370789,0.388184,-0.778015,0.326294
1563815724519456,0.370422,0.388367,-0.778076,0.326355
1563815724541446,0.369995,0.388611,-0.778137,0.326477
1563815724555445,0.36969,0.388916,-0.778137,0.326416
1563815724571429,0.369324,0.389587,-0.778137,0.326111
1563815724601421,0.368042,0.391174,-0.778015,0.325989
1563815724615402,0.365784,0.392517,-0.777954,0.326965
1563815724639396,0.364014,0.393738,-0.777832,0.327759
1563815724654411,0.363525,0.394653,-0.77771,0.327454
1563815724675428,0.364136,0.394531,-0.778015,0.326294
1563815724691391,0.365112,0.394287,-0.778198,0.324951
1563815724714348,0.365662,0.394714,-0.778076,0.324219
1563815724735373,0.365723,0.395813,-0.777527,0.324036
1563815724751325,0.365479,0.397034,-0.777039,0.324036
1563815724774312,0.365295,0.397766,-0.776855,0.32373
1563815724795301,0.365051,0.39801,-0.777161,0.323059
1563815724811351,0.36499,0.398193,-0.777222,0.322632
1563815724834276,0.364624,0.399109,-0.7771,0.322327
1563815724855265,0.363953,0.40033,-0.776917,0.32196
1563815724871298,0.36322,0.401367,-0.776855,0.321594
1563815724894243,0.362366,0.402649,-0.776733,0.321289
1563815724915291,0.361633,0.403992,-0.776367,0.32135
1563815724932226,0.361145,0.405151,-0.776062,0.321106
1563815724954216,0.362183,0.405762,-0.775818,0.319824
1563815724977196,0.36438,0.40564,-0.775574,0.317993
1563815724993187,0.366333,0.405151,-0.775635,0.316284
1563815725014175,0.367737,0.404968,-0.775513,0.315186
1563815725037165,0.367676,0.40448,-0.77594,0.314758
1563815725052152,0.366638,0.403992,-0.776733,0.314758
1563815725074144,0.365112,0.404053,-0.777161,0.315247
1563815725097128,0.363464,0.403625,-0.778015,0.315735
1563815725111119,0.361755,0.402893,-0.778992,0.31604
1563815725134107,0.360779,0.401978,-0.779785,0.316528
1563815725156092,0.360107,0.4021,-0.78009,0.316467
1563815725171083,0.360168,0.402161,-0.78009,0.316284
1563815725194070,0.360352,0.401978,-0.780212,0.315979
1563815725217057,0.360352,0.401672,-0.780518,0.315613
1563815725247044,0.360168,0.401245,-0.780884,0.315491
1563815725254037,0.359863,0.401123,-0.780945,0.315674
1563815725277027,0.359558,0.401245,-0.780945,0.315979
1563815725291014,0.359314,0.401062,-0.781006,0.316284
1563815725314002,0.35907,0.400879,-0.781189,0.316406
1563815725336990,0.358826,0.400818,-0.78125,0.316528
1563815725350988,0.358643,0.400818,-0.78125,0.31665
1563815725373969,0.358521,0.400818,-0.781311,0.316833
1563815725396955,0.358215,0.400696,-0.781433,0.316956
1563815725410947,0.357971,0.400757,-0.781433,0.317139
1563815725433932,0.357727,0.40094,-0.781433,0.317261
1563815725462922,0.357727,0.40094,-0.781433,0.317261
1563815725477911,0.357727,0.40094,-0.781433,0.317261
1563815725493901,0.357666,0.401062,-0.781372,0.317261
1563815725523894,0.357544,0.401367,-0.78125,0.317383
1563815725537876,0.357361,0.401428,-0.78125,0.317505
1563815725561860,0.357056,0.401306,-0.781372,0.317627
1563815725576851,0.35675,0.401062,-0.781616,0.317749
1563815725597842,0.356384,0.400818,-0.781799,0.317993
1563815725613851,0.356018,0.400696,-0.781982,0.318176
1563815725636817,0.355652,0.400391,-0.782166,0.318359
1563815725665799,0.355286,0.400085,-0.782471,0.318481
1563815725673816,0.355103,0.399902,-0.782593,0.318542
1563815725696782,0.355103,0.399902,-0.782593,0.318542
1563815725717770,0.355103,0.399902,-0.782593,0.318542
1563815725741758,0.355164,0.399963,-0.782593,0.318481
1563815725756748,0.355347,0.399963,-0.782593,0.318298
1563815725779736,0.355652,0.400208,-0.78241,0.318054
1563815725800729,0.355774,0.400574,-0.782227,0.317871
1563815725816713,0.355774,0.40094,-0.782104,0.317688
1563815725837702,0.355774,0.401062,-0.782104,0.317566
1563815725854692,0.355835,0.401306,-0.782043,0.317383
1563815725884677,0.355896,0.401306,-0.782043,0.317383
1563815725899665,0.355896,0.401306,-0.782043,0.317383
1563815725914664,0.355896,0.401306,-0.782043,0.317383
1563815725936648,0.355652,0.401245,-0.782166,0.317383
1563815725966635,0.355286,0.401184,-0.782349,0.317383
1563815725975621,0.354797,0.400879,-0.782654,0.317505
1563815725996613,0.354126,0.40033,-0.783203,0.317749
1563815726027593,0.353088,0.399109,-0.784119,0.318176
1563815726033589,0.351318,0.396667,-0.785706,0.319092
1563815726056576,0.34845,0.391846,-0.788696,0.320862
1563815726079562,0.343811,0.385132,-0.793579,0.322083
1563815726092554,0.336121,0.378662,-0.799805,0.322388
1563815726101549,0.324036,0.37207,-0.807678,0.322754
1563815726122540,0.307251,0.364502,-0.817688,0.322632
1563815726144530,0.287354,0.35553,-0.829224,0.321594
1563815726162514,0.265137,0.344727,-0.841736,0.319946
1563815726185502,0.240173,0.331299,-0.855103,0.31842
1563815726212507,0.212952,0.315125,-0.868835,0.316956
1563815726221488,0.185059,0.297119,-0.882019,0.31543
1563815726242472,0.156616,0.277954,-0.894287,0.313843
1563815726264478,0.128296,0.257324,-0.905457,0.312195
1563815726281447,0.101135,0.235657,-0.915344,0.310486
1563815726302456,0.0755005,0.213318,-0.923828,0.308838
1563815726324422,0.0514526,0.191284,-0.930908,0.306946
1563815726341417,0.0290527,0.170166,-0.936707,0.304688
1563815726362401,0.00744629,0.149231,-0.941406,0.30249
1563815726384409,-0.0128784,0.129028,-0.944946,0.300598
1563815726407392,-0.0319824,0.110718,-0.947266,0.299072
1563815726422365,-0.0502319,0.0941772,-0.948792,0.297485
1563815726444353,-0.067749,0.0791626,-0.949646,0.295471
1563815726467340,-0.0845337,0.0657349,-0.950073,0.293213
1563815726482331,-0.10022,0.0539551,-0.94989,0.291199
1563815726504318,-0.115356,0.0435791,-0.949219,0.289429
1563815726521312,-0.128723,0.0342407,-0.948486,0.287598
1563815726543296,-0.140747,0.0258789,-0.947632,0.285645
1563815726564314,-0.151306,0.0189209,-0.946777,0.28363
1563815726581274,-0.160339,0.0130005,-0.945801,0.282227
1563815726602262,-0.167603,0.00744629,-0.944763,0.281677
1563815726633244,-0.173096,0.00201416,-0.943848,0.281555
1563815726641240,-0.177307,-0.00286865,-0.943054,0.281433
1563815726662228,-0.180847,-0.00689697,-0.942566,0.280884
1563815726686213,-0.183594,-0.0098877,-0.942261,0.28009
1563815726701205,-0.185303,-0.012085,-0.941956,0.279724
1563815726722195,-0.186035,-0.0143433,-0.941711,0.279968
1563815726744210,-0.186096,-0.0169067,-0.941467,0.280701
1563815726761170,-0.185791,-0.0192871,-0.941223,0.281494
1563815726782160,-0.185486,-0.020874,-0.94104,0.282288
1563815726804164,-0.185242,-0.0219116,-0.940796,0.283081
1563815726821137,-0.185059,-0.0228271,-0.940552,0.283936
1563815726842125,-0.184875,-0.0235596,-0.940308,0.28479
1563815726860113,-0.184692,-0.024231,-0.940125,0.285522
1563815726882102,-0.184753,-0.0247192,-0.939941,0.286133
1563815726902109,-0.185059,-0.0251465,-0.939758,0.286499
1563815726920080,-0.185181,-0.0256958,-0.939636,0.286804
1563815726942078,-0.185181,-0.0261841,-0.939514,0.287048
1563815726964054,-0.185425,-0.0268555,-0.939392,0.28717
1563815726980048,-0.185486,-0.0269775,-0.939392,0.287109
1563815727003037,-0.185547,-0.0271606,-0.939392,0.287109
1563815727022023,-0.185608,-0.0272827,-0.939392,0.287048
1563815727040011,-0.18573,-0.0274048,-0.939392,0.287048
1563815727062998,-0.185791,-0.0275269,-0.939392,0.286987
1563815727089992,-0.185913,-0.0276489,-0.939331,0.286987
1563815727099979,-0.185974,-0.027771,-0.939331,0.286926
1563815727128960,-0.186035,-0.0278931,-0.939331,0.286926
1563815727141956,-0.186157,-0.0280151,-0.939331,0.286926
1563815727159942,-0.186218,-0.0281372,-0.93927,0.286865
1563815727182930,-0.18634,-0.0281982,-0.93927,0.286865
1563815727201949,-0.186523,-0.0287476,-0.939209,0.286926
1563815727219910,-0.186584,-0.0292358,-0.939209,0.286865
1563815727242897,-0.186707,-0.029541,-0.939209,0.286743
1563815727261885,-0.18689,-0.029541,-0.93927,0.286499
1563815727279874,-0.187256,-0.0297241,-0.93927,0.286194
1563815727302861,-0.187561,-0.0298462,-0.93927,0.286011
1563815727321858,-0.187622,-0.0299072,-0.939209,0.286011
1563815727339841,-0.187744,-0.0300293,-0.939209,0.28595
1563815727369823,-0.187805,-0.0300903,-0.939209,0.28595
1563815727381825,-0.187866,-0.0302124,-0.939209,0.28595
1563815727407801,-0.188477,-0.0305176,-0.939087,0.285767
1563815727422793,-0.189087,-0.0308228,-0.939026,0.285706
1563815727442782,-0.189148,-0.0309448,-0.939026,0.285645
1563815727465768,-0.18927,-0.0310059,-0.938965,0.285645
1563815727482759,-0.189331,-0.0311279,-0.938965,0.285583
1563815727503747,-0.189392,-0.031189,-0.938965,0.285583
1563815727519738,-0.189453,-0.031311,-0.938965,0.285583
1563815727541724,-0.189514,-0.0313721,-0.938965,0.285522
1563815727562712,-0.189575,-0.0314941,-0.938965,0.285522
1563815727579703,-0.189636,-0.0315552,-0.938904,0.285522
1563815727601690,-0.189697,-0.0316162,-0.938904,0.285522
1563815727622678,-0.189758,-0.0316772,-0.938904,0.285461
1563815727639668,-0.189819,-0.0317993,-0.938904,0.285461
1563815727661657,-0.18988,-0.0318604,-0.938904,0.285461
1563815727699641,-0.189941,-0.0319214,-0.938904,0.285461
1563815727702632,-0.190002,-0.0319824,-0.938843,0.2854
1563815727721623,-0.190063,-0.0320435,-0.938843,0.2854
1563815727744609,-0.190125,-0.0321655,-0.938843,0.2854
1563815727759599,-0.19043,-0.0322266,-0.938843,0.285095
1563815727781590,-0.190735,-0.0321045,-0.938904,0.28479
1563815727804573,-0.190979,-0.0321655,-0.938965,0.284485
1563815727819585,-0.191223,-0.0323486,-0.938965,0.284241
1563815727841552,-0.191284,-0.0324097,-0.938965,0.284241
1563815727864560,-0.191345,-0.0326538,-0.938965,0.284058
1563815727879530,-0.191467,-0.0328369,-0.938965,0.284058
1563815727901518,-0.191528,-0.0330811,-0.938965,0.283997
1563815727924505,-0.191589,-0.0332642,-0.938965,0.283936
1563815727938496,-0.19165,-0.0333252,-0.938965,0.283936
1563815727962482,-0.191711,-0.0333862,-0.938904,0.283875
1563815727984470,-0.191772,-0.0334473,-0.938904,0.283875
1563815727998462,-0.191833,-0.0335083,-0.938904,0.283875
1563815728022448,-0.191833,-0.0335693,-0.938904,0.283875
1563815728044435,-0.191895,-0.0336304,-0.938904,0.283875
1563815728058427,-0.192139,-0.0340576,-0.938843,0.283875
1563815728081418,-0.1922,-0.0341187,-0.938782,0.283875
1563815728104402,-0.192261,-0.0341797,-0.938782,0.283875
1563815728118412,-0.192322,-0.0342407,-0.938782,0.283875
1563815728141379,-0.192322,-0.0343018,-0.938782,0.283813
1563815728164366,-0.192383,-0.0343628,-0.938782,0.283813
1563815728186354,-0.192444,-0.0344238,-0.938782,0.283813
1563815728201344,-0.192505,-0.0344849,-0.938782,0.283813
1563815728224331,-0.192566,-0.0345459,-0.938721,0.283813
1563815728239324,-0.192871,-0.0349731,-0.93866,0.283813
1563815728261311,-0.193054,-0.0354614,-0.938599,0.283752
1563815728284297,-0.193237,-0.0358887,-0.938599,0.283691
1563815728305286,-0.193298,-0.0359497,-0.938599,0.283691
1563815728321276,-0.193298,-0.0360107,-0.938599,0.28363
1563815728351260,-0.193359,-0.0360718,-0.938599,0.28363
1563815728365252,-0.193359,-0.0361328,-0.938538,0.28363
1563815728381241,-0.19342,-0.0361938,-0.938538,0.28363
1563815728404228,-0.19342,-0.0362549,-0.938538,0.28363
1563815728434211,-0.193481,-0.0363159,-0.938538,0.283569
1563815728441208,-0.193848,-0.036499,-0.938477,0.283508
1563815728464194,-0.193848,-0.0365601,-0.938477,0.283447
1563815728485181,-0.193909,-0.0366211,-0.938477,0.283447
1563815728502172,-0.19397,-0.0366821,-0.938477,0.283447
1563815728524159,-0.194031,-0.0367432,-0.938477,0.283447
1563815728545167,-0.194031,-0.0368042,-0.938477,0.283447
1563815728562138,-0.194092,-0.0368652,-0.938477,0.283386
1563815728584125,-0.194153,-0.0369263,-0.938477,0.283386
1563815728605113,-0.194336,-0.0370483,-0.938477,0.283142
1563815728622103,-0.194397,-0.0371094,-0.938477,0.283142
1563815728644090,-0.194397,-0.0371094,-0.938477,0.283142
1563815728665082,-0.194397,-0.0371704,-0.938477,0.283081
1563815728682069,-0.194458,-0.0372314,-0.938477,0.283081
1563815728704057,-0.194519,-0.0372314,-0.938477,0.283081
1563815728725044,-0.19458,-0.0372925,-0.938416,0.283081
1563815728742037,-0.194641,-0.0373535,-0.938416,0.283081
1563815728764023,-0.194641,-0.0374146,-0.938416,0.283081
1563815728794006,-0.194702,-0.0374756,-0.938416,0.28302
1563815728802007,-0.194763,-0.0375366,-0.938416,0.28302
1563815728823988,-0.194763,-0.0375366,-0.938416,0.28302
1563815728846977,-0.194824,-0.0375977,-0.938416,0.28302
1563815728861966,-0.194885,-0.0376587,-0.938354,0.28302
1563815728883953,-0.194946,-0.0376587,-0.938354,0.28302
1563815728906941,-0.195007,-0.0377197,-0.938354,0.282959
1563815728920932,-0.195007,-0.0377808,-0.938354,0.282959
1563815728943919,-0.195068,-0.0377808,-0.938354,0.282959
1563815728966909,-0.195129,-0.0378418,-0.938354,0.282959
1563815728980898,-0.19519,-0.0379028,-0.938354,0.282959
1563815729003885,-0.195251,-0.0379639,-0.938293,0.282959
1563815729026871,-0.195251,-0.0379639,-0.938293,0.282898
1563815729040866,-0.195313,-0.0380249,-0.938293,0.282898
1563815729063851,-0.195374,-0.0380859,-0.938293,0.282898
1563815729086838,-0.195435,-0.0380859,-0.938293,0.282898
1563815729100830,-0.195435,-0.038147,-0.938293,0.282898
1563815729124818,-0.195496,-0.038208,-0.938293,0.282898
1563815729146836,-0.195496,-0.038208,-0.938293,0.282898
1563815729160801,-0.195557,-0.038269,-0.938232,0.282837
1563815729183809,-0.195618,-0.038269,-0.938232,0.282837
1563815729206771,-0.195618,-0.0383301,-0.938232,0.282837
1563815729220760,-0.195679,-0.0383911,-0.938232,0.282837
1563815729243751,-0.195679,-0.0383911,-0.938232,0.282837
1563815729266734,-0.19574,-0.0384521,-0.938232,0.282837
1563815729295716,-0.19574,-0.0385132,-0.938232,0.282837
1563815729303713,-0.195801,-0.0385132,-0.938232,0.282776
1563815729326699,-0.195862,-0.0385742,-0.938232,0.282776
1563815729349686,-0.195923,-0.0386353,-0.938171,0.282776
1563815729364679,-0.195923,-0.0386963,-0.938171,0.282776
1563815729386666,-0.195984,-0.0387573,-0.938171,0.282776
1563815729409652,-0.196045,-0.0387573,-0.938171,0.282776
1563815729424643,-0.196045,-0.0387573,-0.938171,0.282776
1563815729446631,-0.196106,-0.0388184,-0.938171,0.282715
1563815729467618,-0.196167,-0.0388794,-0.938171,0.282715
1563815729484610,-0.196167,-0.0388794,-0.938171,0.282715
1563815729506596,-0.196228,-0.0389404,-0.938171,0.282715
1563815729527585,-0.196228,-0.0390015,-0.93811,0.282715
1563815729544575,-0.196289,-0.0390015,-0.93811,0.282715
1563815729566562,-0.196289,-0.0390625,-0.93811,0.282715
1563815729587550,-0.19635,-0.0390625,-0.93811,0.282654
1563815729604541,-0.196411,-0.0391235,-0.93811,0.282654
1563815729627527,-0.196472,-0.0391846,-0.93811,0.282654
1563815729649515,-0.196472,-0.0392456,-0.93811,0.282654
1563815729664506,-0.196533,-0.0392456,-0.93811,0.282654
1563815729686493,-0.196594,-0.0393066,-0.938049,0.282654
1563815729709480,-0.196594,-0.0393677,-0.938049,0.282593
1563815729724472,-0.196655,-0.0393677,-0.938049,0.282593
1563815729746458,-0.196716,-0.0394287,-0.938049,0.282593
1563815729769446,-0.196716,-0.0394897,-0.938049,0.282593
1563815729784441,-0.196777,-0.0394897,-0.938049,0.282593
1563815729806424,-0.196838,-0.0395508,-0.938049,0.282593
1563815729829411,-0.196838,-0.0395508,-0.938049,0.282593
1563815729851398,-0.196899,-0.0396118,-0.937988,0.282593
1563815729867389,-0.196899,-0.0396118,-0.937988,0.282532
1563815729889376,-0.19696,-0.0396729,-0.937988,0.282532
1563815729904370,-0.19696,-0.0396729,-0.937988,0.282532
1563815729926356,-0.197021,-0.0396729,-0.937988,0.282532
1563815729949343,-0.197083,-0.0397339,-0.937988,0.282532
1563815729963335,-0.197083,-0.0397339,-0.937988,0.282532
1563815729986329,-0.197144,-0.0397949,-0.937988,0.282532
1563815730015305,-0.197205,-0.0397949,-0.937988,0.282532
1563815730023301,-0.197205,-0.039856,-0.937927,0.282532
1563815730046288,-0.197266,-0.039856,-0.937927,0.282532
1563815730069276,-0.197327,-0.039917,-0.937927,0.282471
1563815730083266,-0.197327,-0.039917,-0.937927,0.282471
1563815730106275,-0.197388,-0.039978,-0.937927,0.282471
1563815730129240,-0.197449,-0.039978,-0.937927,0.282471
1563815730143239,-0.19751,-0.0400391,-0.937927,0.282471
1563815730167221,-0.19751,-0.0400391,-0.937927,0.282471
1563815730189205,-0.197571,-0.0401001,-0.937866,0.282471
1563815730210253,-0.197632,-0.0401001,-0.937866,0.282471
1563815730227185,-0.197632,-0.0401611,-0.937866,0.282471
1563815730257168,-0.197693,-0.0401611,-0.937866,0.28241
1563815730270182,-0.197998,-0.0402832,-0.937805,0.282349
1563815730294150,-0.198059,-0.0403442,-0.937805,0.282349
1563815730309138,-0.19812,-0.0404053,-0.937805,0.282349
1563815730330164,-0.19812,-0.0404053,-0.937805,0.282349
1563815730347123,-0.198425,-0.0405273,-0.937805,0.282043
1563815730369103,-0.198669,-0.0407104,-0.937805,0.28186
1563815730390091,-0.198914,-0.0410156,-0.937805,0.281616
1563815730407081,-0.199219,-0.0412598,-0.937805,0.281372
1563815730429070,-0.199524,-0.0414429,-0.937805,0.281128
1563815730458051,-0.199768,-0.0415649,-0.937805,0.280945
1563815730467046,-0.200134,-0.041748,-0.937805,0.28064
1563815730489033,-0.200378,-0.0418701,-0.937866,0.280334
1563815730510023,-0.200623,-0.0418701,-0.937866,0.28009
1563815730527014,-0.200806,-0.0418091,-0.937927,0.279846
1563815730548999,-0.200989,-0.0419312,-0.937927,0.279663
1563815730569986,-0.201172,-0.0419312,-0.937927,0.279419
1563815730576982,-0.201294,-0.0418091,-0.937988,0.279236
1563815730591974,-0.201416,-0.041626,-0.937988,0.279053
1563815730614980,-0.201477,-0.0414429,-0.938049,0.27887
1563815730636948,-0.201599,-0.0412598,-0.93811,0.278687
1563815730651940,-0.201721,-0.0410767,-0.938171,0.278442
1563815730681921,-0.201782,-0.0407715,-0.938232,0.278198
1563815730696917,-0.201843,-0.0404053,-0.938293,0.278015
1563815730711924,-0.201782,-0.039978,-0.938354,0.277954
1563815730744886,-0.201721,-0.0396118,-0.938354,0.277954
1563815730756898,-0.201477,-0.0393677,-0.938416,0.278076
1563815730771890,-0.201233,-0.0390015,-0.938477,0.278137
1563815730795859,-0.200989,-0.0385742,-0.938477,0.278198
1563815730816891,-0.200745,-0.038147,-0.938538,0.278198
1563815730831841,-0.200562,-0.0378418,-0.938599,0.278198
1563815730854828,-0.200439,-0.0375977,-0.93866,0.278137
1563815730876834,-0.2005,-0.0372925,-0.938721,0.277954
1563815730891846,-0.200684,-0.0371094,-0.938782,0.27771
1563815730914850,-0.200989,-0.0369263,-0.938782,0.277466
1563815730936778,-0.201294,-0.0367432,-0.938782,0.277161
1563815730951769,-0.201721,-0.0366211,-0.938782,0.276978
1563815730974795,-0.202148,-0.0367432,-0.938782,0.276733
1563815730996775,-0.202515,-0.0370483,-0.938721,0.27655
1563815731013734,-0.203125,-0.0372925,-0.93866,0.276367
1563815731034722,-0.203613,-0.0372925,-0.938599,0.276123
1563815731052712,-0.204102,-0.0375366,-0.938538,0.27594
1563815731074699,-0.204529,-0.0378418,-0.938477,0.275818
1563815731095685,-0.204956,-0.0380249,-0.938416,0.275635
1563815731112677,-0.205322,-0.038269,-0.938354,0.275452
1563815731132686,-0.205688,-0.0384521,-0.938354,0.275208
1563815731154661,-0.205994,-0.0385742,-0.938354,0.275085
1563815731172646,-0.206299,-0.0386353,-0.938293,0.274902
1563815731192637,-0.206543,-0.0386963,-0.938293,0.27478
1563815731214650,-0.206543,-0.0386963,-0.938293,0.27478
1563815731239604,-0.206482,-0.0386963,-0.938293,0.27478
1563815731253597,-0.206482,-0.0386963,-0.938293,0.27478
1563815731274584,-0.206482,-0.0386353,-0.938293,0.27478
1563815731292574,-0.206421,-0.0383301,-0.938354,0.274719
1563815731313559,-0.205872,-0.0376587,-0.93866,0.274292
1563815731334548,-0.204834,-0.036377,-0.938965,0.274048
1563815731352537,-0.203552,-0.0334473,-0.93927,0.274414
1563815731373525,-0.201233,-0.0290527,-0.93927,0.276672
1563815731394574,-0.196716,-0.0245361,-0.939453,0.279541
1563815731412505,-0.190125,-0.0203247,-0.939758,0.283508
1563815731433492,-0.181763,-0.0166016,-0.939941,0.288513
1563815731454481,-0.171509,-0.0116577,-0.940125,0.294495
1563815731472470,-0.160828,-0.00238037,-0.940063,0.30072
1563815731493457,-0.149292,0.0115356,-0.939819,0.307251
1563815731514446,-0.135681,0.0272217,-0.939026,0.314819
1563815731532435,-0.119812,0.041748,-0.937988,0.322632
1563815731553445,-0.102783,0.0568848,-0.936462,0.330566
1563815731574447,-0.0852661,0.0740967,-0.934387,0.337891
1563815731592399,-0.067688,0.0942383,-0.931519,0.344666
1563815731615390,-0.050354,0.116638,-0.927734,0.350952
1563815731634417,-0.0326538,0.140076,-0.922974,0.357056
1563815731652375,-0.0148315,0.163696,-0.917419,0.362488
1563815731682350,0.00274658,0.187256,-0.911011,0.367432
1563815731694350,0.0202026,0.210815,-0.903809,0.371826
1563815731712331,0.0370483,0.234131,-0.895935,0.37561
1563815731735351,0.0537109,0.256714,-0.887512,0.378845
1563815731754340,0.0700684,0.278198,-0.878845,0.381226
1563815731772304,0.0859985,0.298706,-0.869873,0.382996
1563815731795285,0.10083,0.318481,-0.860596,0.384399
1563815731814274,0.114319,0.337219,-0.851196,0.385559
1563815731832272,0.126892,0.354675,-0.84198,0.38623
1563815731855254,0.138184,0.369995,-0.833374,0.386719
1563815731874241,0.148926,0.384277,-0.825012,0.386719
1563815731892241,0.159058,0.397705,-0.816833,0.386353
1563815731915216,0.168396,0.410339,-0.80896,0.385742
1563815731934204,0.177124,0.422058,-0.801453,0.384888
1563815731957190,0.184937,0.433167,-0.794373,0.383606
1563815731975180,0.191772,0.443848,-0.787415,0.382446
1563815731995169,0.197388,0.453979,-0.780762,0.381226
1563815732012160,0.202271,0.463562,-0.774536,0.379822
1563815732034146,0.206482,0.472229,-0.768982,0.378235
1563815732055156,0.210205,0.479919,-0.764038,0.376465
1563815732072125,0.213623,0.486816,-0.759521,0.374817
1563815732094112,0.216553,0.493164,-0.755188,0.373535
1563815732123095,0.218933,0.498901,-0.751038,0.372864
1563815732139086,0.220947,0.503723,-0.747314,0.372681
1563815732155084,0.222656,0.50769,-0.744141,0.372742
1563815732183061,0.224365,0.510925,-0.741333,0.372803
1563815732192062,0.225708,0.513916,-0.738708,0.373108
1563815732214045,0.226135,0.51709,-0.736145,0.373657
1563815732237031,0.226074,0.520203,-0.733459,0.374512
1563815732254043,0.225708,0.523499,-0.730652,0.37561
1563815732274012,0.224976,0.526917,-0.727844,0.376831
1563815732295019,0.223755,0.530762,-0.724854,0.377869
1563815732310988,0.222107,0.535278,-0.721558,0.378845
1563815732333975,0.220337,0.5401,-0.718079,0.379578
1563815732354975,0.218506,0.5448,-0.714661,0.38031
1563815732371962,0.21637,0.549805,-0.711182,0.380859
1563815732401956,0.213562,0.555359,-0.707397,0.38147
1563815732416927,0.209961,0.561646,-0.703064,0.382263
1563815732430921,0.206116,0.568054,-0.698547,0.383179
1563815732461920,0.202637,0.573792,-0.694519,0.38385
1563815732474901,0.199585,0.578796,-0.690857,0.38446
1563815732490883,0.196472,0.583679,-0.686951,0.385681
1563815732513871,0.192871,0.588806,-0.682678,0.38739
1563815732536859,0.189087,0.593933,-0.67804,0.389465
1563815732550849,0.184875,0.599182,-0.67334,0.391602
1563815732573837,0.180237,0.604431,-0.668396,0.394104
1563815732597825,0.174927,0.609741,-0.662842,0.397705
1563815732610815,0.16864,0.615356,-0.656311,0.402588
1563815732633802,0.161804,0.621033,-0.648926,0.40863
1563815732656789,0.154785,0.626282,-0.641052,0.41571
1563815732678790,0.147034,0.631042,-0.632813,0.423889
1563815732701764,0.138245,0.635864,-0.623718,0.433044
1563815732716758,0.128845,0.641296,-0.613098,0.442993
1563815732730747,0.118958,0.648682,-0.599426,0.453491
1563815732754739,0.107666,0.65741,-0.583557,0.464417
1563815732776720,0.0961914,0.667358,-0.565796,0.474609
1563815732797712,0.0874634,0.67749,-0.54718,0.483643
1563815732814703,0.0857544,0.685425,-0.529968,0.491821
1563815732844681,0.0905762,0.689575,-0.517395,0.498474
1563815732866698,0.105042,0.69043,-0.506653,0.505432
1563815732883659,0.124023,0.689331,-0.497681,0.511597
1563815732896651,0.144958,0.6875,-0.488831,0.517029
1563815732917639,0.166992,0.685364,-0.480286,0.521179
1563815732934630,0.189148,0.683105,-0.472534,0.523621
1563815732957624,0.209717,0.68158,-0.464844,0.52478
1563815732977635,0.227234,0.682068,-0.455505,0.524963
1563815732994597,0.241272,0.684448,-0.44458,0.525024
1563815733017584,0.252197,0.688477,-0.432617,0.524536
1563815733037578,0.261047,0.693542,-0.420776,0.523132
1563815733054563,0.268616,0.69928,-0.409485,0.520691
1563815733076550,0.275269,0.705566,-0.39856,0.517212
1563815733099537,0.280701,0.71228,-0.38739,0.51355
1563815733121524,0.28479,0.719177,-0.37616,0.509949
1563815733136517,0.288208,0.725769,-0.365417,0.506531
1563815733157511,0.291443,0.73175,-0.355774,0.50293
1563815733187487,0.294861,0.736694,-0.347839,0.499207
1563815733196481,0.298523,0.741028,-0.341309,0.495178
1563815733217490,0.301941,0.744629,-0.335876,0.491333
1563815733234457,0.304565,0.747437,-0.331238,0.488647
1563815733256445,0.305908,0.75,-0.326477,0.487122
1563815733277433,0.305664,0.752686,-0.321594,0.486267
1563815733294423,0.304321,0.755066,-0.31781,0.486023
1563815733316415,0.302246,0.757019,-0.314514,0.48645
1563815733337403,0.299255,0.758972,-0.310669,0.487732
1563815733354395,0.295349,0.760986,-0.307007,0.489197
1563815733376376,0.292175,0.762085,-0.305542,0.490295
1563815733397365,0.290405,0.762024,-0.306396,0.490967
1563815733413355,0.288879,0.761475,-0.307617,0.491882
1563815733436343,0.287048,0.760986,-0.308472,0.493225
1563815733458329,0.285522,0.759827,-0.309692,0.495117
1563815733488319,0.284607,0.758057,-0.311523,0.497192
1563815733496311,0.28418,0.75592,-0.313782,0.499268
1563815733519295,0.283936,0.753845,-0.315857,0.501221
1563815733533311,0.28418,0.751465,-0.317749,0.503479
1563815733564270,0.284607,0.748779,-0.319275,0.506226
1563815733579261,0.284912,0.745972,-0.320496,0.50946
1563815733593252,0.285828,0.742615,-0.322083,0.512878
1563815733624235,0.288208,0.73822,-0.324646,0.516296
1563815733639248,0.291809,0.733276,-0.327881,0.519226
1563815733654219,0.296509,0.728027,-0.331848,0.521423
1563815733677227,0.30188,0.722351,-0.336731,0.523071
1563815733699192,0.307434,0.716187,-0.342712,0.524414
1563815733713184,0.311829,0.709595,-0.349487,0.526367
1563815733737170,0.314148,0.70343,-0.356689,0.528442
1563815733767155,0.315002,0.697632,-0.364746,0.530029
1563815733788197,0.316284,0.69165,-0.375366,0.529785
1563815733804136,0.318726,0.684387,-0.388733,0.528015
1563815733819123,0.321899,0.674683,-0.403503,0.527527
1563815733842112,0.322937,0.663391,-0.417908,0.529968
1563815733858101,0.320435,0.651001,-0.431824,0.535706
1563815733879108,0.313477,0.638062,-0.445679,0.543945
1563815733902077,0.304077,0.624939,-0.459045,0.553345
1563815733917067,0.294312,0.609436,-0.473511,0.56366
1563815733939062,0.285706,0.590332,-0.489807,0.574341
1563815733960102,0.276428,0.568726,-0.507263,0.58551
1563815733984030,0.264587,0.545044,-0.524719,0.597961
1563815733999021,0.251404,0.518433,-0.541565,0.612122
1563815734020049,0.238464,0.489441,-0.558167,0.626038
1563815734036998,0.223877,0.45929,-0.574707,0.639221
1563815734058985,0.206848,0.427063,-0.591553,0.651794
1563815734079973,0.189392,0.391602,-0.607971,0.664124
1563815734096964,0.172363,0.355469,-0.623108,0.675049
1563815734141936,0.15448,0.319946,-0.636536,0.684509
1563815734148933,0.134583,0.283447,-0.649353,0.692749
1563815734163924,0.114136,0.246643,-0.661682,0.698792
1563815734180915,0.0942383,0.211792,-0.673218,0.702148
1563815734199909,0.0740356,0.179016,-0.684448,0.70282
1563815734216895,0.0546875,0.147827,-0.69519,0.701355
1563815734244880,0.0380859,0.118896,-0.704468,0.698669
1563815734261887,0.0238647,0.0922852,-0.712769,0.694885
1563815734276859,0.0114136,0.0682373,-0.721008,0.689453
1563815734298847,0.000915527,0.0475464,-0.728882,0.683044
1563815734320866,-0.00732422,0.0289917,-0.735474,0.67688
1563815734351829,-0.0135498,0.012207,-0.741455,0.670776
1563815734364811,-0.0177002,-0.00109863,-0.746887,0.664734
1563815734379800,-0.0209961,-0.0108643,-0.751831,0.658997
1563815734395791,-0.0241089,-0.0183716,-0.756226,0.653625
1563815734418782,-0.026001,-0.0236206,-0.760193,0.648743
1563815734441768,-0.0269165,-0.0270996,-0.76355,0.644653
1563815734456756,-0.0272827,-0.0299072,-0.766418,0.641113
1563815734478744,-0.0275269,-0.0323486,-0.768921,0.638
1563815734501730,-0.027771,-0.0342407,-0.770996,0.635376
1563815734515732,-0.02771,-0.034668,-0.77301,0.632874
1563815734538721,-0.027771,-0.0339966,-0.774902,0.630615
1563815734561698,-0.0282593,-0.0333862,-0.77655,0.628601
1563815734575692,-0.0291748,-0.0335083,-0.777954,0.626709
1563815734598677,-0.0302734,-0.0343018,-0.779114,0.625183
1563815734621675,-0.0309448,-0.0350342,-0.780212,0.623779
1563815734635654,-0.0316162,-0.0362549,-0.780884,0.622803
1563815734659641,-0.0325317,-0.0380249,-0.781372,0.62207
1563815734681627,-0.0336914,-0.039978,-0.781799,0.621338
1563815734695624,-0.0350952,-0.0421753,-0.782104,0.620728
1563815734719608,-0.0368042,-0.0444946,-0.782471,0.620056
1563815734741594,-0.0385742,-0.0466309,-0.782776,0.619324
1563815734755585,-0.0403442,-0.0482178,-0.783264,0.61853
1563815734779574,-0.0421143,-0.0494385,-0.783752,0.617676
1563815734801560,-0.0437012,-0.0506592,-0.784241,0.616821
1563815734815555,-0.0450439,-0.0521851,-0.784668,0.616089
1563815734839549,-0.0460205,-0.0536499,-0.785095,0.615356
1563815734861525,-0.0469971,-0.0548706,-0.785522,0.614624
1563815734876517,-0.0479126,-0.0556641,-0.785889,0.613953
1563815734899502,-0.048584,-0.0560913,-0.786255,0.613464
1563815734921490,-0.0489502,-0.0563965,-0.786499,0.613037
1563815734942508,-0.0490723,-0.0568237,-0.786743,0.612732
1563815734959467,-0.0490723,-0.057373,-0.786865,0.612488
1563815734981457,-0.0490112,-0.0578003,-0.786987,0.612366
1563815735010442,-0.0489502,-0.0581055,-0.787048,0.612244
1563815735026432,-0.0487061,-0.0582886,-0.787109,0.612122
1563815735041420,-0.048584,-0.0584106,-0.78717,0.612061
1563815735062410,-0.048584,-0.0585327,-0.787231,0.612
1563815735069425,-0.048645,-0.0586548,-0.78717,0.612061
1563815735084401,-0.048584,-0.0588379,-0.787048,0.612183
1563815735107383,-0.0483398,-0.0592651,-0.786926,0.612305
1563815735131371,-0.0479736,-0.0598755,-0.786743,0.612549
1563815735144367,-0.0475464,-0.0605469,-0.786499,0.612793
1563815735174386,-0.0472412,-0.0610962,-0.786194,0.613098
1563815735185339,-0.0471191,-0.0616455,-0.786011,0.613403
1563815735204363,-0.046936,-0.0623169,-0.785706,0.613647
1563815735227316,-0.0467529,-0.0629883,-0.785461,0.613892
1563815735245309,-0.0466919,-0.0637207,-0.785278,0.614075
1563815735272290,-0.0466919,-0.06427,-0.785034,0.614319
1563815735288283,-0.0467529,-0.0648193,-0.78479,0.614563
1563815735305306,-0.046875,-0.0651855,-0.784607,0.614807
1563815735324291,-0.046875,-0.0656128,-0.784363,0.615051
1563815735347260,-0.046814,-0.065979,-0.784119,0.615356
1563815735365238,-0.046814,-0.0663452,-0.783875,0.615601
1563815735384285,-0.0466919,-0.0665283,-0.783569,0.615967
1563815735407214,-0.0466309,-0.0667114,-0.783264,0.616333
1563815735425202,-0.0466309,-0.0667725,-0.78302,0.616699
1563815735444192,-0.0465698,-0.0669556,-0.782654,0.617065
1563815735467238,-0.0465088,-0.0672607,-0.782349,0.617432
1563815735485171,-0.0463867,-0.0675049,-0.782104,0.617798
1563815735512175,-0.0463867,-0.067688,-0.78186,0.618042
1563815735527205,-0.0464478,-0.0678711,-0.781738,0.618164
1563815735545155,-0.0464478,-0.0681763,-0.781677,0.618225
1563815735567123,-0.0465698,-0.0682983,-0.781677,0.618225
1563815735595105,-0.0467529,-0.0686035,-0.781738,0.618103
1563815735605100,-0.0467529,-0.0686646,-0.781738,0.618103
1563815735625088,-0.0467529,-0.0688477,-0.781738,0.618042
1563815735647076,-0.0467529,-0.0689697,-0.781738,0.618042
1563815735665064,-0.0467529,-0.0690308,-0.781738,0.618042
1563815735686052,-0.0466919,-0.0691528,-0.781738,0.618042
1563815735707040,-0.0466919,-0.0698242,-0.781738,0.61792
1563815735732026,-0.0466309,-0.0704346,-0.781799,0.617798
1563815735745027,-0.0466309,-0.071106,-0.781921,0.617615
1563815735767065,-0.0466919,-0.0716553,-0.782043,0.61731
1563815735792013,-0.0467529,-0.0721436,-0.782227,0.617004
1563815735811984,-0.046875,-0.0726318,-0.782471,0.616638
1563815735826971,-0.0469971,-0.0730591,-0.782715,0.616272
1563815735844961,-0.0471802,-0.0734863,-0.78302,0.615845
1563815735864973,-0.0473633,-0.0738525,-0.783203,0.61554
1563815735886943,-0.0474854,-0.0742188,-0.783386,0.615295
1563815735912935,-0.0475464,-0.0745239,-0.783508,0.615112
1563815735924976,-0.0475464,-0.074585,-0.783508,0.615112
1563815735946903,-0.0475464,-0.074585,-0.783508,0.615112
1563815735964925,-0.0475464,-0.074646,-0.783508,0.615051
1563815735985882,-0.0476074,-0.0747681,-0.783508,0.615051
1563815736006869,-0.0476074,-0.0748291,-0.783508,0.615051
1563815736024860,-0.0476074,-0.0748901,-0.783508,0.615051
1563815736045846,-0.0476074,-0.0749512,-0.783508,0.615051
1563815736069835,-0.0476685,-0.0749512,-0.783508,0.61499
1563815736084822,-0.0477905,-0.0749512,-0.783569,0.614929
1563815736105820,-0.0477905,-0.0750122,-0.783569,0.614929
1563815736126859,-0.0477905,-0.0750122,-0.783569,0.614929
1563815736149788,-0.0477905,-0.0750732,-0.783569,0.614929
1563815736165778,-0.0477905,-0.0751953,-0.783569,0.614929
1563815736188765,-0.0477295,-0.0751953,-0.783569,0.614929
1563815736204756,-0.0477295,-0.0752563,-0.783569,0.614929
1563815736225744,-0.0475464,-0.0755005,-0.783447,0.615051
1563815736246732,-0.0472412,-0.0756836,-0.783386,0.615112
1563815736264722,-0.0472412,-0.0757446,-0.783386,0.615112
1563815736287709,-0.0472412,-0.0756226,-0.783386,0.615112
1563815736306705,-0.0472412,-0.0754395,-0.783386,0.615173
1563815736324688,-0.0472412,-0.0755005,-0.783325,0.615173
1563815736347674,-0.0472412,-0.0755615,-0.783325,0.615173
1563815736366669,-0.0472412,-0.0756226,-0.783325,0.615173
1563815736384653,-0.0472412,-0.0756836,-0.783325,0.615173
1563815736429635,-0.0472412,-0.0757446,-0.783325,0.615173
1563815736431631,-0.0472412,-0.0757446,-0.783325,0.615173
1563815736444619,-0.0472412,-0.0758667,-0.783325,0.615173
1563815736467606,-0.0473022,-0.0762329,-0.783325,0.615112
1563815736487598,-0.0473022,-0.076355,-0.783325,0.615051
1563815736512581,-0.0473022,-0.076355,-0.783325,0.615051
1563815736526574,-0.0473022,-0.076416,-0.783325,0.615051
1563815736547557,-0.0473022,-0.0764771,-0.783325,0.615051
1563815736564570,-0.0473022,-0.0764771,-0.783325,0.615051
1563815736586540,-0.0473022,-0.0767822,-0.783447,0.614868
1563815736607548,-0.0473633,-0.0769653,-0.783569,0.614685
1563815736624537,-0.0474243,-0.0771484,-0.783752,0.614502
1563815736654496,-0.0474854,-0.0772705,-0.783875,0.614258
1563815736661501,-0.0476685,-0.0773315,-0.784058,0.614014
1563815736684479,-0.0476685,-0.0774536,-0.78418,0.613831
1563815736706466,-0.0476074,-0.0776367,-0.784363,0.613586
1563815736721462,-0.0474854,-0.0777588,-0.784546,0.613403
1563815736743507,-0.0475464,-0.0778198,-0.784668,0.613159
1563815736766436,-0.0476685,-0.0776978,-0.78479,0.613037
1563815736781425,-0.0476685,-0.0776978,-0.784973,0.612793
1563815736804411,-0.0474854,-0.0777588,-0.785156,0.61261
1563815736826399,-0.0474243,-0.0778198,-0.785339,0.612366
1563815736847446,-0.0473633,-0.0777588,-0.785583,0.612
1563815736864385,-0.0471802,-0.0779419,-0.786011,0.61145
1563815736886365,-0.0465088,-0.0785522,-0.786743,0.610535
1563815736907353,-0.0444946,-0.0788574,-0.787537,0.609558
1563815736923342,-0.0409546,-0.0789795,-0.789001,0.607971
1563815736954328,-0.0354614,-0.0797119,-0.791504,0.604919
1563815736968317,-0.026001,-0.0811768,-0.794495,0.601257
1563815736984307,-0.0116577,-0.0830078,-0.79718,0.5979
1563815737006297,0.00561523,-0.0866089,-0.799438,0.594421
1563815737027287,0.0229492,-0.0928955,-0.802429,0.588989
1563815737044277,0.0370483,-0.100037,-0.80719,0.580627
1563815737066259,0.0476685,-0.106506,-0.813049,0.570435
1563815737087256,0.0552368,-0.112854,-0.819763,0.558777
1563815737104244,0.0615234,-0.120056,-0.827148,0.545593
1563815737126247,0.067688,-0.127319,-0.834778,0.531372
1563815737148232,0.0720825,-0.132996,-0.84198,0.517822
1563815737164203,0.0738525,-0.135376,-0.849487,0.504578
1563815737186192,0.0748291,-0.133301,-0.8573,0.491577
1563815737208179,0.0743408,-0.130005,-0.864685,0.479553
1563815737230165,0.0733643,-0.127747,-0.871643,0.467529
1563815737247163,0.072998,-0.126465,-0.877686,0.456421
1563815737269144,0.0726318,-0.125427,-0.882629,0.447266
1563815737283136,0.0715942,-0.123352,-0.886292,0.440613
1563815737313119,0.0697632,-0.120117,-0.889282,0.435791
1563815737329120,0.0674438,-0.117004,-0.891663,0.432129
1563815737343100,0.0651245,-0.115173,-0.893494,0.429138
1563815737367093,0.0631104,-0.114502,-0.894958,0.426575
1563815737398070,0.0614624,-0.114319,-0.895874,0.424927
1563815737404070,0.0599365,-0.114319,-0.896362,0.424133
1563815737428055,0.0584717,-0.113953,-0.896545,0.424011
1563815737457037,0.0568848,-0.11322,-0.896484,0.424561
1563815737463097,0.0549316,-0.112549,-0.89624,0.425598
1563815737487020,0.0537109,-0.111389,-0.895935,0.426636
1563815737509008,0.0524902,-0.110596,-0.895447,0.427979
1563815737522998,0.0501709,-0.111389,-0.894714,0.429626
1563815737546985,0.0494385,-0.111877,-0.89386,0.431458
1563815737570980,0.0476685,-0.113464,-0.892639,0.433655
1563815737583963,0.0463867,-0.114014,-0.891846,0.435364
1563815737606949,0.0443115,-0.114014,-0.891113,0.437012
1563815737628937,0.0420532,-0.114075,-0.890442,0.438538
1563815737643940,0.0404663,-0.114563,-0.889832,0.43988
1563815737673911,0.0394897,-0.115967,-0.889099,0.441101
1563815737688907,0.0391235,-0.117554,-0.888306,0.442261
1563815737709920,0.0386963,-0.118652,-0.887573,0.443481
1563815737732877,0.038269,-0.119202,-0.886841,0.444763
1563815737748868,0.0378418,-0.119385,-0.886169,0.446167
1563815737769859,0.0374756,-0.119568,-0.885498,0.447449
1563815737786846,0.0371704,-0.119812,-0.884827,0.44873
1563815737808833,0.0368652,-0.119995,-0.884277,0.449768
1563815737829851,0.036499,-0.120056,-0.88385,0.450623
1563815737846812,0.0361328,-0.120239,-0.883423,0.451416
1563815737869807,0.0358887,-0.120605,-0.883057,0.452087
1563815737889789,0.0358276,-0.120605,-0.882751,0.452637
1563815737906778,0.0357666,-0.120483,-0.882568,0.453064
1563815737928764,0.0359497,-0.120178,-0.882507,0.453247
1563815737951752,0.0362549,-0.119629,-0.882568,0.453308
1563815737966746,0.0366821,-0.11908,-0.882629,0.453308
1563815737988733,0.0368042,-0.118713,-0.88269,0.453186
1563815738009749,0.0368652,-0.11853,-0.882813,0.453064
1563815738026708,0.0369873,-0.118469,-0.882935,0.45282
1563815738048697,0.0370483,-0.118469,-0.882935,0.45282
1563815738070683,0.0371094,-0.11853,-0.882935,0.45282
1563815738092672,0.0371094,-0.11853,-0.882935,0.45282
1563815738109661,0.0369873,-0.118652,-0.882751,0.453125
1563815738130649,0.0368042,-0.118713,-0.882568,0.453491
1563815738146641,0.0367432,-0.118774,-0.882385,0.453857
1563815738169630,0.0368652,-0.119019,-0.882141,0.454224
1563815738190618,0.0371094,-0.119263,-0.881958,0.454468
1563815738205609,0.0372925,-0.119385,-0.881775,0.454773
1563815738229592,0.0371704,-0.119324,-0.881653,0.455078
1563815738251587,0.0370483,-0.119141,-0.881531,0.455322
1563815738266572,0.0368652,-0.11908,-0.88147,0.455505
1563815738289560,0.0369263,-0.11908,-0.88147,0.455505
1563815738311550,0.0369873,-0.11908,-0.88147,0.455505
1563815738326538,0.0369873,-0.118958,-0.881348,0.45575
1563815738349525,0.0371704,-0.11908,-0.881226,0.455933
1563815738371513,0.0374756,-0.11908,-0.881165,0.456055
1563815738392504,0.0377808,-0.118958,-0.881104,0.456116
1563815738409490,0.038147,-0.118958,-0.881226,0.455933
1563815738431479,0.0385742,-0.119202,-0.881409,0.455444
1563815738446470,0.0393677,-0.119629,-0.881653,0.454834
1563815738469466,0.0404663,-0.120239,-0.882202,0.45343
1563815738492442,0.0418091,-0.120117,-0.882996,0.451843
1563815738512452,0.043396,-0.118713,-0.88385,0.450439
1563815738529426,0.0449219,-0.11731,-0.885132,0.448059
1563815738551409,0.0463257,-0.115906,-0.886536,0.445618
1563815738572396,0.0484009,-0.113464,-0.888,0.443054
1563815738589386,0.0512085,-0.108826,-0.890076,0.439697
1563815738619372,0.0516357,-0.102722,-0.891113,0.439026
1563815738632365,0.0522461,-0.0952759,-0.890503,0.441895
1563815738649356,0.0533447,-0.0949097,-0.888855,0.445129
1563815738673342,0.0569458,-0.103394,-0.887512,0.445496
1563815738693350,0.0602417,-0.111267,-0.886841,0.444397
1563815738709318,0.0596313,-0.111206,-0.887329,0.443604
1563815738731312,0.0565796,-0.106934,-0.888428,0.44281
1563815738752294,0.0552368,-0.105164,-0.889587,0.44104
1563815738769284,0.055542,-0.106689,-0.890137,0.439514
1563815738791270,0.0559082,-0.107422,-0.890076,0.439392
1563815738814257,0.053833,-0.107178,-0.889832,0.440308
1563815738829251,0.0532227,-0.105408,-0.890015,0.44043
1563815738851235,0.0524902,-0.104309,-0.890198,0.440369
1563815738873231,0.052124,-0.103821,-0.890137,0.440674
1563815738897211,0.0524292,-0.103699,-0.889648,0.441589
1563815738911207,0.0529175,-0.103333,-0.889221,0.442505
1563815738933218,0.0533447,-0.103271,-0.888916,0.443054
1563815738949185,0.0535889,-0.103699,-0.888733,0.443359
1563815738972169,0.0532837,-0.104248,-0.888489,0.443726
1563815738995155,0.0522461,-0.104248,-0.888489,0.443909
1563815739009156,0.0509033,-0.103821,-0.88855,0.44397
1563815739032133,0.0497437,-0.103516,-0.888672,0.44397
1563815739060138,0.0490112,-0.103821,-0.888672,0.443909
1563815739076112,0.048645,-0.104553,-0.888672,0.443787
1563815739092102,0.0482788,-0.105347,-0.888794,0.443481
1563815739112090,0.0477905,-0.105896,-0.888855,0.443237
1563815739136078,0.0474854,-0.106262,-0.888794,0.443298
1563815739152064,0.0471802,-0.106506,-0.888672,0.443542
1563815739174052,0.046936,-0.106812,-0.88855,0.443787
1563815739189043,0.0467529,-0.107239,-0.888428,0.443909
1563815739212030,0.0464478,-0.107666,-0.888306,0.444092
1563815739234021,0.0460205,-0.107666,-0.888184,0.444397
1563815739249009,0.0454712,-0.107544,-0.887939,0.444885
1563815739271997,0.0447998,-0.107422,-0.887817,0.445251
1563815739293983,0.0443726,-0.107422,-0.887695,0.445557
1563815739308976,0.0441284,-0.107422,-0.887634,0.44574
1563815739338960,0.0440063,-0.107605,-0.887451,0.445984
1563815739353949,0.0438232,-0.107544,-0.887329,0.446289
1563815739368947,0.0437012,-0.107361,-0.887268,0.446533
1563815739398927,0.0436401,-0.107239,-0.887146,0.446716
1563815739413916,0.0436401,-0.107361,-0.887024,0.44696
1563815739428905,0.0436401,-0.107422,-0.886963,0.447083
1563815739451897,0.0435181,-0.107422,-0.886902,0.447266
1563815739473879,0.0432129,-0.107361,-0.886841,0.447388
1563815739488871,0.0428467,-0.1073,-0.88678,0.447571
1563815739511857,0.0425415,-0.1073,-0.88678,0.447632
1563815739534844,0.0421753,-0.107361,-0.886719,0.447693
1563815739548840,0.0419922,-0.107483,-0.886719,0.447693
1563815739578822,0.0418701,-0.107727,-0.886658,0.447815
1563815739579819,0.041626,-0.10791,-0.886658,0.447815
1563815739600813,0.0414429,-0.108154,-0.886597,0.447815
1563815739617796,0.0412598,-0.108276,-0.886536,0.447876
1563815739636808,0.0411377,-0.108398,-0.886536,0.447937
1563815739659775,0.0409546,-0.108582,-0.886536,0.447937
1563815739675763,0.0407715,-0.108582,-0.886597,0.447815
1563815739713745,0.0405884,-0.108582,-0.886658,0.447754
1563815739727755,0.0404053,-0.108582,-0.886658,0.447693
1563815739743724,0.0401001,-0.108459,-0.886719,0.447632
1563815739756718,0.0397339,-0.108398,-0.88678,0.447571
1563815739779705,0.0394287,-0.108276,-0.886841,0.447449
1563815739795694,0.0390625,-0.108337,-0.886902,0.447388
1563815739816683,0.0387573,-0.108337,-0.886963,0.447327
1563815739842670,0.0383301,-0.108398,-0.887024,0.447266
1563815739855660,0.0379028,-0.108398,-0.887024,0.447327
1563815739876646,0.0373535,-0.108398,-0.887024,0.447327
1563815739899639,0.0368042,-0.108521,-0.887024,0.447388
1563815739916626,0.0361938,-0.108704,-0.887024,0.447388
1563815739936613,0.0355835,-0.109009,-0.886963,0.447449
1563815739959603,0.0349121,-0.109436,-0.886902,0.44751
1563815739990583,0.0341187,-0.109802,-0.886841,0.44751
1563815740004594,0.0332031,-0.110046,-0.886902,0.44751
1563815740022564,0.0322876,-0.110229,-0.886902,0.447449
1563815740035560,0.0313721,-0.110596,-0.886902,0.447388
1563815740056544,0.0305786,-0.111084,-0.886963,0.447266
1563815740079573,0.0299072,-0.11145,-0.887024,0.447144
1563815740097522,0.0291138,-0.111755,-0.887024,0.447083
1563815740119516,0.0283813,-0.112,-0.887024,0.447144
1563815740139527,0.027832,-0.112061,-0.887024,0.447083
1563815740157487,0.0273438,-0.112122,-0.887085,0.447021
1563815740184472,0.0270386,-0.112122,-0.887146,0.446899
1563815740199463,0.0269165,-0.112,-0.887207,0.446838
1563815740217452,0.0268555,-0.111816,-0.887268,0.446777
1563815740253432,0.0269775,-0.111572,-0.887268,0.446716
1563815740259485,0.0271606,-0.11145,-0.887329,0.446716
1563815740285419,0.0273438,-0.111267,-0.887329,0.446716
1563815740300424,0.0274048,-0.110901,-0.887329,0.446777
1563815740319452,0.0272827,-0.110596,-0.88739,0.446777
1563815740337383,0.0270996,-0.110413,-0.88739,0.446777
1563815740357414,0.0270386,-0.110413,-0.88739,0.446777
1563815740379393,0.0266724,-0.110596,-0.887451,0.446655
1563815740397357,0.026062,-0.110718,-0.887512,0.446594
1563815740417338,0.0252686,-0.110718,-0.887512,0.446655
1563815740447322,0.0244751,-0.11084,-0.887451,0.446716
1563815740465310,0.0238037,-0.111267,-0.88739,0.446716
1563815740477304,0.0232544,-0.111755,-0.887329,0.446838
1563815740499296,0.0227661,-0.112061,-0.887207,0.447021
1563815740517281,0.0223389,-0.112305,-0.887024,0.447327
1563815740537271,0.0220337,-0.112427,-0.886841,0.447632
1563815740561255,0.0218506,-0.112671,-0.886719,0.447876
1563815740577246,0.0217896,-0.112915,-0.886536,0.44812
1563815740600235,0.0216675,-0.112915,-0.886414,0.448364
1563815740639212,0.0214844,-0.112915,-0.886292,0.448669
1563815740643228,0.0214844,-0.112915,-0.886292,0.448669
1563815740657206,0.0214844,-0.112915,-0.886292,0.448669
1563815740681186,0.0214844,-0.112915,-0.886292,0.448669
1563815740697177,0.0213013,-0.113159,-0.88623,0.448792
1563815740726162,0.0210571,-0.113342,-0.886108,0.448914
1563815740735156,0.0206909,-0.113586,-0.886047,0.448975
1563815740757144,0.0202026,-0.113831,-0.885986,0.449097
1563815740778131,0.0195313,-0.114258,-0.885925,0.449097
1563815740795124,0.0187988,-0.114807,-0.885864,0.449158
1563815740817107,0.0180054,-0.115295,-0.885803,0.449219
1563815740847090,0.0171509,-0.115845,-0.885742,0.449219
1563815740855087,0.0161743,-0.116333,-0.88562,0.44928
1563815740877074,0.0151367,-0.116882,-0.885498,0.449463
1563815740898062,0.0141602,-0.117798,-0.885315,0.449585
1563815740915052,0.0131226,-0.118958,-0.885071,0.449829
1563815740937039,0.0120239,-0.119873,-0.884888,0.450012
1563815740960026,0.0108032,-0.120789,-0.884644,0.450195
1563815740975019,0.00946045,-0.121765,-0.88446,0.450317
1563815740997006,0.00793457,-0.123108,-0.884338,0.450317
1563815741017994,0.00622559,-0.124756,-0.884216,0.450134
1563815741040020,0.00415039,-0.12677,-0.884094,0.449829
1563815741063015,0.00164795,-0.129028,-0.883972,0.449402
1563815741078966,-0.0012207,-0.131714,-0.883911,0.44873
1563815741100947,-0.00463867,-0.135132,-0.88385,0.447815
1563815741117937,-0.00860596,-0.139404,-0.883789,0.446594
1563815741138924,-0.0133057,-0.143616,-0.883972,0.444824
1563815741153928,-0.019165,-0.147156,-0.884583,0.4422
1563815741176902,-0.0265503,-0.150146,-0.88562,0.438782
1563815741198890,-0.0352173,-0.153259,-0.886963,0.434326
1563815741213884,-0.0453491,-0.15686,-0.88855,0.428772
1563815741236868,-0.0566406,-0.160339,-0.890442,0.422119
1563815741258855,-0.0685425,-0.163452,-0.892395,0.415039
1563815741279844,-0.0809937,-0.166626,-0.894165,0.407715
1563815741296833,-0.0939331,-0.169922,-0.895752,0.400024
1563815741318824,-0.106812,-0.173096,-0.897034,0.392395
1563815741341808,-0.118774,-0.175842,-0.89801,0.385498
1563815741356803,-0.130188,-0.178223,-0.898682,0.37915
1563815741378786,-0.141113,-0.180725,-0.898987,0.37323
1563815741401774,-0.151306,-0.183167,-0.898987,0.36792
1563815741416768,-0.160522,-0.185425,-0.898865,0.36322
1563815741439751,-0.168884,-0.187195,-0.898743,0.358826
1563815741467736,-0.176758,-0.188171,-0.898743,0.354431
1563815741476732,-0.184082,-0.188293,-0.898926,0.350159
1563815741498722,-0.191162,-0.1875,-0.899292,0.345764
1563815741519714,-0.198303,-0.185852,-0.89978,0.34137
1563815741536695,-0.205322,-0.183167,-0.900452,0.336914
1563815741559684,-0.212341,-0.179932,-0.901184,0.332336
1563815741579681,-0.219055,-0.176941,-0.901733,0.328125
1563815741596662,-0.224426,-0.174011,-0.9021,0.325012
1563815741619654,-0.228577,-0.17157,-0.902161,0.323303
1563815741640640,-0.23175,-0.169983,-0.901733,0.322937
1563815741656626,-0.233704,-0.169556,-0.901062,0.323669
1563815741679616,-0.235046,-0.17041,-0.900146,0.324829
1563815741700605,-0.236572,-0.172058,-0.898987,0.326111
1563815741716596,-0.238708,-0.173462,-0.897766,0.327087
1563815741739580,-0.241089,-0.173706,-0.896851,0.327698
1563815741760569,-0.243652,-0.173035,-0.896179,0.328125
1563815741784554,-0.246338,-0.172058,-0.895508,0.328369
1563815741799546,-0.248901,-0.171753,-0.894775,0.328613
1563815741820555,-0.251465,-0.172119,-0.89386,0.328857
1563815741837548,-0.253845,-0.172791,-0.892944,0.329285
1563815741859510,-0.255981,-0.17334,-0.892029,0.329834
1563815741880522,-0.257751,-0.173889,-0.891235,0.330261
1563815741896492,-0.259094,-0.1745,-0.890564,0.330688
1563815741925473,-0.259949,-0.175049,-0.890076,0.330994
1563815741941464,-0.260437,-0.17572,-0.889648,0.331482
1563815741956459,-0.260498,-0.176575,-0.889221,0.332092
1563815741979444,-0.260559,-0.177551,-0.888672,0.333008
1563815742001430,-0.26062,-0.178528,-0.888062,0.333984
1563815742016420,-0.260864,-0.179565,-0.887451,0.334961
1563815742039411,-0.26123,-0.180298,-0.886841,0.335815
1563815742061395,-0.261719,-0.180725,-0.886414,0.336426
1563815742076386,-0.26239,-0.180786,-0.886047,0.336853
1563815742099375,-0.263,-0.180847,-0.885742,0.337158
1563815742121362,-0.263367,-0.181091,-0.885376,0.337585
1563815742136353,-0.263306,-0.181641,-0.885071,0.338135
1563815742159340,-0.263184,-0.182495,-0.884766,0.338684
1563815742181325,-0.262939,-0.182922,-0.884583,0.339111
1563815742196318,-0.262695,-0.182861,-0.884521,0.339417
1563815742219310,-0.262573,-0.182617,-0.884521,0.339722
1563815742241294,-0.262573,-0.1828,-0.884338,0.340027
1563815742256283,-0.262634,-0.183411,-0.884155,0.340149
1563815742279269,-0.262573,-0.183899,-0.884155,0.339905
1563815742302268,-0.262817,-0.184143,-0.88446,0.338867
1563815742316253,-0.263672,-0.183411,-0.885132,0.336792
1563815742339239,-0.265015,-0.180481,-0.886169,0.334656
1563815742369227,-0.265564,-0.175476,-0.887878,0.332275
1563815742382210,-0.265808,-0.170105,-0.889587,0.330383
1563815742399202,-0.26532,-0.165283,-0.890381,0.330994
1563815742421192,-0.266541,-0.161499,-0.889709,0.33374
1563815742442198,-0.262085,-0.159973,-0.890747,0.335205
1563815742459167,-0.257568,-0.1604,-0.891602,0.336243
1563815742481167,-0.256409,-0.164612,-0.89093,0.336731
1563815742503146,-0.258362,-0.166809,-0.890259,0.335999
1563815742519140,-0.261841,-0.165466,-0.889832,0.335083
1563815742542120,-0.264221,-0.164001,-0.889648,0.334534
1563815742564107,-0.264587,-0.164063,-0.889709,0.334045
1563815742579098,-0.263611,-0.164551,-0.890076,0.333618
1563815742602092,-0.262756,-0.164368,-0.890442,0.333374
1563815742623076,-0.262268,-0.163879,-0.890747,0.33313
1563815742639068,-0.262268,-0.163818,-0.890747,0.333191
1563815742669064,-0.263,-0.164551,-0.890198,0.33374
1563815742683060,-0.263611,-0.165588,-0.889648,0.334229
1563815742699051,-0.26416,-0.166077,-0.889221,0.334656
1563815742722016,-0.264648,-0.166138,-0.889038,0.334717
1563815742743074,-0.265381,-0.166138,-0.888855,0.334656
1563815742761040,-0.266357,-0.166382,-0.88855,0.334595
1563815742782028,-0.267456,-0.167053,-0.888123,0.334412
1563815742803039,-0.268311,-0.167969,-0.887756,0.334229
1563815742819015,-0.268921,-0.168701,-0.887512,0.334106
1563815742842016,-0.27002,-0.169312,-0.887207,0.33374
1563815742871979,-0.271179,-0.169739,-0.886963,0.333252
1563815742878974,-0.270935,-0.169617,-0.887268,0.332581
1563815742901971,-0.272217,-0.170105,-0.886963,0.332092
1563815742922969,-0.271729,-0.169434,-0.887634,0.331055
1563815742938944,-0.272095,-0.16864,-0.887817,0.330627
1563815742961947,-0.272522,-0.168518,-0.887817,0.330322
1563815742983912,-0.273132,-0.168762,-0.887634,0.3302
1563815742998904,-0.27356,-0.169006,-0.887512,0.330139
1563815743021892,-0.273621,-0.169067,-0.887512,0.330139
1563815743043878,-0.273621,-0.169067,-0.887512,0.330139
1563815743058873,-0.273865,-0.16925,-0.887329,0.3302
1563815743088855,-0.27417,-0.169678,-0.887146,0.3302
1563815743103850,-0.274536,-0.170044,-0.887024,0.330139
1563815743118837,-0.274963,-0.170349,-0.886902,0.330017
1563815743141824,-0.275574,-0.170654,-0.886719,0.329834
1563815743163810,-0.276245,-0.170898,-0.886536,0.329468
1563815743178802,-0.276855,-0.171143,-0.886475,0.328979
1563815743201789,-0.277405,-0.171204,-0.886719,0.327881
1563815743223775,-0.278015,-0.170532,-0.887024,0.326843
1563815743238766,-0.278564,-0.169434,-0.887207,0.326477
1563815743261756,-0.278748,-0.168396,-0.887268,0.32666
1563815743291736,-0.278748,-0.168335,-0.887329,0.32666
1563815743305727,-0.278687,-0.168701,-0.887146,0.326843
1563815743321720,-0.278625,-0.169128,-0.887146,0.326904
1563815743343705,-0.278564,-0.168335,-0.887573,0.326111
1563815743364694,-0.278748,-0.165161,-0.888794,0.324219
1563815743387681,-0.279297,-0.159363,-0.890686,0.321533
1563815743403671,-0.280334,-0.151428,-0.892883,0.318237
1563815743425660,-0.281311,-0.141479,-0.895325,0.315063
1563815743448661,-0.280029,-0.129089,-0.898315,0.313049
1563815743463667,-0.274597,-0.11322,-0.902344,0.3125
1563815743485632,-0.266968,-0.0928345,-0.907227,0.311646
1563815743501623,-0.261169,-0.0672607,-0.912109,0.308777
1563815743523634,-0.255127,-0.0324097,-0.917175,0.304443
1563815743545600,-0.247681,0.00921631,-0.921082,0.300415
1563815743561587,-0.238159,0.0548706,-0.922546,0.298645
1563815743584570,-0.227173,0.102661,-0.920837,0.299988
1563815743612555,-0.214661,0.150696,-0.915527,0.304993
1563815743621547,-0.200867,0.197937,-0.906921,0.313049
1563815743644535,-0.186279,0.244263,-0.894714,0.324158
1563815743665541,-0.170105,0.28949,-0.879028,0.338501
1563815743687509,-0.151733,0.331909,-0.860413,0.355652
1563815743704516,-0.130676,0.370117,-0.840088,0.374451
1563815743726487,-0.106689,0.403259,-0.81897,0.394043
1563815743741499,-0.0805664,0.432434,-0.797668,0.412659
1563815743764487,-0.0534058,0.458923,-0.775696,0.429932
1563815743785455,-0.0266113,0.484131,-0.752563,0.445618
1563815743802457,-0.00164795,0.509155,-0.727783,0.459412
1563815743824431,0.022644,0.533997,-0.700745,0.472534
1563815743845439,0.0458984,0.557495,-0.672058,0.485168
1563815743868405,0.0684814,0.577942,-0.643372,0.497314
1563815743884398,0.0896606,0.593994,-0.616028,0.509521
1563815743914380,0.109192,0.606201,-0.59021,0.521729
1563815743927392,0.127075,0.61676,-0.564392,0.533691
1563815743944383,0.142456,0.627014,-0.537048,0.545898
1563815743968355,0.155029,0.637024,-0.50885,0.557861
1563815743981342,0.165771,0.645569,-0.4823,0.56842
1563815744010326,0.1745,0.652649,-0.458435,0.577393
1563815744026315,0.180115,0.65863,-0.435608,0.586426
1563815744041328,0.184326,0.664001,-0.413391,0.595093
1563815744064293,0.190002,0.667908,-0.393555,0.602356
1563815744086282,0.198303,0.671448,-0.376343,0.60675
1563815744092296,0.20752,0.673279,-0.362793,0.609863
1563815744108267,0.217041,0.674072,-0.350586,0.612793
1563815744129255,0.223999,0.674133,-0.337219,0.617737
1563815744152244,0.226929,0.673584,-0.322266,0.625122
1563815744193222,0.227478,0.672424,-0.308044,0.633362
1563815744197218,0.228821,0.6698,-0.296387,0.641174
1563815744229219,0.232117,0.664978,-0.287476,0.649048
1563815744231196,0.237061,0.658081,-0.280212,0.657349
1563815744249207,0.24292,0.650085,-0.273682,0.665894
1563815744289185,0.249939,0.64093,-0.268188,0.674316
1563815744291164,0.258728,0.631165,-0.263855,0.681885
1563815744309156,0.268616,0.620972,-0.259705,0.688965
1563815744335143,0.278381,0.610474,-0.255798,0.695923
1563815744348132,0.288086,0.600098,-0.252258,0.702271
1563815744369119,0.296997,0.591125,-0.249268,0.707214
1563815744393105,0.303955,0.583313,-0.246216,0.711792
1563815744414097,0.308105,0.576416,-0.242065,0.717041
1563815744446074,0.309387,0.570374,-0.237183,0.7229
1563815744452076,0.308533,0.565674,-0.232666,0.728394
1563815744468071,0.306641,0.561829,-0.228821,0.733398
1563815744489051,0.304565,0.557922,-0.225403,0.738281
1563815744512055,0.302368,0.554443,-0.222534,0.742676
1563815744528057,0.300293,0.551208,-0.220581,0.746521
1563815744550015,0.298889,0.54834,-0.219971,0.749329
1563815744572034,0.297668,0.546021,-0.220154,0.751465
1563815744588024,0.296082,0.544067,-0.220459,0.753418
1563815744609980,0.293213,0.543274,-0.220947,0.754944
1563815744639962,0.289001,0.543457,-0.222046,0.756165
1563815744647959,0.283936,0.544006,-0.223572,0.757202
1563815744670946,0.278015,0.543884,-0.225098,0.759033
1563815744691933,0.270569,0.543457,-0.226501,0.761597
1563815744707923,0.262024,0.542603,-0.228149,0.764709
1563815744729913,0.253784,0.541138,-0.230957,0.7677
1563815744751933,0.24646,0.538513,-0.234863,0.770752
1563815744768893,0.239685,0.535034,-0.239136,0.773987
1563815744789908,0.233215,0.531067,-0.243469,0.777283
1563815744813864,0.227478,0.527527,-0.248291,0.779907
1563815744829855,0.222839,0.524963,-0.253845,0.781189
1563815744852840,0.218872,0.523499,-0.259644,0.781372
1563815744871853,0.214172,0.52356,-0.265381,0.780701
1563815744890818,0.207397,0.525452,-0.270813,0.779419
1563815744909812,0.198181,0.528748,-0.275635,0.777893
1563815744931818,0.185913,0.533142,-0.279785,0.776428
1563815744950797,0.170288,0.538086,-0.283142,0.775391
1563815744976771,0.151123,0.542542,-0.285461,0.775452
1563815744992761,0.129272,0.54657,-0.287659,0.775696
1563815745023741,0.107605,0.550049,-0.291687,0.775024
1563815745029739,0.0877686,0.552368,-0.297729,0.773621
1563815745051734,0.0697632,0.554016,-0.304688,0.771545
1563815745069717,0.0529175,0.555115,-0.312134,0.769104
1563815745096724,0.0370483,0.555054,-0.320129,0.766785
1563815745111716,0.0216064,0.553833,-0.328491,0.764709
1563815745129682,0.0067749,0.550537,-0.337891,0.763306
1563815745149694,-0.0057373,0.543823,-0.349548,0.762878
1563815745171681,-0.0151978,0.53302,-0.364563,0.763367
1563815745190647,-0.0206909,0.518005,-0.383118,0.764465
1563815745209635,-0.0221558,0.499756,-0.40448,0.765564
1563815745231646,-0.022644,0.480957,-0.425781,0.766052
1563815745249613,-0.0224609,0.458862,-0.447876,0.766968
1563815745276621,-0.0195923,0.431091,-0.47229,0.768555
1563815745287592,-0.0134277,0.398193,-0.498535,0.769897
1563815745309582,-0.0110474,0.362,-0.526245,0.769287
1563815745336566,-0.0136108,0.323181,-0.551331,0.768982
1563815745352556,-0.0187988,0.282532,-0.572205,0.769653
1563815745369543,-0.0250854,0.239685,-0.590088,0.770508
1563815745389539,-0.0318604,0.193909,-0.6073,0.769775
1563815745407525,-0.0393066,0.146057,-0.622986,0.767456
1563815745430510,-0.046875,0.10022,-0.634705,0.764771
1563815745451499,-0.055542,0.0585327,-0.643677,0.760986
1563815745467492,-0.0639648,0.020874,-0.651062,0.756042
1563815745490475,-0.0702515,-0.012085,-0.655701,0.751648
1563815745511462,-0.0752563,-0.041626,-0.657776,0.748291
1563815745532476,-0.0796509,-0.0684814,-0.658325,0.745422
1563815745556436,-0.0835571,-0.0921021,-0.658264,0.742493
1563815745570429,-0.0878296,-0.110474,-0.657532,0.740112
1563815745586423,-0.0917969,-0.125793,-0.656799,0.737793
1563815745617402,-0.0969238,-0.140137,-0.656372,0.734985
1563815745630416,-0.104004,-0.153992,-0.656433,0.73114
1563815745647390,-0.112793,-0.167542,-0.656738,0.726563
1563815745685363,-0.121948,-0.18042,-0.656555,0.722168
1563815745690361,-0.129395,-0.1922,-0.654907,0.719299
1563815745706354,-0.134888,-0.203613,-0.651917,0.717896
1563815745729339,-0.138794,-0.215149,-0.648621,0.716736
1563815745750331,-0.142212,-0.226318,-0.644958,0.715942
1563815745780333,-0.145508,-0.235962,-0.640808,0.715942
1563815745790302,-0.148254,-0.244385,-0.636108,0.716736
1563815745811290,-0.150696,-0.252319,-0.631409,0.71759
1563815745834278,-0.153198,-0.258972,-0.627502,0.71814
1563815745849270,-0.156189,-0.264099,-0.624451,0.718262
1563815745871256,-0.158813,-0.268005,-0.622192,0.718201
1563815745886248,-0.160339,-0.271606,-0.620544,0.717957
1563815745909235,-0.161255,-0.275635,-0.619446,0.717163
1563815745932222,-0.162476,-0.279297,-0.618896,0.715942
1563815745946232,-0.164673,-0.28186,-0.619202,0.714172
1563815745983195,-0.167664,-0.283203,-0.620056,0.712219
1563815746006208,-0.170349,-0.283752,-0.620972,0.710571
1563815746009207,-0.171875,-0.284424,-0.62146,0.709473
1563815746029165,-0.172119,-0.285583,-0.621765,0.70874
1563815746058151,-0.172302,-0.286682,-0.622253,0.707764
1563815746066144,-0.173462,-0.286743,-0.623169,0.706665
1563815746089132,-0.175537,-0.28595,-0.624268,0.705505
1563815746111119,-0.177856,-0.285217,-0.625183,0.704407
1563815746126112,-0.179688,-0.285217,-0.625977,0.703247
1563815746149099,-0.181152,-0.286072,-0.626648,0.701904
1563815746171090,-0.182434,-0.287292,-0.62738,0.700439
1563815746186075,-0.184082,-0.288513,-0.628235,0.69873
1563815746209065,-0.186279,-0.289368,-0.629089,0.697021
1563815746231050,-0.188599,-0.289856,-0.629883,0.695496
1563815746246040,-0.190308,-0.29071,-0.630371,0.694214
1563815746276030,-0.191223,-0.292175,-0.630615,0.693115
1563815746291014,-0.19165,-0.293945,-0.63092,0.691956
1563815746313002,-0.1922,-0.29541,-0.631348,0.690796
1563815746328992,-0.192993,-0.296326,-0.631775,0.689758
1563815746351980,-0.193481,-0.297241,-0.63208,0.688965
1563815746372967,-0.193481,-0.29834,-0.632263,0.688354
1563815746389989,-0.193237,-0.299561,-0.632324,0.687866
1563815746411946,-0.192932,-0.300476,-0.632324,0.6875
1563815746432942,-0.192688,-0.30127,-0.632385,0.687195
1563815746448932,-0.192688,-0.301819,-0.632507,0.686829
1563815746471914,-0.192871,-0.302246,-0.632629,0.686462
1563815746491901,-0.192993,-0.302734,-0.632751,0.686096
1563815746508894,-0.193115,-0.303406,-0.632874,0.685669
1563815746531879,-0.193054,-0.304443,-0.633179,0.684998
1563815746552866,-0.19281,-0.305542,-0.633728,0.684021
1563815746568859,-0.193298,-0.306335,-0.635071,0.682312
1563815746591844,-0.195313,-0.306396,-0.636963,0.679932
1563815746612853,-0.197388,-0.305481,-0.638489,0.678284
1563815746628826,-0.199341,-0.304626,-0.639832,0.67688
1563815746651817,-0.200989,-0.303955,-0.640625,0.675903
1563815746672818,-0.203247,-0.303162,-0.640137,0.676086
1563815746696787,-0.206238,-0.30365,-0.638489,0.676514
1563815746711775,-0.203186,-0.304016,-0.637329,0.678284
1563815746736760,-0.197021,-0.308899,-0.636108,0.679077
1563815746749755,-0.192444,-0.313049,-0.635681,0.678894
1563815746778735,-0.192627,-0.311829,-0.635681,0.679443
1563815746794732,-0.193542,-0.309998,-0.635498,0.680176
1563815746808719,-0.193298,-0.310242,-0.63501,0.680542
1563815746831715,-0.192322,-0.311157,-0.634949,0.680481
1563815746859712,-0.192932,-0.311157,-0.635376,0.679932
1563815746868684,-0.194397,-0.310486,-0.636414,0.678833
1563815746891686,-0.195618,-0.31073,-0.636536,0.678284
1563815746913658,-0.195496,-0.311279,-0.636353,0.678162
1563815746928655,-0.195313,-0.31189,-0.636108,0.678223
1563815746951641,-0.195313,-0.312012,-0.636108,0.678162
1563815746974626,-0.195557,-0.312561,-0.636169,0.677795
1563815746988618,-0.195862,-0.313232,-0.636292,0.677246
1563815747011606,-0.196289,-0.31427,-0.636353,0.676636
1563815747034592,-0.196716,-0.315186,-0.636353,0.676086
1563815747055577,-0.197266,-0.316101,-0.63623,0.675537
1563815747071576,-0.197815,-0.316956,-0.636108,0.67511
1563815747094556,-0.198242,-0.31781,-0.636047,0.674683
1563815747108548,-0.198792,-0.318542,-0.635986,0.674194
1563815747131537,-0.199402,-0.319214,-0.636047,0.673645
1563815747154520,-0.200134,-0.319641,-0.636414,0.672913
1563815747168511,-0.200928,-0.320068,-0.637024,0.671875
1563815747191499,-0.201904,-0.319702,-0.638428,0.67041
1563815747220485,-0.203613,-0.31842,-0.640137,0.668884
1563815747235475,-0.206116,-0.316528,-0.641235,0.667969
1563815747251470,-0.208008,-0.315552,-0.641541,0.667542
1563815747274473,-0.208679,-0.315674,-0.640991,0.667786
1563815747295443,-0.208191,-0.316589,-0.640015,0.668396
1563815747311430,-0.207458,-0.317932,-0.639282,0.668762
1563815747335416,-0.207153,-0.319214,-0.638794,0.668701
1563815747355406,-0.207642,-0.319702,-0.638611,0.668457
1563815747372416,-0.20874,-0.31958,-0.638428,0.668396
1563815747394383,-0.209839,-0.319336,-0.638123,0.668457
1563815747423395,-0.210388,-0.319214,-0.637756,0.668701
1563815747448381,-0.210449,-0.319519,-0.63739,0.668884
1563815747454348,-0.210327,-0.319946,-0.637085,0.669006
1563815747475366,-0.210388,-0.32019,-0.636902,0.669067
1563815747491326,-0.210754,-0.320129,-0.636658,0.669189
1563815747514314,-0.21106,-0.320068,-0.636414,0.669312
1563815747535301,-0.211121,-0.320435,-0.636047,0.669495
1563815747551300,-0.210938,-0.321106,-0.635681,0.669617
1563815747574281,-0.210693,-0.321716,-0.635376,0.669678
1563815747595270,-0.210815,-0.322083,-0.63501,0.669739
1563815747611260,-0.21106,-0.322266,-0.634766,0.669861
1563815747634244,-0.211121,-0.32251,-0.63446,0.670044
1563815747655238,-0.21106,-0.322754,-0.634094,0.670227
1563815747671222,-0.210938,-0.323059,-0.633789,0.67041
1563815747694211,-0.210876,-0.323303,-0.633606,0.670532
1563815747732189,-0.210876,-0.323364,-0.633606,0.670471
1563815747734194,-0.210876,-0.323364,-0.633606,0.670471
1563815747754189,-0.210938,-0.323425,-0.633606,0.670471
1563815747784162,-0.210938,-0.323425,-0.633545,0.670471
1563815747791185,-0.210938,-0.323486,-0.633545,0.670471
1563815747814141,-0.210938,-0.323486,-0.633545,0.67041
1563815747837128,-0.210999,-0.323547,-0.633545,0.67041
1563815747851133,-0.210999,-0.323547,-0.633545,0.67041
1563815747874116,-0.210999,-0.323608,-0.633545,0.67041
1563815747897094,-0.210999,-0.323608,-0.633545,0.670349
1563815747911093,-0.210999,-0.323669,-0.633545,0.670349
1563815747942071,-0.210999,-0.32373,-0.633545,0.670349
1563815747957061,-0.210999,-0.32373,-0.633545,0.670349
1563815747980048,-0.210999,-0.323792,-0.633545,0.670349
1563815747994039,-0.210999,-0.323792,-0.633545,0.670288
1563815748017028,-0.210999,-0.323792,-0.633545,0.670288
1563815748031017,-0.210999,-0.323853,-0.633484,0.670288
1563815748055005,-0.21106,-0.323853,-0.633484,0.670288
1563815748076991,-0.21106,-0.323914,-0.633484,0.670288
1563815748090985,-0.21106,-0.323914,-0.633484,0.670288
1563815748113971,-0.21106,-0.323975,-0.633484,0.670227
1563815748136958,-0.21106,-0.323975,-0.633484,0.670227
1563815748150950,-0.211121,-0.324036,-0.633484,0.670227
1563815748173942,-0.211121,-0.324036,-0.633484,0.670227
1563815748203925,-0.211121,-0.324097,-0.633423,0.670227
1563815748218912,-0.211121,-0.324097,-0.633423,0.670166
1563815748233922,-0.211182,-0.324158,-0.633423,0.670166
1563815748256892,-0.211182,-0.324219,-0.633423,0.670166
1563815748278876,-0.211182,-0.324219,-0.633423,0.670166
1563815748293886,-0.211182,-0.32428,-0.633423,0.670105
1563815748316855,-0.211243,-0.32428,-0.633362,0.670105
1563815748337844,-0.211243,-0.324341,-0.633362,0.670105
1563815748353840,-0.211243,-0.324341,-0.633362,0.670105
1563815748376820,-0.211243,-0.324402,-0.633362,0.670105
1563815748397810,-0.211304,-0.324402,-0.633362,0.670105
1563815748413816,-0.211304,-0.324402,-0.633362,0.670044
1563815748436785,-0.211304,-0.324463,-0.633362,0.670044
1563815748458780,-0.211304,-0.324524,-0.633362,0.670044
1563815748473775,-0.211304,-0.324524,-0.633362,0.670044
1563815748496759,-0.211304,-0.324585,-0.633362,0.670044
1563815748517799,-0.211304,-0.324585,-0.633362,0.669983
1563815748533736,-0.211304,-0.324646,-0.633301,0.669983
1563815748556718,-0.211365,-0.324646,-0.633301,0.669983
1563815748577747,-0.211365,-0.324707,-0.633301,0.669983
1563815748584701,-0.211365,-0.324768,-0.633301,0.669922
1563815748599693,-0.211365,-0.324768,-0.633301,0.669922
1563815748621712,-0.211365,-0.324829,-0.633301,0.669922
1563815748644674,-0.211365,-0.324829,-0.633301,0.669922
1563815748659697,-0.211426,-0.32489,-0.63324,0.669922
1563815748681665,-0.211426,-0.32489,-0.63324,0.669861
1563815748704670,-0.211426,-0.32489,-0.63324,0.669861
1563815748722622,-0.211426,-0.324951,-0.63324,0.669861
1563815748758633,-0.211426,-0.324951,-0.63324,0.669861
1563815748764635,-0.211426,-0.324951,-0.63324,0.669861
1563815748779589,-0.211426,-0.325012,-0.63324,0.669861
1563815748824571,-0.211487,-0.325012,-0.63324,0.669861
1563815748836557,-0.211487,-0.325073,-0.63324,0.6698
1563815748840554,-0.211487,-0.325073,-0.63324,0.6698
1563815748861541,-0.211548,-0.325134,-0.633179,0.6698
1563815748885531,-0.211548,-0.325134,-0.633179,0.6698
1563815748899519,-0.211548,-0.325195,-0.633179,0.6698
1563815748923506,-0.211609,-0.325195,-0.633179,0.6698
1563815748944556,-0.211609,-0.325256,-0.633179,0.669739
1563815748959546,-0.211609,-0.325256,-0.633179,0.669739
1563815748982472,-0.21167,-0.325256,-0.633118,0.669739
1563815749004460,-0.21167,-0.325317,-0.633118,0.669739
1563815749019478,-0.21167,-0.325317,-0.633118,0.669739
1563815749049433,-0.211731,-0.325378,-0.633118,0.669739
1563815749066428,-0.211731,-0.325378,-0.633118,0.669739
1563815749079416,-0.211731,-0.325378,-0.633118,0.669678
1563815749109399,-0.211731,-0.325439,-0.633057,0.669678
1563815749124399,-0.211731,-0.325439,-0.633057,0.669678
1563815749139424,-0.211792,-0.325439,-0.633057,0.669678
1563815749165370,-0.211792,-0.3255,-0.633057,0.669678
1563815749180360,-0.211792,-0.3255,-0.633057,0.669678
1563815749199349,-0.211792,-0.3255,-0.633057,0.669678
1563815749222367,-0.212158,-0.325439,-0.633118,0.669556
1563815749248321,-0.212402,-0.325317,-0.63324,0.669434
1563815749261330,-0.212402,-0.325317,-0.633179,0.669434
1563815749282307,-0.212402,-0.325378,-0.633179,0.669434
1563815749300290,-0.212402,-0.325378,-0.633179,0.669373
1563815749327278,-0.212585,-0.3255,-0.633301,0.66925
1563815749342273,-0.212585,-0.3255,-0.633301,0.669189
1563815749360263,-0.212585,-0.325562,-0.63324,0.669189
1563815749387256,-0.212463,-0.325745,-0.633118,0.66925
1563815749402232,-0.212524,-0.325806,-0.633118,0.66925
1563815749420222,-0.212524,-0.325806,-0.633118,0.66925
1563815749442210,-0.212524,-0.325806,-0.633118,0.66925
1563815749462199,-0.212524,-0.325806,-0.633118,0.66925
1563815749484184,-0.212524,-0.325806,-0.633118,0.66925
1563815749501174,-0.212524,-0.325806,-0.633118,0.66925
1563815749525174,-0.212524,-0.325806,-0.633118,0.66925
1563815749544154,-0.212524,-0.325806,-0.633118,0.66925
1563815749561142,-0.212524,-0.325806,-0.633118,0.66925
1563815749582164,-0.212585,-0.325867,-0.633118,0.66925
1563815749607128,-0.212585,-0.325867,-0.633057,0.66925
1563815749622107,-0.21283,-0.325867,-0.633118,0.669128
1563815749642095,-0.213135,-0.325806,-0.633179,0.668945
1563815749667081,-0.213379,-0.325806,-0.633301,0.668823
1563815749682071,-0.213562,-0.325745,-0.633423,0.668701
1563815749702099,-0.213501,-0.325195,-0.633728,0.66864
1563815749720051,-0.213623,-0.324463,-0.633972,0.668762
1563815749742044,-0.213623,-0.323608,-0.634216,0.668945
1563815749762027,-0.213684,-0.322693,-0.634644,0.668945
1563815749780016,-0.21405,-0.321716,-0.635254,0.668701
1563815749802003,-0.215271,-0.320984,-0.635864,0.668091
1563815749821992,-0.217773,-0.320496,-0.636963,0.666443
1563815749839983,-0.221313,-0.319885,-0.63855,0.664063
1563815749861971,-0.225159,-0.319031,-0.64032,0.661499
1563815749884955,-0.228699,-0.318665,-0.641846,0.658997
1563815749899947,-0.231628,-0.318848,-0.643066,0.656616
1563815749921939,-0.234131,-0.319153,-0.643982,0.654663
1563815749942922,-0.23645,-0.319397,-0.644531,0.653259
1563815749959915,-0.238159,-0.319641,-0.644714,0.652344
1563815749981922,-0.238953,-0.319946,-0.644531,0.652039
1563815750001888,-0.239014,-0.320313,-0.644104,0.652283
1563815750019877,-0.238525,-0.320374,-0.643677,0.652832
1563815750041867,-0.237793,-0.319641,-0.643372,0.653748
1563815750062854,-0.236267,-0.318359,-0.642944,0.655334
1563815750078859,-0.232788,-0.317444,-0.641846,0.658142
1563815750107861,-0.22583,-0.316833,-0.640503,0.662109
1563815750122857,-0.216187,-0.31543,-0.639954,0.666565
1563815750139815,-0.205078,-0.310974,-0.641113,0.671021
1563815750161855,-0.193115,-0.302795,-0.644836,0.674683
1563815750182788,-0.180847,-0.291016,-0.651306,0.677063
1563815750198775,-0.167542,-0.276245,-0.6604,0.677856
1563815750221771,-0.153442,-0.259155,-0.671509,0.677063
1563815750242758,-0.139832,-0.239929,-0.684875,0.673645
1563815750259742,-0.128296,-0.219116,-0.700562,0.666931
1563815750281729,-0.118713,-0.197021,-0.717651,0.657349
1563815750302716,-0.109436,-0.174927,-0.736023,0.644775
1563815750320705,-0.0997925,-0.154175,-0.75531,0.629089
1563815750341694,-0.0900269,-0.13623,-0.77533,0.610107
1563815750362683,-0.081543,-0.121521,-0.795349,0.588257
1563815750386670,-0.0748291,-0.110046,-0.815063,0.563965
1563815750401657,-0.0709839,-0.102051,-0.833679,0.538086
1563815750423644,-0.0708008,-0.0966187,-0.851013,0.511353
1563815750439636,-0.0762939,-0.0942993,-0.866638,0.483948
1563815750461623,-0.0857544,-0.0944214,-0.880188,0.457214
1563815750482611,-0.0985718,-0.0949707,-0.891785,0.431274
1563815750498602,-0.113525,-0.0944824,-0.901672,0.406555
1563815750527586,-0.129944,-0.0931396,-0.909912,0.382813
1563815750543576,-0.146179,-0.09198,-0.916443,0.361084
1563815750558575,-0.161316,-0.0929565,-0.921082,0.34198
1563815750581556,-0.176941,-0.0975342,-0.923645,0.325684
1563815750604541,-0.192139,-0.104553,-0.9245,0.312256
1563815750618535,-0.207214,-0.111328,-0.924011,0.301514
1563815750641521,-0.221802,-0.116211,-0.922729,0.293152
1563815750664507,-0.235413,-0.11853,-0.921204,0.286377
1563815750678502,-0.247314,-0.11908,-0.919495,0.281555
1563815750701485,-0.257019,-0.120361,-0.917542,0.278564
1563815750724473,-0.264282,-0.123291,-0.915588,0.276917
1563815750738464,-0.269897,-0.12677,-0.913879,0.275574
1563815750761451,-0.274597,-0.129028,-0.912659,0.273987
1563815750784439,-0.27887,-0.129578,-0.911865,0.272034
1563815750805426,-0.283203,-0.128845,-0.911255,0.269958
1563815750829413,-0.287354,-0.128113,-0.910583,0.26825
1563815750844405,-0.29071,-0.127991,-0.90979,0.267212
1563815750865393,-0.293091,-0.128906,-0.908936,0.26709
1563815750895411,-0.294983,-0.13031,-0.90802,0.267517
1563815750904370,-0.296448,-0.131775,-0.907104,0.268311
1563815750925356,-0.298035,-0.133057,-0.906128,0.269287
1563815750942347,-0.2995,-0.133972,-0.905273,0.269958
1563815750970331,-0.301025,-0.134521,-0.904663,0.270203
1563815750978327,-0.302429,-0.13446,-0.904297,0.269714
1563815751001314,-0.303955,-0.133362,-0.904358,0.268494
1563815751024301,-0.30542,-0.130493,-0.904907,0.266296
1563815751045308,-0.306763,-0.125244,-0.906189,0.263
1563815751061279,-0.307739,-0.117004,-0.90802,0.259216
1563815751084266,-0.307983,-0.104919,-0.910706,0.2547
1563815751105255,-0.307068,-0.0886841,-0.914185,0.249451
1563815751121245,-0.304749,-0.0687866,-0.917908,0.244751
1563815751144232,-0.302002,-0.0488892,-0.921082,0.240906
1563815751165219,-0.297668,-0.0268555,-0.924072,0.238281
1563815751182213,-0.292236,-0.00262451,-0.926453,0.237244
1563815751204197,-0.285828,0.0246582,-0.92804,0.237671
1563815751225186,-0.277893,0.0563354,-0.928406,0.240173
1563815751241175,-0.268738,0.0911255,-0.927002,0.245422
1563815751270178,-0.258545,0.127075,-0.923706,0.252563
1563815751285170,-0.247009,0.163025,-0.918518,0.262207
1563815751301142,-0.233887,0.198914,-0.911438,0.273987
1563815751330124,-0.219421,0.234741,-0.902344,0.287292
1563815751345135,-0.203003,0.269531,-0.891541,0.302246
1563815751361106,-0.184937,0.302185,-0.879395,0.318054
1563815751384094,-0.165649,0.332031,-0.866516,0.333923
1563815751405087,-0.145752,0.359985,-0.852905,0.348938
1563815751421073,-0.126099,0.387695,-0.838013,0.362671
1563815751444061,-0.107117,0.41571,-0.821472,0.375305
1563815751466050,-0.0883789,0.443054,-0.803772,0.387085
1563815751481040,-0.0690308,0.468811,-0.7854,0.398132
1563815751504026,-0.048584,0.491943,-0.767151,0.408752
1563815751527012,-0.027771,0.51239,-0.749268,0.41864
1563815751549000,-0.00738525,0.531006,-0.731262,0.428101
1563815751563992,0.0130615,0.547791,-0.712891,0.437622
1563815751586976,0.0335083,0.562622,-0.694519,0.447144
1563815751607985,0.0537109,0.575134,-0.676453,0.456848
1563815751623957,0.0739136,0.585022,-0.659485,0.466187
1563815751646962,0.0939941,0.593201,-0.643921,0.473877
1563815751660936,0.112244,0.601379,-0.629089,0.479492
1563815751683924,0.127808,0.611328,-0.613342,0.483459
1563815751706910,0.140137,0.621765,-0.598022,0.485901
1563815751727909,0.149841,0.632507,-0.58313,0.487244
1563815751743887,0.156555,0.644165,-0.567139,0.488708
1563815751766882,0.160522,0.655945,-0.550415,0.490906
1563815751787863,0.164124,0.665283,-0.535645,0.493469
1563815751803852,0.169434,0.670898,-0.524597,0.495911
1563815751826839,0.176514,0.672913,-0.517334,0.498291
1563815751847829,0.18457,0.672974,-0.512268,0.50061
1563815751863819,0.192322,0.672424,-0.507629,0.503113
1563815751886806,0.198853,0.672302,-0.502991,0.505371
1563815751907798,0.20459,0.67218,-0.499512,0.506653
1563815751925784,0.210144,0.671814,-0.497192,0.507202
1563815751946772,0.215149,0.671814,-0.495056,0.507202
1563815751967759,0.218811,0.672546,-0.492126,0.507446
1563815751983749,0.221252,0.674011,-0.488586,0.507935
1563815752006737,0.223145,0.675537,-0.485352,0.50824
1563815752027725,0.225098,0.676758,-0.482483,0.508423
1563815752043715,0.226807,0.677795,-0.479736,0.508911
1563815752072699,0.227966,0.678833,-0.477173,0.509399
1563815752087690,0.229065,0.67981,-0.474792,0.509827
1563815752103687,0.22998,0.680603,-0.472778,0.510193
1563815752126668,0.230652,0.681274,-0.470825,0.510803
1563815752147668,0.231018,0.681824,-0.469116,0.511475
1563815752170643,0.231201,0.682251,-0.467834,0.512024
1563815752186651,0.231262,0.682495,-0.466675,0.512695
1563815752207622,0.230957,0.682861,-0.46521,0.513672
1563815752224618,0.230347,0.68335,-0.463562,0.514771
1563815752246606,0.229675,0.683655,-0.462585,0.515564
1563815752275586,0.229492,0.683472,-0.462219,0.516235
1563815752283579,0.229492,0.682983,-0.462036,0.517029
1563815752306565,0.22937,0.682556,-0.46167,0.517944
1563815752327552,0.229004,0.682251,-0.461365,0.51886
1563815752343547,0.228638,0.681763,-0.461243,0.519714
1563815752366530,0.228333,0.681274,-0.461304,0.520508
1563815752387526,0.228027,0.680542,-0.461548,0.521301
1563815752404518,0.227661,0.679993,-0.461731,0.522034
1563815752426503,0.227112,0.679504,-0.461975,0.522705
1563815752449484,0.226563,0.679016,-0.462341,0.523193
1563815752464474,0.226074,0.678589,-0.463013,0.523438
1563815752492458,0.225586,0.678101,-0.463623,0.523743
1563815752509448,0.22467,0.677795,-0.463989,0.52417
1563815752524439,0.22345,0.677795,-0.463989,0.524719
1563815752546432,0.221985,0.677795,-0.463989,0.52533
1563815752569414,0.220581,0.677612,-0.464172,0.526001
1563815752583407,0.219482,0.677307,-0.464539,0.52655
1563815752607399,0.218567,0.676758,-0.465088,0.5271
1563815752629380,0.217834,0.676086,-0.465698,0.52771
1563815752643372,0.217163,0.675537,-0.466187,0.528259
1563815752666359,0.216309,0.675049,-0.466675,0.528809
1563815752689345,0.215393,0.674805,-0.467041,0.529236
1563815752703338,0.214539,0.6745,-0.467407,0.529602
1563815752732321,0.213745,0.674133,-0.467773,0.530029
1563815752749314,0.212891,0.673767,-0.468018,0.53064
1563815752771298,0.211914,0.673462,-0.468262,0.531311
1563815752786300,0.210938,0.673157,-0.468628,0.531677
1563815752809280,0.210205,0.672791,-0.469299,0.53186
1563815752823269,0.209717,0.672424,-0.46991,0.531982
1563815752852267,0.209229,0.672058,-0.470337,0.532288
1563815752869251,0.208496,0.671814,-0.470581,0.532593
1563815752884234,0.207703,0.671692,-0.470825,0.532898
1563815752907219,0.206909,0.671448,-0.471252,0.533081
1563815752935204,0.20636,0.671265,-0.471558,0.533325
1563815752950195,0.205811,0.671082,-0.471802,0.533569
1563815752966187,0.205139,0.670959,-0.472046,0.533691
1563815752995169,0.20459,0.670776,-0.472351,0.533813
1563815753010161,0.204285,0.670654,-0.472778,0.533752
1563815753026151,0.204041,0.670471,-0.473206,0.533752
1563815753049139,0.203674,0.67041,-0.473328,0.533813
1563815753070157,0.203247,0.67041,-0.473389,0.533997
1563815753086147,0.20282,0.670288,-0.47345,0.53418
1563815753092144,0.202271,0.670227,-0.473572,0.534363
1563815753114101,0.201782,0.670349,-0.473694,0.534302
1563815753137088,0.201416,0.670288,-0.47406,0.53418
1563815753152111,0.201111,0.670288,-0.474304,0.534058
1563815753191059,0.200623,0.670349,-0.474243,0.534241
1563815753198054,0.199707,0.670715,-0.473877,0.534485
1563815753213044,0.198669,0.671021,-0.473694,0.534607
1563815753236034,0.197937,0.671143,-0.473816,0.534668
1563815753252022,0.197449,0.671082,-0.473938,0.534729
1563815753273009,0.197021,0.671021,-0.47406,0.534912
1563815753294017,0.196533,0.670898,-0.474182,0.535095
1563815753311988,0.196106,0.670715,-0.474548,0.535217
1563815753332977,0.195862,0.67041,-0.474976,0.535278
1563815753354966,0.195618,0.670105,-0.475342,0.5354
1563815753371955,0.195374,0.670044,-0.475464,0.535522
1563815753394943,0.194763,0.669983,-0.475586,0.535645
1563815753414930,0.194153,0.669983,-0.475769,0.535767
1563815753431920,0.19342,0.669861,-0.475891,0.536072
1563815753452908,0.192444,0.6698,-0.475952,0.536377
1563815753474894,0.191589,0.669739,-0.476074,0.536743
1563815753491885,0.190735,0.669556,-0.476196,0.537109
1563815753518872,0.190002,0.66925,-0.476501,0.537476
1563815753534859,0.189392,0.668884,-0.476807,0.537842
1563815753556850,0.188843,0.668579,-0.477112,0.538208
1563815753571859,0.188293,0.668213,-0.477417,0.538574
1563815753594825,0.187744,0.667908,-0.477539,0.539001
1563815753611817,0.187195,0.667542,-0.477783,0.539429
1563815753631806,0.186829,0.667236,-0.477966,0.539795
1563815753654795,0.186646,0.666931,-0.47821,0.540039
1563815753672800,0.186523,0.666626,-0.478516,0.540161
1563815753694768,0.186462,0.666321,-0.47876,0.540283
1563815753716756,0.18634,0.666077,-0.478882,0.540527
1563815753736744,0.186035,0.665955,-0.478882,0.540771
1563815753751736,0.185608,0.665894,-0.478882,0.541016
1563815753774726,0.185059,0.665894,-0.478821,0.541382
1563815753798711,0.184448,0.665894,-0.478821,0.541565
1563815753812701,0.18396,0.665833,-0.479065,0.541504
1563815753837686,0.183655,0.665771,-0.479309,0.541504
1563815753852678,0.183167,0.66571,-0.479492,0.541565
1563815753873666,0.182495,0.66571,-0.479675,0.541687
1563815753894657,0.181641,0.66571,-0.479858,0.541809
1563815753912645,0.180725,0.665771,-0.480164,0.541748
1563815753931636,0.179993,0.665833,-0.48053,0.541565
1563815753954619,0.17926,0.665833,-0.480957,0.541382
1563815753972612,0.178345,0.665955,-0.481262,0.541321
1563815753993596,0.177185,0.666077,-0.481506,0.541321
1563815754014585,0.175964,0.666077,-0.481934,0.541321
1563815754032576,0.174866,0.666077,-0.482544,0.541199
1563815754053565,0.173584,0.666016,-0.483154,0.541077
1563815754075550,0.172424,0.666138,-0.483887,0.540649
1563815754092541,0.171448,0.666138,-0.48468,0.540283
1563815754113529,0.170349,0.665894,-0.485535,0.540161
1563815754134519,0.168884,0.665833,-0.486023,0.540222
1563815754159501,0.167053,0.665771,-0.48645,0.540466
1563815754173495,0.165283,0.665649,-0.487122,0.540649
1563815754194481,0.163757,0.6651,-0.487915,0.541016
1563815754217469,0.162231,0.664551,-0.48877,0.541382
1563815754233460,0.160767,0.663879,-0.489624,0.54187
1563815754254448,0.159363,0.663086,-0.490356,0.542542
1563815754272438,0.157715,0.662292,-0.490845,0.543579
1563815754293425,0.156006,0.661499,-0.491333,0.544617
1563815754314414,0.15448,0.660583,-0.492188,0.54541
1563815754332404,0.153503,0.659485,-0.493042,0.546204
1563815754354391,0.152466,0.658508,-0.493591,0.547241
1563815754374380,0.151062,0.657837,-0.493713,0.548279
1563815754392368,0.149719,0.657227,-0.494141,0.549011
1563815754415356,0.148865,0.656433,-0.494873,0.549561
1563815754434344,0.148376,0.655762,-0.495422,0.549927
1563815754452335,0.147766,0.655334,-0.495728,0.550415
1563815754474325,0.146851,0.65509,-0.49585,0.550781
1563815754494309,0.145996,0.655029,-0.496094,0.550842
1563815754512300,0.145447,0.654968,-0.496643,0.550598
1563815754535288,0.14502,0.654907,-0.497131,0.550354
1563815754555275,0.144226,0.654968,-0.497253,0.550354
1563815754571266,0.143005,0.655457,-0.49707,0.550293
1563815754594252,0.141846,0.656006,-0.497131,0.549866
1563815754616240,0.141174,0.656433,-0.497803,0.54895
1563815754631233,0.141113,0.65686,-0.498718,0.547607
1563815754654218,0.141052,0.657288,-0.499268,0.546631
1563815754668210,0.140503,0.657898,-0.499084,0.546143
1563815754691197,0.139404,0.658936,-0.498718,0.545532
1563815754720181,0.138855,0.659607,-0.498901,0.544678
1563815754728176,0.138855,0.659607,-0.499573,0.544006
1563815754751163,0.138977,0.659485,-0.500061,0.543762
1563815754774150,0.13855,0.659668,-0.499939,0.543701
1563815754788142,0.138,0.660034,-0.499939,0.543396
1563815754814127,0.138123,0.660217,-0.500671,0.542542
1563815754840114,0.138977,0.660095,-0.501648,0.541565
1563815754855103,0.139526,0.660461,-0.502014,0.540649
1563815754879090,0.139221,0.661682,-0.501953,0.539246
1563815754894080,0.138611,0.663696,-0.502258,0.53656
1563815754915070,0.138489,0.666016,-0.503845,0.532288
1563815754939055,0.138306,0.668274,-0.505432,0.528015
1563815754954050,0.135986,0.671082,-0.50592,0.524597
1563815754975034,0.130798,0.674805,-0.506042,0.520935
1563815754991027,0.124573,0.67865,-0.507629,0.51593
1563815755014013,0.11908,0.680603,-0.51239,0.509888
1563815755034999,0.114746,0.680176,-0.519897,0.503845
1563815755050991,0.110168,0.67865,-0.528137,0.498291
1563815755073978,0.103882,0.677002,-0.536133,0.493286
1563815755102961,0.0963745,0.674194,-0.544495,0.489563
1563815755111956,0.0874634,0.669739,-0.553101,0.487671
1563815755133943,0.0775757,0.663513,-0.562439,0.487183
1563815755154932,0.0671387,0.654968,-0.573303,0.48761
1563815755171922,0.0568848,0.643799,-0.585693,0.489075
1563815755195907,0.046875,0.629822,-0.599426,0.491699
1563815755214898,0.0370483,0.612732,-0.614136,0.495972
1563815755230889,0.0279541,0.591919,-0.630188,0.501709
1563815755253875,0.0185547,0.569153,-0.645874,0.508484
1563815755276861,0.0065918,0.546875,-0.659302,0.51593
1563815755290853,-0.00616455,0.524048,-0.671448,0.523926
1563815755313841,-0.0181274,0.498901,-0.68396,0.531921
1563815755336827,-0.0299683,0.472534,-0.696716,0.538879
1563815755350819,-0.0421143,0.445496,-0.708801,0.545349
1563815755381802,-0.0540771,0.417786,-0.719971,0.551514
1563815755396793,-0.0658569,0.390686,-0.730103,0.556702
1563815755410785,-0.0791626,0.365601,-0.738953,0.560364
1563815755434772,-0.0939941,0.342407,-0.746521,0.562683
1563815755456759,-0.108398,0.319702,-0.753418,0.56427
1563815755470750,-0.121155,0.297241,-0.760193,0.564819
1563815755494738,-0.133789,0.276062,-0.767273,0.563171
1563815755516725,-0.146606,0.256226,-0.77356,0.560791
1563815755537714,-0.158264,0.237305,-0.779053,0.55835
1563815755555703,-0.168457,0.218689,-0.784302,0.555603
1563815755576690,-0.178101,0.201233,-0.78949,0.551758
1563815755590681,-0.187195,0.184692,-0.794495,0.547424
1563815755617667,-0.194214,0.16864,-0.798889,0.543701
1563815755636656,-0.200256,0.153687,-0.803162,0.539673
1563815755650647,-0.207214,0.140259,-0.806763,0.535339
1563815755673633,-0.214844,0.128967,-0.809753,0.530579
1563815755696620,-0.221436,0.118958,-0.812195,0.526489
1563815755717608,-0.226929,0.109131,-0.814087,0.523376
1563815755733599,-0.231873,0.0990601,-0.815186,0.521423
1563815755756586,-0.236267,0.0899048,-0.815735,0.520325
1563815755777574,-0.239685,0.0823364,-0.815918,0.519714
1563815755793565,-0.242371,0.0759888,-0.815796,0.519592
1563815755816553,-0.244507,0.0700073,-0.81543,0.52002
1563815755837539,-0.246155,0.0646362,-0.815002,0.52063
1563815755853532,-0.247314,0.0601196,-0.814636,0.52124
1563815755876518,-0.248047,0.0563965,-0.814453,0.521484
1563815755897506,-0.248596,0.0532227,-0.814514,0.521545
1563815755913497,-0.249207,0.0505981,-0.814575,0.521423
1563815755937482,-0.249695,0.0484009,-0.814636,0.521301
1563815755957472,-0.250122,0.0463257,-0.814697,0.521118
1563815755974462,-0.250305,0.0443115,-0.814758,0.521179
1563815755996450,-0.25,0.0426025,-0.814819,0.521301
1563815756017436,-0.249329,0.0409546,-0.815002,0.521484
1563815756034426,-0.248901,0.0392456,-0.815186,0.521484
1563815756056415,-0.248901,0.0377197,-0.815369,0.521301
1563815756077402,-0.249451,0.0367432,-0.815491,0.520996
1563815756094392,-0.250305,0.0358887,-0.815308,0.520874
1563815756116379,-0.251099,0.0349731,-0.815002,0.521118
1563815756137371,-0.251282,0.0336304,-0.814453,0.521973
1563815756154358,-0.251038,0.0319214,-0.813843,0.523132
1563815756176346,-0.250916,0.0299683,-0.81311,0.524414
1563815756197335,-0.251038,0.0285645,-0.812378,0.525574
1563815756214323,-0.251343,0.0276489,-0.811707,0.526489
1563815756236310,-0.251526,0.0267334,-0.811157,0.527344
1563815756267297,-0.251648,0.0252686,-0.810669,0.528076
1563815756274290,-0.251892,0.0238037,-0.810181,0.528748
1563815756297277,-0.252747,0.0228271,-0.809631,0.529236
1563815756319264,-0.254089,0.0223999,-0.80896,0.529724
1563815756334254,-0.255676,0.0220947,-0.808105,0.530212
1563815756356243,-0.256958,0.0214233,-0.80719,0.531006
1563815756381228,-0.257751,0.0201416,-0.806274,0.532043
1563815756393220,-0.258179,0.0184937,-0.805359,0.533325
1563815756416208,-0.258789,0.0168457,-0.804321,0.534668
1563815756446190,-0.259338,0.0155029,-0.803162,0.536194
1563815756453186,-0.259888,0.0141602,-0.802002,0.53772
1563815756476172,-0.260376,0.0125732,-0.80072,0.539307
1563815756499160,-0.26062,0.0109253,-0.799561,0.541016
1563815756513154,-0.260742,0.00927734,-0.79834,0.542786
1563815756544133,-0.260742,0.00756836,-0.797119,0.544617
1563815756559126,-0.260803,0.00616455,-0.795776,0.546509
1563815756573118,-0.260986,0.00494385,-0.794434,0.548401
1563815756602102,-0.261108,0.00354004,-0.793152,0.550293
1563815756619093,-0.260864,0.00189209,-0.79187,0.552185
1563815756634082,-0.260559,0.000183105,-0.790771,0.553955
1563815756657069,-0.260376,-0.00115967,-0.789795,0.55542
1563815756679056,-0.260498,-0.00219727,-0.78894,0.556519
1563815756693048,-0.260803,-0.00317383,-0.788147,0.557495
1563815756716035,-0.260864,-0.00415039,-0.787537,0.55835
1563815756739022,-0.260681,-0.00518799,-0.787109,0.559021
1563815756760029,-0.260376,-0.00628662,-0.786621,0.559814
1563815756776000,-0.26001,-0.00708008,-0.786072,0.560791
1563815756798987,-0.25946,-0.00750732,-0.785461,0.56189
1563815756821978,-0.258484,-0.00811768,-0.784607,0.563538
1563815756836969,-0.256714,-0.00878906,-0.783569,0.565735
1563815756858953,-0.254578,-0.00976563,-0.782532,0.568115
1563815756879941,-0.252502,-0.010498,-0.781433,0.570557
1563815756896934,-0.250793,-0.0101318,-0.780029,0.573181
1563815756918925,-0.249207,-0.00860596,-0.778564,0.575989
1563815756939926,-0.247375,-0.00646973,-0.777039,0.578796
1563815756955897,-0.244873,-0.00439453,-0.775757,0.581604
1563815756980883,-0.241699,-0.00299072,-0.774658,0.584351
1563815756999893,-0.238037,-0.00189209,-0.773743,0.587097
1563815757016862,-0.234314,-0.000671387,-0.772949,0.5896
1563815757038869,-0.230652,0.000488281,-0.7724,0.591858
1563815757059857,-0.22699,0.00134277,-0.772034,0.593689
1563815757075830,-0.223267,0.00177002,-0.771912,0.595215
1563815757099823,-0.219604,0.00177002,-0.772095,0.596375
1563815757119822,-0.216248,0.00115967,-0.772583,0.596985
1563815757135797,-0.213013,0.00012207,-0.773315,0.597168
1563815757158781,-0.210083,-0.0010376,-0.774475,0.596741
1563815757181769,-0.207703,-0.00238037,-0.775757,0.595886
1563815757195761,-0.205811,-0.00396729,-0.777161,0.594727
1563815757218747,-0.204346,-0.00543213,-0.778564,0.593323
1563815757241734,-0.203491,-0.00695801,-0.779968,0.591797
1563815757256728,-0.202942,-0.00878906,-0.781311,0.59021
1563815757278713,-0.202393,-0.0108032,-0.782532,0.588745
1563815757301700,-0.201782,-0.0130615,-0.783569,0.587524
1563815757323690,-0.201172,-0.0153198,-0.784485,0.586426
1563815757338681,-0.200928,-0.017395,-0.785217,0.585449
1563815757361668,-0.200989,-0.019165,-0.785706,0.584778
1563815757375661,-0.20105,-0.0205688,-0.786072,0.584167
1563815757398646,-0.201233,-0.0217896,-0.786377,0.583679
1563815757421630,-0.201477,-0.0230713,-0.78656,0.583313
1563815757436622,-0.201721,-0.0241089,-0.786743,0.582886
1563815757458626,-0.202087,-0.0248413,-0.786865,0.582581
1563815757481597,-0.202393,-0.0255127,-0.786926,0.582397
1563815757495589,-0.202637,-0.026001,-0.786865,0.582336
1563815757518576,-0.20282,-0.0263672,-0.786743,0.582458
1563815757541562,-0.202759,-0.0266724,-0.78656,0.582703
1563815757555557,-0.202698,-0.0269775,-0.786316,0.583069
1563815757563552,-0.202393,-0.0273438,-0.786072,0.583435
1563815757584537,-0.202087,-0.0276489,-0.785889,0.583801
1563815757606544,-0.201782,-0.027771,-0.785706,0.584167
1563815757623515,-0.201538,-0.0278931,-0.785583,0.584351
1563815757644521,-0.201416,-0.0280151,-0.785522,0.584473
1563815757666490,-0.201416,-0.0280762,-0.785522,0.584473
1563815757683481,-0.201355,-0.0280762,-0.785522,0.584473
1563815757704489,-0.201355,-0.0281372,-0.785522,0.584473
1563815757726456,-0.20105,-0.0285645,-0.785645,0.584412
1563815757743446,-0.200623,-0.0289307,-0.785828,0.58429
1563815757765435,-0.200195,-0.0292358,-0.786072,0.584106
1563815757786440,-0.199646,-0.0294189,-0.786316,0.583984
1563815757803417,-0.199097,-0.0297241,-0.78656,0.583801
1563815757824419,-0.198486,-0.0301514,-0.786865,0.583557
1563815757847390,-0.197876,-0.0305786,-0.78717,0.583374
1563815757863378,-0.197327,-0.0309448,-0.787476,0.583069
1563815757884384,-0.196838,-0.031311,-0.787842,0.582703
1563815757907354,-0.196228,-0.0314941,-0.788269,0.582336
1563815757931342,-0.195618,-0.0316772,-0.788696,0.58197
1563815757944335,-0.195007,-0.0316772,-0.789124,0.581604
1563815757967318,-0.194397,-0.0317993,-0.789551,0.581238
1563815757983309,-0.193787,-0.0319824,-0.789978,0.580872
1563815758004316,-0.193176,-0.0321655,-0.790283,0.580566
1563815758027301,-0.19281,-0.0322266,-0.790649,0.580261
1563815758045276,-0.192383,-0.0324097,-0.790955,0.579956
1563815758064262,-0.191956,-0.0327148,-0.79126,0.579651
1563815758087268,-0.191528,-0.0330811,-0.791626,0.579285
1563815758105259,-0.191223,-0.0333862,-0.791931,0.578979
1563815758124247,-0.190918,-0.0334473,-0.792175,0.578735
1563815758147215,-0.19043,-0.0335693,-0.792358,0.578613
1563815758168207,-0.189758,-0.0339355,-0.792542,0.578552
1563815758185193,-0.189026,-0.0344238,-0.792725,0.578552
1563815758210179,-0.188171,-0.0349731,-0.792847,0.578613
1563815758225171,-0.187439,-0.0352173,-0.79303,0.578552
1563815758244162,-0.186829,-0.0353394,-0.793274,0.57843
1563815758267145,-0.186218,-0.0354614,-0.793579,0.578247
1563815758285137,-0.185608,-0.0357056,-0.793884,0.578003
1563815758304143,-0.184937,-0.0360718,-0.794128,0.57782
1563815758327115,-0.184265,-0.036377,-0.794434,0.577637
1563815758345101,-0.183777,-0.0366211,-0.794678,0.577393
1563815758364095,-0.183411,-0.0368042,-0.794922,0.577148
1563815758387076,-0.183167,-0.0369873,-0.795166,0.576965
1563815758405067,-0.182983,-0.0372925,-0.795288,0.576721
1563815758424056,-0.182922,-0.0375366,-0.795471,0.576538
1563815758447043,-0.182861,-0.0377808,-0.795532,0.576416
1563815758465032,-0.182861,-0.0377808,-0.795532,0.576416
1563815758487024,-0.182739,-0.0380859,-0.795532,0.576416
1563815758507027,-0.182556,-0.0383911,-0.795532,0.576538
1563815758525017,-0.182312,-0.0386963,-0.795471,0.57666
1563815758544006,-0.18219,-0.0390625,-0.795349,0.576782
1563815758566997,-0.182007,-0.0394897,-0.795227,0.576965
1563815758584964,-0.181763,-0.039978,-0.795166,0.577148
1563815758604953,-0.181519,-0.0404663,-0.795044,0.577332
1563815758626941,-0.181274,-0.0409546,-0.795044,0.577454
1563815758644929,-0.18103,-0.0413818,-0.794983,0.577515
1563815758663918,-0.180847,-0.0418091,-0.794983,0.577576
1563815758686906,-0.180786,-0.0422363,-0.795044,0.577515
1563815758704895,-0.180664,-0.0427856,-0.795044,0.577454
1563815758725882,-0.180481,-0.043396,-0.795105,0.577393
1563815758741874,-0.180359,-0.0439453,-0.795105,0.577393
1563815758764861,-0.180359,-0.0442505,-0.795105,0.577393
1563815758785851,-0.180298,-0.0446167,-0.795105,0.577332
1563815758801839,-0.180115,-0.0449829,-0.795166,0.577332
1563815758824826,-0.179932,-0.0454102,-0.795227,0.577209
1563815758845814,-0.179932,-0.0454102,-0.795227,0.577209
1563815758862805,-0.179932,-0.0454102,-0.795227,0.577209
1563815758884791,-0.179871,-0.0454102,-0.795227,0.577209
1563815758905779,-0.179626,-0.0455933,-0.795288,0.577271
1563815758922770,-0.179382,-0.0458374,-0.795288,0.577271
1563815758944757,-0.179138,-0.0460205,-0.795349,0.577271
1563815758965744,-0.179138,-0.0460205,-0.795349,0.577271
1563815758982738,-0.179138,-0.0460815,-0.795349,0.577271
1563815759004723,-0.179138,-0.0461426,-0.795471,0.577087
1563815759026711,-0.179138,-0.0462036,-0.795593,0.576965
1563815759047697,-0.179138,-0.0462036,-0.795593,0.576965
1563815759063689,-0.179138,-0.0462646,-0.795593,0.576965
1563815759086675,-0.179138,-0.0462646,-0.795593,0.576904
1563815759100667,-0.179199,-0.0465088,-0.795654,0.576843
1563815759123654,-0.179199,-0.046814,-0.795715,0.576721
1563815759146642,-0.179321,-0.0473633,-0.795776,0.576538
1563815759161633,-0.17926,-0.0480957,-0.795898,0.576355
1563815759184620,-0.179321,-0.0487671,-0.795959,0.576111
1563815759206607,-0.179382,-0.0494385,-0.796082,0.575867
1563815759220598,-0.179443,-0.0501099,-0.796204,0.575623
1563815759243587,-0.179443,-0.0510254,-0.796326,0.575378
1563815759266574,-0.179321,-0.0518799,-0.796448,0.575134
1563815759280565,-0.179321,-0.0526123,-0.79657,0.57489
1563815759303551,-0.179382,-0.0531006,-0.796692,0.574707
1563815759326538,-0.179443,-0.0534668,-0.796753,0.574524
1563815759340530,-0.179443,-0.0539551,-0.796875,0.574402
1563815759363517,-0.179504,-0.0543213,-0.796936,0.574219
1563815759386503,-0.179504,-0.0545044,-0.797058,0.574036
1563815759400495,-0.179565,-0.0545654,-0.79718,0.573792
1563815759431479,-0.179688,-0.0543823,-0.797302,0.573608
1563815759446469,-0.17981,-0.0542603,-0.797424,0.573425
1563815759460461,-0.17981,-0.0542603,-0.797424,0.573425
1563815759484451,-0.17981,-0.0542603,-0.797424,0.573425
1563815759506435,-0.17981,-0.0542603,-0.797424,0.573425
1563815759527426,-0.179749,-0.0542603,-0.797485,0.573425
1563815759544420,-0.179749,-0.0543213,-0.797485,0.573425
1563815759566401,-0.179749,-0.0543213,-0.797485,0.573425
1563815759587408,-0.179749,-0.0543213,-0.797485,0.573425
1563815759604398,-0.17981,-0.0546875,-0.797485,0.573364
1563815759626366,-0.179749,-0.0551147,-0.797607,0.573181
1563815759655349,-0.179932,-0.0554199,-0.797791,0.572815
1563815759664344,-0.180115,-0.0557251,-0.798035,0.572449
1563815759686331,-0.180298,-0.0561523,-0.798279,0.57196
1563815759707323,-0.18042,-0.0565186,-0.798523,0.571533
1563815759724310,-0.180542,-0.0570068,-0.798828,0.571045
1563815759746297,-0.180603,-0.0574341,-0.799133,0.570557
1563815759767304,-0.180725,-0.0577393,-0.799438,0.570068
1563815759784275,-0.180786,-0.0579834,-0.799683,0.569641
1563815759806263,-0.180786,-0.0579834,-0.799927,0.569275
1563815759827270,-0.180725,-0.0580444,-0.80011,0.569092
1563815759844245,-0.180542,-0.0579224,-0.800232,0.56897
1563815759874243,-0.18042,-0.0576172,-0.800293,0.56897
1563815759887236,-0.180237,-0.057312,-0.800354,0.56897
1563815759904207,-0.180054,-0.0570068,-0.800354,0.56897
1563815759926194,-0.179932,-0.0566406,-0.800415,0.569031
1563815759947201,-0.179932,-0.0562134,-0.800415,0.569092
1563815759964172,-0.179993,-0.0557251,-0.800354,0.569214
1563815759987163,-0.180054,-0.0553589,-0.800232,0.569336
1563815760009146,-0.180054,-0.0551147,-0.80011,0.569519
1563815760023141,-0.180115,-0.0550537,-0.800049,0.569702
1563815760046128,-0.180237,-0.0549316,-0.799866,0.569824
1563815760069112,-0.180298,-0.0549316,-0.799744,0.570007
1563815760084105,-0.180359,-0.0549927,-0.799622,0.570129
1563815760106091,-0.180298,-0.0550537,-0.799622,0.570129
1563815760129079,-0.180298,-0.0550537,-0.799622,0.570129
1563815760151066,-0.180298,-0.0550537,-0.799622,0.570129
1563815760166058,-0.180176,-0.0552368,-0.799622,0.57019
1563815760189046,-0.179993,-0.055481,-0.799561,0.570313
1563815760210035,-0.179749,-0.0556641,-0.799561,0.570374
1563815760226022,-0.179688,-0.0559082,-0.7995,0.570435
1563815760249013,-0.179749,-0.0560303,-0.7995,0.570374
1563815760264001,-0.179749,-0.0562744,-0.799561,0.570313
1563815760286987,-0.179688,-0.0565796,-0.799622,0.57019
1563815760309974,-0.179688,-0.0567017,-0.799744,0.570068
1563815760322967,-0.179626,-0.0567017,-0.799744,0.570068
1563815760348952,-0.179626,-0.0567017,-0.799744,0.570068
1563815760368940,-0.179504,-0.0568237,-0.799744,0.570068
1563815760382932,-0.17926,-0.0570679,-0.799744,0.570129
1563815760406933,-0.179016,-0.057251,-0.799744,0.57019
1563815760429906,-0.179016,-0.057251,-0.799744,0.57019
1563815760442897,-0.179016,-0.057251,-0.799744,0.57019
1563815760466884,-0.179016,-0.057251,-0.799744,0.57019
1563815760488870,-0.179077,-0.057312,-0.799744,0.57019
1563815760509859,-0.179016,-0.057312,-0.799744,0.57019
1563815760526849,-0.179016,-0.057312,-0.799744,0.57019
1563815760549841,-0.179016,-0.057312,-0.799744,0.57019
1563815760569826,-0.179016,-0.057312,-0.799744,0.57019
1563815760586816,-0.179016,-0.057312,-0.799744,0.57019
1563815760608803,-0.179016,-0.057373,-0.799744,0.57019
1563815760630802,-0.179016,-0.057373,-0.799744,0.57019
1563815760646782,-0.179016,-0.057373,-0.799744,0.57019
1563815760668768,-0.178955,-0.057373,-0.799744,0.57019
1563815760689756,-0.178955,-0.057373,-0.799744,0.57019
1563815760706746,-0.178955,-0.057373,-0.799744,0.57019
1563815760728734,-0.178955,-0.0574341,-0.799744,0.570129
1563815760749722,-0.178955,-0.0574341,-0.799744,0.570129
1563815760766712,-0.178894,-0.0574341,-0.799744,0.57019
1563815760788700,-0.178894,-0.0574341,-0.799805,0.57019
1563815760817682,-0.178894,-0.057373,-0.799805,0.57019
1563815760826678,-0.178894,-0.0574341,-0.799805,0.57019
1563815760848665,-0.178894,-0.0574341,-0.799805,0.570129
1563815760869653,-0.178894,-0.0574341,-0.799805,0.570129
1563815760886644,-0.178894,-0.0574341,-0.799805,0.570129
1563815760908633,-0.178833,-0.0574341,-0.799805,0.570129
1563815760931618,-0.178833,-0.0574341,-0.799805,0.570129
1563815760946609,-0.178833,-0.0574951,-0.799805,0.570129
1563815760968596,-0.178833,-0.0574951,-0.799805,0.570129
1563815760991583,-0.178772,-0.0574951,-0.799805,0.570129
1563815761006575,-0.178772,-0.0574951,-0.799805,0.570129
1563815761028561,-0.178772,-0.0575562,-0.799805,0.570129
1563815761051548,-0.178772,-0.0575562,-0.799805,0.570129
1563815761066539,-0.178772,-0.0575562,-0.799805,0.570129
1563815761088527,-0.178711,-0.0575562,-0.799805,0.570129
1563815761111514,-0.178711,-0.0575562,-0.799805,0.570129
1563815761125506,-0.178711,-0.0575562,-0.799805,0.570129
1563815761149492,-0.178711,-0.0576172,-0.799805,0.570129
1563815761171481,-0.178711,-0.0576172,-0.799805,0.570129
1563815761185472,-0.178711,-0.0576172,-0.799805,0.570129
1563815761209458,-0.17865,-0.0576172,-0.799805,0.570129
1563815761231446,-0.17865,-0.0576782,-0.799805,0.570129
1563815761245438,-0.17865,-0.0576782,-0.799805,0.570129
1563815761269424,-0.17865,-0.0576782,-0.799805,0.570129
1563815761291410,-0.17865,-0.0579834,-0.799927,0.570007
1563815761305403,-0.178772,-0.0582886,-0.800049,0.569763
1563815761329389,-0.178894,-0.0584717,-0.80011,0.56958
1563815761351377,-0.179138,-0.0586548,-0.800232,0.569275
1563815761374363,-0.179199,-0.0588379,-0.800415,0.569031
1563815761389355,-0.17926,-0.059082,-0.800537,0.568787
1563815761411342,-0.179382,-0.0592041,-0.800659,0.568604
1563815761432330,-0.179504,-0.0593262,-0.80072,0.56842
1563815761449321,-0.179626,-0.0595093,-0.800781,0.568298
1563815761471308,-0.179749,-0.0597534,-0.800842,0.568176
1563815761492295,-0.179871,-0.0600586,-0.800903,0.567993
1563815761508287,-0.179993,-0.0603027,-0.801025,0.567749
1563815761537271,-0.180176,-0.0605469,-0.801208,0.567444
1563815761552262,-0.180359,-0.06073,-0.801331,0.5672
1563815761569253,-0.180725,-0.060791,-0.801453,0.566833
1563815761591239,-0.181091,-0.0609131,-0.801636,0.566528
1563815761612227,-0.181335,-0.0610962,-0.801758,0.566223
1563815761629219,-0.181458,-0.0614014,-0.80188,0.565979
1563815761651205,-0.181641,-0.0618286,-0.801941,0.565735
1563815761672193,-0.181946,-0.0620728,-0.802002,0.565552
1563815761689183,-0.182312,-0.0621948,-0.802063,0.565369
1563815761711171,-0.182556,-0.062439,-0.802124,0.565186
1563815761732159,-0.182678,-0.0627441,-0.802246,0.564941
1563815761749149,-0.182861,-0.0629272,-0.802368,0.564697
1563815761771136,-0.182983,-0.0629272,-0.80249,0.564392
1563815761792124,-0.183044,-0.0630493,-0.802673,0.564148
1563815761815111,-0.183044,-0.0631714,-0.802856,0.563843
1563815761831103,-0.182922,-0.0632935,-0.803101,0.563599
1563815761852090,-0.182922,-0.0634155,-0.803223,0.563293
1563815761876076,-0.182983,-0.0634766,-0.803406,0.563049
1563815761891067,-0.183105,-0.0635986,-0.803589,0.562744
1563815761914054,-0.183289,-0.0636597,-0.803772,0.562439
1563815761929045,-0.183533,-0.0637207,-0.803894,0.562134
1563815761952033,-0.183716,-0.0638428,-0.804077,0.56189
1563815761974020,-0.183838,-0.0638428,-0.804199,0.561646
1563815761989011,-0.18396,-0.0637817,-0.804321,0.561401
1563815762010999,-0.184082,-0.0637817,-0.804504,0.561157
1563815762033986,-0.184082,-0.0637817,-0.804626,0.560913
1563815762047977,-0.184082,-0.0637817,-0.804749,0.56073
1563815762071964,-0.184082,-0.0637817,-0.804871,0.560547
1563815762093951,-0.184082,-0.0637207,-0.804993,0.560425
1563815762099947,-0.184082,-0.0637207,-0.804993,0.560425
1563815762115938,-0.184082,-0.0636597,-0.805115,0.560242
1563815762136926,-0.184021,-0.0637207,-0.805237,0.560059
1563815762158914,-0.18396,-0.0637207,-0.805359,0.559937
1563815762175905,-0.184021,-0.0636597,-0.805481,0.559753
1563815762196901,-0.184143,-0.0634766,-0.805603,0.55957
1563815762218880,-0.184143,-0.0634766,-0.805603,0.55957
1563815762233870,-0.184143,-0.0634766,-0.805603,0.55957
1563815762256857,-0.184143,-0.0635376,-0.805603,0.55957
1563815762278844,-0.184143,-0.0635376,-0.805603,0.55957
1563815762294836,-0.184143,-0.0635376,-0.805603,0.55957
1563815762316823,-0.184143,-0.0635376,-0.805603,0.55957
1563815762339810,-0.184143,-0.0635376,-0.805603,0.55957
1563815762354801,-0.184082,-0.0635376,-0.805603,0.55957
1563815762376789,-0.184082,-0.0635986,-0.805603,0.55957
1563815762399775,-0.184082,-0.0635986,-0.805603,0.55957
1563815762414766,-0.184082,-0.0635986,-0.805603,0.55957
1563815762436754,-0.184082,-0.0635986,-0.805603,0.55957
1563815762459741,-0.184021,-0.0636597,-0.805603,0.55957
1563815762474731,-0.184021,-0.0636597,-0.805603,0.55957
1563815762496722,-0.184021,-0.0636597,-0.805603,0.55957
1563815762519707,-0.184021,-0.0636597,-0.805603,0.55957
1563815762535697,-0.184021,-0.0637207,-0.805603,0.559509
1563815762556705,-0.184021,-0.0637207,-0.805603,0.559509
1563815762579673,-0.183838,-0.0639648,-0.805664,0.559448
1563815762595663,-0.183655,-0.064209,-0.805786,0.559387
1563815762616651,-0.183533,-0.0643921,-0.805908,0.559265
1563815762640637,-0.183472,-0.0645142,-0.805969,0.559143
1563815762655629,-0.183411,-0.0647583,-0.806091,0.55896
1563815762693607,-0.18335,-0.0650635,-0.806152,0.558777
1563815762699606,-0.18335,-0.0653687,-0.806274,0.558655
1563815762715594,-0.183472,-0.0656128,-0.806274,0.558533
1563815762744578,-0.183594,-0.0657349,-0.806335,0.558411
1563815762762567,-0.183716,-0.0658569,-0.806335,0.55835
1563815762775559,-0.183716,-0.0658569,-0.806335,0.55835
1563815762798547,-0.183716,-0.065918,-0.806335,0.55835
1563815762822533,-0.183716,-0.065918,-0.806335,0.55835
1563815762837524,-0.183716,-0.065918,-0.806335,0.55835
1563815762856516,-0.183716,-0.0658569,-0.806274,0.558472
1563815762879499,-0.183594,-0.0658569,-0.806152,0.558716
1563815762897490,-0.183594,-0.0657959,-0.805969,0.558899
1563815762924476,-0.183594,-0.0657959,-0.805847,0.559143
1563815762934468,-0.183716,-0.0657349,-0.805603,0.559448
1563815762957456,-0.183716,-0.0657959,-0.80542,0.559692
1563815762984441,-0.183838,-0.065918,-0.805237,0.559937
1563815762994434,-0.183899,-0.06604,-0.805115,0.560059
1563815763017422,-0.184021,-0.0662842,-0.804993,0.560181
1563815763036411,-0.184143,-0.0666504,-0.804932,0.560181
1563815763054399,-0.184265,-0.0671387,-0.804871,0.56012
1563815763077387,-0.184448,-0.067627,-0.80481,0.560059
1563815763096376,-0.184631,-0.0681763,-0.80481,0.559998
1563815763114366,-0.184875,-0.0686646,-0.80481,0.559875
1563815763137352,-0.185242,-0.0692139,-0.804749,0.559753
1563815763156342,-0.185547,-0.0700073,-0.804749,0.55957
1563815763174331,-0.185852,-0.0707397,-0.804688,0.559387
1563815763204314,-0.186279,-0.0713501,-0.804749,0.559143
1563815763217307,-0.18689,-0.0718384,-0.804688,0.558899
1563815763234296,-0.187317,-0.0722046,-0.804626,0.558777
1563815763264280,-0.187622,-0.0726929,-0.804504,0.558838
1563815763277272,-0.187744,-0.0730591,-0.804382,0.55896
1563815763295262,-0.188049,-0.0731201,-0.804138,0.559204
1563815763317249,-0.188232,-0.0731812,-0.803833,0.559509
1563815763337239,-0.188293,-0.0731812,-0.803589,0.559875
1563815763355227,-0.188416,-0.0731812,-0.803345,0.560181
1563815763377215,-0.188477,-0.0731201,-0.803223,0.560364
1563815763397205,-0.188599,-0.072937,-0.803101,0.560486
1563815763415193,-0.188843,-0.0726318,-0.80304,0.560486
1563815763437180,-0.188965,-0.0724487,-0.80304,0.560547
1563815763458169,-0.188965,-0.0724487,-0.80304,0.560547
1563815763482154,-0.188965,-0.0725098,-0.80304,0.560547
1563815763497145,-0.188904,-0.0725098,-0.80304,0.560547
1563815763518134,-0.188904,-0.0725098,-0.80304,0.560547
1563815763539122,-0.188904,-0.0725708,-0.80304,0.560486
1563815763556115,-0.188843,-0.0725708,-0.80304,0.560486
1563815763577119,-0.188843,-0.0726318,-0.80304,0.560486
1563815763594090,-0.188843,-0.0726318,-0.803101,0.560486
1563815763616079,-0.188843,-0.0726318,-0.803101,0.560486
1563815763637085,-0.188843,-0.0726929,-0.803101,0.560486
1563815763654058,-0.188965,-0.0726929,-0.802917,0.56073
1563815763676062,-0.189148,-0.0726318,-0.802612,0.561035
1563815763705026,-0.189636,-0.0726318,-0.802185,0.561462
1563815763714021,-0.190308,-0.0726929,-0.801636,0.562012
1563815763736010,-0.191223,-0.0727539,-0.800903,0.562744
1563815763758997,-0.192566,-0.0726929,-0.799927,0.56366
1563815763773987,-0.194275,-0.0728149,-0.798706,0.564819
1563815763796974,-0.196228,-0.072876,-0.797424,0.565979
1563815763818962,-0.198425,-0.072937,-0.795959,0.567261
1563815763833952,-0.200623,-0.0733032,-0.794373,0.568665
1563815763856939,-0.203064,-0.0736694,-0.792725,0.570007
1563815763878927,-0.205933,-0.0737305,-0.791016,0.571411
1563815763892919,-0.208923,-0.0738525,-0.789124,0.572876
1563815763916905,-0.211731,-0.0744629,-0.78717,0.574524
1563815763938892,-0.213928,-0.0751953,-0.785339,0.57605
1563815763952885,-0.215088,-0.0761719,-0.78418,0.577087
1563815763982867,-0.214966,-0.0771484,-0.783813,0.577515
1563815763998858,-0.214111,-0.0778198,-0.783997,0.577454
1563815764012869,-0.213379,-0.0778198,-0.784424,0.577148
1563815764036836,-0.213013,-0.0773315,-0.784851,0.576782
1563815764058824,-0.212952,-0.0770264,-0.785095,0.576538
1563815764072820,-0.21283,-0.0773926,-0.785156,0.576477
1563815764096803,-0.212708,-0.0783081,-0.785095,0.576477
1563815764118789,-0.212646,-0.0790405,-0.784973,0.576477
1563815764133781,-0.212952,-0.0794067,-0.784912,0.576416
1563815764156770,-0.213379,-0.0794678,-0.784851,0.576355
1563815764178755,-0.213867,-0.0795898,-0.78479,0.576233
1563815764193746,-0.214172,-0.0799561,-0.784729,0.576111
1563815764216735,-0.214417,-0.0803833,-0.784668,0.57605
1563815764238720,-0.214722,-0.0806274,-0.784607,0.57605
1563815764253713,-0.215088,-0.0808105,-0.784485,0.57605
1563815764276700,-0.215454,-0.0810547,-0.784302,0.576111
1563815764298686,-0.215637,-0.0814209,-0.784119,0.576233
1563815764319674,-0.215637,-0.0818481,-0.783936,0.576416
1563815764336665,-0.215698,-0.0822754,-0.783752,0.576538
1563815764358653,-0.215698,-0.0827637,-0.78363,0.576721
1563815764379659,-0.21582,-0.0831909,-0.783508,0.576782
1563815764396631,-0.21582,-0.0836182,-0.783386,0.576904
1563815764426613,-0.21582,-0.0839844,-0.783264,0.576965
1563815764439606,-0.21582,-0.0842896,-0.783203,0.576965
1563815764456596,-0.215942,-0.0845947,-0.783142,0.577026
1563815764478583,-0.216187,-0.0848389,-0.78302,0.577087
1563815764499571,-0.216492,-0.085083,-0.782776,0.577271
1563815764517560,-0.21698,-0.0853271,-0.782349,0.577576
1563815764538564,-0.217529,-0.0853882,-0.781921,0.577881
1563815764559555,-0.218079,-0.0853271,-0.781555,0.578247
1563815764576527,-0.218445,-0.0853882,-0.78125,0.578491
1563815764598515,-0.218933,-0.0854492,-0.781067,0.578552
1563815764620504,-0.219604,-0.0853882,-0.781006,0.578369
1563815764636492,-0.220459,-0.0853271,-0.781006,0.578064
1563815764658498,-0.221191,-0.0852051,-0.781067,0.577759
1563815764680470,-0.221802,-0.0852051,-0.781067,0.577515
1563815764703453,-0.222351,-0.0853882,-0.781067,0.577271
1563815764718464,-0.2229,-0.0853271,-0.781067,0.577087
1563815764741431,-0.223206,-0.085022,-0.781067,0.577026
1563815764756423,-0.223206,-0.0849609,-0.781067,0.577026
1563815764779410,-0.223083,-0.085144,-0.781067,0.577026
1563815764801397,-0.223083,-0.085144,-0.781067,0.577026
1563815764816388,-0.223145,-0.085144,-0.781067,0.577026
1563815764839390,-0.223328,-0.085144,-0.781128,0.576843
1563815764867379,-0.22345,-0.0852661,-0.78125,0.576599
1563815764876354,-0.223633,-0.0856323,-0.781311,0.576416
1563815764899342,-0.223755,-0.0860596,-0.781372,0.576233
1563815764921328,-0.223938,-0.0863647,-0.781372,0.57605
1563815764935339,-0.224121,-0.0864258,-0.781372,0.57605
1563815764959307,-0.224426,-0.0863037,-0.78125,0.57605
1563815764981294,-0.224426,-0.0863037,-0.78125,0.57605
1563815764996289,-0.224243,-0.0864258,-0.781189,0.576172
1563815765019291,-0.223877,-0.0866699,-0.781189,0.576355
1563815765041279,-0.223511,-0.086853,-0.781189,0.576477
1563815765056254,-0.223511,-0.086853,-0.781189,0.576477
1563815765079238,-0.223572,-0.086853,-0.781128,0.576477
1563815765109222,-0.223572,-0.086792,-0.781128,0.576477
1563815765116217,-0.223572,-0.0869751,-0.781067,0.576538
1563815765145200,-0.223572,-0.0869751,-0.781067,0.576538
1563815765161191,-0.223572,-0.0869751,-0.781067,0.576538
1563815765176187,-0.223633,-0.086853,-0.78125,0.576294
1563815765206165,-0.223755,-0.086731,-0.781372,0.576172
1563815765221160,-0.223755,-0.086731,-0.781372,0.576172
1563815765242148,-0.223694,-0.086731,-0.781372,0.576172
1563815765259135,-0.223694,-0.086792,-0.781372,0.576111
1563815765281125,-0.223694,-0.086792,-0.781372,0.576111
1563815765302110,-0.223572,-0.0869141,-0.781433,0.57605
1563815765319101,-0.223572,-0.0869141,-0.781494,0.57605
1563815765341088,-0.223572,-0.0869141,-0.781494,0.575989
1563815765362077,-0.223572,-0.0869141,-0.781494,0.575989
1563815765379067,-0.223572,-0.0869141,-0.781494,0.575989
1563815765401056,-0.223572,-0.0869141,-0.781494,0.575989
1563815765424040,-0.223572,-0.0869141,-0.781433,0.575989
1563815765439032,-0.223572,-0.0869141,-0.781433,0.575989
1563815765461018,-0.223572,-0.0869141,-0.781494,0.575989
1563815765482026,-0.223572,-0.0869751,-0.781494,0.575989
1563815765499000,-0.223572,-0.0869751,-0.781494,0.575989
1563815765520985,-0.223633,-0.0869751,-0.781433,0.575989
1563815765541972,-0.223633,-0.0869751,-0.781433,0.575989
1563815765558963,-0.223633,-0.0869751,-0.781433,0.575989
1563815765580953,-0.223633,-0.0870361,-0.781433,0.575989
1563815765602941,-0.223633,-0.0870361,-0.781433,0.575989
1563815765618931,-0.223633,-0.0869751,-0.781433,0.575989
1563815765641918,-0.223572,-0.0870361,-0.781494,0.575989
1563815765662903,-0.223572,-0.0870361,-0.781494,0.575989
